c1 21.9045 34.1946  98.5964   25.2 25.7 71.7 958.2 141 8.2 0 0 0
c1 21.9055 34.1945  98.5964   25.3 25.4 71.3 958.2 141 10.1 0 0 0
c1 21.9065 34.1945  98.5964   25.3 25.4 71.2 958.1 143 9.9 0 0 0
c1 21.9075 34.1945  98.5964   25.3 25.4 71.5 958.3 144 8.6 0 0 0
c1 21.9085 34.1945  98.5964   25.3 25.2 71.7 958.2 142 7.4 0 0 0
c1 21.9095 34.1945  98.5963   25.3 25.6 71.9 958.3 132 6.8 0 0 0
c1 21.9172 34.1945  98.5963   25.3 25.1 71.8 958.3 134 7.9 0 0 0
c1 21.9182 34.1945  98.5963   25.3 25.3 71.9 958.3 137 7.6 0 0 0
c1 21.9192 34.1945  98.5963   25.3 25.2 72.1 958.3 148 7.7 0 0 0
c1 21.9202 34.1945  98.5963   25.3 25.5 72.1 958.3 128 7.3 0 0 0
c1 21.9212 34.1945  98.5962   25.3 25.8 72.7 958.3 130 6.1 0 0 0
c1 21.9222 34.1945  98.5962   25.3 25.4 72.4 958.3 132 6.5 0 0 0
c1 21.9232 34.1945  98.5962   25.3 25.1 72.5 958.4 138 7.2 0 0 0
c1 21.9242 34.1945  98.5962   25.2 25.3 72.9 958.4 137 5.6 0 0 0
c1 21.9252 34.1945  98.5962   25.1 25.5 73.0 958.4 137 7.0 0 0 0
c1 21.9262 34.1945  98.5961   25.1 25.6 73.0 958.4 140 6.0 0 0 0
c1 21.9338 34.1945  98.5961   25.1 25.4 73.6 958.4 144 4.2 0 0 0
c1 21.9348 34.1945  98.5961   25.1 25.4 73.8 958.4 147 4.1 0 0 0
c1 21.9358 34.1944  98.5961   25.1 25.3 73.8 958.4 151 4.4 0 0 0
c1 21.9370 34.1945  98.5961   25.1 25.3 73.6 958.5 143 5.3 0 0 0
c1 21.9378 34.1945  98.5961   25.1 25.5 73.3 958.4 155 6.6 0 0 0
c1 21.9388 34.1945  98.5961   25.1 25.3 73.2 958.5 143 7.1 0 0 0
c1 21.9398 34.1945  98.5961   25.1 24.9 73.4 958.5 149 6.6 0 0 0
c1 21.9408 34.1945  98.5961   25.1 25.3 73.4 958.4 148 6.5 0 0 0
c1 21.9418 34.1945  98.5961   25.1 24.9 73.3 958.4 148 6.0 0 0 0
c1 21.9428 34.1945  98.5961   25.1 25.2 73.6 958.5 134 4.5 0 0 0
c1 21.9505 34.1945  98.5961   25.1 25.2 73.9 958.5 130 4.3 0 0 0
c1 21.9515 34.1945  98.5962   25.1 25.1 74.1 958.5 151 3.6 0 0 0
c1 21.9525 34.1945  98.5962   25.0 25.7 74.4 958.5 151 3.7 0 0 0
c1 21.9535 34.1945  98.5962   24.9 25.2 74.4 958.5 137 4.3 0 0 0
c1 21.9545 34.1945  98.5962   24.9 25.1 74.1 958.5 132 5.7 0 0 0
c1 21.9555 34.1945  98.5963   24.9 25.0 73.6 958.5 133 6.8 0 0 0
c1 21.9565 34.1945  98.5963   24.9 25.3 73.9 958.5 140 6.4 0 0 0
c1 21.9575 34.1945  98.5963   25.0 25.2 74.0 958.5 130 5.5 0 0 0
c1 21.9585 34.1945  98.5964   25.0 25.0 74.2 958.5 129 5.3 0 0 0
c1 21.9595 34.1945  98.5964   25.0 25.4 73.7 958.5 142 4.7 0 0 0
c1 21.9672 34.1945  98.5964   25.1 25.2 73.7 958.5 132 5.1 0 0 0
c1 21.9682 34.1945  98.5965   25.1 25.2 74.1 958.5 138 4.6 0 0 0
c1 21.9692 34.1945  98.5965   25.1 25.2 74.0 958.5 154 5.2 0 0 0
c1 21.9702 34.1945  98.5966   25.1 25.3 74.4 958.5 133 5.1 0 0 0
c1 21.9712 34.1945  98.5966   25.1 25.3 69.2 958.5 109 6.0 1 0 1
c1 21.9722 34.1945  98.5966   25.0 25.2 73.6 958.5 146 7.2 0 0 0
c1 21.9732 34.1945  98.5967   25.1 25.0 73.5 958.5 137 7.9 0 0 0
c1 21.9742 34.1945  98.5967   25.1 25.3 72.8 958.5 130 9.5 0 0 0
c1 21.9752 34.1945  98.5967   25.1 24.9 72.8 958.5 143 8.6 0 0 0
c1 21.9762 34.1945  98.5968   25.1 25.0 72.8 958.5 139 7.8 0 0 0
c1 21.9838 34.1945  98.5968   25.1 25.2 72.3 958.5 128 8.2 0 0 0
c1 21.9848 34.1945  98.5968   25.1 24.8 72.5 958.6 124 7.5 0 0 0
c1 21.9858 34.1946  98.5968   25.1 25.2 72.6 958.5 126 7.2 0 0 0
c1 21.9868 34.1946  98.5969   25.1 25.1 72.7 958.6 141 6.6 0 0 0
c1 21.9878 34.1946  98.5969   25.1 24.9 72.9 958.5 130 7.7 0 0 0
c1 21.9888 34.1946  98.5969   25.1 24.9 72.6 958.5 132 8.8 0 0 0
c1 21.9898 34.1946  98.5969   25.1 25.0 72.3 958.5 144 8.9 0 0 0
c1 21.9908 34.1946  98.5969   25.1 25.2 71.9 958.5 139 11.2 0 0 0
c1 21.9918 34.1946  98.5969   25.1 25.0 72.0 958.5 132 9.6 0 0 0
c1 21.9928 34.1946  98.5969   25.1 25.1 72.2 958.5 138 9.3 0 0 0
c1 22.0005 34.1946  98.5969   25.2 25.0 72.0 958.5 138 9.7 0 0 0
c1 22.0015 34.1946  98.5969   25.1 25.0 72.0 958.5 138 9.0 0 0 0
c1 22.0025 34.1946  98.5969   25.3 24.9 72.2 958.5 131 9.0 0 0 0
c1 22.0035 34.1946  98.5969   25.3 25.3 72.1 958.5 131 8.6 0 0 0
c1 22.0045 34.1946  98.5969   25.3 25.1 71.9 958.5 125 9.4 0 0 0
c1 22.0055 34.1946  98.5969   25.3 25.1 72.4 958.5 129 6.9 0 0 0
c1 22.0065 34.1946  98.5969   25.3 24.9 72.6 958.5 130 7.0 0 0 0
c1 22.0075 34.1946  98.5968   25.3 25.4 72.3 958.5 122 8.1 0 0 0
c1 22.0085 34.1946  98.5968   25.2 25.1 72.6 958.5 135 7.5 0 0 0
c1 22.0095 34.1946  98.5968   25.1 25.0 70.7 958.5 102 6.7 0 0 0
c1 22.0172 34.1946  98.5968   25.1 24.9 72.7 958.4 129 7.1 0 0 0
c1 22.0182 34.1946  98.5968   25.1 24.8 72.7 958.5 141 7.2 0 0 0
c1 22.0192 34.1946  98.5967   25.1 25.2 72.4 958.5 142 8.1 0 0 0
c1 22.0202 34.1946  98.5967   25.1 25.0 72.1 958.4 140 8.8 0 0 0
c1 22.0212 34.1947  98.5967   25.1 24.6 72.7 958.4 130 6.5 0 0 0
c1 22.0222 34.1947  98.5967   25.1 25.1 72.8 958.4 142 7.2 0 0 0
c1 22.0232 34.1947  98.5967   25.1 24.8 72.4 958.4 136 8.4 0 0 0
c1 22.0242 34.1947  98.5966   25.1 25.0 72.5 958.4 132 8.2 0 0 0
c1 22.0252 34.1947  98.5966   25.1 25.2 72.5 958.4 122 8.3 0 0 0
c1 22.0262 34.1947  98.5965   25.1 25.0 72.6 958.3 160 8.3 0 0 0
c1 22.0338 34.1948  98.5966   25.2 25.0 72.6 958.4 126 15.6 0 1 0
c1 22.0348 34.1954  98.5974   25.2 25.1 72.8 958.4 140 14.3 0 1 0
c1 22.0358 34.1963  98.5984   25.3 25.3 72.9 958.2 137 12.7 0 1 0
c1 22.0368 34.1974  98.5998   25.2 24.9 72.9 958.0 142 10.4 0 1 0
c1 22.0378 34.1986  98.6011   25.3 24.8 72.8 957.9 141 5.4 0 0 0
c1 22.0388 34.1996  98.6023   25.2 25.1 72.4 957.9 144 5.7 0 0 0
c1 22.0398 34.2005  98.6034   25.3 24.8 72.4 957.8 148 7.7 0 0 0
c1 22.0408 34.2014  98.6045   25.3 24.9 72.4 957.9 134 9.2 0 0 0
c1 22.0418 34.2023  98.6054   25.3 25.0 72.8 957.8 147 2.7 0 1 0
c1 22.0428 34.2027  98.6060   25.2 24.8 73.0 957.7 150 1.8 0 1 0
c1 22.0505 34.2034  98.6068   25.2 25.1 73.1 957.8 134 12.7 0 1 0
c1 22.0515 34.2042  98.6077   25.2 25.1 73.0 957.8 138 9.8 0 0 0
c1 22.0525 34.2049  98.6088   25.1 25.1 73.1 957.9 134 7.6 0 0 0
c1 22.0535 34.2055  98.6100   25.3 25.0 73.0 957.9 131 8.4 0 0 0
c1 22.0545 34.2061  98.6113   25.2 24.7 73.2 957.9 134 7.6 0 0 0
c1 22.0555 34.2067  98.6126   25.1 25.0 73.5 957.9 146 7.2 0 0 0
c1 22.0565 34.2072  98.6140   25.1 25.2 73.2 958.1 137 8.9 0 0 0
c1 22.0575 34.2078  98.6153   25.2 24.9 73.6 958.3 134 7.6 0 0 0
c1 22.0585 34.2084  98.6166   25.2 24.8 74.0 958.3 141 4.8 0 0 0
c1 22.0595 34.2089  98.6178   25.1 24.9 74.0 958.3 147 6.7 0 0 0
c1 22.0672 34.2093  98.6189   25.1 25.0 73.6 958.3 136 5.4 0 0 0
c1 22.0682 34.2097  98.6199   25.1 24.9 74.2 958.3 133 7.7 0 0 0
c1 22.0692 34.2102  98.6210   25.1 25.0 74.2 958.2 127 8.0 0 0 0
c1 22.0702 34.2107  98.6222   25.1 24.9 73.9 958.2 127 8.3 0 0 0
c1 22.0712 34.2112  98.6233   25.1 24.8 74.1 958.2 134 8.5 0 0 0
c1 22.0722 34.2117  98.6246   25.1 25.4 74.4 958.1 134 8.3 0 0 0
c1 22.0732 34.2123  98.6260   25.0 25.0 73.9 958.5 127 9.1 0 0 0
c1 22.0742 34.2129  98.6274   25.0 25.0 74.6 958.7 128 6.8 0 0 0
c1 22.0752 34.2135  98.6287   24.9 24.9 74.0 958.9 121 7.5 0 0 0
c1 22.0762 34.2141  98.6301   25.0 24.8 73.9 958.6 119 8.5 0 0 0
c1 22.0838 34.2147  98.6315   25.1 25.2 74.0 958.3 126 7.7 0 0 0
c1 22.0848 34.2152  98.6328   25.1 25.1 74.2 958.2 130 5.5 0 0 0
c1 22.0858 34.2157  98.6340   25.1 24.9 74.1 958.1 134 5.9 0 0 0
c1 22.0868 34.2162  98.6351   25.1 24.9 74.0 958.1 117 6.9 0 0 0
c1 22.0878 34.2167  98.6362   25.0 24.9 74.3 958.0 116 6.8 0 0 0
c1 22.0888 34.2171  98.6372   25.0 24.9 74.7 958.0 129 4.9 0 0 0
c1 22.0898 34.2175  98.6382   25.0 25.0 74.6 957.9 119 8.2 0 0 0
c1 22.0908 34.2180  98.6393   24.9 24.8 74.2 957.9 114 8.8 0 0 0
c1 22.0918 34.2185  98.6405   24.9 24.9 74.8 957.7 126 9.7 0 0 0
c1 22.0928 34.2191  98.6418   24.9 25.0 73.7 957.7 120 11.2 0 0 0
c1 22.1005 34.2197  98.6432   24.9 25.0 73.6 957.5 124 9.5 0 0 0
c1 22.1015 34.2201  98.6442   24.9 24.7 74.0 957.4 152 2.1 0 1 0
c1 22.1025 34.2203  98.6446   24.9 25.1 75.0 957.4 214 3.3 0 1 0
c1 22.1037 34.2204  98.6447   24.9 24.8 75.0 957.3  71 5.5 0 1 0
c1 22.1045 34.2203  98.6447   24.8 24.6 74.3 957.3 112 9.2 0 0 0
c1 22.1055 34.2202  98.6447   24.8 25.1 75.0 957.3 138 9.3 0 0 0
c1 22.1065 34.2202  98.6447   25.0 25.0 74.9 957.3 110 9.0 0 0 0
c1 22.1075 34.2203  98.6447   24.9 25.0 74.3 957.3 110 7.1 0 0 0
c1 22.1085 34.2203  98.6447   24.9 25.2 75.0 957.4 113 6.5 0 0 0
c1 22.1095 34.2203  98.6447   24.9 24.8 75.3 957.4 103 6.8 0 0 0
c1 22.1172 34.2203  98.6447   24.9 24.9 75.1 957.4 111 6.0 0 0 0
c1 22.1182 34.2203  98.6448   24.9 24.8 75.6 957.4 105 5.4 0 0 0
c1 22.1192 34.2203  98.6448   24.8 24.9 75.7 957.4  98 6.5 0 0 0
c1 22.1202 34.2203  98.6448   24.7 24.8 75.4 957.4 109 6.2 0 0 0
c1 22.1212 34.2204  98.6448   24.8 24.8 75.9 957.4 105 5.5 0 0 0
c1 22.1222 34.2204  98.6448   24.7 24.8 75.9 957.5  96 5.0 0 0 0
c1 22.1232 34.2204  98.6448   24.7 24.9 76.2 957.5 107 5.8 0 0 0
c1 22.1242 34.2204  98.6448   24.6 24.8 74.9 957.5 115 6.6 0 0 0
c1 22.1252 34.2204  98.6448   24.6 24.8 75.2 957.5 111 7.4 0 0 0
c1 22.1262 34.2204  98.6448   24.5 24.6 75.5 957.5 108 7.1 0 0 0
c1 22.1338 34.2204  98.6448   24.6 24.6 76.1 957.5 106 5.8 0 0 0
c1 22.1348 34.2204  98.6448   24.7 24.6 76.8 957.5 110 5.4 0 0 0
c1 22.1358 34.2204  98.6448   24.5 24.8 76.5 957.6 118 6.1 0 0 0
c1 22.1368 34.2204  98.6447   24.5 24.6 76.1 957.5 109 6.6 0 0 0
c1 22.1378 34.2204  98.6447   24.6 24.9 76.5 957.5 108 6.9 0 0 0
c1 22.1388 34.2204  98.6447   24.8 24.7 76.7 957.6 101 5.8 0 0 0
c1 22.1398 34.2204  98.6447   24.5 24.7 76.5 957.6  95 5.1 0 0 0
c1 22.1408 34.2204  98.6447   24.4 24.6 76.7 957.5 106 6.1 0 0 0
c1 22.1418 34.2204  98.6447   24.4 24.7 76.1 957.5 103 7.1 0 0 0
c1 22.1428 34.2203  98.6447   24.6 24.7 76.9 957.5 101 5.7 0 0 0
c1 22.1505 34.2203  98.6447   24.5 24.6 76.8 957.5  97 5.0 0 0 0
c1 22.1515 34.2203  98.6446   24.5 24.7 77.2 957.5  95 5.6 0 0 0
c1 22.1525 34.2203  98.6446   24.6 24.8 76.7 957.5  92 6.7 0 0 0
c1 22.1535 34.2203  98.6446   24.5 24.6 75.7 957.5  92 7.8 0 0 0
c1 22.1545 34.2202  98.6446   24.6 24.7 75.7 957.4  72 7.3 0 0 0
c1 22.1555 34.2202  98.6446   24.5 24.8 76.0 957.4 100 6.7 0 0 0
c1 22.1565 34.2202  98.6446   24.5 24.5 76.5 957.4 104 6.3 0 0 0
c1 22.1575 34.2202  98.6445   24.5 24.6 76.3 957.4 110 6.3 0 0 0
c1 22.1585 34.2201  98.6445   24.5 24.4 76.1 957.4 113 8.0 0 0 0
c1 22.1595 34.2201  98.6445   24.7 24.9 75.7 957.4 105 6.9 0 0 0
c1 22.1672 34.2201  98.6445   24.6 24.5 76.1 957.4  94 6.5 0 0 0
c1 22.1682 34.2201  98.6445   24.7 24.8 75.5 957.4  95 6.5 0 0 0
c1 22.1692 34.2201  98.6445   24.6 24.6 75.9 957.4  94 4.4 0 0 0
c1 22.1702 34.2200  98.6445   24.7 24.6 75.9 957.4  84 4.5 0 0 0
c1 22.1712 34.2200  98.6445   24.6 24.7 76.3 957.4  97 4.8 0 0 0
c1 22.1722 34.2200  98.6444   24.5 24.8 75.6 957.3  98 5.7 0 0 0
c1 22.1732 34.2200  98.6444   24.6 24.5 75.4 957.3  92 7.1 0 0 0
c1 22.1742 34.2200  98.6444   24.6 24.4 75.2 957.2 103 8.4 0 0 0
c1 22.1752 34.2199  98.6444   24.7 24.7 74.9 957.2  87 7.9 0 0 0
c1 22.1762 34.2199  98.6444   24.7 24.3 75.5 957.2  85 5.8 0 0 0
c1 22.1838 34.2199  98.6444   24.7 24.3 75.5 957.2  83 6.3 0 0 0
c1 22.1848 34.2199  98.6444   24.6 24.6 75.4 957.1  82 6.9 0 0 0
c1 22.1858 34.2199  98.6444   24.6 24.5 75.0 957.1  95 9.0 0 0 0
c1 22.1868 34.2199  98.6444   24.6 24.3 75.0 957.0  92 7.6 0 0 0
c1 22.1878 34.2199  98.6444   24.6 24.6 75.1 957.1  85 6.8 0 0 0
c1 22.1888 34.2199  98.6444   24.7 24.3 73.5 957.0 141 5.7 0 0 0
c1 22.1898 34.2199  98.6444   24.6 24.7 75.8 957.0  75 5.2 0 0 0
c1 22.1908 34.2199  98.6444   24.5 24.8 76.2 957.0  79 4.3 0 0 0
c1 22.1918 34.2199  98.6444   24.5 24.6 76.4 956.9  78 5.3 0 0 0
c1 22.1928 34.2199  98.6444   24.6 24.9 75.2 956.8  85 8.7 0 0 0
c1 22.2005 34.2199  98.6444   24.6 24.5 74.8 956.8  80 8.1 0 0 0
c1 22.2015 34.2199  98.6444   24.6 24.8 75.3 956.7  78 7.3 0 0 0
c1 22.2025 34.2199  98.6444   24.5 24.6 75.6 956.7  92 6.3 0 0 0
c1 22.2035 34.2199  98.6444   24.5 24.2 75.6 956.7  77 6.9 0 0 0
c1 22.2045 34.2199  98.6444   24.6 24.6 75.5 956.6  71 7.8 0 0 0
c1 22.2055 34.2199  98.6444   24.6 24.3 75.5 956.6  73 7.6 0 0 0
c1 22.2065 34.2199  98.6444   24.5 24.3 75.9 956.5  80 5.6 0 0 0
c1 22.2075 34.2199  98.6444   24.5 24.7 75.9 956.5  73 7.9 0 0 0
c1 22.2085 34.2199  98.6445   24.5 24.4 75.6 956.4  79 8.7 0 0 0
c1 22.2095 34.2199  98.6445   24.5 24.3 75.7 956.4  74 8.0 0 0 0
c1 22.2172 34.2199  98.6445   24.5 24.4 76.1 956.3  65 7.8 0 0 0
c1 22.2182 34.2199  98.6444   24.5 24.6 76.4 956.3 130 5.6 0 0 0
c1 22.2192 34.2197  98.6439   24.5 24.3 76.5 956.3  12 5.2 0 1 0
c1 22.2202 34.2193  98.6429   24.4 24.6 76.5 956.0  25 5.9 0 1 0
c1 22.2212 34.2189  98.6419   24.5 24.3 76.3 956.0  74 8.0 0 0 0
c1 22.2222 34.2185  98.6410   24.5 24.5 76.4 955.9  71 9.1 0 0 0
c1 22.2232 34.2180  98.6399   24.5 24.4 76.5 956.0  60 9.4 0 0 0
c1 22.2242 34.2176  98.6388   24.5 24.4 76.5 955.9  61 9.7 0 0 0
c1 22.2252 34.2171  98.6378   24.6 24.7 76.5 955.9  75 9.5 0 0 0
c1 22.2262 34.2168  98.6369   24.6 24.5 76.2 955.9  57 10.2 0 0 0
c1 22.2338 34.2164  98.6360   24.5 24.6 76.9 955.9  40 5.9 0 0 0
c1 22.2348 34.2159  98.6349   24.6 24.3 76.7 955.7  56 9.1 0 0 0
c1 22.2358 34.2155  98.6339   24.5 24.5 76.3 955.7  61 9.9 0 0 0
c1 22.2368 34.2150  98.6328   24.5 24.7 76.6 955.8  68 8.4 0 0 0
c1 22.2378 34.2146  98.6317   24.5 24.5 76.4 955.8  77 10.4 0 0 0
c1 22.2388 34.2142  98.6309   24.6 24.6 76.4 955.7  75 11.2 0 0 0
c1 22.2398 34.2139  98.6301   24.6 24.5 76.2 955.8  72 9.5 0 0 0
c1 22.2408 34.2136  98.6294   24.6 24.5 76.4 955.9  77 7.3 0 0 0
c1 22.2418 34.2133  98.6286   24.6 24.4 76.2 956.0  57 6.0 0 0 0
c1 22.2428 34.2128  98.6275   24.6 24.4 76.7 956.1 332 2.9 0 1 0
c1 22.2513 34.2118  98.6251 -999.2 -999.3 -999.0 -999.0 -999 -999.0 0 0 0
c1 22.2525 34.2112  98.6236   24.8 24.2 72.2 955.2  69 9.7 1 0 0
c1 22.2535 34.2106  98.6222   24.7 24.3 76.3 955.0  72 9.0 0 0 0
c1 22.2555 34.2095  98.6196 -999.2 -999.3 -999.0 -999.0 -999 -999.0 0 0 0
c1 22.2565 34.2089  98.6183 -999.2 -999.3 -999.0 -999.0 -999 -999.0 0 0 0
c1 22.2575 34.2084  98.6171   24.9 24.6 75.7 954.9  88 7.9 0 0 0
c1 22.2585 34.2078  98.6158   24.9 24.5 75.3 954.9  73 8.0 0 0 0
c1 22.2595 34.2073  98.6145   24.9 24.3 75.4 954.8  77 9.5 0 0 0
c1 22.2672 34.2068  98.6132   25.1 24.7 75.4 954.7  86 8.7 0 0 0
c1 22.2682 34.2062  98.6119   25.0 24.5 75.5 954.5  81 7.4 0 0 0
c1 22.2692 34.2057  98.6107   25.1 24.2 75.5 954.4  91 12.6 0 1 0
c1 22.2702 34.2054  98.6099   25.0 24.7 75.6 954.3  97 15.5 0 1 0
c1 22.2712 34.2052  98.6097   25.1 24.6 76.0 954.5 105 13.1 0 1 0
c1 22.2723 34.2052  98.6096   25.2 24.8 76.2 954.6 222 7.1 0 0 0
c1 22.2732 34.2052  98.6096   25.0 24.7 75.6 954.5  98 9.8 0 0 0
c1 22.2742 34.2052  98.6096   25.0 25.0 76.0 954.6  74 8.0 0 0 0
c1 22.2752 34.2052  98.6096   25.0 24.9 75.9 954.5  91 9.3 0 0 0
c1 22.2762 34.2052  98.6095   25.1 24.5 76.2 954.6  76 6.3 0 0 0
c1 22.2838 34.2052  98.6095   24.9 24.6 76.1 954.6  85 7.8 0 0 0
c1 22.2848 34.2052  98.6095   25.0 25.0 75.7 954.6  75 8.4 0 0 0
c1 22.2858 34.2051  98.6095   24.9 24.7 76.0 954.7  73 7.3 0 0 0
c1 22.2868 34.2051  98.6095   24.8 24.7 75.9 954.7  78 9.0 0 0 0
c1 22.2878 34.2051  98.6095   24.7 24.5 75.6 954.8  79 9.3 0 0 0
c1 22.2888 34.2051  98.6095   24.7 24.7 75.8 954.9  85 7.9 0 0 0
c1 22.2898 34.2051  98.6095   25.0 24.7 76.0 955.0  85 6.5 0 0 0
c1 22.2908 34.2051  98.6095   24.9 24.8 75.9 955.1  87 6.4 0 0 0
c1 22.2918 34.2051  98.6095   25.0 24.6 75.9 955.2  79 6.2 0 0 0
c1 22.2928 34.2050  98.6095   24.7 24.6 76.1 955.3  72 4.7 0 0 0
c1 22.3005 34.2050  98.6095   24.8 24.6 76.2 955.5  91 4.6 0 0 0
c1 22.3015 34.2050  98.6095   24.9 24.5 76.0 955.6  87 5.3 0 0 0
c1 22.3025 34.2050  98.6095   24.7 24.5 75.7 955.7  86 5.7 0 0 0
c1 22.3035 34.2050  98.6095   24.5 24.8 75.6 955.8 100 4.9 0 0 0
c1 22.3045 34.2050  98.6095   24.8 24.5 75.8 955.9  82 3.3 0 0 0
c1 22.3055 34.2050  98.6095   24.7 24.6 75.6 956.0  92 5.9 0 0 0
c1 22.3065 34.2050  98.6095   24.5 24.7 75.7 956.1 106 6.1 0 0 0
c1 22.3075 34.2050  98.6095   24.7 24.5 75.7 956.3 109 5.0 0 0 0
c1 22.3085 34.2050  98.6095   24.6 24.5 75.7 956.4 110 4.1 0 0 0
c1 22.3095 34.2050  98.6095   24.7 24.4 75.8 956.6 114 3.7 0 0 0
c1 22.3172 34.2050  98.6095   24.8 24.6 75.3 956.7 116 4.5 0 0 0
c1 22.3182 34.2050  98.6095   25.0 24.4 75.4 956.8 104 3.1 0 0 0
c1 22.3192 34.2050  98.6095   25.0 24.8 75.7 957.0 148 2.1 0 0 0
c1 22.3202 34.2050  98.6095   24.9 24.6 75.8 957.1 163 2.2 0 0 0
c1 22.3212 34.2050  98.6095   24.9 24.6 75.6 957.2 162 3.1 0 0 0
c1 22.3222 34.2050  98.6095   24.9 24.8 75.4 957.4 148 3.5 0 0 0
c1 22.3232 34.2050  98.6095   24.9 24.7 75.3 957.5 224 2.3 0 0 0
c1 22.3242 34.2050  98.6096   24.9 24.5 75.7 957.6 233 3.7 0 0 0
c1 22.3252 34.2050  98.6096   24.8 24.8 76.0 957.7 236 4.5 0 0 0
c1 22.3262 34.2050  98.6096   24.7 24.5 76.0 957.8 232 5.4 0 0 0
c1 22.3338 34.2050  98.6096   24.6 24.8 75.8 957.9 218 5.3 0 0 0
c1 22.3348 34.2051  98.6096   24.7 24.6 75.5 958.0 219 5.2 0 0 0
c1 22.3358 34.2051  98.6096   24.7 24.4 75.5 958.2 217 5.1 0 0 0
c1 22.3368 34.2051  98.6096   24.9 25.1 75.9 958.2 234 4.9 0 0 0
c1 22.3378 34.2051  98.6096   24.7 24.6 76.0 958.3 228 6.0 0 0 0
c1 22.3388 34.2051  98.6097   24.9 24.6 76.0 958.4 226 6.3 0 0 0
c1 22.3398 34.2051  98.6097   24.8 24.6 76.2 958.4 222 7.5 0 0 0
c1 22.3408 34.2052  98.6097   24.9 24.7 76.4 958.5 234 9.3 0 0 0
c1 22.3418 34.2052  98.6097   24.8 24.8 76.5 958.5 249 7.3 0 0 0
c1 22.3428 34.2052  98.6096   24.7 24.8 76.8 958.4 280 12.1 0 1 0
c1 22.3505 34.2050  98.6090   24.9 24.6 76.3 958.6 270 15.4 0 1 0
c1 22.3515 34.2043  98.6081   24.9 24.8 76.1 958.6 270 8.9 0 1 0
c1 22.3525 34.2034  98.6070   25.0 24.9 76.1 958.4 251 6.6 0 0 0
c1 22.3535 34.2026  98.6060   24.9 24.9 75.9 958.2 218 8.9 0 0 0
c1 22.3545 34.2017  98.6049   24.9 24.8 76.1 958.1 246 9.9 0 0 0
c1 22.3555 34.2008  98.6039   25.0 24.5 76.1 958.2 233 8.2 0 0 0
c1 22.3565 34.2000  98.6028   25.0 24.6 76.4 958.3 242 6.7 0 0 0
c1 22.3575 34.1991  98.6018   25.2 25.0 76.2 958.3 244 7.8 0 0 0
c1 22.3585 34.1982  98.6007   25.0 24.8 76.1 958.3 234 10.2 0 0 0
c1 22.3595 34.1972  98.5996   25.1 24.6 76.1 958.2 235 9.6 0 0 0
c1 22.3672 34.1963  98.5984   25.0 24.8 76.0 958.3 233 9.2 0 0 0
c1 22.3682 34.1953  98.5972   25.1 25.0 75.9 958.3 226 9.5 0 0 0
c1 22.3692 34.1943  98.5959   25.1 24.9 75.6 958.4 230 8.2 0 0 0
c1 22.3702 34.1934  98.5944   25.1 24.7 75.7 958.5 228 10.7 0 0 0
c1 22.3712 34.1926  98.5931   25.1 24.8 75.6 958.5 229 8.8 0 1 0
c1 22.3722 34.1916  98.5919   25.2 24.5 73.6 958.6 235 10.0 0 0 0
c1 22.3732 34.1907  98.5907   25.2 24.9 71.3 958.7 233 11.2 1 0 0
c1 22.3742 34.1897  98.5896   25.2 25.0 75.6 958.9 243 7.3 0 0 0
c1 22.3752 34.1887  98.5884   25.3 24.6 75.2 959.0 243 6.3 0 0 0
c1 22.3762 34.1877  98.5872   25.4 25.0 75.1 959.1 235 8.1 0 0 0
c1 22.3838 34.1867  98.5859   25.4 24.7 74.9 959.4 228 10.1 0 0 0
c1 22.3848 34.1857  98.5847   25.4 24.9 74.6 959.5 216 7.2 0 0 0
c1 22.3858 34.1846  98.5835   25.4 24.6 74.6 959.5 228 8.3 0 0 0
c1 22.3868 34.1836  98.5823   25.4 24.9 74.0 959.3 227 11.5 0 0 0
c1 22.3878 34.1826  98.5811   25.4 24.8 74.1 959.7 228 6.3 0 0 0
c1 22.3888 34.1816  98.5799   25.6 24.9 70.1 960.0 229 7.5 1 0 0
c1 22.3898 34.1806  98.5787   25.6 24.9 73.5 959.4 215 11.1 0 0 0
c1 22.3908 34.1797  98.5775   25.7 25.2 73.8 959.0 192 7.1 0 0 0
c1 22.3927 34.1779  98.5753 -999.2 -999.3 -999.0 -999.0 -999 -999.0 0 0 0
c1 22.4005 34.1767  98.5739   25.7 24.9 73.6 958.0 205 8.8 0 0 0
c1 22.4015 34.1758  98.5727   25.7 25.0 73.6 957.7 191 9.4 0 0 0
c1 22.4025 34.1751  98.5713   25.7 25.2 73.6 957.6 198 9.5 0 1 0
c1 22.4035 34.1745  98.5699   25.7 25.1 73.4 956.9 188 11.1 0 1 0
c1 22.4045 34.1742  98.5683   25.7 25.2 73.1 956.6 167 7.5 0 1 0
c1 22.4055 34.1741  98.5668   25.7 25.0 73.0 956.4 169 8.9 0 1 0
c1 22.4065 34.1741  98.5652   25.7 25.1 73.4 956.4 192 7.7 0 0 0
c1 22.4075 34.1741  98.5635   25.7 25.0 73.0 956.1 189 11.4 0 0 0
c1 22.4085 34.1741  98.5617   25.7 25.4 73.1 956.0 180 12.8 0 0 0
c1 22.4095 34.1740  98.5598   25.7 25.1 72.7 955.9 170 14.4 0 0 0
c1 22.4172 34.1740  98.5580   25.8 25.0 72.9 956.1 155 9.5 0 0 0
c1 22.4182 34.1740  98.5563   25.8 25.0 73.2 956.2 166 9.2 0 0 0
c1 22.4192 34.1740  98.5546   25.8 25.2 73.1 956.2 172 11.3 0 0 0
c1 22.4202 34.1740  98.5528   25.8 25.3 73.0 955.8 182 9.5 0 0 0
c1 22.4212 34.1739  98.5511   25.9 25.3 72.4 955.3 161 14.1 0 0 0
c1 22.4222 34.1740  98.5494   25.9 25.2 72.0 954.9 165 12.2 0 0 0
c1 22.4232 34.1739  98.5474   25.9 25.2 72.6 955.0 224 6.1 0 1 0
c1 22.4242 34.1739  98.5452   26.1 25.4 72.2 954.4 185 12.6 0 0 0
c1 22.4252 34.1739  98.5431   26.2 25.4 71.6 955.1 159 16.9 0 0 0
c1 22.4262 34.1739  98.5409   26.1 25.6 71.5 955.1 165 18.7 0 0 0
c1 22.4338 34.1738  98.5387   26.1 25.7 71.5 955.2 162 15.3 0 0 0
c1 22.4348 34.1738  98.5366   26.2 25.5 70.9 954.7 159 16.9 0 0 0
c1 22.4358 34.1738  98.5344   26.3 25.5 70.7 954.9 164 16.3 0 0 0
c1 22.4368 34.1738  98.5322   26.2 25.4 71.2 955.5 165 13.5 0 0 0
c1 22.4378 34.1737  98.5300   26.2 25.6 70.6 955.4 161 16.0 0 0 0
c1 22.4388 34.1737  98.5280   26.2 25.6 70.5 955.4 150 15.3 0 0 0
c1 22.4400 34.1737  98.5258   26.2 25.7 70.7 955.4 159 16.4 0 0 0
c1 22.4408 34.1737  98.5243   26.1 25.4 70.6 955.5 152 16.3 0 0 0
c1 22.4418 34.1737  98.5226   26.3 25.6 70.7 955.5 160 15.8 0 0 0
c1 22.4428 34.1737  98.5210   26.2 25.9 70.2 955.1 158 19.3 0 0 0
c1 22.4505 34.1737  98.5194   26.1 25.6 70.5 955.2 160 15.9 0 0 0
c1 22.4515 34.1737  98.5179   26.2 25.3 70.5 955.3 162 15.4 0 0 0
c1 22.4525 34.1736  98.5163   26.1 25.8 70.1 955.3 169 18.1 0 0 0
c1 22.4535 34.1736  98.5147   26.2 25.5 69.9 955.3 160 15.6 0 0 0
c1 22.4545 34.1736  98.5131   26.2 25.8 70.1 955.6 166 14.9 0 0 0
c1 22.4555 34.1736  98.5115   26.2 26.0 69.8 955.6 153 13.3 0 0 0
c1 22.4565 34.1736  98.5099   26.2 25.5 69.8 955.9 158 14.8 0 0 0
c1 22.4575 34.1736  98.5084   26.2 25.7 66.8 956.2 171 13.1 1 0 0
c1 22.4585 34.1736  98.5068   26.1 25.7 70.3 956.3 164 13.2 0 0 0
c1 22.4595 34.1736  98.5054   26.2 25.6 69.8 956.4 150 13.9 0 0 0
c1 22.4672 34.1735  98.5040   26.3 25.9 69.7 956.4 162 13.1 0 0 0
c1 22.4682 34.1735  98.5023   26.2 25.9 69.7 956.3 177 15.4 0 1 0
c1 22.4692 34.1735  98.5004   26.2 26.0 69.5 956.3 172 8.7 0 0 0
c1 22.4702 34.1735  98.4984   26.4 25.8 69.4 956.1 182 16.6 0 0 0
c1 22.4712 34.1735  98.4962   26.2 25.7 70.0 956.2 163 11.4 0 0 0
c1 22.4722 34.1735  98.4941   26.3 26.0 70.5 956.2 168 15.0 0 0 0
c1 22.4732 34.1735  98.4919   26.3 25.7 69.7 956.0 163 14.9 0 0 0
c1 22.4742 34.1735  98.4898   26.3 25.9 69.3 955.9 159 13.0 0 0 0
c1 22.4752 34.1735  98.4877   26.4 26.2 69.2 956.1 160 13.9 0 0 0
c1 22.4762 34.1735  98.4857   26.4 25.7 69.0 956.2 149 14.2 0 0 0
c1 22.4838 34.1735  98.4839   26.3 25.6 68.8 956.3 154 14.8 0 0 0
c1 22.4848 34.1735  98.4821   26.3 26.2 68.6 956.1 161 17.5 0 0 0
c1 22.4858 34.1734  98.4804   26.4 25.7 69.0 956.3 159 14.8 0 0 0
c1 22.4868 34.1734  98.4787   26.4 25.8 69.4 956.3 160 13.7 0 0 0
c1 22.4878 34.1734  98.4771   26.1 26.0 69.6 956.4 165 13.8 0 0 0
c1 22.4888 34.1734  98.4753   26.4 26.1 69.1 956.2 159 15.3 0 0 0
c1 22.4898 34.1734  98.4736   26.5 25.9 68.7 956.2 151 16.7 0 0 0
c1 22.4908 34.1734  98.4720   26.6 25.9 68.6 956.0 165 17.6 0 0 0
c1 22.4918 34.1734  98.4704   26.4 26.1 68.2 955.8 144 15.9 0 0 0
c1 22.4928 34.1734  98.4688   26.4 25.7 68.0 956.2 160 17.2 0 0 0
c1 22.5005 34.1734  98.4672   26.5 26.0 68.4 956.5 163 15.2 0 0 0
c1 22.5015 34.1734  98.4654   26.4 26.3 69.0 956.5 166 16.3 0 0 0
c1 22.5025 34.1734  98.4638   26.6 26.1 68.9 956.7 154 14.5 0 0 0
c1 22.5035 34.1734  98.4621   26.5 25.8 69.3 957.0 154 10.7 0 0 0
c1 22.5045 34.1734  98.4603   26.5 26.2 68.8 957.2 161 9.6 0 0 0
c1 22.5055 34.1734  98.4586   26.5 26.0 68.6 957.0 158 12.6 0 0 0
c1 22.5065 34.1734  98.4568   26.6 26.2 68.9 957.0 146 10.6 0 0 0
c1 22.5075 34.1734  98.4552   26.7 26.3 70.4 957.2 140 12.8 0 1 0
c1 22.5085 34.1735  98.4540   26.4 26.2 70.0 957.2 135 17.1 0 1 0
c1 22.5095 34.1735  98.4534   26.4 26.4 68.9 957.4 120 18.9 0 1 0
c1 22.5172 34.1741  98.4531   26.5 26.0 68.9 957.6 138 16.6 0 1 0
c1 22.5182 34.1752  98.4529   26.4 26.2 68.6 957.7 154 17.8 0 1 0
c1 22.5192 34.1765  98.4528   26.4 26.2 68.9 957.7 158 13.6 0 1 0
c1 22.5202 34.1779  98.4528   26.3 26.1 68.9 957.5 147 18.3 0 0 0
c1 22.5212 34.1794  98.4529   26.3 26.0 69.0 957.5 164 15.8 0 0 0
c1 22.5222 34.1810  98.4529   26.3 26.1 69.7 957.1 160 13.9 0 0 0
c1 22.5242 34.1842  98.4529 -999.2 -999.3 -999.0 -999.0 -999 -999.0 0 0 0
c1 22.5252 34.1860  98.4529 -999.2 -999.3 -999.0 -999.0 -999 -999.0 0 0 0
c1 22.5262 34.1877  98.4529   26.3 26.2 68.9 957.4 143 15.9 0 0 0
c1 22.5338 34.1894  98.4529   26.3 26.2 68.9 957.4 149 15.4 0 0 0
c1 22.5348 34.1912  98.4529   26.2 26.0 69.5 957.1 163 13.3 0 0 0
c1 22.5358 34.1931  98.4529   26.2 26.5 68.5 956.7 151 9.8 0 0 0
c1 22.5368 34.1949  98.4529   26.2 25.9 65.9 956.9 147 13.4 1 0 0
c1 22.5378 34.1968  98.4529   26.1 26.2 69.8 957.0 147 12.6 0 0 0
c1 22.5388 34.1986  98.4529   26.1 26.4 70.3 957.2 149 11.2 0 0 0
c1 22.5398 34.2003  98.4529   26.1 26.2 70.3 957.1 141 12.6 0 0 0
c1 22.5408 34.2019  98.4529   26.1 26.2 69.9 956.8 144 15.6 0 0 0
c1 22.5418 34.2035  98.4529   26.0 26.0 69.6 956.2 145 13.6 0 0 0
c1 22.5428 34.2052  98.4529   26.0 26.1 69.7 956.4 147 14.8 0 0 0
c1 22.5505 34.2068  98.4529   25.9 26.1 69.4 956.7 144 17.2 0 0 0
c1 22.5515 34.2086  98.4529   25.9 25.8 69.3 957.1 154 16.5 0 0 0
c1 22.5525 34.2105  98.4529   25.8 26.0 69.0 957.7 149 12.1 0 0 0
c1 22.5535 34.2123  98.4529   25.9 25.8 68.9 958.2 145 13.1 0 0 0
c1 22.5545 34.2140  98.4529   25.8 26.0 69.0 958.8 147 11.0 0 0 0
c1 22.5555 34.2157  98.4529   25.8 25.9 68.8 959.2 139 12.2 0 0 0
c1 22.5565 34.2173  98.4529   25.9 26.1 69.0 959.3 130 14.6 0 0 0
c1 22.5575 34.2189  98.4529   25.9 25.9 69.1 959.2 137 12.8 0 0 0
c1 22.5585 34.2206  98.4529   25.8 25.9 69.7 959.3 161 8.9 0 0 0
c1 22.5595 34.2224  98.4529   25.8 25.9 70.1 959.5 180 7.6 0 0 0
c1 22.5672 34.2241  98.4529   25.9 26.3 69.7 959.8 188 6.4 0 0 0
c1 22.5682 34.2259  98.4529   25.9 26.3 69.7 960.0 147 9.3 0 0 0
c1 22.5692 34.2276  98.4529   25.8 25.9 69.8 960.0 194 6.2 0 0 0
c1 22.5702 34.2294  98.4529   25.9 25.8 69.9 960.0 176 6.5 0 0 0
c1 22.5712 34.2311  98.4529   25.8 25.9 70.2 959.9 191 6.4 0 0 0
c1 22.5722 34.2328  98.4529   25.9 25.9 70.3 960.1 189 3.8 0 0 0
c1 22.5732 34.2343  98.4529   26.0 26.0 70.5 960.3 189 6.6 0 0 0
c1 22.5742 34.2360  98.4529   25.9 25.7 70.8 960.4 219 7.3 0 0 0
c1 22.5752 34.2376  98.4529   25.9 26.2 70.9 960.6 212 6.4 0 0 0
c1 22.5762 34.2392  98.4529   25.8 25.3 70.7 960.8 202 6.6 0 0 0
c1 22.5838 34.2408  98.4529   25.8 26.1 70.8 960.8 232 6.2 0 0 0
c1 22.5848 34.2423  98.4529   25.8 26.0 70.9 961.0 221 5.7 0 0 0
c1 22.5858 34.2439  98.4529   25.7 26.1 70.8 961.1 210 5.8 0 0 0
c1 22.5868 34.2455  98.4529   25.7 25.9 71.0 961.2 235 5.8 0 0 0
c1 22.5878 34.2471  98.4529   25.4 25.9 71.4 961.3 208 5.2 0 0 0
c1 22.5888 34.2488  98.4529   25.7 25.9 71.3 961.3 217 7.3 0 0 0
c1 22.5898 34.2503  98.4530   25.5 25.7 71.4 961.2 220 6.9 0 0 0
c1 22.5908 34.2519  98.4530   25.4 25.7 71.4 961.4 235 6.2 0 0 0
c1 22.5918 34.2535  98.4530   25.5 25.5 71.7 961.4 238 7.2 0 0 0
c1 22.5928 34.2550  98.4530   25.4 25.9 72.1 961.4 252 4.9 0 0 0
c1 22.6005 34.2565  98.4530   25.2 25.7 71.8 961.5 232 4.6 0 0 0
c1 22.6015 34.2580  98.4530   25.4 25.6 71.7 961.5 233 3.9 0 0 0
c1 22.6025 34.2595  98.4530   25.2 25.6 71.7 961.6 237 3.7 0 0 0
c1 22.6035 34.2610  98.4530   25.3 25.3 71.8 961.5 246 4.8 0 0 0
c1 22.6045 34.2625  98.4530   25.2 25.2 72.1 961.4 252 4.4 0 0 0
c1 22.6055 34.2640  98.4530   25.2 25.8 72.1 961.4 242 3.6 0 0 0
c1 22.6065 34.2655  98.4530   25.2 25.2 72.4 961.4 246 3.2 0 0 0
c1 22.6077 34.2672  98.4530   25.1 25.2 72.5 961.3 277 3.8 0 0 0
c1 22.6085 34.2685  98.4530   25.2 25.5 72.4 961.3 285 5.1 0 0 0
c1 22.6095 34.2700  98.4530   25.2 25.6 69.4 961.1 286 4.2 1 0 0
c1 22.6182 34.2728  98.4530 -999.2 -999.3 -999.0 -999.0 -999 -999.0 0 0 0
c1 22.6192 34.2741  98.4530   25.2 25.4 72.9 960.7 315 5.1 0 0 0
c1 22.6202 34.2751  98.4530   25.1 25.4 72.9 960.6 341 12.0 0 1 0
c1 22.6212 34.2756  98.4529   24.9 25.2 73.2 960.8  15 6.5 0 1 0
c1 22.6222 34.2756  98.4521   25.0 25.5 73.4 961.0 288 7.1 0 1 0
c1 22.6232 34.2756  98.4509   25.0 25.2 73.4 961.0 298 7.6 0 1 0
c1 22.6242 34.2756  98.4495   24.9 25.3 73.6 960.9 306 9.3 0 0 0
c1 22.6252 34.2756  98.4479   24.9 25.1 73.6 960.8 304 7.9 0 0 0
c1 22.6262 34.2756  98.4461   24.9 25.5 73.8 961.0 302 8.1 0 0 0
c1 22.6338 34.2756  98.4443   24.9 25.4 74.0 961.1 312 7.0 0 0 0
c1 22.6348 34.2756  98.4423   24.7 25.5 74.1 961.2 307 5.6 0 0 0
c1 22.6358 34.2756  98.4403   24.7 25.5 74.4 961.1 306 6.9 0 0 0
c1 22.6368 34.2755  98.4383   24.6 25.0 74.3 960.9 328 7.5 0 0 0
c1 22.6378 34.2755  98.4363   24.8 25.0 74.4 960.7 311 5.6 0 0 0
c1 22.6388 34.2755  98.4342   24.7 25.2 74.3 960.8 316 5.3 0 0 0
c1 22.6398 34.2755  98.4321   24.7 24.7 74.1 960.7 315 7.1 0 0 0
c1 22.6408 34.2755  98.4300   24.7 25.0 74.0 960.3 331 5.9 0 0 0
c1 22.6418 34.2755  98.4279   24.7 25.2 74.1 960.2 325 7.0 0 0 0
c1 22.6428 34.2755  98.4258   24.8 24.9 74.2 960.7 311 5.1 0 0 0
c1 22.6505 34.2755  98.4236   24.7 25.5 74.2 961.1 311 5.5 0 0 0
c1 22.6515 34.2755  98.4214   24.9 24.9 74.0 961.0 313 5.4 0 0 0
c1 22.6525 34.2755  98.4193   24.8 25.1 74.0 960.9 310 2.8 0 0 0
c1 22.6535 34.2754  98.4173   24.9 24.9 74.0 960.9 351 4.0 0 0 0
c1 22.6545 34.2754  98.4154   24.8 24.9 74.0 961.5 323 4.9 0 0 0
c1 22.6555 34.2754  98.4135   24.9 24.8 74.1 961.6 303 4.4 0 0 0
c1 22.6565 34.2754  98.4115   24.9 24.9 74.3 961.6 282 5.8 0 0 0
c1 22.6575 34.2754  98.4095   24.9 24.6 74.2 961.4 266 4.4 0 0 0
c1 22.6585 34.2754  98.4075   24.9 25.1 72.0 961.5 307 4.8 0 0 0
c1 22.6595 34.2754  98.4055   25.0 24.8 71.8 961.6 304 3.7 0 0 0
c1 22.6672 34.2753  98.4036   24.9 24.8 71.4 961.7 301 3.9 1 0 0
c1 22.6682 34.2753  98.4016   24.9 24.9 74.2 962.0 291 5.8 0 0 0
c1 22.6692 34.2753  98.3996   25.0 25.1 74.1 962.0 325 4.3 0 0 0
c1 22.6702 34.2753  98.3976   25.1 24.8 74.0 961.8  23 3.8 0 0 0
c1 22.6712 34.2753  98.3957   25.0 24.7 74.0 961.8   8 3.4 0 0 0
c1 22.6722 34.2753  98.3938   24.9 25.1 74.2 961.9 314 2.1 0 0 0
c1 22.6732 34.2753  98.3919   25.0 24.9 73.9 961.7 350 2.5 0 0 0
c1 22.6742 34.2753  98.3900   24.9 24.9 74.0 961.7 243 3.1 0 0 0
c1 22.6752 34.2753  98.3880   25.0 24.6 74.1 961.4 256 3.4 0 0 0
c1 22.6762 34.2753  98.3859   24.9 25.1 74.3 961.3 270 5.7 0 0 0
c1 22.6838 34.2753  98.3837   25.0 25.0 74.5 961.1 278 4.1 0 0 0
c1 22.6848 34.2753  98.3817   25.0 24.9 74.4 961.1 293 1.7 0 0 0
c1 22.6858 34.2753  98.3797   25.0 25.0 74.3 960.6 188 1.8 0 0 0
c1 22.6868 34.2753  98.3777   24.9 24.9 74.1 960.0 281 0.6 0 0 0
c1 22.6878 34.2753  98.3757   25.0 25.0 74.2 959.2 189 1.3 0 0 0
c1 22.6888 34.2752  98.3739   25.0 24.8 74.2 959.0 140 1.9 0 0 0
c1 22.6898 34.2752  98.3721   25.0 25.1 74.2 959.1 186 2.2 0 0 0
c1 22.6908 34.2752  98.3705   24.9 24.9 74.2 959.1  73 3.0 0 0 0
c1 22.6918 34.2752  98.3688   24.8 24.7 74.1 958.5 128 3.3 0 0 0
c1 22.6928 34.2752  98.3672   24.9 25.1 74.1 958.0 132 5.6 0 0 0
c1 22.7005 34.2751  98.3655   24.7 25.1 74.4 957.7 215 0.9 0 0 0
c1 22.7015 34.2751  98.3636   24.9 24.9 74.3 957.5 250 1.9 0 0 0
c1 22.7025 34.2751  98.3617   24.7 24.9 74.3 957.2 105 3.5 0 0 0
c1 22.7035 34.2751  98.3598   24.7 25.1 74.2 957.0 126 5.2 0 0 0
c1 22.7045 34.2751  98.3578   24.7 24.8 74.3 957.0 114 5.5 0 0 0
c1 22.7055 34.2751  98.3559   24.8 24.8 74.7 957.0 129 4.2 0 0 0
c1 22.7065 34.2751  98.3540   24.5 24.9 74.6 956.9 113 6.4 0 0 0
c1 22.7075 34.2751  98.3521   24.6 24.8 74.5 956.8 120 6.8 0 0 0
c1 22.7085 34.2751  98.3503   24.5 24.7 74.6 956.7 128 5.6 0 0 0
c1 22.7095 34.2750  98.3486   24.5 24.9 74.4 956.1 115 10.5 0 0 0
c1 22.7172 34.2750  98.3470   24.5 24.6 74.6 956.2 102 7.0 0 0 0
c1 22.7182 34.2750  98.3455   24.5 24.7 71.0 956.3 126 10.0 1 0 0
c1 22.7192 34.2750  98.3439   24.4 25.1 74.7 956.5 131 6.4 0 0 0
c1 22.7202 34.2750  98.3422   24.4 24.4 74.3 956.7 122 10.2 0 0 0
c1 22.7212 34.2750  98.3404   24.4 24.5 74.4 956.9 133 7.7 0 0 0
c1 22.7222 34.2750  98.3386   24.4 24.9 74.4 956.6 116 9.4 0 0 0
c1 22.7232 34.2749  98.3368   24.3 24.6 74.3 956.7 115 11.4 0 0 0
c1 22.7242 34.2749  98.3353   24.4 24.6 74.3 956.9 120 14.1 0 0 0
c1 22.7252 34.2749  98.3341   24.5 24.6 74.9 957.0 101 15.2 0 1 0
c1 22.7262 34.2749  98.3332   24.5 24.4 75.2 957.3 132 9.9 0 0 0
c1 22.7338 34.2749  98.3323   24.5 24.8 75.1 957.3 121 12.9 0 0 0
c1 22.7348 34.2749  98.3315   24.5 24.4 75.2 957.2 125 10.4 0 0 0
c1 22.7358 34.2749  98.3308   24.6 24.6 75.2 957.4 129 11.7 0 0 0
c1 22.7368 34.2749  98.3304   24.5 24.7 75.3 957.6 129 9.3 0 1 0
c1 22.7378 34.2745  98.3304   24.5 24.6 75.6 957.8 119 3.0 0 1 0
c1 22.7388 34.2738  98.3304   24.3 24.6 75.7 958.0  74 6.0 0 1 0
c1 22.7398 34.2731  98.3304   24.4 24.5 75.8 957.9 143 10.0 0 1 0
c1 22.7408 34.2727  98.3303   24.4 24.4 75.5 957.7 126 7.1 0 0 0
c1 22.7418 34.2720  98.3304   24.4 24.6 75.3 957.7 126 9.0 0 0 0
c1 22.7428 34.2716  98.3304   24.4 24.5 75.3 957.8 154 13.2 0 1 0
c1 22.7505 34.2715  98.3304   24.4 24.4 75.5 957.9 133 12.0 0 1 0
c1 22.7515 34.2715  98.3304   24.4 24.4 75.7 958.1 122 8.1 0 0 0
c1 22.7525 34.2715  98.3304   24.4 24.5 75.9 958.3 144 8.6 0 0 0
c1 22.7535 34.2715  98.3303   24.4 24.6 76.0 958.4 126 5.8 0 0 0
c1 22.7545 34.2715  98.3303   24.4 24.5 76.0 958.5 166 6.2 0 0 0
c1 22.7555 34.2717  98.3303   24.4 24.8 76.3 958.7 138 5.6 0 0 0
c1 22.7565 34.2719  98.3303   24.4 24.3 76.4 959.0 148 5.7 0 0 0
c1 22.7575 34.2722  98.3303   24.3 24.4 76.2 959.1 125 6.6 0 0 0
c1 22.7585 34.2724  98.3304   24.3 24.4 76.0 959.3 131 3.5 0 0 0
c1 22.7595 34.2727  98.3304   24.4 24.2 76.0 959.4 174 4.9 0 0 0
c1 22.7672 34.2729  98.3304   24.4 24.5 76.0 959.5 193 7.9 0 0 0
c1 22.7682 34.2731  98.3304   24.3 24.0 76.3 959.8 197 5.0 0 0 0
c1 22.7692 34.2733  98.3304   24.3 24.6 76.5 960.1 206 3.3 0 0 0
c1 22.7702 34.2734  98.3304   24.4 24.2 76.5 960.3 238 3.1 0 0 0
c1 22.7712 34.2734  98.3304   24.3 24.3 76.6 960.4 230 4.8 0 0 0
c1 22.7722 34.2737  98.3304   24.4 24.4 76.7 960.6 197 12.3 0 1 0
c1 22.7732 34.2743  98.3304   24.4 23.9 76.7 960.8 201 7.4 0 0 0
c1 22.7742 34.2747  98.3304   24.3 24.2 76.7 961.1 235 5.6 0 1 0
c1 22.7753 34.2748  98.3300   24.4 24.1 76.7 961.2 264 13.2 0 1 0
c1 22.7762 34.2748  98.3292   24.4 24.1 76.9 961.3 255 11.8 0 1 0
c1 22.7838 34.2748  98.3279   24.3 24.6 76.8 961.2 242 7.6 0 1 0
c1 22.7848 34.2749  98.3263   24.1 24.0 76.8 961.0 243 6.9 0 1 0
c1 22.7858 34.2749  98.3245   24.4 24.2 76.5 960.7 246 5.4 0 0 0
c1 22.7868 34.2749  98.3226   24.3 24.3 76.5 960.5 210 9.4 0 0 0
c1 22.7878 34.2749  98.3206   24.3 24.0 76.5 960.1 200 4.5 0 0 0
c1 22.7888 34.2749  98.3186   24.5 24.2 76.4 959.9 205 4.5 0 0 0
c1 22.7898 34.2749  98.3166   24.5 24.4 76.6 959.8 214 4.4 0 0 0
c1 22.7908 34.2750  98.3147   24.4 24.6 76.6 960.1 224 5.4 0 0 0
c1 22.7918 34.2750  98.3128   24.5 24.3 76.6 960.3 193 6.9 0 0 0
c1 22.7928 34.2750  98.3109   24.5 24.2 76.4 960.4 203 6.4 0 0 0
c1 22.8005 34.2750  98.3090   24.5 24.2 76.7 960.3 201 5.9 0 0 0
c1 22.8015 34.2750  98.3070   24.5 24.0 76.5 959.9 178 2.8 0 0 0
c1 22.8025 34.2751  98.3051   24.5 24.3 76.5 959.8 204 4.1 0 0 0
c1 22.8035 34.2751  98.3032   24.5 24.3 76.1 960.2 164 3.4 0 0 0
c1 22.8045 34.2751  98.3013   24.5 24.4 76.0 960.1 161 6.3 0 0 0
c1 22.8055 34.2751  98.2995   24.5 24.2 76.3 960.1 292 3.4 0 0 0
c1 22.8065 34.2751  98.2976   24.7 24.3 76.5 959.8 187 5.8 0 0 0
c1 22.8075 34.2751  98.2956   24.6 24.4 76.3 959.6 167 6.1 0 0 0
c1 22.8085 34.2751  98.2937   24.7 24.7 75.8 959.4 155 3.1 0 0 0
c1 22.8095 34.2752  98.2917   24.7 24.5 75.6 959.2 135 6.1 0 0 0
c1 22.8172 34.2752  98.2899   24.8 24.6 75.2 958.7 130 12.7 0 0 0
c1 22.8182 34.2752  98.2883   24.8 24.3 70.2 958.8 121 10.2 1 0 0
c1 22.8192 34.2752  98.2866   24.8 24.3 75.3 958.7 140 7.4 0 0 0
c1 22.8202 34.2752  98.2848   24.9 24.4 75.7 958.4 165 11.0 0 0 0
c1 22.8212 34.2752  98.2829   24.8 24.5 75.8 958.6 147 5.8 0 0 0
c1 22.8222 34.2753  98.2810   24.8 24.6 75.6 958.1 150 8.2 0 0 0
c1 22.8232 34.2753  98.2792   24.8 24.6 75.6 958.1 137 8.6 0 0 0
c1 22.8242 34.2753  98.2774   24.9 24.2 75.5 957.9 142 12.0 0 0 0
c1 22.8252 34.2753  98.2758   24.9 24.3 75.4 957.3 129 12.9 0 0 0
c1 22.8262 34.2752  98.2742   24.9 24.3 75.1 956.6 139 15.2 0 0 0
c1 22.8338 34.2751  98.2724   24.8 24.2 75.4 956.4 117 6.6 0 0 0
c1 22.8348 34.2751  98.2707   24.8 24.4 75.3 956.5 148 13.7 0 0 0
c1 22.8358 34.2751  98.2689   24.8 24.3 75.2 956.2 139 11.0 0 0 0
c1 22.8368 34.2751  98.2670   24.8 24.5 75.5 956.4 143 10.6 0 0 0
c1 22.8378 34.2750  98.2651   24.7 24.2 75.5 956.2 127 14.8 0 0 0
c1 22.8388 34.2750  98.2634   24.9 24.2 75.3 956.2 137 14.1 0 0 0
c1 22.8398 34.2750  98.2617   24.7 24.5 75.3 956.1 140 14.6 0 0 0
c1 22.8408 34.2750  98.2600   24.7 24.6 75.2 955.8 130 13.6 0 0 0
c1 22.8418 34.2750  98.2584   24.7 24.7 74.9 955.9 133 15.3 0 0 0
c1 22.8428 34.2750  98.2567   24.6 24.8 75.0 955.9 145 16.1 0 0 0
c1 22.8505 34.2750  98.2551   24.8 24.3 74.7 956.4 133 16.9 0 0 0
c1 22.8515 34.2750  98.2536   24.9 24.6 74.3 956.3 131 16.0 0 0 0
c1 22.8525 34.2749  98.2523   24.9 24.7 74.2 956.1 143 17.7 0 0 0
c1 22.8535 34.2747  98.2511   24.9 24.8 74.1 955.9 138 13.2 0 1 0
c1 22.8545 34.2742  98.2501   24.8 24.8 74.2 956.0 137 14.7 0 1 0
c1 22.8555 34.2737  98.2490   24.8 24.5 73.8 956.0 132 14.2 0 0 0
c1 22.8565 34.2731  98.2477   24.8 24.5 73.8 956.0 144 14.9 0 0 0
c1 22.8575 34.2724  98.2463   25.0 24.7 73.7 955.8 137 16.9 0 0 0
c1 22.8585 34.2719  98.2449   25.0 24.6 73.6 956.0 130 18.2 0 0 0
c1 22.8595 34.2717  98.2436   24.9 24.6 73.7 956.1 127 18.0 0 1 0
c1 22.8672 34.2717  98.2423   24.9 24.8 73.9 956.3 141 11.3 0 0 0
c1 22.8682 34.2717  98.2410   25.0 24.6 74.0 956.0 142 7.6 0 0 0
c1 22.8692 34.2717  98.2396   24.9 24.6 73.8 956.6 124 7.0 0 0 0
c1 22.8702 34.2717  98.2383   24.9 24.5 74.0 956.4 127 7.9 0 0 0
c1 22.8712 34.2716  98.2371   24.9 24.7 74.2 956.6 175 6.4 0 0 0
c1 22.8722 34.2716  98.2362   24.8 24.4 74.2 956.5 114 13.4 0 1 0
c1 22.8732 34.2716  98.2361   24.9 24.8 74.1 956.9  87 10.0 0 1 0
c1 22.8742 34.2715  98.2359   24.8 24.7 74.1 956.6 262 4.2 0 1 0
c1 22.8752 34.2720  98.2357   24.8 24.6 74.1 956.8 157 14.1 0 1 0
c1 22.8762 34.2730  98.2356   24.8 24.6 74.1 956.8 164 13.6 0 1 0
c1 22.8838 34.2741  98.2356   24.8 24.6 74.3 956.6  88 5.4 0 1 0
c1 22.8848 34.2745  98.2356   24.8 24.8 74.2 956.6  70 6.2 0 1 0
c1 22.8858 34.2746  98.2349   24.7 24.8 74.1 956.4 252 8.1 0 1 0
c1 22.8868 34.2746  98.2336   24.7 24.4 74.2 956.5 221 7.6 0 1 0
c1 22.8878 34.2747  98.2321   24.7 24.8 74.3 956.3 170 9.5 0 0 0
c1 22.8888 34.2747  98.2307   24.8 24.6 74.7 956.2 142 7.2 0 0 0
c1 22.8898 34.2748  98.2293   24.7 24.4 74.3 956.1 140 11.7 0 1 0
c1 22.8908 34.2754  98.2280   24.7 24.9 74.6 956.2 147 9.7 0 1 0
c1 22.8918 34.2765  98.2270   24.7 24.9 74.7 956.2 135 16.7 0 1 0
c1 22.8928 34.2781  98.2266   24.7 24.7 74.7 956.3 128 13.5 0 1 0
c1 22.9015 34.2816  98.2266 -999.2 -999.3 -999.0 -999.0 -999 -999.0 0 1 0
c1 22.9025 34.2836  98.2266   24.6 24.7 75.1 955.6 142 16.0 0 0 0
c1 22.9035 34.2857  98.2266   24.6 24.5 74.5 955.3 156 11.2 0 0 0
c1 22.9045 34.2877  98.2266   24.5 24.4 74.8 955.5 130 13.1 0 0 0
c1 22.9055 34.2898  98.2266   24.4 24.7 74.6 955.5 144 16.6 0 0 0
c1 22.9065 34.2919  98.2265   24.8 24.6 74.8 955.9 147 14.7 0 0 0
c1 22.9075 34.2941  98.2265   24.4 24.2 74.8 956.5 145 11.8 0 0 0
c1 22.9085 34.2962  98.2265   24.6 24.5 74.6 957.0 160 11.2 0 0 0
c1 22.9095 34.2983  98.2264   24.5 24.4 74.6 957.1 156 10.7 0 0 0
c1 22.9172 34.3005  98.2264   24.5 24.5 69.8 957.3 155 11.8 1 0 0
c1 22.9182 34.3026  98.2264   24.5 24.1 74.7 957.5 172 8.4 0 0 0
c1 22.9192 34.3047  98.2264   24.4 24.6 74.8 957.9 174 9.9 0 0 0
c1 22.9202 34.3067  98.2263   24.4 24.3 75.0 958.0 187 7.4 0 0 0
c1 22.9212 34.3087  98.2263   24.5 24.4 74.7 958.1 192 8.5 0 0 0
c1 22.9222 34.3108  98.2263   24.5 24.4 74.4 958.0 184 9.0 0 0 0
c1 22.9232 34.3128  98.2263   24.7 24.5 74.2 957.3 171 8.2 0 0 0
c1 22.9242 34.3147  98.2263   24.4 24.4 73.9 957.1 169 10.2 0 0 0
c1 22.9252 34.3167  98.2263   24.4 24.4 74.2 957.9 194 7.2 0 0 0
c1 22.9262 34.3185  98.2263   24.5 24.4 74.8 958.3 250 7.3 0 0 0
c1 22.9338 34.3203  98.2263   24.5 24.4 75.0 958.0 249 9.1 0 0 0
c1 22.9348 34.3223  98.2263   24.4 24.5 75.0 957.9 250 8.7 0 0 0
c1 22.9358 34.3243  98.2263   24.3 24.3 75.0 958.4 243 8.8 0 0 0
c1 22.9368 34.3263  98.2263   24.3 24.6 74.9 959.0 249 8.8 0 0 0
c1 22.9378 34.3284  98.2263   24.4 24.4 74.8 958.9 250 6.5 0 0 0
c1 22.9388 34.3305  98.2263   24.3 24.4 74.9 959.0 263 8.0 0 0 0
c1 22.9398 34.3327  98.2263   24.4 24.4 75.0 958.9 264 6.7 0 0 0
c1 22.9408 34.3347  98.2263   24.2 24.3 75.2 958.3 273 7.2 0 0 0
c1 22.9418 34.3368  98.2263   24.1 24.4 75.4 957.9 283 6.2 0 0 0
c1 22.9430 34.3392  98.2263   24.0 24.4 75.2 957.7 289 9.3 0 0 0
c1 22.9505 34.3410  98.2263   24.0 24.5 74.2 958.0 293 11.9 0 0 0
c1 22.9515 34.3430  98.2263   23.9 24.1 73.6 958.2 299 10.3 0 0 0
c1 22.9525 34.3450  98.2263   23.6 24.3 71.7 957.8 301 14.1 0 0 0
c1 22.9535 34.3469  98.2263   23.4 24.0 71.5 957.9 294 15.2 0 0 0
c1 22.9545 34.3488  98.2263   23.0 24.3 70.3 957.6 303 13.2 0 0 0
c1 22.9555 34.3507  98.2263   22.6 24.1 68.0 957.5 304 13.8 1 0 0
c1 22.9565 34.3524  98.2263   22.3 23.8 67.1 957.7 315 11.7 0 0 0
c1 22.9575 34.3541  98.2263   22.1 23.4 67.2 957.5 300 15.4 0 0 0
c1 22.9585 34.3556  98.2263   21.7 23.7 68.0 957.4 307 14.8 0 1 0
c1 22.9595 34.3570  98.2263   21.2 23.6 69.5 957.8 315 16.3 0 0 0
c1 22.9672 34.3582  98.2263   20.8 23.3 70.2 958.5 295 13.9 0 0 0
c1 22.9682 34.3594  98.2262   20.7 23.4 65.0 958.5 291 17.3 1 0 0
c1 22.9692 34.3606  98.2262   20.3 23.4 69.1 958.8 297 17.9 0 0 0
c1 22.9702 34.3615  98.2262   19.9 22.9 69.5 959.4 304 18.5 0 1 0
c1 22.9712 34.3618  98.2261   19.8 22.9 70.8 959.4 346 18.5 0 1 0
c1 22.9722 34.3618  98.2253   19.7 22.9 71.7 960.0 299 17.9 0 1 0
c1 22.9732 34.3618  98.2238   19.7 22.4 72.8 960.3 275 17.8 0 1 0
c1 22.9742 34.3618  98.2218   19.5 22.5 73.8 960.3 281 16.4 0 1 0
c1 22.9752 34.3618  98.2197   19.4 22.3 74.8 960.0 295 10.1 0 0 0
c1 22.9762 34.3618  98.2175   19.3 22.2 75.8 960.1 292 12.4 0 0 0
c1 22.9838 34.3618  98.2154   19.3 21.6 76.8 960.0 278 13.6 0 0 0
c1 22.9848 34.3618  98.2133   19.2 21.7 78.0 960.1 268 14.8 0 0 0
c1 22.9858 34.3619  98.2112   19.2 21.8 78.8 960.0 285 15.0 0 0 0
c1 22.9868 34.3619  98.2091   19.2 21.7 79.8 960.1 274 14.2 0 0 0
c1 22.9878 34.3619  98.2070   19.2 21.4 81.5 960.1 272 13.0 0 0 0
c1 22.9888 34.3619  98.2048   19.3 21.6 82.6 959.9 269 11.4 0 0 0
c1 22.9898 34.3620  98.2026   19.5 21.4 83.9 960.3 274 13.4 0 0 0
c1 22.9908 34.3620  98.2004   19.7 21.2 84.1 960.4 285 12.0 0 0 0
c1 22.9918 34.3620  98.1983   19.9 21.2 83.2 961.0 291 12.2 1 0 0
c1 22.9928 34.3621  98.1961   20.2 21.2 89.3 961.1 277 6.8 0 0 0
c1 23.0005 34.3621  98.1940   20.6 21.2 90.5 960.6 300 10.2 0 0 0
c1 23.0015 34.3621  98.1920   20.7 21.1 90.9 960.6 282 11.7 0 0 0
c1 23.0025 34.3622  98.1898   20.9 21.1 91.3 960.7 276 10.2 0 0 0
c1 23.0035 34.3622  98.1877   21.2 21.5 91.9 960.5 284 5.5 0 0 0
c1 23.0045 34.3622  98.1855   21.4 21.4 92.0 960.3 293 8.2 0 0 0
c1 23.0055 34.3623  98.1833   21.7 21.3 91.9 960.1 282 9.6 0 0 0
c1 23.0065 34.3623  98.1811   21.9 21.4 91.7 960.2 280 7.2 0 0 0
c1 23.0075 34.3623  98.1788   22.1 21.3 91.5 960.1 291 9.9 0 0 0
c1 23.0085 34.3624  98.1765   22.2 21.3 91.3 960.2 283 7.9 0 0 0
c1 23.0095 34.3624  98.1742   22.4 21.5 90.8 960.3 295 9.0 0 0 0
c1 23.0172 34.3625  98.1719   22.5 21.4 89.4 960.4 276 6.0 0 0 0
c1 23.0182 34.3625  98.1697   22.6 21.7 87.9 960.7 284 3.9 1 0 0
c1 23.0192 34.3625  98.1675   22.7 21.4 89.6 961.0 292 5.6 0 0 0
c1 23.0202 34.3625  98.1654   22.8 21.7 89.3 961.1 305 3.5 0 0 0
c1 23.0212 34.3625  98.1634   22.9 21.7 88.9 961.2 299 6.1 0 0 0
c1 23.0222 34.3626  98.1616   22.9 21.7 84.4 961.2 296 4.8 1 0 0
c1 23.0232 34.3626  98.1596   23.0 21.7 88.0 961.1 259 7.0 0 0 0
c1 23.0242 34.3626  98.1576   23.0 21.8 87.6 961.1 271 5.6 0 0 0
c1 23.0252 34.3626  98.1554   23.2 21.9 87.1 961.1 264 5.3 0 0 0
c1 23.0262 34.3626  98.1532   23.2 21.9 86.7 960.9 276 2.2 0 0 0
c1 23.0338 34.3626  98.1511   23.2 21.9 86.4 960.8 268 3.7 0 0 0
c1 23.0348 34.3626  98.1489   23.4 22.1 86.1 960.6 261 3.6 0 0 0
c1 23.0358 34.3626  98.1467   23.4 21.9 85.9 960.4 262 2.8 0 0 0
c1 23.0368 34.3626  98.1445   23.3 22.1 85.8 960.3 237 2.8 0 0 0
c1 23.0378 34.3626  98.1424   23.4 22.4 85.5 959.4 197 0.9 0 0 0
c1 23.0388 34.3626  98.1403   23.5 22.6 85.0 958.4  59 1.0 0 0 0
c1 23.0398 34.3626  98.1382   23.5 22.3 84.7 958.4 176 2.2 0 0 0
c1 23.0408 34.3625  98.1360   23.5 22.7 84.4 958.1 167 0.5 0 0 0
c1 23.0418 34.3625  98.1338   23.4 22.2 83.8 957.6  82 5.7 0 0 0
c1 23.0428 34.3625  98.1317   23.6 22.3 83.4 957.0 103 7.4 0 0 0
c1 23.0505 34.3624  98.1296   23.6 22.5 83.0 956.7  89 5.2 0 0 0
c1 23.0515 34.3624  98.1278   23.6 22.9 82.3 956.4  97 14.3 0 1 0
c1 23.0525 34.3624  98.1266   23.6 22.7 82.1 956.1  98 15.0 0 1 0
c1 23.0535 34.3623  98.1260   23.6 22.6 82.3 956.2 112 14.2 0 1 0
c1 23.0545 34.3623  98.1259   23.6 22.5 82.4 956.4 110 11.3 0 1 0
c1 23.0555 34.3622  98.1259   23.5 22.7 82.3 956.8 137 3.8 0 0 0
c1 23.0565 34.3622  98.1259   23.5 22.6 82.1 957.1 120 3.6 0 0 0
c1 23.0575 34.3622  98.1259   23.4 22.9 82.0 957.4 136 3.7 0 0 0
c1 23.0585 34.3622  98.1258   23.5 22.7 82.0 957.7 178 2.7 0 0 0
c1 23.0595 34.3622  98.1251   23.4 22.6 82.0 958.0 263 8.4 0 1 0
c1 23.0672 34.3622  98.1239   23.4 22.9 80.2 958.0 204 5.2 0 1 0
c1 23.0682 34.3622  98.1224   23.3 23.1 78.9 958.2 201 5.0 1 0 0
c1 23.0692 34.3622  98.1207   23.4 23.0 78.8 958.3 196 5.8 1 0 0
c1 23.0702 34.3622  98.1188   23.4 22.9 81.5 958.4 201 5.9 0 0 0
c1 23.0712 34.3622  98.1167   23.4 22.8 81.4 958.4 207 8.2 0 0 0
c1 23.0722 34.3622  98.1145   23.5 22.9 81.2 958.7 204 7.1 0 0 0
c1 23.0732 34.3622  98.1122   23.5 22.6 81.2 959.1 196 2.9 0 0 0
c1 23.0742 34.3622  98.1100   23.6 23.0 81.2 958.8 178 6.7 0 0 0
c1 23.0752 34.3622  98.1079   23.5 23.1 81.0 958.2 147 9.5 0 0 0
c1 23.0762 34.3622  98.1060   23.6 22.8 80.8 958.1 133 10.4 0 0 0
c1 23.0838 34.3622  98.1047   23.6 23.2 80.9 958.1 106 15.2 0 1 0
c1 23.0848 34.3622  98.1041   23.6 23.5 80.7 958.2 151 6.5 0 0 0
c1 23.0858 34.3623  98.1030   23.6 23.0 80.7 958.5 221 7.2 0 1 0
c1 23.0868 34.3623  98.1016   23.6 23.1 80.3 958.5 186 6.9 0 0 0
c1 23.0878 34.3623  98.1000   23.5 23.3 80.3 958.5 182 9.3 0 0 0
c1 23.0888 34.3623  98.0987   23.6 23.3 79.9 958.7 144 17.5 0 1 0
c1 23.0898 34.3623  98.0984   23.6 23.0 79.7 959.2 167 19.1 0 1 0
c1 23.0908 34.3623  98.0984   23.6 23.0 79.5 959.9 175 11.6 0 0 0
c1 23.0918 34.3623  98.0984   23.6 23.4 80.0 960.6 185 13.4 0 0 0
c1 23.0928 34.3624  98.0981   23.6 23.3 80.2 961.1 206 17.8 0 1 0
c1 23.1005 34.3624  98.0973   23.7 23.1 80.6 961.3 217 20.3 0 1 0
c1 23.1015 34.3624  98.0962   23.7 23.2 79.5 961.5 208 19.0 0 1 0
c1 23.1025 34.3624  98.0949   23.5 23.1 75.5 961.5 210 13.5 0 0 0
c1 23.1035 34.3624  98.0933   23.4 22.9 76.2 961.7 222 16.9 0 0 0
c1 23.1045 34.3624  98.0916   23.2 23.2 77.8 962.2 222 13.2 0 0 0
c1 23.1055 34.3624  98.0899   23.2 22.8 79.9 962.5 207 11.1 0 0 0
c1 23.1065 34.3624  98.0882   23.4 22.9 80.6 962.9 217 9.5 0 0 0
c1 23.1075 34.3625  98.0864   23.5 23.1 80.5 962.8 209 10.2 0 0 0
c1 23.1085 34.3625  98.0846   23.6 23.5 80.0 962.6 217 14.8 0 0 0
c1 23.1097 34.3625  98.0824   23.6 23.4 77.9 963.2 218 12.1 0 0 0
c1 23.1172 34.3624  98.0808   23.5 23.3 77.0 963.1 226 15.6 0 0 0
c1 23.1182 34.3624  98.0788   23.5 23.1 77.4 963.2 224 8.6 0 0 0
c1 23.1192 34.3624  98.0768   23.4 23.0 78.8 962.6 228 17.1 0 0 0
c1 23.1202 34.3624  98.0748   23.5 23.4 79.9 961.7 238 17.8 0 0 0
c1 23.1212 34.3624  98.0728   23.6 23.3 79.8 961.7 233 16.2 0 0 0
c1 23.1222 34.3624  98.0707   23.6 23.2 79.5 961.6 230 11.9 0 0 0
c1 23.1232 34.3623  98.0688   23.6 23.2 79.5 960.8 240 12.3 0 0 0
c1 23.1242 34.3623  98.0668   23.6 23.0 79.4 960.8 241 8.2 0 0 0
c1 23.1252 34.3623  98.0648   23.6 23.2 79.3 960.5 241 9.1 0 0 0
c1 23.1262 34.3623  98.0629   23.8 23.1 79.2 959.9 245 11.2 0 0 0
c1 23.1338 34.3623  98.0609   23.6 23.3 79.2 959.8 240 11.7 0 0 0
c1 23.1348 34.3623  98.0589   23.7 23.4 79.4 959.9 259 7.1 0 0 0
c1 23.1358 34.3623  98.0569   23.6 23.4 79.5 959.8 236 5.0 0 0 0
c1 23.1368 34.3622  98.0549   23.8 23.3 79.2 959.0 253 5.4 0 0 0
c1 23.1378 34.3622  98.0531   23.7 23.4 78.9 958.3 143 3.2 0 1 0
c1 23.1388 34.3622  98.0517   23.8 23.1 79.3 958.2 211 4.1 0 0 0
c1 23.1398 34.3622  98.0501   23.6 23.5 79.3 957.9 245 6.8 0 0 0
c1 23.1408 34.3622  98.0484   23.8 23.0 79.2 957.5 249 7.0 0 0 0
c1 23.1418 34.3622  98.0465   23.6 23.6 79.2 956.9 225 5.2 0 0 0
c1 23.1428 34.3621  98.0446   23.7 23.5 79.3 956.3 202 4.4 0 0 0
c1 23.1505 34.3621  98.0424   23.6 23.7 79.3 956.1 203 5.1 0 0 0
c1 23.1515 34.3621  98.0403   23.6 23.4 79.4 956.1 174 6.1 0 0 0
c1 23.1525 34.3621  98.0382   23.6 23.6 79.6 955.9 169 1.7 0 0 0
c1 23.1535 34.3621  98.0362   23.6 23.4 79.7 955.6 150 4.5 0 0 0
c1 23.1545 34.3621  98.0341   23.5 23.3 79.8 955.6 118 3.7 0 0 0
c1 23.1555 34.3621  98.0321   23.4 23.1 79.5 955.9 137 8.8 0 0 0
c1 23.1565 34.3621  98.0302   23.5 23.3 79.7 956.0 144 6.5 0 0 0
c1 23.1575 34.3621  98.0283   23.4 23.1 79.7 956.0 145 7.7 0 0 0
c1 23.1585 34.3621  98.0263   23.4 23.3 79.6 956.2 143 7.9 0 0 0
c1 23.1595 34.3621  98.0242   23.4 23.3 79.8 957.0 143 8.0 0 0 0
c1 23.1672 34.3621  98.0223   23.4 23.3 78.8 957.4 126 6.6 0 0 0
c1 23.1682 34.3621  98.0203   23.5 23.2 78.8 957.2 142 7.1 0 0 0
c1 23.1692 34.3621  98.0184   23.5 23.3 75.5 957.3 156 3.3 1 0 0
c1 23.1702 34.3621  98.0164   23.4 23.5 78.4 957.1 147 3.4 1 0 0
c1 23.1712 34.3621  98.0145   23.6 23.5 77.5 957.0 141 7.4 1 0 0
c1 23.1722 34.3621  98.0126   23.5 23.5 78.0 957.1 145 7.4 0 0 0
c1 23.1732 34.3621  98.0108   23.5 23.5 79.8 957.0 181 4.0 0 0 0
c1 23.1742 34.3621  98.0090   23.3 23.2 80.0 957.0 128 2.3 0 0 0
c1 23.1752 34.3621  98.0071   23.3 23.6 79.8 956.8 160 2.5 0 0 0
c1 23.1762 34.3622  98.0053   23.2 23.4 79.6 956.2 125 7.2 0 0 0
c1 23.1838 34.3622  98.0035   23.2 23.3 78.0 956.1 151 4.6 0 0 0
c1 23.1848 34.3622  98.0018   22.9 23.2 77.5 955.8 137 7.2 1 0 0
c1 23.1858 34.3622  98.0002   23.2 23.5 79.8 955.6 117 6.4 0 0 0
c1 23.1868 34.3621  97.9987   23.3 23.3 79.8 955.8 129 4.2 0 1 0
c1 23.1878 34.3619  97.9971   23.2 23.4 79.8 956.1 138 5.0 0 0 0
c1 23.1888 34.3619  97.9956   23.3 23.4 80.1 955.9 129 5.0 0 0 0
c1 23.1898 34.3619  97.9940   23.3 23.3 79.8 955.5 112 3.4 0 0 0
c1 23.1908 34.3619  97.9923   23.2 22.9 79.8 955.0 125 4.6 0 0 0
c1 23.1918 34.3619  97.9905   23.2 23.3 79.8 955.0 145 5.4 0 0 0
c1 23.1928 34.3618  97.9887   23.0 23.1 80.0 954.5 121 2.6 0 0 0
c1 23.2005 34.3619  97.9869   23.2 23.6 80.1 954.8 148 5.9 0 0 0
c1 23.2015 34.3619  97.9851   23.1 23.2 79.9 955.3 126 12.0 0 0 0
c1 23.2025 34.3619  97.9835   23.1 23.5 80.3 955.7 130 5.6 0 0 0
c1 23.2035 34.3619  97.9821   23.2 23.3 80.3 956.0 124 7.3 0 0 0
c1 23.2045 34.3619  97.9809   23.1 23.2 80.3 955.6 130 9.4 0 0 0
c1 23.2055 34.3619  97.9797   23.1 23.4 80.3 955.6 123 8.6 0 0 0
c1 23.2065 34.3620  97.9786   23.1 23.3 80.5 955.8 139 6.8 0 0 0
c1 23.2075 34.3625  97.9775   23.1 22.9 80.6 956.0 118 7.8 0 1 0
c1 23.2085 34.3634  97.9767   23.1 23.1 80.5 956.0 120 11.7 0 1 0
c1 23.2095 34.3644  97.9759   23.2 23.1 80.4 956.2 123 11.9 0 0 0
c1 23.2172 34.3650  97.9754   23.1 23.0 80.5 956.2 113 14.0 0 1 0
c1 23.2182 34.3657  97.9748   23.2 22.8 80.6 956.5 150 9.5 0 1 0
c1 23.2192 34.3666  97.9741   23.1 23.3 80.7 956.5 121 6.6 0 0 0
c1 23.2202 34.3673  97.9734   23.1 23.0 80.8 956.8 109 5.2 0 0 0
c1 23.2212 34.3680  97.9728   23.1 22.9 80.8 957.0 124 2.8 0 0 0
c1 23.2222 34.3687  97.9723   23.1 23.1 80.9 957.4  83 2.1 0 0 0
c1 23.2232 34.3690  97.9715   23.1 22.9 81.0 957.6 210 2.6 0 1 0
c1 23.2242 34.3691  97.9703   23.1 23.0 81.0 957.6 245 3.7 0 1 0
c1 23.2252 34.3691  97.9691   23.1 23.0 80.9 957.5 104 4.2 0 0 0
c1 23.2262 34.3690  97.9684   23.1 23.1 81.1 957.8 130 13.4 0 1 0
c1 23.2338 34.3684  97.9683   23.1 22.9 81.2 957.8 125 8.9 0 1 0
c1 23.2348 34.3682  97.9683   23.1 23.2 81.4 958.1 204 1.2 0 0 0
c1 23.2358 34.3683  97.9683   23.1 23.1 81.3 958.1  18 0.5 0 0 0
c1 23.2368 34.3683  97.9683   23.1 23.0 81.3 958.3 129 3.1 0 0 0
c1 23.2378 34.3683  97.9682   23.1 23.1 81.3 958.4  69 2.0 0 0 0
c1 23.2388 34.3684  97.9682   23.1 23.2 81.5 958.7 108 1.3 0 0 0
c1 23.2398 34.3684  97.9682   23.1 23.1 81.5 958.6 123 4.4 0 0 0
c1 23.2408 34.3684  97.9682   23.1 23.4 81.6 958.8 107 3.4 0 0 0
c1 23.2418 34.3685  97.9682   23.1 23.0 81.6 959.0 207 1.3 0 0 0
c1 23.2753 34.3721  97.9641   23.2 23.0 82.2 962.7 240 4.6 0 1 0
c1 23.2837 34.3743  97.9642   23.2 22.7 81.6 962.5 242 10.3 0 1 0
c1 23.2847 34.3755  97.9646   23.4 23.2 81.4 962.6 267 10.0 0 1 0
c1 23.2857 34.3763  97.9650   23.4 22.9 80.7 962.7 273 13.4 0 1 0
c1 23.2867 34.3770  97.9654   23.4 23.1 80.2 962.6 257 5.7 0 0 0
c1 23.2877 34.3777  97.9659   23.2 23.5 78.3 962.4 287 13.0 0 1 0
c1 23.2887 34.3777  97.9660   23.2 23.0 78.4 962.6 139 7.7 0 1 0
c1 23.2897 34.3773  97.9656   23.2 22.9 77.3 962.5 299 10.2 0 1 0
c1 23.2907 34.3765  97.9651   23.1 23.1 72.1 962.6 285 9.4 1 1 0
c1 23.2917 34.3756  97.9647   23.1 23.2 73.6 962.7 261 12.6 1 0 0
c1 23.2927 34.3745  97.9644   23.0 23.1 75.0 962.7 264 12.8 0 0 0
c1 23.3003 34.3733  97.9643   23.1 23.3 75.0 962.7 235 11.8 0 0 0
c1 23.3013 34.3724  97.9643   23.0 22.9 76.9 963.0 233 12.4 0 1 0
c1 23.3023 34.3717  97.9643   23.1 23.0 78.7 963.0 211 6.5 0 0 0
c1 23.3033 34.3712  97.9643   23.1 23.1 78.6 963.2 199 6.5 0 0 0
c1 23.3043 34.3707  97.9643   23.0 23.1 79.4 963.3 251 3.6 0 0 0
c1 23.3053 34.3702  97.9643   23.1 23.5 79.6 963.2 210 4.6 0 0 0
c1 23.3063 34.3695  97.9643   22.9 23.1 78.2 963.5 211 8.2 0 0 0
c1 23.3073 34.3691  97.9643   22.9 23.1 76.4 963.4 179 15.0 0 1 0
c1 23.3083 34.3691  97.9643   22.8 22.8 76.1 963.7 221 10.9 0 0 0
c1 23.3170 34.3690  97.9630 -999.2 -999.3 -999.0 -999.0 -999 -999.0 0 1 0
c1 23.3180 34.3690  97.9620   22.6 22.9 76.6 963.7 264 7.3 0 0 0
c1 23.3190 34.3690  97.9609   22.5 23.0 76.1 964.0 230 6.6 0 0 0
c1 23.3200 34.3690  97.9600   22.4 23.0 75.4 964.1 235 10.2 0 0 0
c1 23.3210 34.3690  97.9591   22.4 22.9 75.5 964.2 270 10.4 0 0 0
c1 23.3220 34.3690  97.9580   22.4 23.1 76.7 964.3 261 8.3 0 0 0
c1 23.3230 34.3691  97.9568   22.4 22.4 77.6 964.2 246 6.0 0 0 0
c1 23.3240 34.3691  97.9554   22.3 22.8 77.9 963.9 224 4.9 0 0 0
c1 23.3250 34.3691  97.9541   22.2 22.9 77.9 963.2 234 6.9 0 0 0
c1 23.3260 34.3691  97.9525   22.1 22.6 77.7 963.8 226 11.7 0 0 0
c1 23.3337 34.3690  97.9510   22.0 22.5 76.6 963.6 222 18.1 0 0 0
c1 23.3347 34.3690  97.9494   21.9 22.6 76.8 963.2 241 14.3 0 0 0
c1 23.3357 34.3690  97.9479   21.8 22.6 78.3 962.5 252 10.2 0 0 0
c1 23.3367 34.3690  97.9462   21.9 22.6 78.5 962.2 250 10.0 0 0 0
c1 23.3377 34.3690  97.9446   21.7 22.5 78.7 962.1 256 8.5 0 0 0
c1 23.3387 34.3691  97.9429   21.9 22.4 79.5 961.7 238 10.6 0 1 0
c1 23.3397 34.3690  97.9409   21.6 22.4 79.5 961.4 245 14.4 0 0 0
c1 23.3407 34.3690  97.9388   21.5 22.1 79.5 961.1 227 16.1 0 0 0
c1 23.3417 34.3690  97.9368   21.4 22.3 79.5 960.8 218 15.9 0 0 0
c1 23.3427 34.3690  97.9347   21.7 22.3 80.1 960.8 218 15.9 0 0 0
c1 23.3503 34.3690  97.9327   21.6 22.2 79.7 960.5 220 16.5 0 0 0
c1 23.3513 34.3690  97.9307   21.6 22.3 80.0 960.7 213 12.4 0 0 0
c1 23.3523 34.3690  97.9288   21.6 22.2 80.6 960.9 209 13.6 0 0 0
c1 23.3533 34.3690  97.9269   21.4 22.3 80.8 960.7 218 14.1 0 0 0
c1 23.3543 34.3690  97.9250   21.5 21.7 80.2 960.6 221 20.4 0 0 0
c1 23.3553 34.3690  97.9231   21.4 22.2 79.5 960.8 223 16.9 0 0 0
c1 23.3563 34.3690  97.9212   21.4 21.9 76.7 961.0 231 15.8 1 0 0
c1 23.3573 34.3690  97.9193   21.4 21.9 79.9 961.1 228 17.3 0 0 0
c1 23.3583 34.3690  97.9175   21.5 22.0 78.5 961.2 231 15.3 1 0 0
c1 23.3593 34.3690  97.9155   21.4 22.0 81.5 961.5 226 14.7 0 0 0
c1 23.3670 34.3690  97.9136   21.4 22.0 81.0 961.2 234 20.4 0 0 0
c1 23.3680 34.3690  97.9117   21.4 21.8 81.3 961.1 240 17.8 0 0 0
c1 23.3690 34.3690  97.9098   21.4 22.0 83.0 960.9 230 21.6 0 0 0
c1 23.3700 34.3690  97.9079   21.6 22.1 85.3 960.6 224 12.7 0 0 0
c1 23.3710 34.3690  97.9062   21.7 21.5 86.8 960.9 215 9.3 0 1 0
c1 23.3720 34.3689  97.9048   21.9 21.9 86.9 961.2 256 15.6 0 0 0
c1 23.3730 34.3685  97.9034   21.9 21.9 86.9 961.4 253 14.1 0 1 0
c1 23.3740 34.3678  97.9020   22.0 22.1 87.4 961.7 248 8.9 0 1 0
c1 23.3750 34.3668  97.9009   22.1 21.8 88.2 961.9 250 2.4 0 1 0
c1 23.3760 34.3657  97.8998   22.1 22.0 88.6 962.5 243 10.8 0 0 0
c1 23.3837 34.3645  97.8986   22.3 21.8 88.7 962.5 260 8.6 0 0 0
c1 23.3847 34.3633  97.8974   22.4 21.9 89.0 963.0 244 10.5 0 0 0
c1 23.3867 34.3608  97.8949 -999.2 -999.3 -999.0 -999.0 -999 -999.0 0 0 0
c1 23.3877 34.3595  97.8936 -999.2 -999.3 -999.0 -999.0 -999 -999.0 0 0 0
c1 23.3887 34.3581  97.8923   22.7 21.9 88.5 963.6 240 5.8 0 0 0
c1 23.3897 34.3569  97.8911   22.9 22.1 88.4 963.0 240 12.2 0 0 0
c1 23.3907 34.3558  97.8899   22.9 21.9 88.1 962.4 245 14.3 0 0 0
c1 23.3917 34.3546  97.8886   22.9 22.2 87.7 962.4 250 15.1 0 0 0
c1 23.3927 34.3533  97.8874   22.9 21.9 87.5 962.4 260 12.5 0 0 0
c1 23.4003 34.3521  97.8862   23.0 22.3 85.9 962.2 256 13.7 0 0 0
c1 23.4013 34.3509  97.8850   23.1 22.4 85.8 962.2 258 13.0 0 0 0
c1 23.4023 34.3497  97.8837   23.1 22.4 86.8 962.3 249 12.6 0 0 0
c1 23.4033 34.3485  97.8825   23.0 22.0 86.5 962.3 239 11.1 0 0 0
c1 23.4043 34.3474  97.8814   23.2 22.0 85.1 962.4 233 11.0 0 0 0
c1 23.4053 34.3466  97.8802   23.2 22.4 86.2 962.3 225 8.6 0 1 0
c1 23.4063 34.3460  97.8786   23.2 22.3 85.7 962.3 209 11.4 0 1 0
c1 23.4073 34.3457  97.8769   23.3 22.4 85.6 962.1 205 10.3 0 1 0
c1 23.4083 34.3458  97.8751   23.4 22.2 85.4 962.0 202 9.9 0 1 0
c1 23.4093 34.3461  97.8732   23.3 22.6 85.3 962.2 209 11.4 0 0 0
c1 23.4170 34.3463  97.8712   23.4 22.2 84.9 962.3 207 9.9 0 0 0
c1 23.4180 34.3465  97.8691   23.5 22.7 84.7 962.7 191 10.3 0 0 0
c1 23.4190 34.3467  97.8671   23.4 22.4 84.5 962.6 193 9.8 0 0 0
c1 23.4200 34.3470  97.8650   23.4 22.9 84.7 962.2 199 8.0 0 0 0
c1 23.4210 34.3471  97.8635   23.5 22.9 84.5 962.2 135 12.5 0 1 0
c1 23.4220 34.3473  97.8624   23.4 22.6 84.3 962.4 194 9.4 0 0 0
c1 23.4230 34.3474  97.8611   23.4 23.0 82.2 962.5 200 8.7 1 0 0
c1 23.4240 34.3475  97.8596   23.4 22.7 81.1 962.5 214 8.5 1 0 0
c1 23.4250 34.3475  97.8580   23.2 23.1 84.0 962.6 214 8.0 0 0 0
c1 23.4260 34.3475  97.8562   23.3 22.6 83.9 963.1 205 7.6 0 0 0
c1 23.4337 34.3475  97.8543   23.3 22.7 83.6 963.1 196 6.4 0 0 0
c1 23.4347 34.3475  97.8525   23.4 22.5 83.7 963.2 184 8.2 0 0 0
c1 23.4357 34.3475  97.8507   23.4 22.6 83.5 962.7 192 8.2 0 0 0
c1 23.4367 34.3475  97.8490   23.3 22.8 83.5 962.5 163 8.3 0 1 0
c1 23.4377 34.3475  97.8477   23.2 22.7 83.4 962.4 182 8.6 0 0 0
c1 23.4387 34.3475  97.8462   23.2 22.9 83.2 962.4 200 8.0 0 0 0
c1 23.4397 34.3475  97.8446   23.2 22.9 83.1 962.6 214 7.6 0 0 0
c1 23.4407 34.3475  97.8428   23.3 23.2 82.9 962.6 193 7.2 0 0 0
c1 23.4417 34.3475  97.8409   23.2 23.0 82.8 962.2 191 10.4 0 0 0
c1 23.4427 34.3475  97.8390   23.2 23.1 82.7 961.9 187 9.2 0 0 0
c1 23.4503 34.3475  97.8371   23.2 23.0 82.6 962.0 191 3.9 0 0 0
c1 23.4515 34.3475  97.8348   23.3 22.4 82.6 962.1 199 3.6 0 0 0
c1 23.4525 34.3475  97.8328   23.2 23.1 82.2 961.6 185 9.6 0 0 0
c1 23.4535 34.3475  97.8308   23.4 23.0 82.2 961.2 167 8.4 0 0 0
c1 23.4545 34.3475  97.8290   23.2 23.0 82.2 960.9 163 10.9 0 0 0
c1 23.4555 34.3475  97.8271   23.5 22.9 82.1 960.5 161 11.6 0 0 0
c1 23.4565 34.3475  97.8253   23.3 23.3 80.7 960.1 158 11.1 0 0 0
c1 23.4575 34.3475  97.8235   23.3 23.0 78.4 959.9 169 14.8 1 0 0
c1 23.4585 34.3475  97.8216   23.4 23.0 79.1 959.4 153 12.2 1 0 0
c1 23.4595 34.3475  97.8199   23.5 22.9 81.6 959.4 147 11.6 0 0 0
c1 23.4672 34.3475  97.8182   23.4 22.9 81.8 959.5 167 12.0 0 0 0
c1 23.4682 34.3475  97.8163   23.4 23.1 81.5 960.0 165 12.7 0 0 0
c1 23.4692 34.3475  97.8144   23.3 23.1 81.4 960.4 145 11.8 0 0 0
c1 23.4702 34.3475  97.8126   23.5 23.1 81.4 960.6 136 8.0 0 0 0
c1 23.4712 34.3475  97.8108   23.5 23.3 81.4 960.7 164 12.7 0 0 0
c1 23.4722 34.3476  97.8090   23.5 23.2 81.3 960.8 149 10.4 0 0 0
c1 23.4732 34.3476  97.8072   23.5 22.9 81.0 960.8 146 10.7 0 0 0
c1 23.4742 34.3476  97.8054   23.6 23.0 81.2 960.9 152 11.2 0 0 0
c1 23.4752 34.3476  97.8037   23.5 23.5 81.3 960.7 147 12.6 0 0 0
c1 23.4762 34.3476  97.8020   23.5 23.2 81.4 960.7 146 13.3 0 0 0
c1 23.4838 34.3476  97.8005   23.4 22.9 81.7 961.0 143 13.8 0 0 0
c1 23.4848 34.3476  97.7992   23.5 23.2 81.6 960.9 127 15.4 0 1 0
c1 23.4858 34.3475  97.7988   23.4 23.2 81.8 961.2 141 19.0 0 1 0
c1 23.4868 34.3475  97.7988   23.5 23.0 81.8 961.4 146 13.9 0 0 0
c1 23.4878 34.3475  97.7988   23.4 23.2 81.9 961.5 151 9.9 0 0 0
c1 23.4888 34.3475  97.7988   23.3 23.3 82.1 961.5 144 9.2 0 0 0
c1 23.4898 34.3475  97.7988   23.4 23.3 82.0 961.6 142 10.6 0 0 0
c1 23.4908 34.3475  97.7989   23.2 23.4 82.1 961.6 142 12.4 0 0 0
c1 23.4918 34.3475  97.7989   23.2 23.1 81.7 961.6 152 13.4 0 0 0
c1 23.4928 34.3475  97.7989   23.2 23.3 81.6 961.6 137 11.2 0 0 0
c1 23.5005 34.3475  97.7989   23.3 23.1 81.8 961.7 150 9.7 0 0 0
c1 23.5015 34.3475  97.7989   23.3 23.3 82.1 961.8 157 8.6 0 0 0
c1 23.5025 34.3475  97.7989   23.2 23.3 82.1 961.9 158 10.0 0 0 0
c1 23.5035 34.3475  97.7990   23.2 23.5 82.0 961.9 154 10.3 0 0 0
c1 23.5045 34.3475  97.7990   23.2 22.9 82.2 962.0 142 9.9 0 0 0
c1 23.5055 34.3475  97.7990   23.2 23.1 82.3 962.0 153 8.2 0 0 0
c1 23.5065 34.3475  97.7990   23.2 23.5 82.2 962.1 147 12.2 0 0 0
c1 23.5075 34.3475  97.7990   23.2 23.1 82.0 962.1 153 11.0 0 0 0
c1 23.5085 34.3475  97.7990   23.2 23.3 82.0 962.2 154 13.3 0 0 0
c1 23.5095 34.3475  97.7990   23.2 23.3 81.8 962.2 157 11.2 0 0 0
c1 23.5172 34.3474  97.7990   23.2 23.2 82.0 962.3 169 10.5 0 0 0
c1 23.5182 34.3474  97.7990   23.2 23.2 82.2 962.5 167 7.2 0 0 0
c1 23.5192 34.3474  97.7990   23.2 23.2 82.3 962.5 160 8.3 0 0 0
c1 23.5202 34.3474  97.7990   23.2 23.3 82.1 962.6 167 9.4 0 0 0
c1 23.5212 34.3474  97.7990   23.2 23.0 82.0 962.6 172 12.2 0 0 0
c1 23.5222 34.3474  97.7989   23.3 23.0 81.9 962.8 168 8.8 0 0 0
c1 23.5232 34.3473  97.7989   23.2 23.1 82.0 962.8 175 7.9 0 0 0
c1 23.5242 34.3473  97.7989   23.2 22.8 82.2 962.9 170 7.1 0 0 0
c1 23.5252 34.3473  97.7989   23.2 23.1 82.1 963.0 166 8.9 0 0 0
c1 23.5262 34.3473  97.7988   23.3 22.9 82.1 963.1 155 7.5 0 0 0
c1 23.5338 34.3473  97.7988   23.2 23.1 82.0 963.2 164 7.9 0 0 0
c1 23.5348 34.3473  97.7988   23.3 23.1 82.3 963.4 168 6.2 0 0 0
c1 23.5358 34.3473  97.7987   23.2 23.1 82.1 963.4 181 8.6 0 0 0
c1 23.5368 34.3473  97.7987   23.3 23.1 82.3 963.5 174 6.3 0 0 0
c1 23.5378 34.3472  97.7987   23.2 22.9 82.3 963.6 195 6.2 0 0 0
c1 23.5388 34.3472  97.7987   23.2 23.2 82.4 963.7 187 4.8 0 0 0
c1 23.5398 34.3472  97.7986   23.2 23.3 82.4 963.8 183 5.6 0 0 0
c1 23.5408 34.3472  97.7986   23.3 23.0 82.2 963.8 200 7.7 0 0 0
c1 23.5418 34.3472  97.7986   23.2 23.2 81.9 963.8 210 6.2 0 0 0
c1 23.5428 34.3472  97.7986   23.2 23.1 81.9 964.0 191 5.6 0 0 0
c1 23.5505 34.3472  97.7985   23.3 23.0 82.2 964.0 224 3.3 0 0 0
c1 23.5515 34.3472  97.7985   23.2 23.3 82.3 964.1 222 4.0 0 0 0
c1 23.5525 34.3472  97.7985   23.4 23.3 82.4 964.2 228 3.9 0 0 0
c1 23.5535 34.3472  97.7985   23.2 23.1 82.4 964.2 236 4.8 0 0 0
c1 23.5545 34.3472  97.7984   23.2 23.2 82.4 964.4 235 4.4 0 0 0
c1 23.5555 34.3472  97.7984   23.3 23.0 82.7 964.4 246 5.1 0 0 0
c1 23.5565 34.3472  97.7984   23.2 22.7 82.7 964.4 245 5.4 0 0 0
c1 23.5575 34.3472  97.7984   23.2 23.2 82.6 964.4 240 6.6 0 0 0
c1 23.5585 34.3472  97.7984   23.2 23.3 82.6 964.4 243 7.6 0 0 0
c1 23.5595 34.3472  97.7984   23.2 23.2 82.6 964.6 244 6.8 0 0 0
c1 23.5672 34.3472  97.7984   23.3 23.2 82.6 964.6 242 5.5 0 0 0
c1 23.5682 34.3472  97.7984   23.2 23.3 82.6 964.7 244 5.3 0 0 0
c1 23.5692 34.3473  97.7984   23.4 23.0 82.8 964.7 245 6.0 0 0 0
c1 23.5702 34.3473  97.7984   23.3 23.1 82.8 964.7 259 5.5 0 0 0
c1 23.5712 34.3473  97.7984   23.4 23.2 82.9 964.7 258 7.3 0 0 0
c1 23.5722 34.3473  97.7984   23.3 23.0 82.9 964.7 263 9.0 0 0 0
c1 23.5732 34.3473  97.7985   23.4 23.1 82.8 964.8 267 8.6 0 0 0
c1 23.5742 34.3473  97.7985   23.4 23.1 82.8 964.8 273 7.7 0 0 0
c1 23.5752 34.3473  97.7985   23.4 23.4 83.0 964.8 275 7.2 0 0 0
c1 23.5762 34.3473  97.7985   23.4 23.1 83.0 964.8 276 7.4 0 0 0
c1 23.5838 34.3474  97.7985   23.4 23.0 82.9 964.9 267 7.5 0 0 0
c1 23.5848 34.3474  97.7985   23.4 23.5 82.9 964.8 271 6.9 0 0 0
c1 23.5858 34.3474  97.7985   23.3 23.3 82.7 964.8 280 5.8 0 0 0
c1 23.5868 34.3474  97.7985   23.3 23.1 82.7 964.8 276 7.0 0 0 0
c1 23.5878 34.3474  97.7985   23.4 23.5 82.8 964.8 276 8.1 0 0 0
c1 23.5888 34.3475  97.7978   23.3 23.4 81.5 964.9 288 13.5 0 1 0
c1 23.5898 34.3475  97.7967   23.3 23.1 79.6 964.9 272 15.3 0 1 0
c1 23.5908 34.3475  97.7952   23.3 23.3 80.7 964.8 273 9.7 0 1 0
c1 23.5918 34.3475  97.7935   23.2 23.2 81.4 964.8 272 9.1 0 0 0
c1 23.5928 34.3475  97.7916   23.4 23.3 81.1 964.8 276 9.5 0 0 0
c1 23.6005 34.3475  97.7898   23.4 23.2 82.0 964.9 264 6.1 0 0 0
c1 23.6015 34.3475  97.7879   23.4 23.6 82.3 965.3 267 7.9 0 0 0
c1 23.6025 34.3475  97.7859   23.5 23.5 82.3 965.9 263 4.9 0 0 0
c1 23.6035 34.3475  97.7839   23.5 22.9 82.0 966.3 267 6.8 0 0 0
c1 23.6045 34.3475  97.7820   23.6 23.2 81.8 966.2 260 4.9 0 0 0
c1 23.6055 34.3475  97.7801   23.6 23.5 81.5 966.2 251 5.2 0 0 0
c1 23.6065 34.3476  97.7781   23.7 22.9 81.4 966.1 274 6.1 0 0 0
c1 23.6075 34.3476  97.7762   23.8 23.3 81.5 966.1 236 4.0 0 0 0
c1 23.6085 34.3476  97.7743   23.8 23.4 81.3 965.3 300 3.8 0 0 0
c1 23.6095 34.3476  97.7724   23.8 23.3 81.1 964.7 235 6.2 0 0 0
c1 23.6172 34.3476  97.7704   23.8 23.4 81.0 964.8 242 5.8 0 0 0
c1 23.6183 34.3476  97.7681   23.8 23.2 81.0 965.0 254 3.6 0 0 0
c1 23.6192 34.3476  97.7664   23.8 23.3 81.2 964.8 231 3.4 0 0 0
c1 23.6202 34.3476  97.7643   23.8 23.2 81.0 964.4 221 4.5 0 0 0
c1 23.6212 34.3476  97.7622   23.8 23.4 80.9 963.8 205 5.1 0 0 0
c1 23.6222 34.3476  97.7601   23.8 23.6 80.7 963.2 188 7.1 0 0 0
c1 23.6232 34.3475  97.7581   23.9 23.5 80.3 962.6 185 7.5 0 0 0
c1 23.6242 34.3475  97.7561   23.9 23.4 80.0 962.2 182 9.8 0 0 0
c1 23.6252 34.3475  97.7541   23.8 23.4 80.1 962.0 189 8.5 0 0 0
c1 23.6262 34.3475  97.7521   23.8 23.3 80.3 962.2 184 9.4 0 0 0
c1 23.6338 34.3475  97.7502   23.8 23.5 80.1 962.6 181 6.9 0 0 0
c1 23.6348 34.3475  97.7482   23.8 23.4 80.0 962.6 180 7.6 0 0 0
c1 23.6358 34.3474  97.7463   23.8 23.4 77.7 962.7 172 8.5 0 0 0
c1 23.6368 34.3474  97.7445   23.8 23.3 75.9 962.7 179 10.6 1 0 0
c1 23.6378 34.3474  97.7426   23.6 23.4 80.2 962.6 182 9.3 0 0 0
c1 23.6388 34.3474  97.7407   23.6 23.4 80.4 963.0 185 9.2 0 0 0
c1 23.6398 34.3474  97.7387   23.7 23.5 80.6 963.1 173 8.1 0 0 0
c1 23.6408 34.3474  97.7368   23.7 23.3 80.3 963.0 175 9.6 0 0 0
c1 23.6418 34.3473  97.7348   23.6 23.7 80.2 963.3 175 4.7 0 0 0
c1 23.6428 34.3473  97.7328   23.6 23.6 80.1 963.3 175 6.9 0 0 0
c1 23.6505 34.3473  97.7309   23.6 23.7 79.8 963.2 183 5.7 0 0 0
c1 23.6515 34.3473  97.7288   23.8 23.4 79.7 963.6 175 5.3 0 0 0
c1 23.6525 34.3473  97.7267   23.7 23.3 79.9 964.2 179 6.7 0 0 0
c1 23.6535 34.3473  97.7246   23.6 23.6 79.9 964.4 191 6.6 0 0 0
c1 23.6545 34.3473  97.7226   23.7 23.5 79.8 964.1 160 5.8 0 0 0
c1 23.6555 34.3473  97.7206   23.8 23.4 79.3 963.4 164 6.8 0 0 0
c1 23.6565 34.3473  97.7185   23.8 23.5 79.6 963.2 176 3.6 0 0 0
c1 23.6575 34.3473  97.7166   23.8 23.8 79.7 962.9 161 7.6 0 0 0
c1 23.6585 34.3473  97.7146   23.8 23.6 79.4 962.3 172 8.3 0 0 0
c1 23.6595 34.3473  97.7125   23.8 23.7 79.5 962.5 178 9.0 0 0 0
c1 23.6672 34.3473  97.7105   23.7 23.7 79.3 962.9 168 6.4 0 0 0
c1 23.6682 34.3473  97.7084   23.8 23.4 79.2 963.4 161 2.7 0 0 0
c1 23.6692 34.3473  97.7063   23.7 23.4 79.4 963.7 170 1.9 0 0 0
c1 23.6702 34.3473  97.7043   23.9 23.6 79.2 963.9 162 2.8 0 0 0
c1 23.6712 34.3471  97.7024   23.9 23.4 79.4 963.8 151 8.4 0 1 0
c1 23.6722 34.3465  97.7010   23.8 23.5 79.3 963.1 172 8.8 0 1 0
c1 23.6732 34.3454  97.7000   23.8 23.3 79.2 962.9 176 6.2 0 1 0
c1 23.6742 34.3439  97.6997   23.6 23.4 79.1 963.0 166 5.6 0 1 0
c1 23.6752 34.3424  97.6995   23.8 23.3 79.1 963.0 156 6.5 0 0 0
c1 23.6762 34.3409  97.6993   23.8 23.7 79.0 963.1 164 8.0 0 0 0
c1 23.6838 34.3394  97.6992   23.9 23.4 78.9 963.0 157 8.3 0 0 0
c1 23.6848 34.3379  97.6990   24.0 23.4 78.7 962.9 160 9.0 0 0 0
c1 23.6858 34.3366  97.6984   24.0 23.6 78.6 962.9 152 6.9 0 1 0
c1 23.6868 34.3353  97.6974   23.9 23.6 78.5 962.9 141 5.8 0 1 0
c1 23.6878 34.3342  97.6963   24.0 23.9 78.6 964.1 133 8.3 0 0 0
c1 23.6888 34.3330  97.6951   24.0 23.5 78.5 964.5 140 8.3 0 0 0
c1 23.6898 34.3319  97.6940   24.0 24.0 78.4 964.3 160 7.2 0 0 0
c1 23.6908 34.3309  97.6928   24.0 23.6 78.8 964.7 165 7.5 0 1 0
c1 23.6918 34.3303  97.6913   24.0 23.7 78.8 964.9 160 6.9 0 1 0
c1 23.6928 34.3299  97.6896   24.0 23.8 78.8 964.7 180 5.1 0 0 0
c1 23.7005 34.3296  97.6878   24.0 23.8 79.0 964.7 158 3.7 0 0 0
c1 23.7015 34.3292  97.6862   24.0 23.8 78.8 964.4 156 7.9 0 0 0
c1 23.7035 34.3292  97.6836 -999.2 -999.3 -999.0 -999.0 -999 -999.0 0 1 0
c1 23.7045 34.3292  97.6822   24.0 24.0 76.1 963.0 186 3.7 0 0 0
c1 23.7055 34.3292  97.6806   23.9 23.6 76.2 963.0 201 4.3 1 0 0
c1 23.7065 34.3292  97.6790   23.9 23.8 78.3 963.0 176 3.4 0 0 0
c1 23.7075 34.3292  97.6773   23.8 23.5 78.2 962.9 139 3.4 0 0 0
c1 23.7085 34.3287  97.6757   23.8 23.6 78.2 963.0 177 5.9 0 1 0
c1 23.7095 34.3277  97.6745   23.8 23.7 78.4 963.0 168 6.1 0 1 0
c1 23.7172 34.3265  97.6733   23.9 23.8 78.1 962.9 163 7.8 0 0 0
c1 23.7182 34.3253  97.6721   23.9 23.9 78.1 962.6 150 8.5 0 0 0
c1 23.7192 34.3241  97.6708   23.8 23.8 78.0 962.4 151 8.3 0 0 0
c1 23.7202 34.3229  97.6696   23.8 23.4 77.9 962.1 152 10.4 0 0 0
c1 23.7212 34.3217  97.6684   23.8 23.7 77.9 962.2 157 8.6 0 0 0
c1 23.7222 34.3205  97.6672   23.8 23.3 77.9 962.3 157 8.6 0 0 0
c1 23.7232 34.3194  97.6660   24.0 23.5 77.9 962.8 162 9.8 0 0 0
c1 23.7242 34.3185  97.6647   23.9 23.6 77.9 963.1 160 7.8 0 1 0
c1 23.7252 34.3180  97.6630   23.9 23.6 77.9 963.3 142 6.8 0 1 0
c1 23.7262 34.3180  97.6612   23.9 23.8 78.0 963.4 163 4.2 0 1 0
c1 23.7338 34.3180  97.6594   23.8 23.7 78.1 963.9 157 2.2 0 0 0
c1 23.7348 34.3180  97.6576   23.8 23.6 78.2 964.0 184 5.4 0 0 0
c1 23.7358 34.3180  97.6556   23.8 23.5 78.2 963.5 195 7.7 0 0 0
c1 23.7368 34.3179  97.6536   23.8 23.7 77.8 963.1 174 11.2 0 0 0
c1 23.7378 34.3179  97.6516   23.9 23.9 77.6 962.8 174 10.2 0 0 0
c1 23.7388 34.3179  97.6495   23.8 23.7 77.6 962.4 161 9.4 0 0 0
c1 23.7398 34.3179  97.6475   23.8 23.9 77.6 962.4 156 6.8 0 0 0
c1 23.7408 34.3179  97.6455   23.9 23.9 77.5 962.4 138 6.2 0 0 0
c1 23.7418 34.3179  97.6436   23.9 23.7 77.5 961.9 153 9.1 0 0 0
c1 23.7428 34.3179  97.6417   23.8 23.5 77.3 961.8 153 11.7 0 0 0
c1 23.7505 34.3176  97.6398   23.8 23.7 77.3 961.3 169 12.2 0 1 0
c1 23.7515 34.3169  97.6381   23.9 23.9 77.1 961.2 172 10.4 0 1 0
c1 23.7525 34.3158  97.6366   24.0 23.8 77.5 961.4 148 6.9 0 0 0
c1 23.7535 34.3148  97.6351   23.8 23.7 77.7 961.8 163 7.7 0 0 0
c1 23.7545 34.3138  97.6337   23.9 23.5 77.9 961.8 159 9.1 0 0 0
c1 23.7555 34.3129  97.6324   23.8 23.5 77.8 962.0 161 12.1 0 0 0
c1 23.7565 34.3120  97.6310   23.8 23.8 77.6 962.0 164 9.3 0 0 0
c1 23.7575 34.3112  97.6296   23.9 23.7 78.0 961.9 159 9.8 0 1 0
c1 23.7585 34.3108  97.6279   23.8 23.8 78.3 962.1 152 9.1 0 1 0
c1 23.7595 34.3107  97.6262   23.8 24.0 78.4 962.4 151 7.4 0 1 0
c1 23.7672 34.3107  97.6244   23.8 23.7 78.6 962.5 163 8.1 0 0 0
c1 23.7682 34.3107  97.6226   23.8 23.8 78.3 962.7 131 7.0 0 0 0
c1 23.7692 34.3107  97.6209   23.8 23.9 79.0 963.5 176 1.8 0 0 0
c1 23.7702 34.3107  97.6191   23.8 23.9 77.1 963.9 178 4.1 0 0 0
c1 23.7712 34.3107  97.6173   23.8 23.8 77.3 964.0 165 5.3 0 0 0
c1 23.7722 34.3107  97.6155   23.9 23.7 78.9 964.0 162 6.3 0 0 0
c1 23.7732 34.3108  97.6137   23.8 23.5 79.2 964.1 164 3.9 0 0 0
c1 23.7742 34.3108  97.6117   23.8 24.0 79.1 964.1 209 1.9 0 0 0
c1 23.7752 34.3108  97.6096   23.8 24.2 78.8 964.1 190 3.7 0 0 0
c1 23.7762 34.3108  97.6075   23.8 23.5 78.4 964.2 119 2.7 0 0 0
c1 23.7838 34.3108  97.6054   23.8 23.7 78.1 964.0 160 3.6 0 0 0
c1 23.7848 34.3108  97.6034   23.9 23.3 78.1 963.7 132 3.7 0 0 0
c1 23.7860 34.3108  97.6010   23.9 23.8 78.0 963.6 155 4.3 0 0 0
c1 23.7868 34.3108  97.5994   23.8 23.8 77.9 963.5 153 8.8 0 0 0
c1 23.7878 34.3108  97.5976   23.8 23.6 77.8 962.7 151 8.5 0 0 0
c1 23.7888 34.3108  97.5958   23.8 23.4 77.6 962.4 165 5.8 0 0 0
c1 23.7898 34.3108  97.5939   23.7 23.6 77.8 962.3 174 7.1 0 0 0
c1 23.7908 34.3108  97.5920   23.6 23.6 77.5 962.1 156 4.6 0 0 0
c1 23.7918 34.3108  97.5901   23.6 23.5 77.5 962.1 156 1.8 0 0 0
c1 23.7928 34.3108  97.5881   23.6 23.7 77.8 962.3 162 3.7 0 0 0
c1 23.8005 34.3108  97.5861   23.6 23.5 77.9 962.6 172 7.6 0 0 0
c1 23.8015 34.3108  97.5841   23.6 23.6 77.7 963.4 153 3.4 0 0 0
c1 23.8025 34.3108  97.5821   23.6 23.5 77.9 963.6 161 3.3 0 0 0
c1 23.8035 34.3108  97.5802   23.6 24.0 78.0 963.4 164 4.0 0 0 0
c1 23.8045 34.3108  97.5783   23.6 23.4 77.9 962.4 164 2.7 0 0 0
c1 23.8055 34.3108  97.5764   23.6 23.5 77.5 961.8 172 5.9 0 0 0
c1 23.8065 34.3108  97.5745   23.6 24.0 74.9 961.3 168 5.3 1 0 0
c1 23.8075 34.3108  97.5726   23.5 23.9 73.4 960.5 171 8.5 1 0 0
c1 23.8085 34.3108  97.5706   23.6 23.5 76.1 960.4 162 8.1 0 0 0
c1 23.8095 34.3108  97.5686   23.6 23.6 77.3 960.6 150 7.7 0 0 0
c1 23.8172 34.3108  97.5666   23.6 23.7 77.6 961.6 169 5.5 0 0 0
c1 23.8182 34.3108  97.5644   23.6 23.3 78.0 962.5 166 2.1 0 0 0
c1 23.8192 34.3108  97.5623   23.6 23.5 78.3 962.7 163 3.8 0 0 0
c1 23.8202 34.3108  97.5603   23.5 23.7 78.2 962.4 167 4.4 0 0 0
c1 23.8212 34.3108  97.5583   23.6 23.9 78.1 961.9 146 3.3 0 0 0
c1 23.8222 34.3108  97.5563   23.6 23.6 78.1 961.1 164 4.1 0 0 0
c1 23.8232 34.3108  97.5543   23.6 23.6 78.1 960.4 128 2.3 0 0 0
c1 23.8242 34.3108  97.5523   23.5 23.2 78.5 959.9 165 2.9 0 0 0
c1 23.8252 34.3109  97.5503   23.4 23.4 78.5 959.9 159 5.9 0 0 0
c1 23.8262 34.3107  97.5486   23.4 23.5 78.5 959.9 133 3.0 0 1 0
c1 23.8338 34.3100  97.5469   23.4 23.8 79.0 960.0 175 2.0 0 1 0
c1 23.8348 34.3088  97.5458   23.4 23.5 78.7 959.5 158 6.9 0 1 0
c1 23.8358 34.3075  97.5452   23.3 23.7 78.8 959.1 161 4.4 0 1 0
c1 23.8368 34.3061  97.5446   23.4 23.6 78.9 959.3 146 5.5 0 0 0
c1 23.8378 34.3048  97.5436   23.2 23.5 78.8 959.6 137 4.6 0 1 0
c1 23.8388 34.3040  97.5420   23.3 23.2 79.1 960.2 143 4.0 0 1 0
c1 23.8398 34.3037  97.5402   23.2 23.6 79.1 960.2 136 3.7 0 1 0
c1 23.8408 34.3037  97.5382   23.3 23.4 79.1 960.2 182 4.2 0 0 0
c1 23.8418 34.3037  97.5362   23.3 23.3 79.4 960.6 162 5.8 0 0 0
c1 23.8428 34.3037  97.5342   23.2 23.1 79.4 960.6 169 6.4 0 0 0
c1 23.8505 34.3037  97.5322   23.2 23.5 79.3 960.1 155 7.7 0 0 0
c1 23.8515 34.3037  97.5302   23.2 23.3 78.9 959.8 151 8.7 0 0 0
c1 23.8525 34.3037  97.5281   23.4 23.4 78.9 959.6 150 5.5 0 0 0
c1 23.8535 34.3036  97.5260   23.2 23.3 79.2 960.0 165 4.0 0 0 0
c1 23.8545 34.3036  97.5239   23.6 23.2 79.5 960.1 165 2.8 0 0 0
c1 23.8555 34.3036  97.5218   22.8 23.5 79.3 960.1 110 2.7 0 0 0
c1 23.8565 34.3036  97.5197   23.2 23.3 79.4 961.0 169 3.1 0 0 0
c1 23.8575 34.3036  97.5176   23.2 23.1 79.8 961.8 175 3.4 0 0 0
c1 23.8585 34.3035  97.5155   23.1 23.1 79.8 961.3 131 3.1 0 0 0
c1 23.8595 34.3035  97.5135   23.1 23.4 79.6 961.5 151 2.4 0 0 0
c1 23.8672 34.3035  97.5115   23.2 23.3 79.6 962.3 143 4.7 0 0 0
c1 23.8682 34.3035  97.5096   23.2 23.1 79.8 963.1 164 3.6 0 0 0
c1 23.8692 34.3035  97.5078   23.3 23.3 79.9 963.7 159 3.9 0 0 0
c1 23.8702 34.3034  97.5059   23.2 23.7 79.8 963.8 161 5.0 0 0 0
c1 23.8712 34.3034  97.5040   23.2 23.4 79.9 963.8 164 3.8 0 0 0
c1 23.8722 34.3034  97.5022   23.2 23.0 80.1 963.0 137 2.3 0 0 0
c1 23.8732 34.3034  97.5004   23.2 22.9 80.0 962.5 192 2.6 0 0 0
c1 23.8742 34.3034  97.4985   23.2 22.8 79.8 962.5 181 6.7 0 0 0
c1 23.8752 34.3034  97.4966   23.2 23.3 79.9 963.3 124 3.8 0 0 0
c1 23.8762 34.3032  97.4950   23.1 23.4 79.8 963.3 142 5.2 0 1 0
c1 23.8838 34.3026  97.4935   23.2 23.4 79.9 963.0 159 3.0 0 1 0
c1 23.8848 34.3019  97.4927   23.1 23.0 79.9 962.4 154 13.9 0 1 0
c1 23.8858 34.3017  97.4923   23.2 23.4 79.7 962.3  93 13.3 0 1 0
c1 23.8868 34.3021  97.4921   23.2 23.5 79.6 962.2 133 10.5 0 1 0
c1 23.8878 34.3030  97.4921   23.1 23.0 79.7 962.3 179 12.8 0 1 0
c1 23.8888 34.3043  97.4921   23.0 23.2 80.0 962.3 167 9.0 0 1 0
c1 23.8898 34.3059  97.4921   23.0 23.3 80.2 962.2 174 5.8 0 0 0
c1 23.8908 34.3075  97.4921   23.0 23.0 79.9 962.0 152 5.9 0 0 0
c1 23.8918 34.3092  97.4921   23.1 23.2 79.9 961.6 155 6.4 0 0 0
c1 23.8928 34.3111  97.4920   23.1 23.3 79.6 961.4 178 9.6 0 0 0
c1 23.9005 34.3130  97.4920   23.1 23.2 79.5 961.4 172 7.2 0 0 0
c1 23.9015 34.3148  97.4920   23.0 23.1 80.0 961.4 153 5.0 0 0 0
c1 23.9025 34.3166  97.4920   23.1 23.3 79.8 961.4 157 3.3 0 0 0
c1 23.9035 34.3184  97.4920   23.2 22.9 79.7 960.9 148 6.1 0 0 0
c1 23.9045 34.3202  97.4920   23.1 23.1 79.6 960.7 161 5.4 0 0 0
c1 23.9055 34.3221  97.4920   23.2 23.2 79.7 960.5 170 5.7 0 0 0
c1 23.9065 34.3240  97.4920   23.0 22.9 79.6 960.6 167 6.1 0 0 0
c1 23.9075 34.3258  97.4920   23.1 23.0 79.7 961.0 154 4.9 0 0 0
c1 23.9085 34.3276  97.4920   23.1 23.1 80.0 961.4 169 3.7 0 0 0
c1 23.9095 34.3295  97.4920   23.0 23.0 79.9 961.6 142 7.5 0 0 0
c1 23.9172 34.3314  97.4920   23.1 23.3 79.7 961.8 157 8.5 0 0 0
c1 23.9182 34.3332  97.4920   23.1 23.3 79.7 962.0 155 7.8 0 0 0
c1 23.9192 34.3351  97.4920   23.1 22.8 79.8 962.6 173 7.3 0 0 0
c1 23.9202 34.3370  97.4921   23.3 22.9 80.2 963.0 173 5.6 0 0 0
c1 23.9212 34.3389  97.4921   23.1 23.1 80.2 963.4 175 5.3 0 0 0
c1 23.9222 34.3408  97.4921   23.2 23.1 80.2 963.2 175 5.3 0 0 0
c1 23.9232 34.3426  97.4921   23.2 23.3 79.0 963.0 149 3.3 1 0 0
c1 23.9242 34.3444  97.4921   23.2 23.2 80.6 963.3 169 2.5 0 0 0
c1 23.9252 34.3460  97.4921   23.2 22.9 78.6 962.7 101 4.5 0 1 0
c1 23.9262 34.3469  97.4922   23.2 22.9 80.0 962.4  31 1.7 0 1 0
c1 23.9338 34.3473  97.4918   23.1 23.2 80.2 962.4 226 7.2 0 1 0
c1 23.9348 34.3473  97.4908   23.1 23.1 80.6 962.5 239 6.6 0 1 0
c1 23.9358 34.3473  97.4893   23.1 23.1 80.7 962.6 203 6.8 0 1 0
c1 23.9368 34.3473  97.4876   23.0 23.1 80.2 962.7 180 6.7 0 0 0
c1 23.9378 34.3473  97.4857   23.0 22.8 80.1 963.0 178 5.1 0 0 0
c1 23.9388 34.3473  97.4837   23.1 23.0 80.5 963.5 136 1.2 0 0 0
c1 23.9398 34.3473  97.4818   23.1 23.1 80.7 964.1 140 3.7 0 0 0
c1 23.9408 34.3473  97.4800   23.2 23.2 80.6 964.0 146 5.4 0 0 0
c1 23.9418 34.3473  97.4783   23.1 23.1 80.6 963.1 126 3.3 0 0 0
c1 23.9428 34.3473  97.4767   23.1 22.9 80.7 962.5 178 1.1 0 0 0
c1 23.9505 34.3474  97.4750   23.1 23.1 80.6 962.1 165 1.3 0 0 0
c1 23.9515 34.3473  97.4734   23.1 22.8 80.6 962.1 164 2.6 0 0 0
c1 23.9527 34.3473  97.4714   23.0 23.3 80.5 962.3 174 1.4 0 0 0
c1 23.9535 34.3473  97.4699   23.0 23.1 80.5 962.6 161 1.6 0 0 0
c1 23.9545 34.3474  97.4682   23.0 23.2 80.4 962.6 158 3.1 0 0 0
c1 23.9555 34.3474  97.4666   23.0 22.8 80.5 962.0 160 6.3 0 0 0
c1 23.9565 34.3474  97.4650   23.0 22.7 80.3 961.6 150 7.7 0 0 0
c1 23.9575 34.3474  97.4633   22.9 22.9 80.2 961.6 170 6.0 0 0 0
c1 23.9585 34.3474  97.4616   23.0 22.9 80.2 961.7 135 3.9 0 0 0
c1 23.9595 34.3474  97.4597   22.9 22.8 80.2 962.2 159 3.8 0 0 0
c1 23.9672 34.3474  97.4579   23.0 23.0 80.2 963.3 158 5.4 0 0 0
c1 23.9682 34.3474  97.4562   22.9 23.1 80.5 964.2 126 4.7 0 1 0
c1 23.9692 34.3474  97.4546   23.1 23.1 80.7 964.5 167 3.0 0 0 0
c1 23.9702 34.3474  97.4530   23.1 23.1 80.6 964.9 232 1.7 0 0 0
c1 23.9712 34.3474  97.4513   23.1 22.9 80.7 964.9 191 3.1 0 0 0
c1 23.9722 34.3474  97.4497   23.0 23.0 80.5 964.3 128 3.6 0 0 0
c1 23.9732 34.3474  97.4482   23.1 23.1 80.3 963.6 127 2.8 0 0 0
c1 23.9742 34.3474  97.4466   23.1 23.0 80.3 963.5 186 5.3 0 0 0
c1 23.9752 34.3474  97.4449   23.1 22.8 80.2 963.6 197 3.7 0 0 0
c1 23.9762 34.3474  97.4432   23.2 23.1 80.2 963.6 174 1.6 0 0 0
c1 23.9838 34.3474  97.4415   23.1 22.8 80.7 963.8 229 1.5 0 0 0
c1 23.9848 34.3474  97.4399   23.1 22.9 80.7 963.9 164 5.1 0 0 0
c1 23.9858 34.3474  97.4384   23.1 23.0 80.3 963.9 148 6.3 0 0 0
c1 23.9868 34.3471  97.4370   23.1 22.8 80.1 963.9 186 8.5 0 1 0
c1 23.9878 34.3463  97.4359   23.1 23.2 80.1 964.0 176 5.4 0 1 0
c1 23.9888 34.3453  97.4353   23.1 22.9 80.1 964.0 178 3.8 0 1 0
c1 23.9898 34.3440  97.4352   23.1 23.0 80.0 964.1 181 3.0 0 1 0
c1 23.9908 34.3427  97.4352   23.2 23.0 80.2 964.4 164 3.0 0 0 0
c1 23.9918 34.3415  97.4352   23.2 22.8 80.4 964.7 158 2.8 0 0 0
c1 23.9928 34.3402  97.4352   23.4 23.2 80.3 964.9 150 2.6 0 0 0
c1  0.0005 34.3389  97.4352   23.2 22.9 80.2 965.3 179 2.6 0 0 0
c1  0.0015 34.3376  97.4353   23.2 23.2 80.4 965.3 205 1.6 0 0 0
c1  0.0025 34.3364  97.4353   23.2 23.2 80.5 965.1 178 3.5 0 0 0
c1  0.0035 34.3352  97.4352   23.2 23.3 80.1 964.6 137 3.3 0 1 0
c1  0.0045 34.3341  97.4345   23.2 23.0 80.2 964.5 200 0.9 0 1 0
c1  0.0055 34.3332  97.4333   23.2 22.8 80.2 964.5 173 2.8 0 1 0
c1  0.0065 34.3328  97.4318   23.2 23.0 80.0 964.8 117 2.7 0 1 0
c1  0.0075 34.3328  97.4301   23.2 23.0 80.2 965.4 209 2.0 0 0 0
c1  0.0085 34.3328  97.4283   23.2 22.9 80.2 965.6 176 3.2 0 0 0
c1  0.0095 34.3328  97.4268   23.2 23.1 79.9 965.4 154 8.7 0 0 0
c1  0.0172 34.3328  97.4253   23.2 22.9 80.2 965.3 176 4.2 0 0 0
c1  0.0182 34.3328  97.4237   23.2 23.4 80.2 965.1 187 4.9 0 0 0
c1  0.0192 34.3328  97.4220   23.2 23.2 80.1 964.7 152 5.2 0 0 0
c1  0.0202 34.3328  97.4204   23.2 23.1 79.8 964.0 149 6.1 0 0 0
c1  0.0212 34.3328  97.4188   23.2 23.3 79.9 963.9 169 9.0 0 0 0
c1  0.0222 34.3328  97.4172   23.2 23.4 80.0 964.4 172 6.2 0 0 0
c1  0.0232 34.3328  97.4155   23.2 23.1 80.2 964.9 184 5.5 0 0 0
c1  0.0242 34.3328  97.4138   23.1 22.8 80.2 965.6 160 7.6 0 0 0
c1  0.0252 34.3328  97.4122   23.3 23.1 80.0 966.1 159 7.3 0 0 0
c1  0.0262 34.3328  97.4105   23.2 23.3 80.3 966.4 162 7.1 0 0 0
c1  0.0338 34.3328  97.4087   23.3 23.0 80.3 966.6 166 8.7 0 0 0
c1  0.0348 34.3328  97.4070   23.3 23.2 80.2 966.6 150 10.3 0 0 0
c1  0.0358 34.3328  97.4053   23.4 23.2 80.1 966.5 151 12.2 0 0 0
c1  0.0368 34.3328  97.4037   23.5 23.0 79.8 966.4 169 11.1 0 0 0
c1  0.0378 34.3328  97.4020   23.4 23.1 80.1 966.4 169 10.3 0 0 0
c1  0.0388 34.3328  97.4003   23.3 23.3 80.2 966.3 169 11.5 0 0 0
c1  0.0398 34.3328  97.3986   23.4 23.1 80.0 966.3 163 9.7 0 0 0
c1  0.0408 34.3328  97.3970   23.5 22.9 80.0 966.4 155 8.9 0 0 0
c1  0.0418 34.3328  97.3953   23.4 23.2 80.1 966.4 167 9.3 0 0 0
c1  0.0428 34.3328  97.3936   23.4 22.7 80.1 966.5 153 6.7 0 0 0
c1  0.0505 34.3328  97.3918   23.2 23.3 80.2 966.4 163 3.4 0 0 0
c1  0.0515 34.3328  97.3902   23.4 23.4 80.2 966.3 146 6.0 0 0 0
c1  0.0525 34.3328  97.3885   23.4 23.0 80.0 965.8 157 5.6 0 0 0
c1  0.0535 34.3328  97.3869   23.4 23.4 80.2 965.5 153 8.5 0 0 0
c1  0.0545 34.3328  97.3853   23.3 23.0 79.9 965.2 156 8.9 0 0 0
c1  0.0555 34.3328  97.3837   23.2 23.0 80.0 965.0 158 7.1 0 0 0
c1  0.0565 34.3328  97.3820   23.4 23.0 79.8 965.0 152 7.8 0 0 0
c1  0.0575 34.3327  97.3803   23.4 22.9 79.9 965.3 140 6.3 0 0 0
c1  0.0585 34.3327  97.3787   23.4 23.2 79.7 965.5 147 5.6 0 0 0
c1  0.0595 34.3327  97.3769   23.3 23.3 79.7 966.1 168 6.5 0 0 0
c1  0.0672 34.3327  97.3752   22.6 23.3 79.9 966.5 145 6.7 0 0 0
c1  0.0682 34.3327  97.3736   23.2 23.1 79.9 966.4 120 2.4 0 0 0
c1  0.0692 34.3327  97.3720   23.3 23.2 79.9 965.9 128 4.9 0 0 0
c1  0.0702 34.3327  97.3704   23.2 23.0 79.8 965.7 168 8.2 0 0 0
c1  0.0712 34.3327  97.3687   23.2 23.3 79.8 965.8 178 4.2 0 0 0
c1  0.0722 34.3327  97.3670   23.3 23.4 79.8 966.5 164 7.7 0 0 0
c1  0.0732 34.3327  97.3653   23.3 23.1 79.6 966.9 154 3.9 0 0 0
c1  0.0742 34.3326  97.3637   23.3 23.2 79.8 966.9 161 3.8 0 0 0
c1  0.0752 34.3326  97.3622   23.2 23.2 79.6 966.8 146 6.8 0 0 0
c1  0.0762 34.3326  97.3607   23.4 23.1 79.7 966.8 171 2.5 0 0 0
c1  0.0838 34.3326  97.3590   23.2 23.4 80.0 966.5 164 6.0 0 0 0
c1  0.0848 34.3326  97.3574   23.2 22.9 79.7 966.4 164 6.0 0 0 0
c1  0.0858 34.3325  97.3558   23.5 23.2 79.5 966.2 159 6.9 0 0 0
c1  0.0868 34.3325  97.3542   23.3 23.1 79.6 966.1 148 7.8 0 0 0
c1  0.0878 34.3325  97.3526   23.5 23.0 79.6 966.1 149 5.4 0 0 0
c1  0.0888 34.3325  97.3510   23.5 22.9 79.6 966.3 167 4.0 0 0 0
c1  0.0898 34.3325  97.3492   23.3 23.1 79.5 966.7 148 2.4 0 0 0
c1  0.0908 34.3325  97.3476   23.5 23.3 79.5 966.3 163 7.6 0 0 0
c1  0.0918 34.3325  97.3459   23.3 23.1 79.2 966.0 136 5.5 0 0 0
c1  0.0928 34.3325  97.3443   23.4 23.2 79.4 966.2 145 3.9 0 0 0
c1  0.1005 34.3325  97.3426   23.4 23.5 79.5 966.7 153 5.1 0 0 0
c1  0.1015 34.3325  97.3409   23.5 23.1 79.4 967.0 142 4.2 0 0 0
c1  0.1025 34.3325  97.3392   23.4 22.9 79.7 966.9 148 4.4 0 0 0
c1  0.1035 34.3325  97.3376   23.3 23.4 79.5 966.4 156 6.0 0 0 0
c1  0.1045 34.3325  97.3360   23.4 23.4 79.4 966.5 142 2.0 0 0 0
c1  0.1055 34.3325  97.3344   23.3 23.4 79.5 966.5 155 7.2 0 0 0
c1  0.1065 34.3325  97.3328   23.2 23.2 79.5 966.4 164 7.2 0 0 0
c1  0.1075 34.3325  97.3311   23.4 23.1 79.4 966.0 152 8.0 0 0 0
c1  0.1085 34.3325  97.3295   23.4 23.2 79.2 965.9 158 8.1 0 0 0
c1  0.1095 34.3325  97.3279   23.4 23.2 79.5 965.9 163 4.6 0 0 0
c1  0.1172 34.3325  97.3263   23.3 23.3 79.6 965.6 155 6.8 0 0 0
c1  0.1182 34.3326  97.3247   23.5 23.3 79.6 965.3 156 6.9 0 0 0
c1  0.1193 34.3326  97.3228   23.4 23.1 79.5 965.2 164 8.2 0 0 0
c1  0.1202 34.3326  97.3214   23.3 23.3 79.4 965.6 153 5.1 0 0 0
c1  0.1212 34.3327  97.3197   23.3 23.1 79.5 966.1 156 3.5 0 0 0
c1  0.1222 34.3327  97.3180   23.3 22.9 79.4 966.1 145 4.7 0 0 0
c1  0.1232 34.3327  97.3163   23.4 23.3 79.3 966.0 154 5.5 0 0 0
c1  0.1242 34.3327  97.3147   23.5 23.1 79.1 965.6 154 7.8 0 0 0
c1  0.1252 34.3328  97.3131   23.2 22.9 79.2 965.1 158 7.3 0 0 0
c1  0.1262 34.3328  97.3115   23.4 23.0 79.2 964.4 155 7.2 0 0 0
c1  0.1338 34.3328  97.3099   23.3 23.4 79.0 964.0 150 7.3 0 0 0
c1  0.1348 34.3328  97.3082   23.4 23.3 74.2 964.1 158 5.1 1 0 0
c1  0.1358 34.3328  97.3065   23.2 23.4 79.4 964.6 154 6.8 0 0 0
c1  0.1368 34.3328  97.3048   23.3 23.0 79.3 965.1 155 10.9 0 0 0
c1  0.1378 34.3329  97.3032   23.2 23.4 79.2 965.3 129 3.6 0 0 0
c1  0.1388 34.3329  97.3015   23.2 22.9 79.3 965.4 156 3.4 0 0 0
c1  0.1398 34.3329  97.2998   23.3 23.0 79.5 965.6 170 4.1 0 0 0
c1  0.1408 34.3329  97.2981   23.1 22.9 79.6 965.8 163 4.2 0 0 0
c1  0.1418 34.3329  97.2963   23.2 23.3 79.8 966.2 102 1.6 0 0 0
c1  0.1428 34.3330  97.2946   23.1 23.0 79.7 966.3 160 8.1 0 0 0
c1  0.1505 34.3330  97.2930   23.1 23.1 79.9 966.4 149 8.1 0 0 0
c1  0.1515 34.3330  97.2914   23.0 23.5 80.1 966.1 150 7.4 0 0 0
c1  0.1525 34.3330  97.2898   23.1 23.2 80.0 965.6 150 4.0 0 0 0
c1  0.1535 34.3330  97.2882   23.0 23.0 79.8 965.5 145 7.3 0 0 0
c1  0.1545 34.3329  97.2866   23.1 22.9 79.8 965.8 162 7.9 0 0 0
c1  0.1555 34.3329  97.2849   23.2 23.0 80.0 966.2 158 7.3 0 0 0
c1  0.1565 34.3329  97.2833   23.0 23.1 79.8 966.1 150 7.8 0 0 0
c1  0.1575 34.3329  97.2816   23.2 23.1 80.0 966.1 166 5.5 0 0 0
c1  0.1585 34.3329  97.2799   23.2 23.0 79.8 966.3 148 6.1 0 0 0
c1  0.1595 34.3329  97.2782   23.1 23.2 80.0 966.5 146 4.1 0 0 0
c1  0.1672 34.3329  97.2765   23.2 23.0 79.9 966.7 148 6.4 0 0 0
c1  0.1682 34.3329  97.2748   23.2 23.3 79.8 966.8 157 7.0 0 0 0
c1  0.1692 34.3328  97.2732   23.1 23.3 80.1 966.9 156 7.4 0 0 0
c1  0.1702 34.3328  97.2715   23.1 23.2 80.1 966.9 155 6.3 0 0 0
c1  0.1712 34.3328  97.2698   23.1 22.8 79.9 967.0 152 7.5 0 0 0
c1  0.1722 34.3328  97.2682   23.2 22.9 80.0 967.2 157 7.6 0 0 0
c1  0.1732 34.3328  97.2665   23.4 22.9 80.0 967.1 154 7.3 0 0 0
c1  0.1742 34.3328  97.2648   23.1 23.2 80.0 967.0 152 6.8 0 0 0
c1  0.1752 34.3328  97.2631   23.3 23.3 80.0 967.2 153 6.3 0 0 0
c1  0.1762 34.3328  97.2614   23.1 23.1 80.3 967.1 137 6.9 0 0 0
c1  0.1838 34.3328  97.2598   23.1 23.1 80.5 967.0 143 6.5 0 0 0
c1  0.1848 34.3328  97.2582   23.2 23.4 80.5 966.7 158 5.3 0 0 0
c1  0.1858 34.3328  97.2565   23.2 23.1 80.4 966.4 153 5.7 0 0 0
c1  0.1868 34.3328  97.2549   23.2 23.4 80.3 966.1 151 7.4 0 0 0
c1  0.1878 34.3329  97.2532   23.1 23.0 80.3 966.0 159 6.7 0 0 0
c1  0.1888 34.3329  97.2515   23.0 23.1 80.4 966.0 150 6.0 0 0 0
c1  0.1898 34.3329  97.2498   23.0 23.3 80.5 965.8 165 6.4 0 0 0
c1  0.1908 34.3329  97.2481   23.0 22.8 80.5 965.9 151 7.3 0 0 0
c1  0.1918 34.3329  97.2465   23.2 23.1 80.5 966.0 152 6.2 0 0 0
c1  0.1928 34.3329  97.2447   23.1 23.1 80.5 966.1 157 5.6 0 0 0
c1  0.2005 34.3329  97.2430   23.1 23.1 80.4 966.1 142 6.0 0 0 0
c1  0.2015 34.3329  97.2414   23.0 22.9 80.6 966.2 150 6.1 0 0 0
c1  0.2025 34.3329  97.2398   23.0 23.0 80.5 966.2 159 6.4 0 0 0
c1  0.2035 34.3329  97.2382   23.0 23.2 80.5 966.3 162 5.4 0 0 0
c1  0.2045 34.3328  97.2365   23.0 22.8 80.6 966.7 153 3.9 0 0 0
c1  0.2055 34.3328  97.2347   22.9 23.3 80.9 967.3 160 2.9 0 0 0
c1  0.2065 34.3328  97.2331   22.9 22.4 80.5 967.5 141 6.4 0 0 0
c1  0.2075 34.3329  97.2315   22.9 22.6 80.6 967.5 155 3.5 0 0 0
c1  0.2085 34.3329  97.2299   23.0 22.9 80.6 967.2 139 1.4 0 0 0
c1  0.2095 34.3328  97.2283   23.0 23.2 80.7 966.8 170 2.8 0 0 0
c1  0.2172 34.3328  97.2266   22.9 23.1 81.0 966.7 203 2.8 0 0 0
c1  0.2182 34.3328  97.2249   22.9 23.1 80.9 966.1 156 4.6 0 0 0
c1  0.2192 34.3328  97.2234   22.9 23.2 80.6 965.4 149 5.3 0 0 0
c1  0.2202 34.3328  97.2219   22.9 23.1 80.5 964.7 136 3.3 0 0 0
c1  0.2212 34.3328  97.2203   23.0 23.2 80.3 964.4 173 6.3 0 0 0
c1  0.2222 34.3328  97.2187   22.9 22.6 80.4 964.5 167 6.6 0 0 0
c1  0.2232 34.3327  97.2170   22.9 23.2 80.3 964.6 166 6.9 0 0 0
c1  0.2242 34.3327  97.2154   22.9 22.8 80.5 964.5 154 6.0 0 0 0
c1  0.2252 34.3327  97.2137   22.9 23.2 80.9 965.0 166 3.3 0 0 0
c1  0.2262 34.3327  97.2119   22.8 23.0 80.7 965.7 165 6.6 0 0 0
c1  0.2338 34.3326  97.2101   22.8 22.7 80.7 966.5 126 6.0 0 0 0
c1  0.2348 34.3326  97.2086   22.8 22.8 80.7 966.9 153 6.5 0 0 0
c1  0.2358 34.3326  97.2071   22.9 22.7 80.7 966.8 158 5.4 0 0 0
c1  0.2368 34.3325  97.2055   22.8 22.8 80.3 966.5 157 8.9 0 0 0
c1  0.2378 34.3325  97.2038   22.9 23.0 80.5 966.6 170 5.3 0 0 0
c1  0.2388 34.3325  97.2020   22.9 23.0 80.9 966.6 158 5.5 0 0 0
c1  0.2398 34.3325  97.2004   22.9 23.1 80.7 966.6 142 6.6 0 0 0
c1  0.2408 34.3325  97.1987   22.9 23.0 80.9 966.6 155 6.2 0 0 0
c1  0.2418 34.3325  97.1971   22.9 23.3 81.0 966.6 133 5.0 0 0 0
c1  0.2428 34.3325  97.1954   22.9 22.6 80.8 966.7 143 7.4 0 0 0
c1  0.2505 34.3324  97.1938   23.0 22.6 80.7 966.6 152 7.9 0 0 0
c1  0.2515 34.3324  97.1922   22.9 22.8 80.7 966.3 156 6.3 0 0 0
c1  0.2525 34.3324  97.1905   23.0 22.7 80.6 966.1 163 7.0 0 0 0
c1  0.2535 34.3324  97.1888   22.9 23.1 80.7 966.1 160 6.2 0 0 0
c1  0.2545 34.3324  97.1870   23.2 22.7 80.7 966.2 155 4.2 0 0 0
c1  0.2555 34.3324  97.1853   23.0 22.4 80.7 966.5 146 4.5 0 0 0
c1  0.2565 34.3324  97.1837   23.0 22.6 74.5 966.3 152 8.4 1 0 0
c1  0.2575 34.3324  97.1821   23.0 22.7 74.9 966.2 152 6.3 1 0 0
c1  0.2585 34.3324  97.1804   23.0 22.5 80.7 965.9 147 4.9 0 0 0
c1  0.2595 34.3324  97.1788   23.1 23.1 80.9 966.3 142 3.9 0 0 0
c1  0.2672 34.3323  97.1771   23.0 22.8 81.2 966.5 156 2.5 0 0 0
c1  0.2682 34.3323  97.1754   23.0 22.9 81.2 966.5 159 5.0 0 0 0
c1  0.2692 34.3324  97.1738   23.0 22.8 81.1 966.7 146 6.2 0 0 0
c1  0.2702 34.3324  97.1722   23.0 22.9 81.0 966.6 164 6.0 0 0 0
c1  0.2712 34.3324  97.1705   23.0 22.8 80.8 966.6 156 4.5 0 0 0
c1  0.2722 34.3324  97.1689   23.0 23.2 81.0 966.7 150 7.0 0 0 0
c1  0.2732 34.3324  97.1672   22.9 22.8 80.9 966.6 139 6.4 0 0 0
c1  0.2742 34.3324  97.1657   22.9 22.5 81.0 966.7 149 6.0 0 0 0
c1  0.2752 34.3325  97.1640   22.9 22.9 81.2 966.9 172 2.9 0 0 0
c1  0.2762 34.3325  97.1624   22.9 22.6 81.8 967.4 199 1.7 0 0 0
c1  0.2838 34.3325  97.1607   22.9 22.9 81.8 967.5 158 2.9 0 0 0
c1  0.2848 34.3325  97.1592   22.9 22.7 81.7 967.3 147 4.6 0 0 0
c1  0.2860 34.3325  97.1575   22.9 22.6 81.7 967.3 140 5.5 0 0 0
c1  0.2868 34.3325  97.1565   22.9 22.8 81.7 967.2 129 8.8 0 1 0
c1  0.2878 34.3325  97.1556   22.9 22.6 81.7 967.1 125 8.3 0 1 0
c1  0.2888 34.3326  97.1549   22.9 23.2 74.3 966.8 128 7.2 1 0 0
c1  0.2898 34.3326  97.1541   22.7 22.7 78.9 966.8 157 3.2 0 0 0
c1  0.2908 34.3326  97.1533   22.7 22.9 81.8 966.7 137 4.6 0 0 0
c1  0.2918 34.3326  97.1526   22.7 22.5 82.0 966.7 114 3.7 0 0 0
c1  0.2928 34.3326  97.1520   22.7 23.0 82.1 966.7 103 5.9 0 0 0
c1  0.3005 34.3326  97.1518   22.7 23.1 82.1 966.7 130 11.4 0 1 0
c1  0.3015 34.3326  97.1519   22.7 22.8 82.0 966.7 143 5.8 0 0 0
c1  0.3025 34.3326  97.1519   22.6 22.8 82.0 966.7 141 5.4 0 0 0
c1  0.3035 34.3327  97.1519   22.7 22.6 82.0 966.7 149 4.3 0 0 0
c1  0.3045 34.3327  97.1519   22.6 22.7 82.1 966.7 151 6.0 0 0 0
c1  0.3055 34.3327  97.1519   22.6 22.7 82.0 966.8 143 6.0 0 0 0
c1  0.3065 34.3328  97.1519   22.6 23.1 82.2 966.8  61 7.5 0 1 0
c1  0.3075 34.3328  97.1525   22.6 22.4 82.3 966.8 106 7.7 0 1 0
c1  0.3085 34.3328  97.1534   22.6 22.9 82.3 966.8  94 6.5 0 1 0
c1  0.3095 34.3328  97.1544   22.6 22.8 82.5 966.7 191 3.2 0 0 0
c1  0.3172 34.3328  97.1548   22.6 22.7 82.5 966.7 177 7.3 0 1 0
c1  0.3182 34.3329  97.1552   22.6 22.8 82.5 966.8 174 4.3 0 0 0
c1  0.3192 34.3331  97.1553   22.6 22.9 82.7 966.9 180 3.5 0 1 0
c1  0.3202 34.3334  97.1552   22.4 22.8 82.8 966.8 137 4.5 0 0 0
c1  0.3212 34.3336  97.1551   22.4 22.3 82.7 966.8 121 0.3 0 1 0
c1  0.3222 34.3336  97.1548   22.6 22.7 82.6 966.8 155 2.4 0 0 0
c1  0.3232 34.3335  97.1546   22.6 22.4 77.8 966.8 173 4.0 1 0 0
c1  0.3242 34.3333  97.1547   22.6 22.4 82.9 966.8 168 3.8 0 1 0
c1  0.3252 34.3333  97.1549   22.6 22.4 83.0 966.9 185 4.2 0 0 0
c1  0.3262 34.3333  97.1550   22.6 22.7 82.9 966.9 138 4.3 0 0 0
c1  0.3338 34.3333  97.1550   22.6 22.8 83.0 966.9 148 3.8 0 0 0
c1  0.3348 34.3333  97.1550   22.6 22.7 82.9 966.9 144 3.6 0 0 0
c1  0.3358 34.3332  97.1550   22.6 22.8 82.9 966.9 142 2.8 0 0 0
c1  0.3368 34.3332  97.1550   22.5 22.2 83.0 966.9 141 3.7 0 0 0
c1  0.3378 34.3333  97.1550   22.5 22.5 83.1 966.9 140 3.6 0 0 0
c1  0.3388 34.3333  97.1550   22.6 22.7 83.1 966.9 130 3.4 0 0 0
c1  0.3398 34.3333  97.1550   22.5 22.6 83.2 966.9 120 3.6 0 0 0
c1  0.3408 34.3333  97.1550   22.5 22.9 83.4 966.8 124 5.1 0 0 0
c1  0.3418 34.3333  97.1550   22.4 22.4 83.1 966.8 119 6.5 0 0 0
c1  0.3428 34.3333  97.1550   22.4 22.3 83.1 966.8 124 5.9 0 0 0
c1  0.3505 34.3333  97.1550   22.4 22.6 83.2 966.9 138 4.2 0 0 0
c1  0.3515 34.3332  97.1549   22.4 22.6 83.3 966.8 124 5.8 0 0 0
c1  0.3525 34.3332  97.1549   22.4 22.5 83.3 966.8 115 5.1 0 0 0
c1  0.3535 34.3332  97.1549   22.4 22.5 83.3 966.8 126 5.4 0 0 0
c1  0.3545 34.3332  97.1549   22.4 22.8 83.3 966.8 118 5.5 0 0 0
c1  0.3555 34.3332  97.1549   22.4 22.3 83.2 966.8 123 5.5 0 0 0
c1  0.3565 34.3332  97.1549   22.4 22.1 83.3 966.8 121 5.0 0 0 0
c1  0.3575 34.3332  97.1549   22.4 22.6 83.3 966.8 119 4.5 0 0 0
c1  0.3585 34.3331  97.1549   22.5 22.4 83.3 966.8 117 4.0 0 0 0
c1  0.3595 34.3331  97.1549   22.4 22.2 83.4 966.8 125 4.0 0 0 0
c1  0.3672 34.3331  97.1549   22.4 22.4 83.5 966.8 141 5.1 0 0 0
c1  0.3682 34.3331  97.1549   22.4 22.3 83.4 966.8 127 4.6 0 0 0
c1  0.3692 34.3331  97.1549   22.4 22.7 83.5 966.8 124 5.1 0 0 0
c1  0.3702 34.3331  97.1549   22.4 22.5 83.3 966.7 118 4.8 0 0 0
c1  0.3712 34.3331  97.1548   22.4 22.3 83.4 966.8 131 4.0 0 0 0
c1  0.3722 34.3330  97.1548   22.4 22.5 83.4 966.8 136 4.9 0 0 0
c1  0.3732 34.3330  97.1548   22.4 22.4 83.4 966.8 136 5.6 0 0 0
c1  0.3742 34.3330  97.1548   22.4 22.4 83.2 966.7 126 5.0 0 0 0
c1  0.3752 34.3330  97.1548   22.4 22.7 83.4 966.8 130 5.0 0 0 0
c1  0.3762 34.3330  97.1547   22.4 22.5 83.4 966.8 127 5.2 0 0 0
c1  0.3838 34.3330  97.1547   22.4 22.5 83.4 966.7 124 5.5 0 0 0
c1  0.3848 34.3330  97.1547   22.4 22.3 83.4 966.7 132 4.2 0 0 0
c1  0.3858 34.3330  97.1547   22.4 22.2 83.5 966.7 124 3.3 0 0 0
c1  0.3868 34.3330  97.1547   22.4 22.5 83.5 966.7 106 5.2 0 0 0
c1  0.3878 34.3330  97.1547   22.4 22.6 83.6 966.6 114 6.1 0 0 0
c1  0.3888 34.3330  97.1546   22.4 22.8 83.5 966.8 113 6.5 0 0 0
c1  0.3898 34.3330  97.1546   22.4 22.8 83.5 966.7 117 6.6 0 0 0
c1  0.3908 34.3329  97.1546   22.4 22.8 83.4 966.7 133 6.0 0 0 0
c1  0.3918 34.3329  97.1546   22.4 22.4 83.3 966.7 115 6.5 0 0 0
c1  0.3928 34.3329  97.1545   22.5 22.3 83.3 966.7 120 6.9 0 0 0
c1  0.4005 34.3329  97.1545   22.5 22.3 83.3 966.7 126 6.6 0 0 0
c1  0.4015 34.3329  97.1545   22.4 22.6 83.2 966.7 116 5.6 0 0 0
c1  0.4025 34.3329  97.1545   22.5 22.4 81.5 966.7 321 6.0 0 0 0
c1  0.4035 34.3330  97.1544   22.4 22.3 77.7 966.7 303 6.9 1 0 1
c1  0.4045 34.3330  97.1544   22.5 22.5 81.6 966.7 303 6.7 0 0 0
c1  0.4055 34.3330  97.1544   22.5 22.4 83.4 966.7 118 7.6 0 0 0
c1  0.4065 34.3331  97.1544   22.6 22.4 83.3 966.7 124 7.3 0 0 0
c1  0.4075 34.3331  97.1544   22.6 22.5 83.2 966.7 115 7.8 0 0 0
c1  0.4085 34.3331  97.1544   22.6 22.7 83.3 966.7 114 7.5 0 0 0
c1  0.4095 34.3331  97.1544   22.6 22.4 83.4 966.6 135 7.9 0 0 0
c1  0.4172 34.3331  97.1544   22.6 22.5 83.3 966.6 116 6.8 0 0 0
c1  0.4182 34.3331  97.1544   22.6 22.8 83.4 966.6 119 5.5 0 0 0
c1  0.4192 34.3331  97.1544   22.6 22.4 83.3 966.6 116 5.1 0 0 0
c1  0.4202 34.3331  97.1544   22.6 22.5 83.2 966.6 148 4.8 0 0 0
c1  0.4212 34.3331  97.1544   22.6 22.3 83.3 966.6 124 6.0 0 0 0
c1  0.4222 34.3332  97.1544   22.6 22.4 83.4 966.6 118 5.7 0 0 0
c1  0.4232 34.3332  97.1544   22.6 22.2 83.5 966.6 109 5.2 0 0 0
c1  0.4242 34.3332  97.1544   22.6 22.6 83.5 966.7 113 5.2 0 0 0
c1  0.4252 34.3332  97.1544   22.5 22.3 81.8 966.6 308 5.8 0 0 0
c1  0.4262 34.3332  97.1544   22.5 22.4 83.4 966.6 129 5.8 0 0 0
c1  0.4338 34.3332  97.1544   22.4 22.2 81.9 966.6 305 4.6 0 0 0
c1  0.4348 34.3333  97.1545   22.4 22.5 81.9 966.6 324 3.6 0 0 0
c1  0.4358 34.3333  97.1544   22.4 22.2 80.2 966.5 306 5.0 1 0 1
c1  0.4368 34.3333  97.1544   22.4 22.4 81.8 966.5 298 5.3 0 0 0
c1  0.4378 34.3333  97.1545   22.4 22.5 83.6 966.5 131 4.6 0 0 0
c1  0.4388 34.3332  97.1547   22.4 22.3 83.6 966.6 110 5.6 0 1 0
c1  0.4398 34.3330  97.1548   22.4 22.7 83.6 966.5  97 3.9 0 1 0
c1  0.4408 34.3328  97.1547   22.4 22.6 83.5 966.5  73 4.5 0 1 0
c1  0.4418 34.3328  97.1542   22.4 22.2 83.6 966.5 163 3.5 0 1 0
c1  0.4428 34.3328  97.1535   22.4 22.3 83.5 966.4 150 6.6 0 0 0
c1  0.4505 34.3328  97.1527   22.4 22.6 83.6 966.4 130 3.8 0 0 0
c1  0.4515 34.3328  97.1520   22.4 22.6 83.6 966.4 115 4.0 0 0 0
c1  0.4527 34.3328  97.1513   22.4 22.4 78.1 966.4 108 9.2 1 1 0
c1  0.4535 34.3331  97.1510   22.4 22.5 83.8 966.3  83 6.8 0 1 0
c1  0.4545 34.3336  97.1510   22.4 22.5 83.7 966.4 136 8.3 0 1 0
c1  0.4555 34.3344  97.1510   22.4 22.2 83.7 966.4 143 7.3 0 0 0
c1  0.4565 34.3354  97.1509   22.4 21.9 83.8 965.9 167 6.5 0 0 0
c1  0.4575 34.3365  97.1505   22.4 22.4 83.7 965.7 164 6.7 0 1 0
c1  0.4585 34.3377  97.1500   22.4 22.2 83.8 965.8 153 7.6 0 0 0
c1  0.4595 34.3391  97.1495   22.4 22.2 83.7 965.8 146 5.7 0 0 0
c1  0.4672 34.3404  97.1489   22.4 22.4 83.8 965.8 134 4.8 0 0 0
c1  0.4682 34.3418  97.1483   22.4 22.4 83.9 965.7 137 2.2 0 0 0
c1  0.4692 34.3433  97.1479   22.3 22.3 83.9 965.5 129 4.5 0 0 0
c1  0.4702 34.3448  97.1476   22.4 22.8 83.9 965.2 131 7.9 0 0 0
c1  0.4712 34.3465  97.1474   22.3 22.2 83.7 965.0 133 7.2 0 0 0
c1  0.4722 34.3481  97.1474   22.4 22.3 83.7 964.7 130 6.5 0 0 0
c1  0.4732 34.3498  97.1476   22.3 22.5 83.8 964.4 139 3.1 0 0 0
c1  0.4742 34.3515  97.1479   22.2 22.0 83.7 964.0 156 4.0 0 0 0
c1  0.4752 34.3531  97.1482   22.3 22.5 83.6 963.8 138 4.5 0 0 0
c1  0.4838 34.3564  97.1484 -999.2 -999.3 -999.0 -999.0 -999 -999.0 0 1 0
c1  0.4848 34.3580  97.1482   22.2 22.6 83.7 962.9 172 2.9 0 0 0
c1  0.4858 34.3596  97.1479   22.3 22.5 83.7 962.7 151 6.0 0 0 0
c1  0.4868 34.3611  97.1474   22.2 22.1 83.5 962.0 119 4.2 0 0 0
c1  0.4878 34.3625  97.1469   22.2 22.2 83.5 961.5 135 4.9 0 0 0
c1  0.4888 34.3641  97.1465   22.1 22.4 83.5 960.6 164 5.0 0 0 0
c1  0.4898 34.3656  97.1461   22.2 22.3 83.5 960.0 174 4.9 0 0 0
c1  0.4908 34.3672  97.1458   22.2 22.2 83.5 959.4 133 6.5 0 0 0
c1  0.4918 34.3689  97.1456   22.1 22.2 83.4 958.7 157 4.8 0 0 0
c1  0.4928 34.3705  97.1453   22.1 22.3 83.4 957.9 196 5.1 0 0 0
c1  0.5005 34.3721  97.1449   22.2 22.2 83.4 957.3 195 5.0 0 0 0
c1  0.5015 34.3738  97.1445   22.1 22.2 83.4 956.5 192 4.9 0 0 0
c1  0.5025 34.3754  97.1440   22.0 22.2 83.4 955.7 169 7.0 0 0 0
c1  0.5035 34.3771  97.1435   21.9 21.9 83.3 955.1 158 7.3 0 0 0
c1  0.5045 34.3787  97.1430   21.9 22.0 83.2 954.8 165 6.6 0 0 0
c1  0.5055 34.3804  97.1425   22.0 22.1 83.2 954.6 149 6.9 0 0 0
c1  0.5065 34.3820  97.1420   21.9 21.9 83.1 954.5 137 8.0 0 0 0
c1  0.5075 34.3837  97.1416   21.9 22.2 83.2 954.4 146 6.5 0 0 0
c1  0.5085 34.3853  97.1414   21.8 22.2 83.4 954.3 138 5.3 0 0 0
c1  0.5095 34.3870  97.1412   21.8 22.4 83.4 954.5 152 3.0 0 0 0
c1  0.5172 34.3887  97.1411   21.8 21.8 83.6 954.7 146 5.8 0 0 0
c1  0.5182 34.3904  97.1412   21.7 22.2 83.7 955.0 143 6.9 0 0 0
c1  0.5192 34.3921  97.1413   21.7 21.9 83.8 955.3 142 6.4 0 0 0
c1  0.5202 34.3939  97.1413   21.7 22.2 83.7 955.6 166 7.9 0 0 0
c1  0.5212 34.3956  97.1413   21.7 21.8 83.7 955.7 157 5.3 0 0 0
c1  0.5222 34.3974  97.1411   21.8 22.0 83.8 955.7 141 6.5 0 0 0
c1  0.5232 34.3991  97.1410   21.7 22.2 83.9 955.6 148 7.4 0 0 0
c1  0.5242 34.4008  97.1407   21.7 21.9 84.0 955.4 146 6.9 0 0 0
c1  0.5252 34.4025  97.1403   21.7 21.8 84.0 955.5 158 7.9 0 0 0
c1  0.5262 34.4042  97.1399   21.8 21.8 84.0 955.2 147 8.8 0 0 0
c1  0.5338 34.4060  97.1396   21.7 21.7 83.9 955.4 163 8.8 0 0 0
c1  0.5348 34.4077  97.1392   21.7 22.1 84.1 955.4 158 6.0 0 0 0
c1  0.5358 34.4095  97.1388   21.7 22.1 84.2 956.0 187 5.2 0 0 0
c1  0.5368 34.4112  97.1384   21.8 22.1 84.3 956.5 156 5.7 0 0 0
c1  0.5378 34.4130  97.1381   21.8 21.7 84.6 957.0 170 4.1 0 0 0
c1  0.5388 34.4147  97.1377   21.8 21.6 84.6 957.5 165 3.7 0 0 0
c1  0.5398 34.4165  97.1372   21.8 22.2 84.8 958.0 159 5.5 0 0 0
c1  0.5408 34.4182  97.1365   21.8 21.9 84.9 958.4 168 5.1 0 0 0
c1  0.5418 34.4198  97.1358   21.9 22.1 85.0 958.5 160 3.1 0 0 0
c1  0.5428 34.4214  97.1350   21.8 22.0 85.0 958.7 150 5.0 0 0 0
c1  0.5505 34.4230  97.1342   21.8 21.9 85.1 958.8 204 4.5 0 0 0
c1  0.5515 34.4246  97.1336   21.8 21.6 85.2 959.2 177 5.8 0 0 0
c1  0.5525 34.4263  97.1332   21.9 21.5 85.2 959.7 152 5.4 0 0 0
c1  0.5535 34.4280  97.1328   21.9 21.8 85.1 960.5 183 4.6 0 0 0
c1  0.5545 34.4296  97.1324   21.9 21.9 85.2 960.9 220 7.7 0 0 0
c1  0.5555 34.4312  97.1318   21.9 21.7 85.2 961.7 171 5.4 0 0 0
c1  0.5565 34.4328  97.1312   21.9 21.9 85.6 962.3 143 3.5 0 0 0
c1  0.5575 34.4343  97.1304   21.9 22.0 85.6 962.9 208 4.4 0 0 0
c1  0.5585 34.4357  97.1296   21.9 21.6 85.5 963.3 239 4.9 0 0 0
c1  0.5595 34.4371  97.1289   21.9 22.0 85.5 963.5 174 5.7 0 0 0
c1  0.5672 34.4387  97.1285   21.9 22.0 85.7 963.6 138 2.3 0 1 0
c1  0.5682 34.4403  97.1285   21.9 21.9 85.6 963.7 144 4.1 0 1 0
c1  0.5692 34.4419  97.1286   22.0 21.8 85.2 964.0 185 9.8 0 0 0
c1  0.5702 34.4435  97.1290   22.0 21.7 85.1 964.6 165 9.6 0 1 0
c1  0.5712 34.4450  97.1298   22.1 21.5 85.3 965.3 152 6.1 0 1 0
c1  0.5722 34.4464  97.1310   22.2 21.7 85.4 966.1 147 7.5 0 1 0
c1  0.5732 34.4477  97.1322   22.1 21.8 85.3 966.8 155 7.6 0 0 0
c1  0.5742 34.4490  97.1335   22.2 22.0 85.3 967.7 136 6.6 0 0 0
c1  0.5752 34.4504  97.1348   22.3 21.6 85.4 968.4 152 5.7 0 0 0
c1  0.5762 34.4517  97.1360   22.2 21.6 85.2 968.7 136 9.3 0 0 0
c1  0.5838 34.4529  97.1372   22.3 21.8 85.3 968.6 158 6.0 0 0 0
c1  0.5848 34.4542  97.1385   22.4 22.4 85.4 968.6 148 7.9 0 0 0
c1  0.5858 34.4555  97.1397   22.4 21.9 85.1 968.5 155 8.7 0 0 0
c1  0.5868 34.4568  97.1410   22.4 22.1 84.9 968.5 142 9.6 0 0 0
c1  0.5878 34.4581  97.1422   22.4 21.7 84.8 968.5 153 9.3 0 0 0
c1  0.5888 34.4594  97.1434   22.4 21.9 84.6 968.4 146 10.4 0 0 0
c1  0.5898 34.4607  97.1447   22.4 22.4 84.8 968.3 148 7.1 0 0 0
c1  0.5908 34.4619  97.1459   22.4 22.1 84.6 968.5 151 7.6 0 0 0
c1  0.5918 34.4632  97.1471   22.4 22.0 84.5 968.5 155 7.7 0 0 0
c1  0.5928 34.4645  97.1484   22.5 22.1 84.6 968.5 163 6.6 0 0 0
c1  0.6005 34.4658  97.1496   22.6 21.9 84.6 968.4 152 6.8 0 0 0
c1  0.6015 34.4671  97.1509   22.4 22.2 84.6 968.4 177 4.6 0 0 0
c1  0.6025 34.4685  97.1520   22.5 22.0 84.5 968.3 153 4.9 0 0 0
c1  0.6035 34.4699  97.1530   22.4 21.9 84.3 967.9 141 6.7 0 0 0
c1  0.6045 34.4713  97.1539   22.5 22.2 84.3 967.6 149 8.6 0 0 0
c1  0.6055 34.4728  97.1547   22.5 22.2 84.3 967.1 155 8.7 0 0 0
c1  0.6065 34.4744  97.1554   22.4 21.9 84.1 966.7 170 8.3 0 0 0
c1  0.6075 34.4760  97.1560   22.4 22.1 84.0 966.3 166 9.7 0 0 0
c1  0.6085 34.4776  97.1565   22.4 22.2 83.9 966.1 162 9.8 0 0 0
c1  0.6095 34.4792  97.1569   22.4 22.5 84.2 966.2 171 8.9 0 0 0
c1  0.6172 34.4808  97.1574   22.4 22.3 84.0 966.2 156 6.9 0 0 0
c1  0.6182 34.4824  97.1580   22.4 22.3 83.9 966.3 175 9.8 0 0 0
c1  0.6192 34.4840  97.1586   22.5 22.4 84.0 966.3 179 8.5 0 0 0
c1  0.6203 34.4858  97.1595   22.4 22.4 84.0 966.5 167 9.0 0 0 0
c1  0.6212 34.4871  97.1603   22.4 22.3 83.9 966.5 149 9.8 0 0 0
c1  0.6222 34.4887  97.1613   22.4 22.4 83.7 966.5 155 8.9 0 0 0
c1  0.6232 34.4902  97.1624   22.5 22.3 83.8 966.2 137 7.4 0 0 0
c1  0.6242 34.4917  97.1635   22.4 22.3 83.7 966.1 155 6.8 0 0 0
c1  0.6252 34.4932  97.1647   22.4 22.0 83.6 965.9 149 8.7 0 0 0
c1  0.6262 34.4947  97.1658   22.4 22.0 83.5 966.1 155 7.9 0 0 0
c1  0.6338 34.4962  97.1669   22.5 22.2 83.4 966.5 161 7.2 0 0 0
c1  0.6348 34.4977  97.1680   22.5 22.0 83.6 967.0 174 5.0 0 0 0
c1  0.6358 34.4992  97.1690   22.4 22.4 83.4 967.4 153 5.1 0 0 0
c1  0.6368 34.5005  97.1700   22.6 21.9 81.5 967.5 213 2.6 0 0 0
c1  0.6378 34.5018  97.1709   22.6 22.4 83.4 967.7 187 2.6 0 0 0
c1  0.6388 34.5031  97.1716   22.5 22.4 79.1 967.6 209 1.4 1 0 0
c1  0.6398 34.5043  97.1722   22.5 22.2 76.8 967.6 203 2.4 1 0 0
c1  0.6408 34.5055  97.1724   22.6 22.3 78.6 967.5 216 2.4 1 1 0
c1  0.6418 34.5062  97.1724   22.6 22.4 83.1 967.2  42 7.6 0 1 0
c1  0.6428 34.5063  97.1720   22.6 22.3 83.1 967.3 217 5.3 0 1 0
c1  0.6505 34.5063  97.1716   22.5 22.3 83.2 967.5 130 5.2 0 1 0
c1  0.6515 34.5062  97.1717   22.4 22.2 83.2 967.6 185 4.8 0 0 0
c1  0.6525 34.5062  97.1717   22.4 22.0 83.2 967.7 199 3.0 0 0 0
c1  0.6535 34.5062  97.1715   22.4 22.3 83.3 967.7 242 5.0 0 1 0
c1  0.6545 34.5062  97.1707   22.4 21.9 83.3 967.8 257 8.2 0 1 0
c1  0.6555 34.5063  97.1695   22.6 22.2 83.2 968.2 252 6.2 0 1 0
c1  0.6565 34.5062  97.1680   22.4 22.3 83.2 968.4 224 5.5 0 0 0
c1  0.6575 34.5062  97.1663   22.5 22.2 83.2 968.6 210 5.9 0 0 0
c1  0.6585 34.5062  97.1645   22.4 22.4 83.2 968.5 184 5.2 0 0 0
c1  0.6595 34.5062  97.1626   22.5 22.5 82.9 968.5 185 5.5 0 0 0
c1  0.6672 34.5062  97.1607   22.6 22.3 82.9 968.5 179 5.9 0 0 0
c1  0.6682 34.5062  97.1588   22.6 22.8 83.0 968.5 180 9.0 0 0 0
c1  0.6692 34.5062  97.1569   22.6 22.4 82.8 968.7 187 6.6 0 0 0
c1  0.6702 34.5062  97.1549   22.7 22.2 82.9 968.7 183 4.7 0 0 0
c1  0.6712 34.5062  97.1530   22.7 22.3 82.8 968.8 176 4.7 0 0 0
c1  0.6722 34.5061  97.1511   22.6 22.5 82.7 968.7 182 1.6 0 0 0
c1  0.6732 34.5059  97.1493   22.8 22.5 82.8 968.8 133 2.2 0 1 0
c1  0.6742 34.5054  97.1476   22.7 22.6 82.7 968.9 203 3.3 0 1 0
c1  0.6752 34.5047  97.1459   22.7 22.2 82.8 968.6 201 3.0 0 0 0
c1  0.6762 34.5044  97.1441   22.7 22.6 82.5 968.5 156 3.8 0 1 0
c1  0.6838 34.5044  97.1423   22.7 22.5 82.5 968.4 187 1.3 0 0 0
c1  0.6848 34.5044  97.1405   22.7 22.2 82.3 968.1 165 7.4 0 0 0
c1  0.6858 34.5044  97.1387   22.8 22.2 82.3 968.3 185 6.7 0 0 0
c1  0.6868 34.5044  97.1370   22.7 22.2 82.3 968.3 138 4.1 0 0 0
c1  0.6878 34.5044  97.1358   22.7 22.5 82.4 968.5 148 11.1 0 1 0
c1  0.6888 34.5043  97.1350   22.7 22.4 82.2 968.6 157 13.4 0 1 0
c1  0.6898 34.5042  97.1349   22.7 22.6 82.3 968.8 157 10.1 0 1 0
c1  0.6908 34.5043  97.1349   22.6 22.5 82.4 968.8 171 5.6 0 0 0
c1  0.6918 34.5043  97.1349   22.6 22.7 82.6 968.8 179 4.4 0 0 0
c1  0.6928 34.5043  97.1348   22.6 22.4 82.6 968.8 180 4.9 0 0 0
c1  0.7005 34.5043  97.1348   22.5 22.7 82.7 968.8 171 6.8 0 0 0
c1  0.7015 34.5043  97.1348   22.4 22.3 82.5 968.8 152 7.4 0 0 0
c1  0.7025 34.5043  97.1348   22.4 22.2 82.4 968.8 175 7.2 0 0 0
c1  0.7035 34.5043  97.1348   22.4 22.4 82.4 968.7 184 8.7 0 0 0
c1  0.7045 34.5043  97.1348   22.4 22.4 82.5 968.7 172 8.9 0 0 0
c1  0.7055 34.5043  97.1348   22.4 22.1 82.6 968.8 173 7.9 0 0 0
c1  0.7065 34.5044  97.1348   22.4 22.6 82.6 968.8 168 7.6 0 0 0
c1  0.7075 34.5044  97.1348   22.4 22.4 82.6 968.8 173 5.8 0 0 0
c1  0.7085 34.5044  97.1348   22.4 22.5 82.8 968.9 181 4.7 0 0 0
c1  0.7095 34.5044  97.1348   22.4 22.9 83.0 968.9 189 4.9 0 0 0
c1  0.7172 34.5044  97.1348   22.4 22.4 82.8 968.9 193 5.1 0 0 0
c1  0.7182 34.5045  97.1348   22.4 22.6 83.0 968.9 179 4.8 0 0 0
c1  0.7192 34.5045  97.1348   22.4 22.3 83.1 968.9 163 4.0 0 0 0
c1  0.7202 34.5045  97.1348   22.4 22.2 83.1 968.9 168 3.7 0 0 0
c1  0.7212 34.5045  97.1348   22.4 22.4 83.2 968.9 168 5.3 0 0 0
c1  0.7222 34.5045  97.1348   22.4 22.6 83.0 968.9 156 4.7 0 0 0
c1  0.7232 34.5045  97.1348   22.4 22.2 82.9 968.9 149 4.5 0 0 0
c1  0.7242 34.5046  97.1348   22.4 22.2 83.0 968.9 166 3.9 0 0 0
c1  0.7252 34.5046  97.1348   22.4 22.1 83.2 968.9 147 4.4 0 0 0
c1  0.7262 34.5046  97.1348   22.4 22.4 82.9 968.9 156 7.0 0 0 0
c1  0.7338 34.5046  97.1348   22.4 22.1 80.5 968.9 154 7.1 1 0 1
c1  0.7348 34.5046  97.1348   22.4 22.3 81.9 968.9 168 6.1 0 0 0
c1  0.7358 34.5046  97.1348   22.4 22.1 82.9 968.9 167 6.1 0 0 0
c1  0.7368 34.5046  97.1348   22.4 22.5 83.0 968.9 155 5.1 0 0 0
c1  0.7378 34.5046  97.1348   22.4 22.5 83.0 968.9 155 5.5 0 0 0
c1  0.7388 34.5046  97.1348   22.4 22.6 83.2 968.9 155 5.0 0 0 0
c1  0.7398 34.5046  97.1348   22.4 22.4 83.4 968.9 157 4.7 0 0 0
c1  0.7408 34.5046  97.1348   22.4 22.2 82.4 968.9 146 4.1 0 0 0
c1  0.7418 34.5046  97.1348   22.4 22.2 82.4 968.9 168 3.4 0 0 0
c1  0.7428 34.5046  97.1348   22.4 22.3 82.3 968.9 169 2.7 0 0 0
c1  0.7505 34.5046  97.1348   22.3 22.1 82.5 968.9 177 2.6 1 0 1
c1  0.7515 34.5046  97.1348   22.4 22.2 83.7 968.9 190 2.5 0 0 0
c1  0.7525 34.5046  97.1348   22.2 22.1 82.6 968.9 157 2.4 0 0 0
c1  0.7535 34.5046  97.1348   22.2 22.0 81.0 968.9 147 1.5 1 0 1
c1  0.7545 34.5046  97.1348   22.2 22.4 82.0 968.9 180 2.2 1 0 1
c1  0.7555 34.5046  97.1348   22.2 22.1 83.7 968.9 204 2.5 0 0 0
c1  0.7565 34.5046  97.1348   22.2 22.1 82.7 968.9 174 2.8 0 0 0
c1  0.7575 34.5046  97.1348   22.2 22.2 83.6 968.9 179 3.7 0 0 0
c1  0.7585 34.5045  97.1348   22.2 22.2 83.4 968.9 172 3.4 0 0 0
c1  0.7595 34.5045  97.1347   22.2 22.2 82.7 968.9 174 4.0 0 0 0
c1  0.7672 34.5045  97.1347   22.2 22.3 81.1 968.8 183 5.3 1 0 1
c1  0.7682 34.5045  97.1347   22.2 22.4 83.5 968.9 174 4.9 0 0 0
c1  0.7692 34.5045  97.1347   22.2 22.1 83.8 968.9 165 3.8 0 0 0
c1  0.7702 34.5045  97.1347   22.2 22.5 83.8 969.0 158 3.7 0 0 0
c1  0.7712 34.5044  97.1346   22.2 21.8 83.6 969.0 170 3.5 0 0 0
c1  0.7722 34.5044  97.1346   22.3 22.0 83.8 969.0 162 2.6 0 0 0
c1  0.7732 34.5044  97.1346   22.2 22.1 83.9 969.0 168 2.7 0 0 0
c1  0.7742 34.5044  97.1346   22.2 21.9 84.1 969.0 190 2.6 0 0 0
c1  0.7752 34.5044  97.1345   22.2 22.5 84.1 969.0 180 3.8 0 0 0
c1  0.7762 34.5043  97.1345   22.2 22.4 83.8 969.1 172 3.4 0 0 0
c1  0.7838 34.5043  97.1345   22.2 22.4 83.9 969.0 181 3.3 0 0 0
c1  0.7848 34.5043  97.1345   22.2 21.6 84.1 969.0 174 2.6 0 0 0
c1  0.7858 34.5043  97.1345   22.2 22.1 84.2 969.0 166 2.2 0 0 0
c1  0.7870 34.5043  97.1345   22.2 22.4 84.2 969.0 169 2.6 0 0 0
c1  0.7878 34.5042  97.1345   22.2 22.2 84.1 969.1 186 2.5 0 0 0
c1  0.7888 34.5042  97.1345   22.2 22.0 84.0 969.0 199 2.9 0 0 0
c1  0.7898 34.5042  97.1345   22.2 22.1 78.0 969.0 191 3.7 1 0 1
c1  0.7908 34.5042  97.1345   22.2 21.9 79.8 969.0 184 4.3 1 0 1
c1  0.7918 34.5042  97.1346   22.2 22.2 83.8 969.0 181 3.5 0 0 0
c1  0.7928 34.5042  97.1346   22.2 22.2 83.9 969.1 187 2.9 0 0 0
c1  0.8005 34.5042  97.1346   22.2 22.3 83.7 969.1 175 3.0 0 0 0
c1  0.8015 34.5042  97.1345   22.3 22.2 83.7 969.1 182 2.7 0 0 0
c1  0.8025 34.5042  97.1346   22.3 22.1 83.7 969.0 180 3.4 0 0 0
c1  0.8035 34.5042  97.1346   22.4 21.9 83.7 969.0 176 4.2 0 0 0
c1  0.8045 34.5042  97.1342   22.4 22.2 83.6 969.1 259 5.8 0 1 0
c1  0.8055 34.5040  97.1336   22.4 21.9 83.8 969.0 172 4.4 0 0 0
c1  0.8065 34.5039  97.1333   22.4 21.9 83.7 969.0 150 7.9 0 1 0
c1  0.8075 34.5039  97.1333   22.4 22.3 83.8 969.0 180 4.8 0 0 0
c1  0.8085 34.5039  97.1333   22.4 22.2 83.9 969.1 189 4.3 0 0 0
c1  0.8095 34.5039  97.1334   22.4 22.2 83.7 969.1 181 3.6 0 0 0
c1  0.8172 34.5039  97.1334   22.4 22.1 83.9 969.1 166 3.2 0 0 0
c1  0.8182 34.5039  97.1334   22.3 22.1 84.0 969.2 167 3.7 0 0 0
c1  0.8192 34.5039  97.1334   22.3 22.3 83.8 969.1 172 2.9 0 0 0
c1  0.8202 34.5039  97.1335   22.4 22.1 83.7 969.1 189 1.9 0 0 0
c1  0.8212 34.5039  97.1335   22.4 22.3 83.9 969.1 187 1.8 0 0 0
c1  0.8222 34.5039  97.1335   22.3 22.5 84.0 969.1 183 2.0 0 0 0
c1  0.8232 34.5040  97.1335   22.4 22.4 83.8 969.1 176 2.7 0 0 0
c1  0.8242 34.5040  97.1336   22.4 22.2 83.7 969.1 161 2.9 0 0 0
c1  0.8252 34.5040  97.1336   22.4 22.3 84.0 969.1 143 3.9 0 0 0
c1  0.8262 34.5040  97.1336   22.3 21.9 83.7 969.1 150 5.6 0 0 0
c1  0.8338 34.5040  97.1336   22.4 22.2 83.8 969.1 147 4.8 0 0 0
c1  0.8348 34.5040  97.1336   22.4 22.1 83.7 969.1 161 3.9 0 0 0
c1  0.8358 34.5040  97.1337   22.4 22.4 83.7 969.1 164 3.4 0 0 0
c1  0.8368 34.5040  97.1337   22.4 22.2 83.5 969.1 184 2.7 0 0 0
c1  0.8378 34.5040  97.1337   22.4 22.1 83.6 969.1 184 2.4 0 0 0
c1  0.8388 34.5040  97.1337   22.4 21.9 83.8 969.1 187 3.5 0 0 0
c1  0.8398 34.5040  97.1337   22.4 22.4 83.9 969.1 196 4.0 0 0 0
c1  0.8408 34.5040  97.1338   22.4 22.6 81.7 969.1 187 4.5 0 0 0
c1  0.8418 34.5040  97.1338   22.4 22.2 83.3 969.1 173 3.6 0 0 0
c1  0.8428 34.5040  97.1338   22.4 21.8 79.6 969.1 144 3.9 1 0 1
c1  0.8505 34.5040  97.1338   22.4 22.1 83.5 969.1 148 2.9 0 0 0
c1  0.8515 34.5040  97.1338   22.4 22.6 81.5 969.1 132 2.2 0 0 0
c1  0.8525 34.5040  97.1339   22.4 22.6 81.5 969.1 144 1.6 0 0 0
c1  0.8535 34.5039  97.1339   22.4 21.8 79.4 969.0 160 1.9 1 0 1
c1  0.8545 34.5039  97.1339   22.4 22.0 83.2 969.1 190 2.5 0 0 0
c1  0.8555 34.5039  97.1339   22.4 22.4 81.3 969.1 180 2.4 0 0 0
c1  0.8565 34.5039  97.1338   22.4 22.1 83.3 969.1 176 2.1 0 0 0
c1  0.8575 34.5039  97.1338   22.4 22.4 81.2 969.1 164 1.9 0 0 0
c1  0.8585 34.5039  97.1339   22.4 22.1 83.5 969.1 196 1.6 0 0 0
c1  0.8595 34.5039  97.1339   22.4 22.1 83.4 969.1 154 1.8 0 0 0
c1  0.8672 34.5039  97.1339   22.4 22.0 79.3 969.1 134 3.0 1 0 1
c1  0.8682 34.5039  97.1339   22.4 22.4 83.6 969.1 146 2.2 0 0 0
c1  0.8692 34.5038  97.1339   22.4 22.2 81.3 969.0 149 3.3 0 0 0
c1  0.8702 34.5039  97.1339   22.4 22.3 83.3 969.0 169 3.5 0 0 0
c1  0.8712 34.5038  97.1339   22.4 22.2 83.3 969.0 174 4.7 0 0 0
c1  0.8722 34.5038  97.1339   22.4 22.1 81.1 969.1 168 3.7 0 0 0
c1  0.8732 34.5038  97.1339   22.4 22.1 81.4 969.1 143 3.0 0 0 0
c1  0.8742 34.5038  97.1338   22.4 22.3 83.2 969.1 171 3.4 0 0 0
c1  0.8752 34.5038  97.1338   22.4 22.4 83.3 969.0 172 3.4 0 0 0
c1  0.8762 34.5038  97.1338   22.4 22.3 81.5 969.0 168 4.6 0 0 0
c1  0.8838 34.5038  97.1338   22.4 22.1 77.4 969.0 159 5.2 1 0 1
c1  0.8848 34.5039  97.1337   22.4 22.2 77.2 969.0 167 6.2 1 0 1
c1  0.8858 34.5039  97.1337   22.4 22.2 79.2 968.9 162 5.7 1 0 1
c1  0.8868 34.5039  97.1337   22.4 22.1 83.1 968.9 179 5.3 0 0 0
c1  0.8878 34.5039  97.1336   22.4 22.5 83.1 968.9 182 5.4 0 0 0
c1  0.8888 34.5039  97.1336   22.4 22.2 81.3 969.0 151 5.2 0 0 0
c1  0.8898 34.5039  97.1336   22.4 22.4 83.3 968.9 166 5.0 0 0 0
c1  0.8908 34.5040  97.1335   22.4 22.0 81.0 968.9 173 3.9 0 0 0
c1  0.8918 34.5040  97.1335   22.4 22.0 82.9 968.9 168 3.5 0 0 0
c1  0.8928 34.5040  97.1335   22.4 22.4 83.1 968.9 176 4.1 0 0 0
c1  0.9005 34.5040  97.1335   22.4 22.4 83.5 969.0 162 3.6 0 0 0
c1  0.9015 34.5040  97.1335   22.4 22.5 83.4 969.0 162 3.9 0 0 0
c1  0.9025 34.5040  97.1334   22.4 22.3 83.2 969.0 171 3.8 0 0 0
c1  0.9035 34.5040  97.1334   22.4 22.2 83.2 969.0 177 3.2 0 0 0
c1  0.9045 34.5040  97.1334   22.4 22.5 83.4 969.0 175 2.9 0 0 0
c1  0.9055 34.5040  97.1334   22.4 22.1 83.4 969.0 161 3.6 0 0 0
c1  0.9065 34.5040  97.1334   22.4 22.4 79.8 969.0 127 4.3 1 0 1
c1  0.9075 34.5041  97.1334   22.4 22.3 79.9 968.9 122 4.5 1 0 1
c1  0.9085 34.5041  97.1334   22.4 22.2 83.2 968.9 140 5.8 0 0 0
c1  0.9095 34.5041  97.1334   22.4 22.1 83.1 968.9 166 4.3 0 0 0
c1  0.9172 34.5041  97.1334   22.4 22.4 83.3 968.9 189 4.2 0 0 0
c1  0.9182 34.5041  97.1334   22.4 22.2 83.2 968.9 179 5.1 0 0 0
c1  0.9192 34.5041  97.1334   22.4 22.3 83.0 968.9 178 4.4 0 0 0
c1  0.9202 34.5041  97.1334   22.4 22.2 83.0 968.9 164 3.7 0 0 0
c1  0.9212 34.5041  97.1334   22.4 22.3 83.1 968.9 178 3.7 0 0 0
c1  0.9222 34.5041  97.1335   22.4 22.6 83.2 968.9 151 4.1 0 0 0
c1  0.9232 34.5041  97.1335   22.4 22.2 83.2 968.9 178 3.9 0 0 0
c1  0.9242 34.5041  97.1335   22.4 22.4 83.4 968.9 166 2.9 0 0 0
c1  0.9252 34.5041  97.1335   22.4 22.1 83.6 968.8 169 3.4 0 0 0
c1  0.9262 34.5041  97.1335   22.4 22.3 83.5 968.8 166 2.7 0 0 0
c1  0.9338 34.5041  97.1335   22.4 22.2 83.6 968.8 158 2.1 0 0 0
c1  0.9348 34.5041  97.1335   22.3 22.1 83.6 968.8 144 3.4 0 0 0
c1  0.9358 34.5041  97.1335   22.3 22.1 83.4 968.8 136 2.9 0 0 0
c1  0.9368 34.5041  97.1335   22.3 22.1 83.6 968.8 115 1.8 0 0 0
c1  0.9378 34.5041  97.1336   22.3 22.3 83.8 968.8 115 1.0 0 0 0
c1  0.9388 34.5041  97.1336   22.2 22.4 83.8 968.8 149 1.0 0 0 0
c1  0.9398 34.5041  97.1336   22.2 22.2 83.7 968.8 161 1.2 0 0 0
c1  0.9408 34.5041  97.1336   22.2 21.9 83.9 968.8 150 1.6 0 0 0
c1  0.9418 34.5041  97.1336   22.2 22.4 83.9 968.8 144 2.0 0 0 0
c1  0.9428 34.5041  97.1334   22.2 22.2 83.6 968.8 242 1.3 0 0 0
c1  0.9505 34.5040  97.1330   22.2 22.1 83.7 968.8 266 2.9 0 1 0
c1  0.9515 34.5038  97.1324   22.2 22.1 83.8 968.7 243 1.1 0 0 0
c1  0.9525 34.5035  97.1316   22.3 21.9 83.5 968.5 150 2.1 0 0 0
c1  0.9537 34.5032  97.1306   22.3 21.9 80.9 968.5 192 4.0 0 0 0
c1  0.9545 34.5029  97.1298   22.3 22.0 81.1 968.3 190 4.5 0 0 0
c1  0.9555 34.5026  97.1289   22.4 22.1 76.5 968.0 136 0.4 1 0 0
c1  0.9565 34.5022  97.1279   22.3 22.3 79.3 967.6  95 1.7 1 0 0
c1  0.9575 34.5022  97.1271   22.3 22.4 83.4 967.3 111 4.9 0 1 0
c1  0.9585 34.5022  97.1264   22.4 22.3 83.1 967.4 135 5.0 0 0 0
c1  0.9595 34.5024  97.1257   22.4 22.1 83.1 967.5 149 2.8 0 0 0
c1  0.9672 34.5026  97.1250   22.4 22.4 83.3 967.5 152 1.2 0 0 0
c1  0.9682 34.5028  97.1244   22.4 22.2 83.2 967.5  33 0.3 0 0 0
c1  0.9692 34.5030  97.1237   22.3 22.1 83.3 967.4 140 1.6 0 0 0
c1  0.9702 34.5032  97.1231   22.4 22.2 83.1 967.4 195 1.2 0 0 0
c1  0.9712 34.5034  97.1225   22.4 22.1 83.2 967.3 107 2.5 0 0 0
c1  0.9722 34.5035  97.1220   22.4 22.4 83.2 967.2 149 3.9 0 0 0
c1  0.9732 34.5037  97.1214   22.4 22.2 83.2 967.2 188 1.7 0 0 0
c1  0.9742 34.5038  97.1209   22.4 21.9 83.3 967.2 157 0.6 0 0 0
c1  0.9752 34.5040  97.1203   22.4 22.2 75.5 967.2  68 1.1 1 0 0
c1  0.9762 34.5042  97.1198   22.4 22.3 78.3 967.2  66 0.8 1 0 0
c1  0.9838 34.5043  97.1193   22.4 22.2 83.1 967.2 197 0.7 0 0 0
c1  0.9848 34.5045  97.1188   22.4 22.5 83.2 967.1 267 0.9 0 0 0
c1  0.9858 34.5046  97.1182   22.4 22.3 83.0 967.1 322 0.3 0 0 0
c1  0.9868 34.5048  97.1176   22.4 22.2 83.0 967.2 165 1.2 0 0 0
c1  0.9878 34.5050  97.1169   22.4 22.1 83.2 967.2 224 0.9 0 0 0
c1  0.9888 34.5053  97.1162   22.4 22.1 83.1 967.2 110 1.1 0 0 0
c1  0.9898 34.5055  97.1154   22.4 22.2 83.0 967.2 181 1.6 0 0 0
c1  0.9908 34.5058  97.1146   22.4 22.0 83.1 967.0 192 0.9 0 0 0
c1  0.9918 34.5061  97.1137   22.4 22.3 80.8 966.9 109 0.8 0 0 0
c1  0.9928 34.5063  97.1129   22.4 22.3 80.6 967.0 107 0.8 0 0 0
c1  1.0005 34.5067  97.1120   22.4 22.1 78.0 967.0 191 1.6 1 0 0
c1  1.0015 34.5068  97.1111   22.4 22.1 83.1 966.9 211 1.6 0 1 0
c1  1.0025 34.5067  97.1101   22.4 22.1 83.1 967.0 185 2.9 0 0 0
c1  1.0035 34.5065  97.1092   22.4 22.2 83.0 966.8 142 4.1 0 0 0
c1  1.0045 34.5063  97.1083   22.4 22.6 83.2 966.8 157 6.2 0 0 0
c1  1.0055 34.5061  97.1072   22.4 22.0 83.2 966.8 167 3.5 0 0 0
c1  1.0065 34.5061  97.1062   22.3 22.3 83.2 966.7 158 4.5 0 0 0
c1  1.0075 34.5062  97.1050   22.4 22.1 83.1 966.7 181 3.9 0 0 0
c1  1.0085 34.5062  97.1038   22.4 22.1 82.9 966.6 157 6.2 0 0 0
c1  1.0095 34.5062  97.1024   22.4 22.1 82.9 966.5 159 5.3 0 0 0
c1  1.0172 34.5062  97.1011   22.4 22.3 76.8 966.4 155 6.0 1 0 0
c1  1.0182 34.5062  97.0997   22.4 22.1 81.0 966.3 147 5.4 0 0 0
c1  1.0192 34.5063  97.0984   22.4 22.5 83.0 966.1 139 4.7 0 0 0
c1  1.0202 34.5063  97.0972   22.3 22.2 82.8 965.9 130 4.7 0 0 0
c1  1.0212 34.5063  97.0961   22.3 22.3 80.3 965.6 111 7.7 0 1 0
c1  1.0222 34.5063  97.0957   22.4 22.3 80.4 965.4 117 11.3 0 1 0
c1  1.0232 34.5063  97.0956   22.3 22.1 82.9 965.4  77 3.3 0 0 0
c1  1.0242 34.5064  97.0959   22.3 22.0 83.0 965.4  89 6.0 0 1 0
c1  1.0252 34.5064  97.0969   22.3 22.5 83.0 965.5 101 9.8 0 1 0
c1  1.0262 34.5064  97.0983   22.2 22.0 82.9 965.6 122 7.4 0 1 0
c1  1.0338 34.5064  97.0999   22.3 22.0 82.8 965.9 129 5.4 0 0 0
c1  1.0348 34.5064  97.1015   22.4 22.1 82.8 966.1 145 3.5 0 0 0
c1  1.0358 34.5065  97.1031   22.3 22.2 82.9 966.3 147 4.6 0 0 0
c1  1.0368 34.5065  97.1046   22.3 22.1 83.2 966.4 145 3.8 0 0 0
c1  1.0378 34.5065  97.1060   22.3 22.1 83.2 966.5 163 3.5 0 0 0
c1  1.0388 34.5065  97.1074   22.4 22.1 83.2 966.5 145 3.5 0 0 0
c1  1.0398 34.5067  97.1088   22.3 22.3 83.0 966.5 169 4.3 0 1 0
c1  1.0408 34.5071  97.1100   22.3 22.2 83.0 966.6 143 4.0 0 0 0
c1  1.0418 34.5072  97.1113   22.3 22.2 83.1 966.6 148 1.6 0 1 0
c1  1.0428 34.5069  97.1125   22.4 21.9 83.0 966.6 207 1.6 0 1 0
c1  1.0505 34.5066  97.1135   22.4 22.4 83.0 966.7 215 2.9 0 0 0
c1  1.0515 34.5063  97.1143   22.4 22.0 83.0 966.8 223 0.8 0 0 0
c1  1.0525 34.5061  97.1151   22.4 22.4 83.1 966.8 239 2.1 0 0 0
c1  1.0535 34.5058  97.1158   22.4 22.0 83.2 966.9 213 0.9 0 0 0
c1  1.0545 34.5055  97.1166   22.4 22.2 78.3 967.0  72 0.6 1 0 0
c1  1.0555 34.5053  97.1174   22.4 22.2 83.3 967.0  82 0.4 0 0 0
c1  1.0565 34.5050  97.1182   22.4 22.2 83.3 967.0 182 1.0 0 0 0
c1  1.0575 34.5048  97.1189   22.4 22.2 83.1 966.9 174 2.6 0 0 0
c1  1.0585 34.5047  97.1193   22.4 22.2 83.1 967.0 245 7.6 0 1 0
c1  1.0595 34.5047  97.1193   22.4 22.4 83.1 967.0 224 4.3 0 0 0
c1  1.0672 34.5046  97.1196   22.4 22.0 83.0 967.1  72 5.5 0 1 0
c1  1.0682 34.5044  97.1202   22.4 22.4 83.0 967.0  70 3.4 0 1 0
c1  1.0692 34.5042  97.1210   22.4 22.0 83.0 967.0  87 1.8 0 0 0
c1  1.0702 34.5039  97.1218   22.4 22.4 83.1 967.1  99 0.3 0 0 0
c1  1.0712 34.5037  97.1226   22.4 22.2 83.1 967.0 158 1.2 0 0 0
c1  1.0722 34.5034  97.1235   22.4 22.2 83.1 967.1  65 0.6 0 0 0
c1  1.0732 34.5031  97.1244   22.4 22.2 83.1 967.2  81 1.3 0 0 0
c1  1.0742 34.5028  97.1253   22.4 21.9 83.1 967.2   2 0.7 0 0 0
c1  1.0752 34.5027  97.1260   22.4 22.3 83.2 967.3 257 5.0 0 1 0
c1  1.0762 34.5025  97.1262   22.4 22.2 83.2 967.3 158 2.6 0 1 0
c1  1.0838 34.5024  97.1263   22.4 22.2 83.2 967.3 251 2.5 0 1 0
c1  1.0848 34.5024  97.1265   22.4 21.9 83.3 967.4  92 0.8 0 0 0
c1  1.0858 34.5023  97.1265   22.4 22.4 83.5 967.4  51 1.5 0 1 0
c1  1.0868 34.5023  97.1264   22.4 22.2 83.2 967.4 113 3.0 0 0 0
c1  1.0878 34.5023  97.1264   22.4 21.8 83.2 967.4  62 1.7 0 0 0
