C1 20.0860  34.9857  101.9805     26.5   26.8   55.0 -999.9  140    9.2 0 0 0
C1 20.0868  34.9857  101.9821     26.5   27.2   55.0 -999.9  146    8.4 0 0 0
C1 20.0878  34.9857  101.9839     26.6   27.0   55.8 -999.9  141    8.3 0 0 0
C1 20.0888  34.9857  101.9857     26.6   27.0   56.2 -999.9  134    8.5 0 0 0
C1 20.0898  34.9857  101.9875     26.9   26.3   57.5 -999.9  147    9.4 0 0 0
C1 20.0908  34.9857  101.9893     27.0   26.8   55.9 -999.9  126    7.8 0 0 0
C1 20.0918  34.9854  101.9911     27.0   27.0   57.2 -999.9  127    8.3 0 1 0
C1 20.0928  34.9849  101.9929     27.0   26.5   56.1 -999.9  118    8.3 0 0 0
C1 20.1005  34.9845  101.9947     27.1   26.9   56.9 -999.9  134    7.7 0 0 0
C1 20.1015  34.9841  101.9965     27.1   26.6   56.1 -999.9  129    6.0 0 0 0
C1 20.1025  34.9837  101.9983     27.1   26.5   55.4 -999.9  142    9.3 0 0 0
C1 20.1035  34.9833  102.0001     27.0   27.1   55.8 -999.9  150   10.2 0 0 0
C1 20.1045  34.9828  102.0018     27.0   26.7   55.8 -999.9  146    9.9 0 0 0
C1 20.1055  34.9824  102.0036     27.1   26.6   55.8 -999.9  123    9.4 0 0 0
C1 20.1065  34.9820  102.0054     27.2   27.1   55.2 -999.9  111    8.1 0 0 0
C1 20.1075  34.9816  102.0072     27.1   27.3   55.5 -999.9  123    8.2 0 0 0
C1 20.1085  34.9812  102.0090     27.2   27.3   55.2 -999.9   89    7.2 0 0 0
C1 20.1095  34.9808  102.0107     27.2   27.3   55.1 -999.9  130    5.9 0 0 0
C1 20.1172  34.9804  102.0124     27.1   26.8   55.1 -999.9  135    8.9 0 0 0
C1 20.1182  34.9800  102.0141     27.1   27.1   55.4 -999.9  136    7.8 0 0 0
C1 20.1192  34.9796  102.0159     27.2   27.0   56.0 -999.9  135    7.5 0 0 0
C1 20.1202  34.9791  102.0177     27.2   26.7   55.1 -999.9  135    5.7 0 0 0
C1 20.1212  34.9787  102.0194     27.4   27.2   55.4 -999.9  153    9.0 0 0 0
C1 20.1222  34.9783  102.0211     27.4   27.0   54.2 -999.9  162    5.6 0 0 0
C1 20.1232  34.9779  102.0228     27.4   27.2   53.6 -999.9  165    9.3 0 0 0
C1 20.1242  34.9775  102.0245     27.2   26.8   53.5 -999.9  170    4.7 0 0 0
C1 20.1252  34.9771  102.0262     27.1   27.3   36.2 -999.9  148    8.7 1 0 0
C1 20.1262  34.9767  102.0279     27.1   27.4   53.8 -999.9  138    9.4 0 0 0
C1 20.1338  34.9763  102.0297     27.2   27.1   54.6 -999.9  130    8.8 0 0 0
C1 20.1348  34.9758  102.0315     27.3   27.4   55.3 -999.9  143    9.0 0 0 0
C1 20.1358  34.9754  102.0332     27.2   27.0   53.8 -999.9  146    8.3 0 0 0
C1 20.1368  34.9749  102.0351     27.2   27.0   54.9 -999.9  138    8.6 0 0 0
C1 20.1378  34.9745  102.0369     27.1   27.4   54.6 -999.9  136    8.5 0 0 0
C1 20.1388  34.9741  102.0386     27.1   27.1   54.6 -999.9  125    6.6 0 0 0
C1 20.1398  34.9736  102.0404     27.1   27.5   54.0 -999.9  133    9.7 0 0 0
C1 20.1408  34.9732  102.0422     27.1   27.1   40.7 -999.9  136    7.7 1 0 0
C1 20.1418  34.9727  102.0439     26.6   26.6   40.2 -999.9  136    6.7 1 0 0
C1 20.1428  34.9723  102.0457     27.4   27.2   54.3 -999.9  142    8.0 0 0 0
C1 20.1505  34.9719  102.0475     27.2   27.6   54.3 -999.9  137    7.8 0 0 0
C1 20.1515  34.9714  102.0493     27.2   27.1   54.5 -999.9  136    9.5 0 0 0
C1 20.1525  34.9710  102.0511     27.2   27.6   54.8 -999.9  137    8.2 0 0 0
C1 20.1535  34.9705  102.0530     27.2   26.8   54.8 -999.9  132    8.9 0 0 0
C1 20.1545  34.9701  102.0548     27.2   27.4   54.6 -999.9  125    8.4 0 0 0
C1 20.1555  34.9697  102.0567     27.2   27.3   54.6 -999.9  127    7.3 0 0 0
C1 20.1565  34.9692  102.0586     27.2   27.3   54.6 -999.9  133    9.2 0 0 0
C1 20.1575  34.9688  102.0604     27.2   27.3   55.2 -999.9  132    8.2 0 0 0
C1 20.1585  34.9683  102.0623     27.4   27.1   54.7 -999.9  140    9.4 0 0 0
C1 20.1595  34.9679  102.0641     27.2   27.6   52.5 -999.9  141    7.6 0 0 0
C1 20.1672  34.9675  102.0659     27.1   27.0   52.7 -999.9  143   10.0 0 0 0
C1 20.1682  34.9670  102.0677     27.1   27.0   53.0 -999.9  139    8.7 0 0 0
C1 20.1692  34.9666  102.0695     27.1   27.2   51.6 -999.9  146   10.7 0 0 0
C1 20.1702  34.9662  102.0713     27.1   27.1   51.6 -999.9  139    9.4 0 0 0
C1 20.1712  34.9657  102.0732     27.1   27.1   52.2 -999.9  132    9.4 0 0 0
C1 20.1722  34.9653  102.0751     27.0   27.6   53.0 -999.9  124    7.5 0 0 0
C1 20.1732  34.9649  102.0770     27.1   27.3   51.9 -999.9  142   10.3 0 0 0
C1 20.1742  34.9644  102.0789     27.0   27.0   52.1 -999.9  139    9.9 0 0 0
C1 20.1752  34.9640  102.0808     27.1   27.1   52.6 -999.9  136    8.1 0 0 0
C1 20.1762  34.9636  102.0827     27.1   27.4   53.9 -999.9  132    7.7 0 0 0
C1 20.1838  34.9631  102.0846     27.2   27.4   54.3 -999.9  150    8.4 0 0 0
C1 20.1848  34.9627  102.0865     27.1   27.2   54.8 -999.9  148    8.9 0 0 0
C1 20.1858  34.9623  102.0883     27.1   27.3   55.0 -999.9  155    8.0 0 0 0
C1 20.1868  34.9617  102.0901     27.1   27.4   55.6 -999.9  142    7.3 0 0 0
C1 20.1878  34.9611  102.0918     27.1   27.4   55.6 -999.9  153   10.9 0 0 0
C1 20.1888  34.9603  102.0933     27.1   27.6   54.7 -999.9  152    8.1 0 0 0
C1 20.1898  34.9596  102.0949     27.0   27.5   53.7 -999.9  141    8.0 0 0 0
C1 20.1908  34.9588  102.0966     26.9   26.6   54.0 -999.9  127    6.8 0 0 0
C1 20.1918  34.9581  102.0982     27.0   27.3   55.9 -999.9  127    7.1 0 0 0
C1 20.1928  34.9573  102.0998     27.0   27.3   55.7 -999.9  149    6.2 0 0 0
C1 20.2005  34.9566  102.1013     27.0   27.6   54.1 -999.9  148    7.7 0 0 0
C1 20.2015  34.9559  102.1028     26.9   27.3   55.4 -999.9  133    6.1 0 0 0
C1 20.2025  34.9552  102.1044     26.9   27.1   55.3 -999.9  134    7.5 0 0 0
C1 20.2035  34.9545  102.1059     26.8   26.8   55.0 -999.9  129    7.9 0 0 0
C1 20.2045  34.9538  102.1074     26.9   27.2   56.2 -999.9  141    7.7 0 0 0
C1 20.2055  34.9531  102.1089     27.0   27.4   54.4 -999.9  142    5.2 0 0 0
C1 20.2065  34.9524  102.1105     26.9   27.0   53.0 -999.9  145    6.8 0 0 0
C1 20.2075  34.9517  102.1121     26.8   27.4   53.8 -999.9  151    7.1 0 0 0
C1 20.2085  34.9511  102.1137     26.8   27.1   53.9 -999.9  146    7.6 0 0 0
C1 20.2095  34.9504  102.1154     26.6   27.1   53.9 -999.9  141    6.1 0 0 0
C1 20.2172  34.9496  102.1170     26.6   27.4   54.3 -999.9  134    8.6 0 0 0
C1 20.2182  34.9489  102.1186     26.7   26.9   55.5 -999.9  140    8.7 0 0 0
C1 20.2192  34.9481  102.1202     26.7   27.3   55.7 -999.9  146    7.9 0 0 0
C1 20.2202  34.9474  102.1218     26.7   27.2   55.3 -999.9  143    9.4 0 0 0
C1 20.2212  34.9466  102.1235     26.7   26.6   55.0 -999.9  138    9.8 0 0 0
C1 20.2222  34.9458  102.1251     26.8   26.9   55.2 -999.9  132    9.1 0 0 0
C1 20.2232  34.9450  102.1267     26.9   26.9   56.5 -999.9  138   10.1 0 0 0
C1 20.2242  34.9443  102.1283     26.9   26.7   56.3 -999.9  129    9.8 0 0 0
C1 20.2252  34.9435  102.1299     26.9   26.8   57.1 -999.9  131    9.8 0 0 0
C1 20.2262  34.9427  102.1316     27.0   27.2   56.3 -999.9  143    8.9 0 0 0
C1 20.2338  34.9420  102.1332     27.0   27.2   55.8 -999.9  148    6.6 0 0 0
C1 20.2348  34.9412  102.1348     27.9   27.2   55.5 -999.9  146    8.0 0 0 0
C1 20.2358  34.9404  102.1365     27.1   27.3   56.1 -999.9  147    8.0 0 0 0
C1 20.2368  34.9397  102.1381     27.2   27.1   56.1 -999.9  142    7.0 0 0 0
C1 20.2378  34.9389  102.1398     27.2   26.7   56.5 -999.9  155    7.7 0 0 0
C1 20.2388  34.9381  102.1414     27.1   27.3   54.6 -999.9  149    8.0 0 0 0
C1 20.2398  34.9373  102.1431     27.0   27.1   55.9 -999.9  152    7.6 0 0 0
C1 20.2408  34.9365  102.1447     27.0   26.6   53.7 -999.9  144    8.7 0 0 0
C1 20.2418  34.9358  102.1464     27.1   26.9   54.1 -999.9  139    8.4 0 0 0
C1 20.2428  34.9350  102.1481     27.1   27.4   55.2 -999.9  142    7.2 0 0 0
C1 20.2505  34.9342  102.1498     27.1   27.7   54.7 -999.9  140    9.0 0 0 0
C1 20.2515  34.9333  102.1515     27.1   27.3   55.0 -999.9  132    9.0 0 0 0
C1 20.2525  34.9325  102.1532     27.1   26.8   56.1 -999.9  143    7.1 0 0 0
C1 20.2535  34.9317  102.1549     27.1   26.9   54.9 -999.9  148    9.1 0 0 0
C1 20.2545  34.9309  102.1566     27.1   27.4   54.1 -999.9  144   10.0 0 0 0
C1 20.2555  34.9301  102.1583     27.2   26.8   54.0 -999.9  131   10.2 0 0 0
C1 20.2565  34.9293  102.1601     27.2   27.3   55.2 -999.9  136    9.4 0 0 0
C1 20.2575  34.9285  102.1618     27.2   26.9   50.2 -999.9  147   11.4 0 0 0
C1 20.2585  34.9277  102.1635     27.2   27.2   53.7 -999.9  142    8.7 0 0 0
C1 20.2595  34.9268  102.1653     27.1   27.5   43.8 -999.9  129   10.2 1 0 0
C1 20.2672  34.9260  102.1671     27.2   27.3   55.1 -999.9  132    8.4 0 0 0
C1 20.2682  34.9252  102.1688     27.2   26.9   54.2 -999.9  138    8.0 0 0 0
C1 20.2692  34.9243  102.1705     27.1   27.2   54.3 -999.9  136    9.3 0 0 0
C1 20.2702  34.9235  102.1721     27.1   26.7   54.7 -999.9  151    8.3 0 0 0
C1 20.2712  34.9227  102.1737     27.1   27.0   53.9 -999.9  144   10.4 0 0 0
C1 20.2722  34.9220  102.1753     27.1   26.9   52.8 -999.9  149    7.2 0 0 0
C1 20.2732  34.9212  102.1769     27.1   27.3   53.4 -999.9  139    9.4 0 0 0
C1 20.2742  34.9204  102.1785     27.2   27.0   53.8 -999.9  138    8.4 0 0 0
C1 20.2752  34.9197  102.1801     27.2   27.6   53.8 -999.9  143    8.5 0 0 0
C1 20.2762  34.9189  102.1817     27.3   27.4   53.4 -999.9  138    9.1 0 0 0
C1 20.2838  34.9181  102.1833     27.4   27.3   52.9 -999.9  135   10.0 0 0 0
C1 20.2848  34.9173  102.1849     27.2   27.7   53.1 -999.9  137    7.2 0 0 0
C1 20.2858  34.9166  102.1865     27.2   27.3   52.3 -999.9  131    9.6 0 0 0
C1 20.2868  34.9158  102.1882     27.2   26.9   52.3 -999.9  129   10.1 0 0 0
C1 20.2878  34.9150  102.1898     27.5   27.2   52.5 -999.9  129    7.8 0 0 0
C1 20.2888  34.9142  102.1915     27.4   26.8   52.6 -999.9  117    6.5 0 0 0
C1 20.2898  34.9134  102.1932     27.4   27.4   52.7 -999.9  129    8.3 0 0 0
C1 20.2908  34.9126  102.1949     27.5   27.2   52.6 -999.9  133    9.9 0 0 0
C1 20.2918  34.9118  102.1965     27.5   27.5   52.5 -999.9  133    7.1 0 0 0
C1 20.2928  34.9110  102.1982     27.5   26.6   52.3 -999.9  128    8.9 0 0 0
C1 20.3005  34.9102  102.1998     27.7   27.2   52.4 -999.9  135    9.3 0 0 0
C1 20.3015  34.9094  102.2014     27.5   27.5   50.6 -999.9  146    7.5 0 0 0
C1 20.3025  34.9087  102.2030     27.4   27.1   49.7 -999.9  157    5.6 0 0 0
C1 20.3035  34.9080  102.2045     27.4   27.3   49.6 -999.9  138    5.7 0 0 0
C1 20.3045  34.9072  102.2061     27.4   27.8   50.2 -999.9  139    9.9 0 0 0
C1 20.3055  34.9065  102.2077     27.2   27.5   50.2 -999.9  133    8.2 0 0 0
C1 20.3065  34.9057  102.2094     27.4   27.5   50.7 -999.9  138    9.5 0 0 0
C1 20.3075  34.9049  102.2110     27.3   27.5   50.7 -999.9  129    6.7 0 0 0
C1 20.3085  34.9041  102.2127     27.2   27.4   50.6 -999.9  150    6.3 0 0 0
C1 20.3095  34.9034  102.2143     27.2   27.2   50.6 -999.9  137    7.2 0 0 0
C1 20.3172  34.9026  102.2159     27.1   27.7   51.1 -999.9  131    7.2 0 0 0
C1 20.3182  34.9018  102.2175     27.1   27.5   52.0 -999.9  130    8.9 0 0 0
C1 20.3192  34.9010  102.2191     27.1   27.2   52.4 -999.9  130    7.2 0 0 0
C1 20.3202  34.9003  102.2207     27.1   27.5   54.0 -999.9  133    9.2 0 0 0
C1 20.3212  34.8995  102.2223     27.1   27.3   53.2 -999.9  136    9.9 0 0 0
C1 20.3222  34.8988  102.2239     27.1   27.4   53.4 -999.9  138    8.5 0 0 0
C1 20.3232  34.8980  102.2255     27.1   27.5   53.0 -999.9  129    8.9 0 0 0
C1 20.3242  34.8972  102.2272     27.0   27.8   53.5 -999.9  132    8.6 0 0 0
C1 20.3252  34.8965  102.2288     27.0   27.6   53.5 -999.9  124    8.9 0 0 0
C1 20.3262  34.8957  102.2305     27.0   27.3   53.4 -999.9  131    9.7 0 0 0
C1 20.3338  34.8949  102.2321     26.9   26.9   53.3 -999.9  129    8.3 0 0 0
C1 20.3348  34.8941  102.2337     27.0   27.2   53.4 -999.9  136   10.2 0 0 0
C1 20.3358  34.8934  102.2353     27.1   27.2   51.0 -999.9  140    8.1 0 0 0
C1 20.3368  34.8926  102.2369     27.0   27.4   50.9 -999.9  136    8.1 0 0 0
C1 20.3378  34.8918  102.2386     27.0   27.1   51.7 -999.9  130    9.2 0 0 0
C1 20.3388  34.8910  102.2402     27.0   27.2   52.3 -999.9  123    6.6 0 0 0
C1 20.3398  34.8902  102.2419     27.0   27.4   52.7 -999.9  136    8.3 0 0 0
C1 20.3408  34.8894  102.2435     27.2   27.3   51.8 -999.9  151    6.4 0 0 0
C1 20.3418  34.8886  102.2451     27.2   27.7   52.1 -999.9  139    5.8 0 0 0
C1 20.3428  34.8879  102.2468     27.2   27.3   52.2 -999.9  145    7.6 0 0 0
C1 20.3505  34.8871  102.2484     27.3   27.2   51.9 -999.9  139    6.4 0 0 0
C1 20.3515  34.8863  102.2501     27.4   27.2   52.5 -999.9  136    8.2 0 0 0
C1 20.3525  34.8855  102.2517     27.2   27.1   52.6 -999.9  123    6.1 0 0 0
C1 20.3535  34.8847  102.2533     27.4   27.4   53.3 -999.9  144    5.7 0 0 0
C1 20.3545  34.8840  102.2549     27.3   27.5   53.0 -999.9  149    9.5 0 0 0
C1 20.3555  34.8832  102.2565     27.2   27.6   52.7 -999.9  135    8.4 0 0 0
C1 20.3565  34.8824  102.2581     27.1   27.7   52.2 -999.9  141    9.0 0 0 0
C1 20.3575  34.8817  102.2596     27.1   27.4   52.8 -999.9  138    8.6 0 0 0
C1 20.3585  34.8809  102.2612     27.1   26.9   52.8 -999.9  130   10.1 0 0 0
C1 20.3595  34.8802  102.2628     27.1   27.3   54.2 -999.9  139    7.5 0 0 0
C1 20.3672  34.8794  102.2644     27.1   27.5   53.8 -999.9  139    7.6 0 0 0
C1 20.3682  34.8787  102.2660     27.1   27.6   54.2 -999.9  135    9.1 0 0 0
C1 20.3692  34.8779  102.2676     27.0   27.6   54.0 -999.9  131   10.4 0 0 0
C1 20.3702  34.8772  102.2692     27.1   26.9   55.5 -999.9  130    8.6 0 0 0
C1 20.3712  34.8764  102.2708     27.1   27.2   55.2 -999.9  133    8.7 0 0 0
C1 20.3722  34.8757  102.2724     27.1   27.2   54.8 -999.9  128    8.1 0 0 0
C1 20.3732  34.8749  102.2741     27.1   27.2   54.5 -999.9  133    9.0 0 0 0
C1 20.3742  34.8742  102.2757     27.2   27.2   54.8 -999.9  138    9.1 0 0 0
C1 20.3752  34.8734  102.2773     27.4   27.0   55.0 -999.9  141    9.2 0 0 0
C1 20.3762  34.8727  102.2789     27.3   27.4   54.7 -999.9  135    8.7 0 0 0
C1 20.3838  34.8719  102.2805     27.2   27.4   53.5 -999.9  123    9.2 0 0 0
C1 20.3848  34.8712  102.2821     27.2   27.4   53.9 -999.9  115    6.2 0 0 0
C1 20.3858  34.8704  102.2838     27.3   27.2   53.3 -999.9  130    7.6 0 0 0
C1 20.3868  34.8696  102.2854     27.3   27.4   53.4 -999.9  114    2.3 0 0 0
C1 20.3878  34.8688  102.2871     27.1   27.3   54.5 -999.9  131    4.0 0 0 0
C1 20.3888  34.8680  102.2887     27.2   27.2   54.4 -999.9  137    4.2 0 0 0
C1 20.3898  34.8673  102.2904     27.1   27.7   54.2 -999.9  120    2.4 0 0 0
C1 20.3908  34.8665  102.2920     27.1   28.0   53.1 -999.9  106    3.0 0 0 0
C1 20.3918  34.8657  102.2936     27.2   27.0   53.0 -999.9  131    2.4 0 0 0
C1 20.3928  34.8650  102.2952     27.2   27.6   52.9 -999.9  125    5.3 0 0 0
C1 20.4005  34.8642  102.2968     27.1   27.4   54.0 -999.9  120    7.2 0 0 0
C1 20.4015  34.8635  102.2984     27.1   27.5   54.9 -999.9  127    7.4 0 0 0
C1 20.4025  34.8627  102.3000     27.1   27.2   54.7 -999.9  133    5.4 0 0 0
C1 20.4035  34.8620  102.3016     27.1   27.0   54.7 -999.9  141    7.1 0 0 0
C1 20.4045  34.8612  102.3032     27.1   27.3   54.5 -999.9  130    9.7 0 0 0
C1 20.4055  34.8605  102.3047     27.2   27.4   55.2 -999.9  130    7.9 0 0 0
C1 20.4065  34.8597  102.3062     27.2   27.4   54.8 -999.9  136   13.5 0 0 0
C1 20.4075  34.8590  102.3078     27.2   27.1   54.4 -999.9  137   10.4 0 0 0
C1 20.4085  34.8582  102.3093     27.1   27.6   53.8 -999.9  126    9.6 0 0 0
C1 20.4095  34.8574  102.3109     27.3   27.3   53.8 -999.9  134   10.2 0 0 0
C1 20.4172  34.8567  102.3124     27.3   27.3   53.7 -999.9  125    9.9 0 0 0
C1 20.4182  34.8559  102.3140     27.4   27.6   53.4 -999.9  118    9.5 0 0 0
C1 20.4192  34.8551  102.3156     27.4   27.0   53.1 -999.9  121   11.2 0 0 0
C1 20.4202  34.8543  102.3173     27.5   26.9   53.6 -999.9  118   11.0 0 0 0
C1 20.4212  34.8536  102.3189     27.5   27.1   54.0 -999.9  119    8.0 0 0 0
C1 20.4222  34.8528  102.3205     27.5   27.3   53.8 -999.9  142    7.7 0 0 0
C1 20.4232  34.8521  102.3221     27.6   27.5   52.7 -999.9  140    7.8 0 0 0
C1 20.4242  34.8513  102.3236     27.4   27.3   52.4 -999.9  132    9.2 0 0 0
C1 20.4252  34.8505  102.3252     27.4   27.8   52.8 -999.9  126    8.5 0 0 0
C1 20.4262  34.8498  102.3268     27.6   27.4   54.2 -999.9  132    9.2 0 0 0
C1 20.4338  34.8490  102.3285     27.6   27.6   53.2 -999.9  126    7.2 0 0 0
C1 20.4348  34.8482  102.3301     27.5   27.3   53.2 -999.9  130    4.1 0 0 0
C1 20.4358  34.8474  102.3318     27.5   27.6   52.0 -999.9  139    5.0 0 0 0
C1 20.4368  34.8467  102.3334     27.2   27.2   51.6 -999.9  131    5.6 0 0 0
C1 20.4378  34.8459  102.3350     27.2   26.9   52.1 -999.9  136    7.0 0 0 0
C1 20.4388  34.8451  102.3367     27.1   27.4   51.7 -999.9  133    9.4 0 0 0
C1 20.4398  34.8444  102.3382     27.1   27.3   52.0 -999.9  133    8.1 0 0 0
C1 20.4408  34.8436  102.3398     27.0   27.4   51.9 -999.9  126    8.6 0 0 0
C1 20.4418  34.8428  102.3415     27.0   27.6   51.6 -999.9  125    9.9 0 0 0
C1 20.4428  34.8421  102.3431     26.9   27.6   52.7 -999.9  129    9.0 0 0 0
C1 20.4505  34.8413  102.3447     27.0   27.5   52.5 -999.9  145    5.6 0 0 0
C1 20.4515  34.8406  102.3462     27.0   27.3   52.2 -999.9  149    8.9 0 0 0
C1 20.4525  34.8399  102.3477     27.0   27.2   52.2 -999.9  139   10.1 0 0 0
C1 20.4535  34.8391  102.3493     27.0   27.6   52.7 -999.9  133    8.3 0 0 0
C1 20.4545  34.8384  102.3508     27.0   27.1   53.0 -999.9  132    9.4 0 0 0
C1 20.4555  34.8376  102.3524     27.0   27.2   53.7 -999.9  131    7.1 0 0 0
C1 20.4565  34.8369  102.3540     27.1   27.5   53.5 -999.9  133    8.6 0 0 0
C1 20.4575  34.8362  102.3555     27.1   27.0   53.5 -999.9  126    6.5 0 0 0
C1 20.4585  34.8355  102.3570     27.1   27.5   53.8 -999.9  145    8.3 0 0 0
C1 20.4595  34.8347  102.3585     27.2   27.0   52.9 -999.9  137    9.8 0 0 0
C1 20.4672  34.8340  102.3600     27.2   27.6   52.3 -999.9  141    8.3 0 0 0
C1 20.4682  34.8333  102.3615     27.2   27.6   52.4 -999.9  143    9.4 0 0 0
C1 20.4692  34.8326  102.3629     27.3   27.6   51.7 -999.9  141   11.1 0 0 0
C1 20.4702  34.8319  102.3644     27.2   27.2   51.8 -999.9  140    9.0 0 0 0
C1 20.4712  34.8312  102.3658     27.1   27.6   52.2 -999.9  130    9.2 0 0 0
C1 20.4722  34.8306  102.3672     27.1   27.2   52.2 -999.9  145    9.3 0 0 0
C1 20.4732  34.8299  102.3685     27.1   26.8   52.2 -999.9  146    4.7 0 0 0
C1 20.4742  34.8292  102.3697     27.1   27.3   51.6 -999.9  143    7.2 0 0 0
C1 20.4752  34.8285  102.3709     27.0   27.3   52.0 -999.9  133    5.7 0 0 0
C1 20.4762  34.8280  102.3722     27.1   27.3   51.7 -999.9  126    6.6 0 0 0
C1 20.4838  34.8274  102.3733     27.2   27.3   51.6 -999.9  123    5.9 0 0 0
C1 20.4848  34.8268  102.3745     27.2   27.2   51.8 -999.9  127    8.6 0 0 0
C1 20.4858  34.8263  102.3756     27.2   27.7   51.1 -999.9  124    8.2 0 0 0
C1 20.4868  34.8257  102.3768     27.3   27.4   51.8 -999.9  114    5.6 0 0 0
C1 20.4878  34.8251  102.3779     27.2   27.7   52.2 -999.9  121    4.4 0 0 0
C1 20.4888  34.8246  102.3791     27.3   26.9   52.3 -999.9  131    4.2 0 0 0
C1 20.4898  34.8242  102.3799     27.3   27.4   52.3 -999.9  180    7.1 0 1 0
C1 20.4908  34.8237  102.3807     27.3   27.7   52.7 -999.9   84    6.7 0 1 0
C1 20.4918  34.8233  102.3817     27.2   27.5   53.1 -999.9   94    6.3 0 0 0
C1 20.4928  34.8227  102.3829     27.3   27.4   52.5 -999.9   92    2.8 0 0 0
C1 20.5005  34.8222  102.3839     27.5   27.3   52.5 -999.9  142    4.7 0 0 0
C1 20.5015  34.8217  102.3849     27.5   27.3   53.0 -999.9  140    7.1 0 0 0
C1 20.5025  34.8213  102.3859     27.5   27.1   52.2 -999.9  137    5.8 0 0 0
C1 20.5035  34.8208  102.3870     27.5   27.3   52.4 -999.9  120    4.7 0 0 0
C1 20.5045  34.8203  102.3881     27.5   27.0   53.0 -999.9  140    6.0 0 0 0
C1 20.5055  34.8197  102.3892     27.5   27.4   52.4 -999.9  152    5.7 0 0 0
C1 20.5065  34.8192  102.3902     27.4   27.5   51.8 -999.9  143    5.7 0 0 0
C1 20.5075  34.8188  102.3912     27.4   27.7   52.7 -999.9  148    2.8 0 0 0
C1 20.5085  34.8183  102.3922     27.5   27.4   52.6 -999.9  162    3.6 0 0 0
C1 20.5095  34.8180  102.3929     27.5   27.8   52.0 -999.9  158    7.3 0 1 0
C1 20.5172  34.8176  102.3937     27.5   27.5   51.5 -999.9  119    5.8 0 0 0
C1 20.5182  34.8172  102.3945     27.4   27.3   51.2 -999.9  155    5.7 0 0 0
C1 20.5192  34.8171  102.3949     27.4   27.5   51.8 -999.9  214    8.2 0 1 0
C1 20.5202  34.8170  102.3951     27.4   27.5   51.8 -999.9  158    4.0 0 0 0
C1 20.5212  34.8169  102.3952     27.3   27.7   51.8 -999.9  152    6.2 0 0 0
C1 20.5222  34.8169  102.3952     27.3   27.5   51.7 -999.9  115    6.7 0 0 0
C1 20.5232  34.8158  102.3945     27.3   27.0   37.1 -999.9  346    6.0 0 0 0
C1 20.5242  34.8171  102.3951     27.3   27.6   51.8 -999.9  132    6.6 0 0 0
C1 20.5252  34.8171  102.3951     27.3   27.2   51.9 -999.9  149    6.4 0 0 0
C1 20.5262  34.8171  102.3951     27.3   27.7   50.7 -999.9  149    5.3 0 0 0
C1 20.5338  34.8171  102.3953     27.3   27.5   50.5 -999.9  172    9.3 0 0 0
C1 20.5348  34.8171  102.3952     27.3   27.7   50.9 -999.9  172    8.2 0 0 0
C1 20.5358  34.8170  102.3952     27.4   27.3   50.0 -999.9  161    6.7 0 0 0
C1 20.5368  34.8170  102.3952     27.5   27.6   50.7 -999.9  141    6.1 0 0 0
C1 20.5378  34.8168  102.3953     27.5   27.4   51.2 -999.9  126    3.8 0 1 0
C1 20.5388  34.8165  102.3960     27.7   27.6   50.9 -999.9   88    7.4 0 1 0
C1 20.5398  34.8160  102.3969     27.5   27.3   49.8 -999.9   97    4.1 0 0 0
C1 20.5408  34.8156  102.3978     27.5   27.8   49.9 -999.9   87    4.0 0 0 0
C1 20.5418  34.8152  102.3987     27.6   27.6   50.6 -999.9  120    5.2 0 0 0
C1 20.5428  34.8147  102.3996     27.7   27.8   51.2 -999.9  100    1.3 0 0 0
C1 20.5505  34.8143  102.4005     27.5   27.9   50.4 -999.9  127    0.2 0 0 0
C1 20.5515  34.8138  102.4014     27.8   27.4   50.8 -999.9   23    0.6 0 0 0
C1 20.5525  34.8134  102.4023     27.8   27.3   50.2 -999.9   65    3.5 0 0 0
C1 20.5535  34.8130  102.4032     27.8   27.4   49.9 -999.9   94    2.7 0 0 0
C1 20.5545  34.8126  102.4040     27.9   27.1   50.2 -999.9   76    3.0 0 0 0
C1 20.5555  34.8124  102.4044     27.8   28.0   50.5 -999.9  319    1.9 0 1 0
C1 20.5565  34.8123  102.4046     27.5   27.4   50.1 -999.9  299    3.9 0 0 0
C1 20.5575  34.8122  102.4050     27.5   27.8   49.8 -999.9   20    2.3 0 1 0
C1 20.5585  34.8121  102.4054     27.5   27.9   49.9 -999.9  221    8.8 0 1 0
C1 20.5595  34.8120  102.4055     27.5   27.4   49.8 -999.9  183    4.3 0 1 0
C1 20.5672  34.8120  102.4057     27.6   27.2   49.8 -999.9  126    2.7 0 0 0
C1 20.5682  34.8121  102.4058     27.6   27.4   49.6 -999.9  259    0.8 0 0 0
C1 20.5692  34.8121  102.4058     27.6   27.9   49.2 -999.9  313    0.7 1 0 1
C1 20.5702  34.8121  102.4058     27.6   27.4   50.2 -999.9  110    1.0 0 0 0
C1 20.5712  34.8121  102.4058     27.8   27.5   50.2 -999.9  112    1.8 0 0 0
C1 20.5723  34.8121  102.4058     27.8   27.3   50.4 -999.9   96    1.4 0 0 0
C1 20.5733  34.8121  102.4058     27.8   27.6   50.3 -999.9  121    1.1 0 0 0
C1 20.5743  34.8121  102.4058     27.9   27.6   50.3 -999.9  114    1.7 0 0 0
C1 20.5752  34.8121  102.4058     27.8   27.4   50.3 -999.9  129    2.1 0 0 0
C1 20.5763  34.8121  102.4058     27.8   27.8   50.8 -999.9   87    2.8 0 0 0
C1 20.5838  34.8121  102.4058     27.8   28.2   50.4 -999.9   96    2.7 0 0 0
C1 20.5848  34.8125  102.4059     27.8   27.9   50.6 -999.9  114    3.3 0 0 0
C1 20.5860  34.8122  102.4059     27.9   27.9   51.0 -999.9  122    2.7 0 0 0
C1 20.5868  34.8122  102.4059     27.9   27.6   50.7 -999.9  108    4.6 0 0 0
C1 20.5878  34.8122  102.4059     28.0   27.7   50.3 -999.9  107    6.7 0 0 0
C1 20.5888  34.8122  102.4058     28.0   27.9   50.3 -999.9  127    2.1 0 0 0
C1 20.5898  34.8125  102.4060     28.0   28.1   50.5 -999.9  109    3.5 0 0 0
C1 20.5908  34.8125  102.4060     27.9   28.0   50.4 -999.9  118    1.5 0 0 0
C1 20.5918  34.8124  102.4060     27.8   27.5   50.2 -999.9  116    1.1 0 0 0
C1 20.5928  34.8124  102.4060     27.8   27.8   50.5 -999.9  127    2.7 0 0 0
C1 20.6005  34.8122  102.4059     27.8   28.0   50.2 -999.9  105    2.4 0 0 0
C1 20.6015  34.8122  102.4059     27.8   27.7   50.4 -999.9  109    6.7 0 0 0
C1 20.6025  34.8122  102.4059     27.8   28.1   50.2 -999.9  103    5.6 0 0 0
C1 20.6035  34.8122  102.4059     27.9   27.7   49.6 -999.9   88    5.7 0 0 0
C1 20.6045  34.8122  102.4059     27.9   27.9   49.5 -999.9  108    5.5 0 0 0
C1 20.6055  34.8122  102.4059     27.9   27.9   49.8 -999.9   99    3.4 0 0 0
C1 20.6065  34.8122  102.4059     27.8   27.8   49.9 -999.9  103    4.0 0 0 0
C1 20.6075  34.8122  102.4059     27.8   27.6   49.3 -999.9  127    5.5 0 0 0
C1 20.6085  34.8123  102.4058     27.8   28.0   48.9 -999.9   95    5.0 0 0 0
C1 20.6095  34.8123  102.4057     27.5   27.9   48.6 -999.9  103    4.5 0 0 0
C1 20.6172  34.8122  102.4057     27.5   27.7   48.5 -999.9  120    3.6 0 0 0
C1 20.6182  34.8121  102.4057     27.3   27.9   48.5 -999.9  138    6.1 0 0 0
C1 20.6192  34.8121  102.4057     27.2   28.2   48.8 -999.9  145    5.9 0 0 0
C1 20.6202  34.8121  102.4056     27.1   27.9   48.6 -999.9  139    4.6 0 0 0
C1 20.6212  34.8121  102.4056     27.1   27.9   48.8 -999.9  156    3.0 0 0 0
C1 20.6222  34.8120  102.4056     27.1   27.9   48.7 -999.9  169    5.0 0 0 0
C1 20.6232  34.8120  102.4056     27.1   27.8   48.8 -999.9  145    5.9 0 0 0
C1 20.6242  34.8120  102.4056     27.1   28.0   48.9 -999.9  124    5.5 0 0 0
C1 20.6252  34.8120  102.4055     27.1   27.3   49.0 -999.9  152    5.4 0 0 0
C1 20.6262  34.8119  102.4055     27.1   27.6   49.1 -999.9  142    3.5 0 0 0
C1 20.6338  34.8119  102.4055     27.1   27.7   49.2 -999.9  127    2.3 0 0 0
C1 20.6348  34.8119  102.4055     27.1   27.7   49.3 -999.9  105    3.6 0 0 0
C1 20.6358  34.8119  102.4055     27.1   27.9   49.6 -999.9  153    3.5 0 0 0
C1 20.6368  34.8118  102.4054     27.1   27.7   49.7 -999.9  161    4.2 0 0 0
C1 20.6378  34.8118  102.4054     27.2   27.6   49.6 -999.9  164    2.9 0 0 0
C1 20.6388  34.8118  102.4054     27.3   27.7   49.6 -999.9  142    2.8 0 0 0
C1 20.6398  34.8118  102.4054     27.2   26.9   49.6 -999.9  136    5.1 0 0 0
C1 20.6408  34.8117  102.4054     27.1   27.6   49.6 -999.9  126    4.3 0 0 0
C1 20.6418  34.8117  102.4054     27.1   27.8   49.8 -999.9  136    4.3 0 0 0
C1 20.6428  34.8117  102.4054     27.1   27.9   50.2 -999.9  136    4.9 0 0 0
C1 20.6505  34.8117  102.4053     27.2   27.6   50.5 -999.9  158    4.9 0 0 0
C1 20.6515  34.8117  102.4053     27.3   27.7   50.5 -999.9  162    3.8 0 0 0
C1 20.6525  34.8117  102.4053     27.3   27.9   50.3 -999.9  139    2.7 0 0 0
C1 20.6535  34.8116  102.4053     27.1   27.6   50.0 -999.9  132    2.4 0 0 0
C1 20.6545  34.8116  102.4053     27.1   28.0   50.0 -999.9  139    5.1 0 0 0
C1 20.6555  34.8116  102.4053     27.1   27.6   50.2 -999.9  169    4.0 0 0 0
C1 20.6565  34.8116  102.4053     27.1   27.6   50.8 -999.9  151    5.9 0 0 0
C1 20.6575  34.8116  102.4053     27.1   27.6   50.8 -999.9  163    7.7 0 0 0
C1 20.6585  34.8116  102.4052     27.1   27.7   50.6 -999.9  136    7.5 0 0 0
C1 20.6595  34.8116  102.4052     27.1   27.4   50.3 -999.9  117    4.7 0 0 0
C1 20.6672  34.8115  102.4052     27.1   28.0   50.4 -999.9   96    2.5 0 0 0
C1 20.6682  34.8115  102.4052     27.1   27.6   50.4 -999.9  139    4.4 0 0 0
C1 20.6692  34.8115  102.4052     27.0   27.7   50.5 -999.9  135    5.3 0 0 0
C1 20.6702  34.8115  102.4052     27.0   27.7   50.5 -999.9  152    6.9 0 0 0
C1 20.6712  34.8115  102.4052     27.0   27.8   50.9 -999.9  150    5.8 0 0 0
C1 20.6722  34.8115  102.4052     27.1   27.3   50.9 -999.9  152    4.6 0 0 0
C1 20.6732  34.8115  102.4052     27.1   27.5   50.8 -999.9  179    3.6 0 0 0
C1 20.6742  34.8115  102.4052     27.1   27.7   51.2 -999.9  155    6.2 0 0 0
C1 20.6752  34.8115  102.4051     27.1   27.8   51.2 -999.9  151    6.2 0 0 0
C1 20.6762  34.8115  102.4051     27.1   27.8   51.0 -999.9  127    2.8 0 0 0
C1 20.6838  34.8115  102.4051     27.1   27.7   51.0 -999.9  123    4.5 0 0 0
C1 20.6848  34.8115  102.4052     27.1   27.8   51.0 -999.9   66    5.7 0 0 0
C1 20.6858  34.8115  102.4052     27.1   27.6   50.8 -999.9   93    3.7 0 0 0
C1 20.6868  34.8115  102.4052     27.1   27.8   51.2 -999.9   89    2.3 0 0 0
C1 20.6878  34.8115  102.4052     27.2   27.6   50.9 -999.9  114    1.8 0 0 0
C1 20.6888  34.8115  102.4052     27.3   27.5   51.5 -999.9  172    2.8 0 0 0
C1 20.6898  34.8115  102.4052     27.4   27.4   51.6 -999.9  124    4.0 0 0 0
C1 20.6908  34.8115  102.4052     27.3   27.4   51.7 -999.9  152    3.3 0 0 0
C1 20.6918  34.8115  102.4052     27.3   27.3   51.5 -999.9  121    6.9 0 0 0
C1 20.6928  34.8115  102.4052     27.2   27.6   51.2 -999.9  157    5.5 0 0 0
C1 20.7008  34.8115  102.4053     27.1   27.6   51.0 -999.9  168    5.4 0 0 0
C1 20.7015  34.8115  102.4053     27.1   27.2   51.2 -999.9  155    6.5 0 0 0
C1 20.7025  34.8115  102.4053     27.1   27.4   51.3 -999.9  128    6.4 0 0 0
C1 20.7035  34.8115  102.4053     27.1   27.4   51.3 -999.9  127    6.8 0 0 0
C1 20.7045  34.8115  102.4054     27.1   27.6   51.4 -999.9  140    6.2 0 0 0
C1 20.7055  34.8115  102.4054     27.1   27.3   51.1 -999.9  138    4.7 0 0 0
C1 20.7065  34.8115  102.4054     27.1   27.5   51.0 -999.9  156    4.8 0 0 0
C1 20.7075  34.8115  102.4054     27.1   27.6   51.1 -999.9  150    3.6 0 0 0
C1 20.7085  34.8115  102.4055     27.1   27.4   51.2 -999.9  150    4.7 0 0 0
C1 20.7098  34.8115  102.4055     27.2   27.6   51.5 -999.9  141    5.0 0 0 0
C1 20.7175  34.8115  102.4055     27.3   27.4   51.6 -999.9  149    3.1 0 0 0
C1 20.7182  34.8115  102.4055     27.3   27.3   51.6 -999.9  161    5.0 0 0 0
C1 20.7192  34.8115  102.4056     27.3   27.8   51.4 -999.9  132    5.7 0 0 0
C1 20.7205  34.8115  102.4056     27.4   27.6   51.2 -999.9  132    3.9 0 0 0
C1 20.7212  34.8115  102.4056     27.4   27.7   51.2 -999.9  122    4.3 0 0 0
C1 20.7225  34.8115  102.4056     27.5   27.9   51.2 -999.9   99    3.1 0 0 0
C1 20.7232  34.8115  102.4056     27.5   27.3   51.1 -999.9  138    4.2 0 0 0
C1 20.7245  34.8114  102.4056     27.3   27.2   51.0 -999.9  104    5.7 0 0 0
C1 20.7252  34.8114  102.4056     27.4   27.8   51.2 -999.9  162    3.3 0 0 0
C1 20.7262  34.8114  102.4056     27.5   27.6   51.1 -999.9  154    3.6 0 0 0
C1 20.7342  34.8114  102.4056     27.5   27.6   51.2 -999.9  149    4.5 0 0 0
C1 20.7352  34.8114  102.4056     27.6   27.5   51.3 -999.9  173    4.4 0 0 0
C1 20.7358  34.8114  102.4056     27.5   27.6   51.2 -999.9  163    5.4 0 0 0
C1 20.7372  34.8114  102.4056     27.5   27.2   51.4 -999.9  161    7.0 0 0 0
C1 20.7378  34.8114  102.4056     27.5   27.3   51.3 -999.9  150    4.7 0 0 0
C1 20.7388  34.8114  102.4056     27.6   27.6   51.5 -999.9  156    3.5 0 0 0
C1 20.7398  34.8114  102.4056     27.7   27.6   51.5 -999.9  145    4.1 0 0 0
C1 20.7408  34.8114  102.4056     27.8   27.3   51.4 -999.9  118    2.9 0 0 0
C1 20.7418  34.8114  102.4056     27.8   27.6   51.2 -999.9  162    3.9 0 0 0
C1 20.7428  34.8114  102.4056     27.5   27.7   50.9 -999.9  147    6.7 0 0 0
C1 20.7505  34.8114  102.4056     27.3   27.3   50.6 -999.9  151    8.6 0 0 0
C1 20.7515  34.8114  102.4056     27.2   27.6   51.0 -999.9  121    5.0 0 0 0
C1 20.7527  34.8114  102.4056     27.5   27.8   51.0 -999.9  138    3.0 0 0 0
C1 20.7535  34.8114  102.4056     27.6   27.7   51.1 -999.9  145    4.0 0 0 0
C1 20.7545  34.8114  102.4056     27.8   27.5   51.4 -999.9  139    4.7 0 0 0
C1 20.7555  34.8114  102.4055     27.6   27.6   51.1 -999.9  125    6.6 0 0 0
C1 20.7565  34.8114  102.4055     27.5   27.8   51.2 -999.9  135    5.0 0 0 0
C1 20.7575  34.8114  102.4055     27.5   27.9   51.0 -999.9  115    3.0 0 0 0
C1 20.7585  34.8114  102.4055     27.5   27.6   51.0 -999.9  161    2.4 0 0 0
C1 20.7595  34.8115  102.4055     27.5   27.1   51.3 -999.9  141    3.0 0 0 0
C1 20.7672  34.8115  102.4055     27.6   28.0   51.4 -999.9  142    3.9 0 0 0
C1 20.7682  34.8115  102.4055     27.5   27.7   50.9 -999.9  145    5.8 0 0 0
C1 20.7692  34.8115  102.4055     27.4   27.7   50.9 -999.9  153    7.2 0 0 0
C1 20.7702  34.8116  102.4056     27.5   27.6   51.0 -999.9  129    9.5 0 0 0
C1 20.7712  34.8117  102.4057     27.7   28.0   51.2 -999.9  171    1.7 0 0 0
C1 20.7722  34.8121  102.4057     27.8   27.7   51.1 -999.9  183    9.9 0 1 0
C1 20.7732  34.8129  102.4057     27.7   27.5   50.8 -999.9  168    6.4 0 1 0
C1 20.7742  34.8138  102.4057     27.6   27.7   50.7 -999.9  151    2.6 0 0 0
C1 20.7752  34.8147  102.4058     27.5   27.7   51.3 -999.9  134    3.7 0 0 0
C1 20.7762  34.8156  102.4057     27.5   27.3   51.3 -999.9  127    3.9 0 0 0
C1 20.7838  34.8165  102.4057     27.5   27.9   52.0 -999.9  148    2.4 0 0 0
C1 20.7848  34.8175  102.4057     27.6   27.7   51.9 -999.9  144    3.3 0 0 0
C1 20.7858  34.8185  102.4057     27.6   27.5   51.2 -999.9  172    4.2 0 0 0
C1 20.7868  34.8195  102.4057     27.6   27.6   50.8 -999.9  125    5.0 0 0 0
C1 20.7878  34.8204  102.4057     27.5   27.7   51.1 -999.9  159    3.6 0 0 0
C1 20.7888  34.8213  102.4056     27.6   27.1   51.4 -999.9   70    1.8 0 0 0
C1 20.7898  34.8216  102.4056     27.7   27.6   51.2 -999.9   20    9.3 0 1 0
C1 20.7908  34.8216  102.4056     27.8   27.5   51.2 -999.9  138    4.5 0 0 0
C1 20.7920  34.8216  102.4055     27.8   28.1   50.6 -999.9  136    4.7 0 0 0
C1 20.7928  34.8216  102.4055     27.8   27.7   50.7 -999.9  111    4.9 0 0 0
C1 20.8005  34.8217  102.4055     27.9   28.1   51.0 -999.9  131    2.8 0 0 0
C1 20.8015  34.8217  102.4054     28.0   27.8   50.9 -999.9  138    2.4 0 0 0
C1 20.8025  34.8220  102.4055     28.1   27.7   51.0 -999.9  117    7.6 0 1 0
C1 20.8035  34.8220  102.4061     28.0   27.6   50.8 -999.9  102    7.4 0 1 0
C1 20.8045  34.8220  102.4071     28.1   27.7   51.0 -999.9  114    7.8 0 0 0
C1 20.8055  34.8221  102.4082     28.1   28.3   50.6 -999.9  144    6.5 0 0 0
C1 20.8065  34.8221  102.4094     28.0   27.5   50.7 -999.9  150    3.9 0 0 0
C1 20.8075  34.8221  102.4106     28.1   28.1   51.2 -999.9  149    4.7 0 0 0
C1 20.8085  34.8221  102.4118     28.0   27.8   50.9 -999.9  142    4.6 0 0 0
C1 20.8095  34.8221  102.4131     28.0   28.1   50.3 -999.9  158    8.1 0 0 0
C1 20.8172  34.8222  102.4143     28.0   28.2   51.3 -999.9  124    6.1 0 0 0
C1 20.8182  34.8222  102.4156     28.0   27.8   50.0 -999.9  124    6.5 0 0 0
C1 20.8192  34.8222  102.4169     27.8   28.8   50.0 -999.9  123    6.2 0 0 0
C1 20.8202  34.8223  102.4182     27.9   28.1   49.6 -999.9  132    6.5 0 0 0
C1 20.8212  34.8223  102.4194     27.8   28.0   49.7 -999.9  117    5.1 0 0 0
C1 20.8222  34.8224  102.4206     27.8   27.7   49.6 -999.9  124    5.6 0 0 0
C1 20.8232  34.8225  102.4217     27.8   28.2   50.7 -999.9  145    6.0 0 0 0
C1 20.8242  34.8225  102.4228     27.7   28.2   50.8 -999.9  149    5.3 0 0 0
C1 20.8252  34.8226  102.4239     27.7   27.9   52.4 -999.9  127    3.6 0 0 0
C1 20.8262  34.8226  102.4248     27.8   28.2   52.5 -999.9  193    3.0 0 1 0
C1 20.8338  34.8226  102.4257     27.8   27.7   50.9 -999.9  120    7.3 0 0 0
C1 20.8348  34.8226  102.4270     27.6   27.9   50.8 -999.9  118   10.8 0 1 0
C1 20.8358  34.8226  102.4284     27.5   28.3   50.9 -999.9  113    8.2 0 0 0
C1 20.8368  34.8227  102.4299     27.5   28.1   51.0 -999.9  119    5.7 0 0 0
C1 20.8378  34.8227  102.4314     27.5   28.0   52.0 -999.9  116    7.9 0 0 0
C1 20.8388  34.8227  102.4331     27.5   27.9   51.6 -999.9  110   10.6 0 0 0
C1 20.8398  34.8227  102.4350     27.6   28.1   51.7 -999.9  134   11.5 0 0 0
C1 20.8408  34.8228  102.4369     27.6   27.8   50.6 -999.9  142   10.3 0 0 0
C1 20.8418  34.8228  102.4387     27.5   27.3   50.1 -999.9  133   12.9 0 0 0
C1 20.8428  34.8229  102.4405     27.6   28.6   50.5 -999.9  115   12.6 0 0 0
C1 20.8505  34.8229  102.4424     27.5   28.0   50.8 -999.9  127    9.6 0 0 0
C1 20.8515  34.8229  102.4444     27.5   27.7   51.1 -999.9  131    8.6 0 0 0
C1 20.8525  34.8229  102.4463     27.4   28.0   52.1 -999.9  133    9.7 0 0 0
C1 20.8535  34.8229  102.4482     27.3   27.4   51.6 -999.9  136    9.7 0 0 0
C1 20.8545  34.8229  102.4501     27.4   27.8   51.6 -999.9  136   10.5 0 0 0
C1 20.8555  34.8230  102.4520     27.3   27.8   51.5 -999.9  135    6.1 0 0 0
C1 20.8565  34.8230  102.4539     27.4   27.9   51.2 -999.9  138    5.7 0 0 0
C1 20.8575  34.8230  102.4558     27.4   27.4   51.0 -999.9  134    6.8 0 0 0
C1 20.8585  34.8231  102.4578     27.3   27.7   52.9 -999.9  135   10.0 0 0 0
C1 20.8595  34.8231  102.4597     27.2   27.6   52.2 -999.9  123    7.5 0 0 0
C1 20.8672  34.8231  102.4617     27.4   27.5   53.8 -999.9  130    8.7 0 0 0
C1 20.8682  34.8231  102.4635     27.4   27.8   52.4 -999.9  135    9.3 0 0 0
C1 20.8692  34.8231  102.4654     27.4   27.3   52.0 -999.9  128    8.3 0 0 0
C1 20.8702  34.8231  102.4673     27.4   27.5   52.9 -999.9  124    8.8 0 0 0
C1 20.8712  34.8231  102.4692     27.5   27.9   52.9 -999.9  128   10.5 0 0 0
C1 20.8722  34.8231  102.4710     27.4   27.6   52.7 -999.9  128   10.5 0 0 0
C1 20.8732  34.8231  102.4729     27.5   27.2   52.4 -999.9  122    9.2 0 0 0
C1 20.8742  34.8232  102.4748     27.5   27.6   53.2 -999.9  127    8.5 0 0 0
C1 20.8752  34.8232  102.4767     27.5   27.6   52.9 -999.9  128   10.2 0 0 0
C1 20.8762  34.8232  102.4786     27.5   28.0   52.3 -999.9  130    6.6 0 0 0
C1 20.8838  34.8232  102.4805     27.5   27.9   51.9 -999.9  134   10.0 0 0 0
C1 20.8848  34.8232  102.4823     27.4   27.5   52.1 -999.9  132   11.7 0 0 0
C1 20.8858  34.8232  102.4842     27.5   27.2   51.8 -999.9  132   10.5 0 0 0
C1 20.8868  34.8232  102.4861     27.5   27.6   51.1 -999.9  115    9.3 0 0 0
C1 20.8878  34.8232  102.4879     27.5   27.7   51.7 -999.9  131   13.2 0 0 0
C1 20.8888  34.8233  102.4899     27.6   28.1   51.6 -999.9  124   11.0 0 0 0
C1 20.8898  34.8233  102.4917     27.8   27.6   52.5 -999.9  110    8.0 0 0 0
C1 20.8908  34.8233  102.4936     27.6   27.7   53.9 -999.9  147    8.8 0 0 0
C1 20.8918  34.8233  102.4954     27.7   27.6   53.4 -999.9  145    9.0 0 0 0
C1 20.8928  34.8233  102.4973     27.8   27.4   52.6 -999.9  147   11.9 0 0 0
C1 20.9005  34.8233  102.4991     27.7   27.9   51.3 -999.9  146   11.4 0 0 0
C1 20.9015  34.8233  102.5010     27.7   27.9   50.6 -999.9  147   11.4 0 0 0
C1 20.9025  34.8233  102.5029     27.8   27.3   50.5 -999.9  143   11.1 0 0 0
C1 20.9035  34.8233  102.5048     27.6   28.1   50.2 -999.9  138    9.4 0 0 0
C1 20.9045  34.8233  102.5067     27.5   27.7   50.0 -999.9  138   10.0 0 0 0
C1 20.9055  34.8233  102.5087     27.6   27.7   51.3 -999.9  141    9.1 0 0 0
C1 20.9065  34.8233  102.5105     27.5   27.8   51.7 -999.9  141    8.0 0 0 0
C1 20.9075  34.8233  102.5123     27.4   27.7   52.2 -999.9  135    8.8 0 0 0
C1 20.9085  34.8234  102.5140     27.4   27.4   51.6 -999.9  142   11.9 0 0 0
C1 20.9095  34.8234  102.5159     27.4   27.8   51.3 -999.9  137   10.7 0 0 0
C1 20.9172  34.8234  102.5177     27.3   27.6   51.1 -999.9  118    9.2 0 0 0
C1 20.9182  34.8234  102.5195     27.3   27.3   51.3 -999.9  134    9.1 0 0 0
C1 20.9193  34.8235  102.5217     27.3   27.5   52.0 -999.9  132    9.3 0 0 0
C1 20.9202  34.8235  102.5233     27.3   27.6   51.8 -999.9  130    9.8 0 0 0
C1 20.9212  34.8235  102.5252     27.2   27.9   51.9 -999.9  118    8.9 0 0 0
C1 20.9222  34.8235  102.5270     27.4   27.2   52.7 -999.9  117    6.8 0 0 0
C1 20.9232  34.8235  102.5288     27.5   27.3   52.2 -999.9  133    9.5 0 0 0
C1 20.9242  34.8235  102.5307     27.7   27.6   51.7 -999.9  119    8.3 0 0 0
C1 20.9252  34.8236  102.5326     27.8   27.9   53.1 -999.9  132    6.6 0 0 0
C1 20.9262  34.8236  102.5345     27.5   27.6   53.5 -999.9  136    8.7 0 0 0
C1 20.9338  34.8237  102.5364     27.4   27.5   54.8 -999.9  137    7.4 0 0 0
C1 20.9348  34.8237  102.5383     27.4   27.5   53.9 -999.9  146    7.0 0 0 0
C1 20.9358  34.8237  102.5401     27.1   27.6   52.7 -999.9  156    6.6 0 0 0
C1 20.9368  34.8237  102.5420     27.2   27.4   51.6 -999.9  147    9.3 0 0 0
C1 20.9378  34.8237  102.5438     27.2   27.9   51.2 -999.9  139    8.4 0 0 0
C1 20.9388  34.8238  102.5456     27.3   27.5   51.5 -999.9  143   10.5 0 0 0
C1 20.9398  34.8238  102.5476     27.4   27.2   51.2 -999.9  128   12.2 0 0 0
C1 20.9408  34.8238  102.5495     27.4   27.2   51.7 -999.9  122    7.7 0 0 0
C1 20.9418  34.8239  102.5514     27.4   27.7   52.8 -999.9  150    9.7 0 0 0
C1 20.9428  34.8239  102.5533     27.4   28.0   55.2 -999.9  156    8.9 0 0 0
C1 20.9505  34.8239  102.5552     27.3   27.6   53.7 -999.9  143   10.3 0 0 0
C1 20.9515  34.8240  102.5571     27.1   27.7   52.3 -999.9  127   10.3 0 0 0
C1 20.9525  34.8240  102.5591     27.1   27.1   45.1 -999.9  131   10.4 0 0 0
C1 20.9535  34.8240  102.5610     27.2   27.8   31.0 -999.9  142    9.9 1 0 0
C1 20.9545  34.8240  102.5629     27.3   27.3   52.6 -999.9  128    9.9 0 0 0
C1 20.9555  34.8241  102.5648     27.4   27.8   54.1 -999.9  132   10.0 0 0 0
C1 20.9565  34.8241  102.5667     27.5   27.4   52.6 -999.9  137   11.4 0 0 0
C1 20.9575  34.8241  102.5687     27.5   27.3   52.6 -999.9  139   12.1 0 0 0
C1 20.9585  34.8242  102.5706     27.6   27.7   52.8 -999.9  140    9.6 0 0 0
C1 20.9595  34.8242  102.5725     27.8   27.7   53.1 -999.9  137   10.8 0 0 0
C1 20.9672  34.8242  102.5744     27.8   27.5   53.2 -999.9  140   10.4 0 0 0
C1 20.9682  34.8243  102.5763     27.8   27.8   51.8 -999.9  134    8.3 0 0 0
C1 20.9692  34.8243  102.5782     27.9   27.7   50.9 -999.9  139    9.6 0 0 0
C1 20.9702  34.8243  102.5801     27.8   27.8   50.4 -999.9  138    9.8 0 0 0
C1 20.9712  34.8244  102.5820     27.7   27.6   50.4 -999.9  127    9.0 0 0 0
C1 20.9722  34.8244  102.5839     27.9   27.4   51.1 -999.9  137    9.7 0 0 0
C1 20.9732  34.8244  102.5858     27.8   27.8   51.1 -999.9  123    7.1 0 0 0
C1 20.9742  34.8245  102.5877     27.9   27.2   51.0 -999.9  134    8.7 0 0 0
C1 20.9752  34.8245  102.5896     27.9   27.4   51.3 -999.9  136    7.6 0 0 0
C1 20.9762  34.8245  102.5915     27.9   27.6   51.5 -999.9  145    9.5 0 0 0
C1 20.9838  34.8246  102.5934     27.8   27.8   50.7 -999.9  151   11.5 0 0 0
C1 20.9848  34.8246  102.5953     27.9   28.0   50.4 -999.9  141   10.0 0 0 0
C1 20.9858  34.8246  102.5972     28.0   27.8   50.2 -999.9  133    8.8 0 0 0
C1 20.9868  34.8247  102.5991     28.0   28.1   49.9 -999.9  144   10.2 0 0 0
C1 20.9878  34.8248  102.6010     28.0   28.2   49.0 -999.9  141   11.4 0 0 0
C1 20.9888  34.8251  102.6030     27.9   27.5   49.6 -999.9  124    9.7 0 0 0
C1 20.9898  34.8254  102.6048     27.8   28.0   51.9 -999.9  136    8.5 0 0 0
C1 20.9908  34.8257  102.6066     27.8   27.9   53.4 -999.9  133    7.1 0 0 0
C1 20.9918  34.8259  102.6084     27.6   27.6   53.9 -999.9  145    7.9 0 0 0
C1 20.9928  34.8262  102.6101     27.5   27.6   53.2 -999.9  130    7.5 0 0 0
C1 21.0005  34.8265  102.6119     27.3   27.7   53.1 -999.9  136    7.6 0 0 0
C1 21.0015  34.8267  102.6137     27.3   28.1   51.9 -999.9  130    9.3 0 0 0
C1 21.0025  34.8270  102.6154     27.4   27.9   51.9 -999.9  139    7.9 0 0 0
C1 21.0035  34.8273  102.6171     27.5   27.5   50.6 -999.9  139    9.1 0 0 0
C1 21.0045  34.8276  102.6188     27.5   27.4   50.1 -999.9  135    9.7 0 0 0
C1 21.0055  34.8278  102.6206     27.3   27.5   50.9 -999.9  143    7.1 0 0 0
C1 21.0065  34.8281  102.6222     27.4   27.7   50.2 -999.9  132    9.3 0 0 0
C1 21.0075  34.8283  102.6239     27.3   27.9   50.8 -999.9  128    8.7 0 0 0
C1 21.0085  34.8286  102.6256     27.4   27.6   50.6 -999.9  134   10.4 0 0 0
C1 21.0095  34.8288  102.6274     27.3   28.0   50.2 -999.9  129   11.3 0 0 0
C1 21.0172  34.8288  102.6293     27.3   27.8   50.0 -999.9  123    9.4 0 0 0
C1 21.0182  34.8288  102.6311     27.3   28.1   50.9 -999.9  125    9.1 0 0 0
C1 21.0192  34.8289  102.6330     27.3   27.9   50.5 -999.9  140   11.3 0 0 0
C1 21.0202  34.8289  102.6348     27.2   27.9   50.6 -999.9  135    9.6 0 0 0
C1 21.0212  34.8289  102.6366     27.1   27.4   51.3 -999.9  133   10.2 0 0 0
C1 21.0222  34.8289  102.6385     27.1   27.6   51.4 -999.9  134   10.9 0 0 0
C1 21.0232  34.8289  102.6403     27.1   28.0   51.4 -999.9  130    8.3 0 0 0
C1 21.0242  34.8289  102.6421     27.2   27.6   52.0 -999.9  125    8.1 0 0 0
C1 21.0252  34.8290  102.6439     27.2   27.7   52.3 -999.9  134    8.2 0 0 0
C1 21.0262  34.8290  102.6457     27.5   27.1   52.9 -999.9  133    7.2 0 0 0
C1 21.0338  34.8290  102.6475     27.5   27.6   53.1 -999.9  142   11.1 0 0 0
C1 21.0348  34.8290  102.6492     27.5   27.6   52.4 -999.9  133   11.4 0 0 0
C1 21.0358  34.8291  102.6510     27.5   27.2   52.9 -999.9  125   10.2 0 0 0
C1 21.0368  34.8291  102.6529     27.6   27.9   51.9 -999.9  122    9.0 0 0 0
C1 21.0378  34.8291  102.6547     27.7   27.8   51.5 -999.9  126    8.5 0 0 0
C1 21.0388  34.8291  102.6566     27.7   27.6   51.4 -999.9  138    8.7 0 0 0
C1 21.0398  34.8292  102.6583     27.8   27.4   52.0 -999.9  140    8.8 0 0 0
C1 21.0408  34.8292  102.6600     27.6   27.4   51.6 -999.9  120    7.6 0 0 0
C1 21.0418  34.8292  102.6616     27.6   27.9   52.4 -999.9  126    7.7 0 0 0
C1 21.0428  34.8292  102.6632     27.6   27.8   51.9 -999.9  114    7.8 0 0 0
C1 21.0505  34.8292  102.6649     27.6   27.4   51.1 -999.9  131    7.0 0 0 0
C1 21.0515  34.8293  102.6666     27.6   27.8   50.7 -999.9  121    5.9 0 0 0
C1 21.0525  34.8293  102.6683     27.5   27.9   51.8 -999.9  122    5.1 0 0 0
C1 21.0535  34.8293  102.6701     27.6   27.6   52.7 -999.9  136    6.7 0 0 0
C1 21.0545  34.8293  102.6719     27.6   27.8   52.3 -999.9  134    6.7 0 0 0
C1 21.0555  34.8293  102.6738     27.6   27.3   52.3 -999.9  124    8.0 0 0 0
C1 21.0565  34.8293  102.6757     27.5   27.5   51.2 -999.9  114    8.8 0 0 0
C1 21.0575  34.8293  102.6776     27.5   27.7   51.8 -999.9  130    9.2 0 0 0
C1 21.0585  34.8293  102.6795     27.5   27.4   51.7 -999.9  133   11.4 0 0 0
C1 21.0595  34.8293  102.6814     27.5   27.5   51.2 -999.9  129   11.4 0 0 0
C1 21.0672  34.8294  102.6833     27.4   27.7   50.9 -999.9  115   10.9 0 0 0
C1 21.0682  34.8294  102.6852     27.5   27.8   51.3 -999.9  126   10.2 0 0 0
C1 21.0692  34.8294  102.6870     27.6   27.5   51.1 -999.9  119    9.1 0 0 0
C1 21.0702  34.8295  102.6889     27.6   27.3   51.6 -999.9  125    9.3 0 0 0
C1 21.0712  34.8295  102.6907     27.7   27.9   51.4 -999.9  133    9.4 0 0 0
C1 21.0722  34.8295  102.6926     27.5   27.6   50.9 -999.9  133   11.9 0 0 0
C1 21.0732  34.8296  102.6946     27.6   27.8   50.5 -999.9  126   12.1 0 0 0
C1 21.0742  34.8296  102.6965     27.5   27.6   50.6 -999.9  120   10.6 0 0 0
C1 21.0752  34.8296  102.6985     27.6   27.6   51.4 -999.9  131   12.2 0 0 0
C1 21.0762  34.8297  102.7004     27.4   27.8   51.0 -999.9  127   11.4 0 0 0
C1 21.0838  34.8297  102.7024     27.6   27.1   51.0 -999.9  135   10.8 0 0 0
C1 21.0848  34.8297  102.7044     27.8   27.7   48.4 -999.9  142   12.2 0 0 0
C1 21.0860  34.8297  102.7066     27.9   27.4   48.8 -999.9  137   10.9 0 0 0
C1 21.0868  34.8298  102.7081     28.2   27.6   48.4 -999.9  152   10.8 0 0 0
C1 21.0878  34.8298  102.7099     28.2   28.0   47.1 -999.9  135   11.6 0 0 0
C1 21.0888  34.8298  102.7117     28.1   27.4   47.9 -999.9  133   12.1 0 0 0
C1 21.0898  34.8298  102.7135     28.1   27.9   47.7 -999.9  128   11.9 0 0 0
C1 21.0908  34.8299  102.7155     28.3   27.5   47.5 -999.9  122   14.3 0 0 0
C1 21.0918  34.8299  102.7174     28.4   27.7   48.8 -999.9  133   12.6 0 0 0
C1 21.0928  34.8298  102.7193     28.4   27.7   49.0 -999.9  143   11.9 0 0 0
C1 21.1005  34.8298  102.7211     28.6   27.9   49.2 -999.9  155   10.4 0 0 0
C1 21.1015  34.8298  102.7227     28.5   27.9   47.8 -999.9  150   11.5 0 0 0
C1 21.1025  34.8297  102.7243     28.5   28.2   47.6 -999.9  138    9.4 0 0 0
C1 21.1035  34.8297  102.7259     28.5   28.3   47.4 -999.9  134    9.2 0 0 0
C1 21.1045  34.8297  102.7276     28.6   27.9   47.0 -999.9  131    8.8 0 0 0
C1 21.1055  34.8297  102.7293     28.6   28.0   48.3 -999.9  142    8.8 0 0 0
C1 21.1065  34.8297  102.7310     28.6   28.3   48.1 -999.9  146    8.7 0 0 0
C1 21.1075  34.8296  102.7328     28.7   28.0   47.4 -999.9  139   12.0 0 0 0
C1 21.1085  34.8296  102.7345     28.6   27.8   47.2 -999.9  137    8.6 0 0 0
C1 21.1095  34.8296  102.7363     28.6   28.8   47.6 -999.9  134    8.5 0 0 0
C1 21.1172  34.8296  102.7381     28.6   28.2   47.0 -999.9  141   11.9 0 0 0
C1 21.1182  34.8295  102.7399     28.6   28.1   46.7 -999.9  131    9.1 0 0 0
C1 21.1192  34.8295  102.7417     28.6   28.6   47.0 -999.9  138    9.8 0 0 0
C1 21.1202  34.8295  102.7436     28.5   28.0   46.6 -999.9  140   11.6 0 0 0
C1 21.1212  34.8295  102.7455     28.5   27.9   48.1 -999.9  135    8.1 0 0 0
C1 21.1222  34.8295  102.7473     28.5   28.3   47.2 -999.9  157    9.6 0 0 0
C1 21.1232  34.8295  102.7490     28.4   28.7   47.5 -999.9  143    8.4 0 0 0
C1 21.1242  34.8294  102.7508     28.3   28.2   46.3 -999.9  135    9.9 0 0 0
C1 21.1252  34.8294  102.7526     28.1   28.6   46.8 -999.9  144    8.2 0 0 0
C1 21.1262  34.8294  102.7544     28.2   28.5   46.3 -999.9  141   10.0 0 0 0
C1 21.1338  34.8294  102.7562     28.3   28.5   47.0 -999.9  139   11.7 0 0 0
C1 21.1348  34.8294  102.7581     28.1   28.2   46.4 -999.9  149   11.3 0 0 0
C1 21.1358  34.8294  102.7599     28.0   28.1   46.3 -999.9  140    8.0 0 0 0
C1 21.1368  34.8294  102.7617     27.9   28.2   46.0 -999.9  142   11.1 0 0 0
C1 21.1378  34.8294  102.7636     28.0   28.1   46.0 -999.9  142   11.9 0 0 0
C1 21.1388  34.8294  102.7655     27.9   28.6   46.1 -999.9  147   13.6 0 0 0
C1 21.1398  34.8294  102.7673     27.9   28.2   46.5 -999.9  134   11.4 0 0 0
C1 21.1408  34.8294  102.7691     27.8   28.4   47.0 -999.9  141   10.5 0 0 0
C1 21.1418  34.8294  102.7708     27.9   28.4   46.6 -999.9  158   11.0 0 0 0
C1 21.1428  34.8294  102.7725     27.8   28.0   45.8 -999.9  150   12.9 0 0 0
C1 21.1505  34.8294  102.7743     27.8   28.2   45.5 -999.9  142   13.6 0 0 0
C1 21.1515  34.8294  102.7761     27.8   28.0   47.0 -999.9  147   10.9 0 0 0
C1 21.1525  34.8294  102.7780     27.9   28.0   46.8 -999.9  155   10.1 0 0 0
C1 21.1535  34.8294  102.7798     27.8   28.2   46.0 -999.9  148   10.5 0 0 0
C1 21.1545  34.8294  102.7816     27.9   28.3   46.3 -999.9  154   12.1 0 0 0
C1 21.1555  34.8294  102.7835     27.8   28.0   45.9 -999.9  149   12.2 0 0 0
C1 21.1565  34.8294  102.7854     27.8   28.0   45.7 -999.9  149   11.8 0 0 0
C1 21.1575  34.8294  102.7872     27.9   28.5   46.1 -999.9  155   11.9 0 0 0
C1 21.1585  34.8294  102.7891     27.9   28.2   46.7 -999.9  145   11.3 0 0 0
C1 21.1595  34.8293  102.7909     28.0   27.9   45.8 -999.9  140   11.1 0 0 0
C1 21.1672  34.8293  102.7929     28.0   27.9   46.5 -999.9  135   11.5 0 0 0
C1 21.1682  34.8293  102.7949     28.1   28.1   46.7 -999.9  132   10.9 0 0 0
C1 21.1692  34.8293  102.7969     28.0   27.9   46.6 -999.9  127    9.4 0 0 0
C1 21.1702  34.8293  102.7989     28.0   28.4   46.5 -999.9  133   10.6 0 0 0
C1 21.1712  34.8293  102.8009     28.1   28.0   47.3 -999.9  137   11.3 0 0 0
C1 21.1722  34.8293  102.8028     28.1   28.1   47.7 -999.9  142    8.5 0 0 0
C1 21.1732  34.8293  102.8047     28.3   28.1   48.2 -999.9  139    6.7 0 0 0
C1 21.1742  34.8293  102.8065     28.3   28.6   48.0 -999.9  138    9.0 0 0 0
C1 21.1752  34.8292  102.8084     28.3   27.9   47.2 -999.9  130    8.3 0 0 0
C1 21.1762  34.8292  102.8103     28.2   28.0   47.3 -999.9  138   10.6 0 0 0
C1 21.1838  34.8292  102.8122     28.3   28.3   47.3 -999.9  141   10.4 0 0 0
C1 21.1848  34.8292  102.8140     28.3   28.2   46.4 -999.9  127    6.8 0 0 0
C1 21.1858  34.8292  102.8158     28.3   27.9   47.2 -999.9  113    5.7 0 0 0
C1 21.1868  34.8292  102.8176     28.4   28.7   48.1 -999.9  135    7.2 0 0 0
C1 21.1878  34.8291  102.8194     28.5   28.1   47.8 -999.9  125    8.2 0 0 0
C1 21.1888  34.8291  102.8212     28.6   28.0   48.4 -999.9  130    9.5 0 0 0
C1 21.1898  34.8291  102.8231     28.6   28.2   47.8 -999.9  139   12.0 0 0 0
C1 21.1908  34.8291  102.8250     28.7   27.4   48.1 -999.9  144   10.8 0 0 0
C1 21.1918  34.8291  102.8270     28.7   28.2   47.2 -999.9  144   10.6 0 0 0
C1 21.1928  34.8290  102.8289     28.8   28.5   47.6 -999.9  149    8.9 0 0 0
C1 21.2005  34.8290  102.8307     28.8   28.1   46.3 -999.9  141   10.2 0 0 0
C1 21.2015  34.8290  102.8325     28.8   28.4   46.3 -999.9  145   11.8 0 0 0
C1 21.2025  34.8290  102.8345     28.8   28.7   46.5 -999.9  150   12.6 0 0 0
C1 21.2035  34.8289  102.8364     28.7   28.4   44.9 -999.9  157   10.1 0 0 0
C1 21.2045  34.8289  102.8382     28.7   28.5   45.1 -999.9  157   11.3 0 0 0
C1 21.2055  34.8289  102.8400     28.6   28.9   44.6 -999.9  146   10.5 0 0 0
C1 21.2065  34.8289  102.8420     28.4   28.7   44.0 -999.9  139   13.2 0 0 0
C1 21.2075  34.8289  102.8440     28.3   29.1   44.1 -999.9  127   11.0 0 0 0
C1 21.2085  34.8288  102.8459     28.3   28.4   44.4 -999.9  138   11.1 0 0 0
C1 21.2095  34.8288  102.8477     28.3   28.7   44.4 -999.9  146    9.5 0 0 0
C1 21.2172  34.8288  102.8494     28.2   28.1   45.1 -999.9  140    9.6 0 0 0
C1 21.2182  34.8287  102.8512     28.3   28.0   45.3 -999.9  146    8.9 0 0 0
C1 21.2192  34.8287  102.8530     28.1   28.4   44.9 -999.9  142    9.0 0 0 0
C1 21.2202  34.8287  102.8548     28.3   28.4   45.3 -999.9  150   10.4 0 0 0
C1 21.2212  34.8287  102.8566     28.2   28.2   45.0 -999.9  157   11.6 0 0 0
C1 21.2222  34.8286  102.8584     28.0   28.4   44.7 -999.9  151   11.0 0 0 0
C1 21.2232  34.8286  102.8602     28.0   28.4   44.7 -999.9  143   12.0 0 0 0
C1 21.2242  34.8286  102.8620     28.0   28.4   44.5 -999.9  132   11.0 0 0 0
C1 21.2252  34.8286  102.8639     28.0   28.3   45.2 -999.9  145   12.5 0 0 0
C1 21.2262  34.8285  102.8657     28.0   28.7   45.5 -999.9  138   11.1 0 0 0
C1 21.2338  34.8285  102.8676     28.2   28.3   46.3 -999.9  142   13.2 0 0 0
C1 21.2348  34.8285  102.8694     28.2   28.8   46.4 -999.9  146   12.9 0 0 0
C1 21.2358  34.8284  102.8711     28.1   28.8   46.3 -999.9  146   13.3 0 0 0
C1 21.2368  34.8284  102.8729     28.1   28.1   45.9 -999.9  142   13.0 0 0 0
C1 21.2378  34.8284  102.8747     28.1   28.5   45.6 -999.9  135   11.5 0 0 0
C1 21.2388  34.8284  102.8765     28.2   28.6   46.4 -999.9  131   10.7 0 0 0
C1 21.2398  34.8283  102.8784     28.3   28.3   46.6 -999.9  141   13.5 0 0 0
C1 21.2408  34.8283  102.8803     28.4   28.7   45.9 -999.9  142   10.8 0 0 0
C1 21.2418  34.8283  102.8821     28.5   28.6   46.7 -999.9  140   11.5 0 0 0
C1 21.2428  34.8282  102.8840     28.4   28.4   45.7 -999.9  138   12.7 0 0 0
C1 21.2505  34.8282  102.8859     28.3   28.7   45.3 -999.9  135   14.4 0 0 0
C1 21.2515  34.8282  102.8877     28.3   28.0   45.7 -999.9  141   12.7 0 0 0
C1 21.2525  34.8282  102.8895     28.4   28.2   45.8 -999.9  148   12.0 0 0 0
C1 21.2535  34.8282  102.8912     28.4   28.2   45.9 -999.9  149   12.0 0 0 0
C1 21.2545  34.8282  102.8929     28.4   28.3   45.9 -999.9  147   10.8 0 0 0
C1 21.2555  34.8281  102.8946     28.3   28.4   45.6 -999.9  144    9.8 0 0 0
C1 21.2565  34.8281  102.8964     28.3   28.4   46.0 -999.9  148   11.4 0 0 0
C1 21.2575  34.8281  102.8982     28.3   27.9   44.8 -999.9  151   11.4 0 0 0
C1 21.2585  34.8281  102.9000     28.1   28.1   44.8 -999.9  146   12.2 0 0 0
C1 21.2595  34.8281  102.9018     28.1   28.4   44.7 -999.9  148   10.4 0 0 0
C1 21.2672  34.8281  102.9037     28.2   28.2   44.9 -999.9  144   12.7 0 0 0
C1 21.2682  34.8281  102.9056     28.0   28.4   44.8 -999.9  144    9.1 0 0 0
C1 21.2692  34.8280  102.9075     28.1   28.3   44.6 -999.9  157   12.1 0 0 0
C1 21.2702  34.8280  102.9093     28.1   27.9   44.6 -999.9  151   11.4 0 0 0
C1 21.2712  34.8280  102.9111     28.1   28.5   44.8 -999.9  149   11.7 0 0 0
C1 21.2722  34.8280  102.9129     28.1   28.1   44.9 -999.9  144   10.8 0 0 0
C1 21.2732  34.8280  102.9148     28.1   28.4   44.8 -999.9  142   10.4 0 0 0
C1 21.2742  34.8280  102.9167     28.3   28.8   45.0 -999.9  141   10.4 0 0 0
C1 21.2752  34.8280  102.9185     28.4   28.5   45.3 -999.9  137    9.8 0 0 0
C1 21.2762  34.8280  102.9204     28.7   28.3   45.7 -999.9  145   10.9 0 0 0
C1 21.2838  34.8280  102.9224     28.7   28.2   45.6 -999.9  144   13.5 0 0 0
C1 21.2848  34.8281  102.9243     28.7   28.6   45.9 -999.9  140   10.4 0 0 0
C1 21.2858  34.8280  102.9263     28.6   28.1   45.6 -999.9  147   13.3 0 0 0
C1 21.2868  34.8280  102.9283     28.4   28.5   45.0 -999.9  139   12.9 0 0 0
C1 21.2878  34.8280  102.9302     28.4   28.5   45.0 -999.9  138   14.2 0 0 0
C1 21.2888  34.8280  102.9322     28.5   28.1   45.9 -999.9  142   13.0 0 0 0
C1 21.2898  34.8280  102.9341     28.7   28.7   45.9 -999.9  145   14.0 0 0 0
C1 21.2908  34.8280  102.9360     28.7   28.5   45.7 -999.9  146   10.5 0 0 0
C1 21.2918  34.8280  102.9378     28.7   28.0   44.7 -999.9  149   12.5 0 0 0
C1 21.2928  34.8280  102.9398     28.7   28.3   44.0 -999.9  150   12.5 0 0 0
C1 21.3005  34.8280  102.9416     28.7   28.3   43.9 -999.9  147   12.3 0 0 0
C1 21.3015  34.8280  102.9434     28.7   28.7   43.6 -999.9  133   10.5 0 0 0
C1 21.3025  34.8280  102.9452     28.9   28.6   44.1 -999.9  147    9.8 0 0 0
C1 21.3035  34.8280  102.9470     29.2   28.8   43.0 -999.9  158   10.2 0 0 0
C1 21.3045  34.8280  102.9488     29.2   28.6   42.9 -999.9  162   11.3 0 0 0
C1 21.3055  34.8280  102.9506     29.2   28.4   42.6 -999.9  160   11.7 0 0 0
C1 21.3065  34.8280  102.9524     29.3   28.4   34.7 -999.9  164    9.7 0 0 0
C1 21.3075  34.8280  102.9541     29.3   28.7   28.4 -999.9  155   13.1 0 0 0
C1 21.3085  34.8280  102.9559     29.2   28.5   42.8 -999.9  151   10.4 0 0 0
C1 21.3095  34.8280  102.9578     29.3   28.8   43.1 -999.9  156   12.2 0 0 0
C1 21.3172  34.8279  102.9596     29.2   29.1   42.6 -999.9  150   11.4 0 0 0
C1 21.3182  34.8279  102.9615     29.1   28.4   42.2 -999.9  158   13.9 0 0 0
C1 21.3192  34.8279  102.9633     29.0   28.4   41.2 -999.9  149   14.6 0 0 0
C1 21.3202  34.8279  102.9652     29.0   29.0   42.2 -999.9  151   12.8 0 0 0
C1 21.3212  34.8278  102.9670     29.2   28.9   42.3 -999.9  153   14.4 0 0 0
C1 21.3222  34.8278  102.9689     29.0   28.6   41.9 -999.9  148   14.4 0 0 0
C1 21.3232  34.8278  102.9708     29.2   28.6   42.2 -999.9  149   13.6 0 0 0
C1 21.3242  34.8278  102.9728     29.2   28.8   42.0 -999.9  145   15.5 0 0 0
C1 21.3252  34.8277  102.9748     29.2   29.0   42.2 -999.9  138   13.0 0 0 0
C1 21.3262  34.8277  102.9768     29.2   28.5   42.3 -999.9  148   11.1 0 0 0
C1 21.3338  34.8277  102.9788     29.2   28.0   41.8 -999.9  143   12.3 0 0 0
C1 21.3348  34.8277  102.9810     29.2   29.1   42.1 -999.9  141   11.1 0 0 0
C1 21.3358  34.8276  102.9831     29.2   28.8   41.9 -999.9  152   10.9 0 0 0
C1 21.3368  34.8276  102.9852     29.1   29.4   41.7 -999.9  151   12.0 0 0 0
C1 21.3378  34.8276  102.9873     29.1   29.1   41.7 -999.9  154   11.0 0 0 0
C1 21.3388  34.8276  102.9892     29.0   29.2   41.7 -999.9  157   13.0 0 0 0
C1 21.3398  34.8276  102.9911     28.9   29.0   42.1 -999.9  156   13.4 0 0 0
C1 21.3408  34.8276  102.9930     28.8   29.0   41.9 -999.9  154   11.8 0 0 0
C1 21.3418  34.8276  102.9948     28.8   29.0   42.4 -999.9  155   12.4 0 0 0
C1 21.3428  34.8276  102.9967     28.7   28.8   42.2 -999.9  149   11.8 0 0 0
C1 21.3505  34.8276  102.9986     28.7   29.0   42.5 -999.9  141    9.9 0 0 0
C1 21.3515  34.8276  103.0006     28.8   28.9   42.1 -999.9  153   11.9 0 0 0
C1 21.3525  34.8276  103.0024     28.7   29.4   41.9 -999.9  151   12.9 0 0 0
C1 21.3535  34.8276  103.0043     28.7   28.9   41.7 -999.9  143   10.5 0 0 0
C1 21.3545  34.8276  103.0061     28.7   28.9   42.0 -999.9  139   10.6 0 0 0
C1 21.3555  34.8276  103.0080     28.8   28.9   42.7 -999.9  136    9.8 0 0 0
C1 21.3565  34.8276  103.0099     28.9   28.5   42.8 -999.9  140    8.4 0 0 0
C1 21.3575  34.8276  103.0118     29.1   29.0   42.5 -999.9  143   11.9 0 0 0
C1 21.3585  34.8276  103.0137     29.1   29.0   42.5 -999.9  148   10.8 0 0 0
C1 21.3595  34.8276  103.0156     29.0   28.5   42.5 -999.9  155    9.9 0 0 0
C1 21.3672  34.8276  103.0174     28.8   28.6   42.4 -999.9  166    8.9 0 0 0
C1 21.3682  34.8276  103.0192     28.7   29.4   42.4 -999.9  149   10.7 0 0 0
C1 21.3692  34.8276  103.0209     28.5   28.7   41.9 -999.9  144   10.7 0 0 0
C1 21.3702  34.8276  103.0227     28.6   28.7   42.1 -999.9  148   11.7 0 0 0
C1 21.3712  34.8276  103.0244     28.6   29.1   41.8 -999.9  155   12.9 0 0 0
C1 21.3722  34.8274  103.0260     28.5   29.2   41.7 -999.9  142   14.1 0 0 0
C1 21.3732  34.8271  103.0277     28.6   29.1   41.9 -999.9  136   14.5 0 0 0
C1 21.3742  34.8266  103.0293     28.7   28.8   42.0 -999.9  138    8.9 0 0 0
C1 21.3752  34.8259  103.0309     28.5   29.0   42.0 -999.9  133   12.4 0 1 0
C1 21.3762  34.8251  103.0324     28.4   28.8   42.4 -999.9  137   11.6 0 0 0
C1 21.3838  34.8243  103.0338     28.3   28.9   42.5 -999.9  135   12.6 0 0 0
C1 21.3848  34.8235  103.0352     28.3   29.1   43.1 -999.9  143    8.5 0 0 0
C1 21.3858  34.8227  103.0366     28.4   28.7   42.6 -999.9  148   10.5 0 0 0
C1 21.3868  34.8221  103.0382     28.4   28.9   42.4 -999.9  146   10.7 0 0 0
C1 21.3878  34.8217  103.0400     28.3   28.9   42.9 -999.9  146   12.1 0 1 0
C1 21.3888  34.8215  103.0418     28.2   29.5   43.0 -999.9  143    8.7 0 0 0
C1 21.3898  34.8214  103.0436     28.2   28.4   43.1 -999.9  142    9.5 0 0 0
C1 21.3908  34.8214  103.0455     28.1   28.6   42.6 -999.9  155    8.8 0 0 0
C1 21.3918  34.8214  103.0472     28.1   28.8   42.9 -999.9  140    8.5 0 0 0
C1 21.3928  34.8214  103.0489     28.0   28.6   42.8 -999.9  137    8.6 0 0 0
C1 21.4005  34.8214  103.0507     28.1   28.7   42.9 -999.9  137   10.0 0 0 0
C1 21.4015  34.8214  103.0525     28.0   28.9   42.9 -999.9  128    8.1 0 0 0
C1 21.4025  34.8214  103.0542     28.0   28.3   43.2 -999.9  158    5.1 0 1 0
C1 21.4035  34.8214  103.0553     28.0   28.8   43.5 -999.9  210    7.1 0 1 0
C1 21.4045  34.8212  103.0557     28.0   28.6   43.6 -999.9  119    6.6 0 1 0
C1 21.4055  34.8206  103.0557     28.0   28.4   44.0 -999.9   69    4.0 0 1 0
C1 21.4065  34.8197  103.0557     28.0   28.6   44.2 -999.9   81    5.3 0 1 0
C1 21.4075  34.8186  103.0557     28.0   28.7   44.2 -999.9   99    4.9 0 0 0
C1 21.4085  34.8174  103.0557     28.0   29.0   44.2 -999.9  108    7.0 0 0 0
C1 21.4095  34.8160  103.0557     28.1   28.5   44.0 -999.9  128    6.2 0 0 0
C1 21.4172  34.8146  103.0557     28.1   28.3   44.3 -999.9  119    9.5 0 0 0
C1 21.4182  34.8131  103.0558     28.1   28.5   43.6 -999.9  128    9.6 0 0 0
C1 21.4192  34.8117  103.0557     28.3   29.0   43.4 -999.9  136    9.3 0 0 0
C1 21.4202  34.8102  103.0558     28.2   28.1   42.7 -999.9  149    8.4 0 0 0
C1 21.4212  34.8086  103.0558     28.3   28.2   43.2 -999.9  159    7.1 0 0 0
C1 21.4222  34.8071  103.0558     28.4   28.8   43.3 -999.9  138    8.8 0 0 0
C1 21.4232  34.8056  103.0558     28.6   28.3   43.2 -999.9  149    7.3 0 0 0
C1 21.4242  34.8040  103.0558     28.5   28.6   42.1 -999.9  144    8.0 0 0 0
C1 21.4252  34.8025  103.0558     28.6   28.4   42.0 -999.9  160    7.8 0 0 0
C1 21.4262  34.8009  103.0559     28.6   28.4   41.8 -999.9  141    8.9 0 0 0
C1 21.4338  34.7994  103.0559     28.4   28.7   41.7 -999.9  149    7.7 0 0 0
C1 21.4348  34.7979  103.0559     28.3   28.9   42.2 -999.9  139    8.1 0 0 0
C1 21.4358  34.7964  103.0559     28.3   28.0   28.1 -999.9  148    9.4 1 0 0
C1 21.4368  34.7949  103.0559     28.1   28.3   32.3 -999.9  151   10.5 1 0 0
C1 21.4378  34.7935  103.0559     28.0   28.0   42.4 -999.9  139   11.2 0 0 0
C1 21.4388  34.7920  103.0559     28.1   27.7   42.6 -999.9  151   10.8 0 0 0
C1 21.4398  34.7906  103.0559     27.9   28.7   42.6 -999.9  140    9.5 0 0 0
C1 21.4408  34.7891  103.0559     27.9   28.1   42.7 -999.9  130   10.0 0 0 0
C1 21.4418  34.7875  103.0559     28.0   28.5   42.5 -999.9  128   10.0 0 0 0
C1 21.4428  34.7860  103.0560     27.9   28.3   42.6 -999.9  129    8.7 0 0 0
C1 21.4505  34.7845  103.0560     28.0   28.2   42.5 -999.9  128    9.5 0 0 0
C1 21.4515  34.7829  103.0560     28.0   28.3   42.9 -999.9  129    8.9 0 0 0
C1 21.4525  34.7814  103.0560     28.1   28.1   42.8 -999.9  139    8.2 0 0 0
C1 21.4535  34.7798  103.0560     28.1   28.4   43.2 -999.9  138    7.4 0 0 0
C1 21.4545  34.7783  103.0560     28.2   28.8   43.6 -999.9  133    7.3 0 0 0
C1 21.4555  34.7768  103.0561     28.5   28.6   43.9 -999.9  120    9.6 0 0 0
C1 21.4565  34.7753  103.0561     28.7   28.9   43.3 -999.9  163    9.9 0 0 0
C1 21.4575  34.7738  103.0561     28.8   27.8   43.2 -999.9  141    9.1 0 0 0
C1 21.4585  34.7722  103.0561     28.8   28.2   42.9 -999.9  149    9.6 0 0 0
C1 21.4595  34.7707  103.0561     28.9   28.2   41.5 -999.9  158   11.6 0 0 0
C1 21.4672  34.7692  103.0561     28.8   28.4   41.9 -999.9  143    7.5 0 0 0
C1 21.4682  34.7676  103.0561     28.9   28.2   42.5 -999.9  136    9.9 0 0 0
C1 21.4692  34.7661  103.0561     29.1   28.5   42.1 -999.9  153   10.6 0 0 0
C1 21.4702  34.7647  103.0561     28.9   28.8   41.7 -999.9  157    9.4 0 0 0
C1 21.4712  34.7633  103.0561     28.9   28.5   41.0 -999.9  143    9.6 0 0 0
C1 21.4722  34.7619  103.0561     28.7   28.5   41.3 -999.9  134    8.3 0 0 0
C1 21.4732  34.7605  103.0561     28.8   28.7   41.5 -999.9  148    7.2 0 0 0
C1 21.4742  34.7590  103.0561     28.8   28.8   42.1 -999.9  146    8.8 0 0 0
C1 21.4752  34.7576  103.0561     28.9   28.9   43.2 -999.9  142    7.8 0 0 0
C1 21.4762  34.7561  103.0561     28.9   28.7   42.3 -999.9  137    8.4 0 0 0
C1 21.4838  34.7545  103.0561     29.0   28.7   42.6 -999.9  158    6.7 0 0 0
C1 21.4848  34.7530  103.0561     29.2   28.7   42.1 -999.9  147    7.7 0 0 0
C1 21.4858  34.7514  103.0561     29.3   28.8   42.7 -999.9  143    7.3 0 0 0
C1 21.4868  34.7500  103.0561     29.4   28.4   42.8 -999.9  152   12.2 0 1 0
C1 21.4878  34.7491  103.0561     29.4   28.8   42.2 -999.9  164   19.5 0 1 0
C1 21.4888  34.7485  103.0561     29.2   28.9   41.5  864.1  148   14.5 0 0 0
C1 21.4898  34.7478  103.0560     29.2   28.9   41.2  864.1  130    7.7 0 1 0
C1 21.4908  34.7469  103.0560     29.2   29.1   41.3  864.0  125    9.6 0 1 0
C1 21.4918  34.7458  103.0560     29.2   28.5   40.7  864.0  131   10.8 0 0 0
C1 21.4928  34.7446  103.0560     29.2   29.0   41.0  863.8  128   10.2 0 0 0
C1 21.5005  34.7433  103.0560     29.2   28.5   41.0  863.7  144    7.4 0 0 0
C1 21.5015  34.7420  103.0560     29.4   29.5   41.9  863.7  124   10.4 0 0 0
C1 21.5025  34.7405  103.0560     29.6   29.1   41.8  863.7  127    6.6 0 0 0
C1 21.5035  34.7390  103.0560     29.8   29.2   41.4  863.8  135    6.8 0 0 0
C1 21.5045  34.7375  103.0560     29.7   29.0   40.5  863.7  143   10.1 0 0 0
C1 21.5055  34.7359  103.0560     29.6   29.1   40.8  863.4  139    9.9 0 0 0
C1 21.5065  34.7343  103.0560     29.7   29.4   41.4  863.1  133   10.4 0 0 0
C1 21.5075  34.7328  103.0560     29.5   29.5   40.5  862.9  135   11.3 0 0 0
C1 21.5085  34.7312  103.0560     29.4   29.3   40.5  862.6  136    9.5 0 0 0
C1 21.5095  34.7296  103.0560     29.3   29.0   40.6  862.5  140    7.5 0 0 0
C1 21.5172  34.7283  103.0559     29.4   29.0   40.9  862.4  148   12.3 0 1 0
C1 21.5182  34.7274  103.0559     29.3   29.2   41.7  862.4  162   18.2 0 1 0
C1 21.5192  34.7272  103.0559     29.8   29.8   41.4  862.9  147   20.1 0 1 0
C1 21.5202  34.7272  103.0559     29.8   29.1   33.9  863.4   65   13.3 0 0 0
C1 21.5212  34.7272  103.0559     29.7   29.3   40.9  863.8   74   11.8 0 0 0
C1 21.5222  34.7272  103.0560     29.7   29.2   40.5  864.1  168    9.4 0 0 0
C1 21.5232  34.7272  103.0567     29.4   29.3   40.8  864.4  141   16.4 0 1 0
C1 21.5242  34.7271  103.0579     29.4   28.9   40.9  864.6  134   15.9 0 1 0
C1 21.5252  34.7271  103.0593     29.5   29.3   32.4  864.5  142   15.0 0 0 0
C1 21.5262  34.7271  103.0609     29.3   29.4   40.0  864.4  142   12.2 0 0 0
C1 21.5338  34.7271  103.0626     29.5   29.5   40.5  864.1  147   13.5 0 0 0
C1 21.5348  34.7270  103.0644     29.5   29.1   40.2  863.9  139   12.5 0 0 0
C1 21.5358  34.7270  103.0662     29.4   29.4   40.0  863.6  140   10.5 0 0 0
C1 21.5368  34.7270  103.0681     29.2   29.7   40.0  863.2  144   12.0 0 0 0
C1 21.5378  34.7270  103.0699     29.3   29.4   40.3  862.9  149   12.7 0 0 0
C1 21.5388  34.7269  103.0715     29.3   29.7   40.3  862.9  160   13.3 0 1 0
C1 21.5398  34.7269  103.0726     29.2   29.3   40.2  862.9  168   13.5 0 1 0
C1 21.5408  34.7275  103.0732     29.2   29.3   40.5  863.1  184    8.7 0 1 0
C1 21.5418  34.7285  103.0732     29.2   29.7   40.7  863.4  151   13.8 0 1 0
C1 21.5428  34.7296  103.0732     29.0   29.2   40.2  863.7  146   12.4 0 0 0
C1 21.5505  34.7309  103.0732     29.1   28.9   40.6  863.8  153    8.4 0 0 0
C1 21.5515  34.7321  103.0733     29.1   29.4   41.1  863.8  131    7.7 0 0 0
C1 21.5525  34.7331  103.0733     29.2   29.1   40.8  863.9  126    8.9 0 1 0
C1 21.5535  34.7339  103.0736     29.1   29.5   40.5  864.0   92    9.0 0 1 0
C1 21.5545  34.7340  103.0747     29.1   29.3   40.8  864.2  106   14.3 0 1 0
C1 21.5555  34.7340  103.0761     29.2   28.7   41.0  864.2  134   13.7 0 0 0
C1 21.5565  34.7340  103.0776     29.2   30.1   41.0  864.0  140   14.7 0 0 0
C1 21.5575  34.7340  103.0792     29.2   29.8   40.5  863.7  135   12.6 0 0 0
C1 21.5585  34.7340  103.0809     29.2   29.5   40.5  863.5  140   12.6 0 0 0
C1 21.5595  34.7340  103.0826     29.3   29.1   40.5 -999.9  147   11.0 0 0 0
C1 21.5672  34.7340  103.0844     29.3   29.6   40.2 -999.9  160   11.4 0 0 0
C1 21.5682  34.7340  103.0860     29.2   29.5   39.9 -999.9  157   10.6 0 0 0
C1 21.5692  34.7340  103.0877     29.2   29.8   40.6 -999.9  148   13.1 0 0 0
C1 21.5702  34.7340  103.0895     29.2   29.4   40.1 -999.9  153   12.5 0 0 0
C1 21.5712  34.7341  103.0912     29.1   29.5   40.0 -999.9  149   13.0 0 0 0
C1 21.5722  34.7341  103.0930     29.1   29.6   40.0 -999.9  147   13.0 0 0 0
C1 21.5732  34.7341  103.0948     28.9   28.9   40.0 -999.9  144   13.6 0 0 0
C1 21.5742  34.7341  103.0965     28.8   28.8   40.0 -999.9  136   14.1 0 0 0
C1 21.5752  34.7341  103.0984     29.1   29.8   40.2 -999.9  141   14.2 0 0 0
C1 21.5762  34.7341  103.1002     29.2   29.5   40.1 -999.9  147   12.5 0 0 0
C1 21.5838  34.7342  103.1020     29.1   29.4   40.4 -999.9  141   13.0 0 0 0
C1 21.5848  34.7342  103.1039     29.3   29.7   40.3 -999.9  142   12.5 0 0 0
C1 21.5860  34.7342  103.1060     29.3   29.1   40.5 -999.9  144   10.1 0 0 0
C1 21.5868  34.7342  103.1075     29.1   29.2   40.8 -999.9  146   11.1 0 0 0
C1 21.5878  34.7342  103.1093     28.9   29.5   40.8 -999.9  139   10.3 0 0 0
C1 21.5888  34.7342  103.1111     28.9   29.4   41.3 -999.9  136    9.2 0 0 0
C1 21.5898  34.7343  103.1129     28.8   29.1   40.3 -999.9  148   12.0 0 0 0
C1 21.5908  34.7343  103.1148     28.7   29.8   39.1 -999.9  147   10.2 0 0 0
C1 21.5918  34.7343  103.1167     28.7   29.5   39.6 -999.9  161   10.9 0 0 0
C1 21.5928  34.7343  103.1186     28.5   28.8   38.8 -999.9  161   11.5 0 0 0
C1 21.6005  34.7343  103.1205     28.7   29.5   38.9 -999.9  159   10.9 0 0 0
C1 21.6015  34.7343  103.1223     28.6   29.3   38.9 -999.9  149   10.2 0 0 0
C1 21.6025  34.7343  103.1242     28.6   28.9   38.8 -999.9  140   10.3 0 0 0
C1 21.6035  34.7343  103.1261     28.4   29.1   38.7 -999.9  146   12.5 0 0 0
C1 21.6045  34.7343  103.1280     28.6   29.9   38.7 -999.9  146   11.0 0 0 0
C1 21.6055  34.7343  103.1300     28.5   29.0   38.8 -999.9  152    9.9 0 0 0
C1 21.6065  34.7343  103.1319     28.3   29.2   39.2 -999.9  151   10.5 0 0 0
C1 21.6075  34.7343  103.1339     28.3   29.6   39.2 -999.9  153   10.1 0 0 0
C1 21.6085  34.7343  103.1358     28.2   28.8   39.4 -999.9  154    8.4 0 0 0
C1 21.6095  34.7343  103.1377     28.1   29.1   39.3 -999.9  155   10.9 0 0 0
C1 21.6172  34.7343  103.1395     28.1   28.9   39.4 -999.9  146    9.0 0 0 0
C1 21.6182  34.7344  103.1414     28.0   29.1   39.4 -999.9  150   10.4 0 0 0
C1 21.6192  34.7344  103.1433     28.0   28.6   39.5 -999.9  142    9.8 0 0 0
C1 21.6202  34.7344  103.1452     28.0   28.8   39.6 -999.9  138    9.5 0 0 0
C1 21.6212  34.7344  103.1471     28.0   28.8   40.2 -999.9  136    9.5 0 0 0
C1 21.6222  34.7344  103.1490     28.0   28.4   40.5 -999.9  145    9.5 0 0 0
C1 21.6232  34.7344  103.1509     27.9   29.1   41.3 -999.9  150    7.9 0 0 0
C1 21.6242  34.7343  103.1529     28.0   28.9   41.4 -999.9  152   10.0 0 0 0
C1 21.6252  34.7343  103.1548     27.9   28.4   41.4 -999.9  149   11.9 0 0 0
C1 21.6262  34.7343  103.1568     27.8   28.8   41.2 -999.9  148   10.9 0 0 0
C1 21.6338  34.7343  103.1587     28.0   28.2   41.4 -999.9  153    9.0 0 0 0
C1 21.6348  34.7343  103.1607     28.2   28.7   41.7 -999.9  158    9.7 0 0 0
C1 21.6358  34.7343  103.1627     28.0   28.6   41.6 -999.9  159    9.6 0 0 0
C1 21.6368  34.7343  103.1648     28.1   28.5   41.8 -999.9  145   10.4 0 0 0
C1 21.6378  34.7343  103.1668     28.0   28.4   42.8 -999.9  148    9.5 0 0 0
C1 21.6388  34.7344  103.1689     28.0   28.4   42.6 -999.9  151    9.7 0 0 0
C1 21.6398  34.7344  103.1710     28.0   28.7   42.2 -999.9  151   12.0 0 0 0
C1 21.6408  34.7344  103.1730     27.9   28.3   42.6 -999.9  151   10.4 0 0 0
C1 21.6418  34.7344  103.1750     28.0   28.1   42.8 -999.9  144   10.6 0 0 0
C1 21.6428  34.7344  103.1770     28.0   28.1   42.9 -999.9  140   10.4 0 0 0
C1 21.6505  34.7344  103.1790     28.0   28.3   43.2 -999.9  141   11.7 0 0 0
C1 21.6515  34.7345  103.1810     28.0   28.7   42.4 -999.9  141   14.2 0 0 0
C1 21.6525  34.7345  103.1830     28.1   28.3   42.8 -999.9  141   11.7 0 0 0
C1 21.6535  34.7345  103.1851     28.1   28.5   43.0 -999.9  142   12.3 0 0 0
C1 21.6545  34.7345  103.1870     28.2   28.6   43.7 -999.9  146   11.5 0 0 0
C1 21.6555  34.7345  103.1889     28.1   28.7   43.3 -999.9  150   10.1 0 0 0
C1 21.6565  34.7345  103.1908     28.2   28.5   43.8 -999.9  151   11.4 0 0 0
C1 21.6575  34.7345  103.1927     28.2   28.2   43.5 -999.9  145    9.7 0 0 0
C1 21.6585  34.7345  103.1946     28.2   28.6   43.0 -999.9  143    9.7 0 0 0
C1 21.6595  34.7345  103.1966     28.2   28.5   42.7 -999.9  143    9.3 0 0 0
C1 21.6672  34.7345  103.1985     28.3   28.4   42.5 -999.9  147    8.9 0 0 0
C1 21.6682  34.7345  103.2005     28.3   28.7   43.1 -999.9  141    5.5 0 0 0
C1 21.6692  34.7345  103.2024     28.4   28.3   43.0 -999.9  144    7.8 0 0 0
C1 21.6702  34.7345  103.2044     28.3   28.6   43.3 -999.9  152    9.7 0 0 0
C1 21.6712  34.7345  103.2064     28.3   28.0   43.1 -999.9  149   13.4 0 0 0
C1 21.6722  34.7345  103.2084     28.3   28.7   43.3 -999.9  133    9.6 0 0 0
C1 21.6732  34.7345  103.2104     28.4   28.4   43.4 -999.9  144   10.8 0 0 0
C1 21.6742  34.7345  103.2122     28.3   28.4   43.1 -999.9  174    8.7 0 1 0
C1 21.6752  34.7345  103.2134     28.3   28.3   43.0 -999.9  169   10.9 0 1 0
C1 21.6762  34.7345  103.2142     28.3   28.7   14.6 -999.9  163    9.2 1 1 0
C1 21.6838  34.7345  103.2144     28.2   28.1   42.8 -999.9  144    8.1 0 1 0
C1 21.6848  34.7345  103.2145     28.4   28.3   42.8 -999.9  129   11.6 0 0 0
C1 21.6858  34.7345  103.2147     28.4   28.5   42.8 -999.9  107   15.1 0 1 0
C1 21.6868  34.7339  103.2147     28.3   28.3   42.4 -999.9   82    7.0 0 1 0
C1 21.6878  34.7330  103.2147     28.1   28.4   42.3 -999.9  116   10.5 0 1 0
C1 21.6888  34.7319  103.2147     28.1   27.9   42.2 -999.9  128   13.2 0 0 0
C1 21.6898  34.7306  103.2148     28.1   28.3   42.2 -999.9  129   11.0 0 0 0
C1 21.6908  34.7292  103.2148     28.2   28.4   42.2 -999.9  137   11.1 0 0 0
C1 21.6918  34.7277  103.2148     28.2   28.5   42.8 -999.9  140   10.8 0 0 0
C1 21.6928  34.7262  103.2148     28.3   28.6   42.8 -999.9  135   10.7 0 0 0
C1 21.7005  34.7247  103.2148     28.3   28.5   42.7 -999.9  133   11.9 0 0 0
C1 21.7015  34.7232  103.2148     28.3   28.2   42.5 -999.9  130   11.3 0 0 0
C1 21.7025  34.7217  103.2148     28.3   28.6   42.2 -999.9  121   10.7 0 0 0
C1 21.7035  34.7201  103.2149     28.2   28.3   42.8 -999.9  138    9.9 0 0 0
C1 21.7045  34.7185  103.2149     28.3   28.6   42.6 -999.9  129   10.4 0 0 0
C1 21.7055  34.7170  103.2149     28.3   28.3   42.3 -999.9  132    9.7 0 0 0
C1 21.7065  34.7154  103.2149     28.4   28.1   42.5 -999.9  133    9.7 0 0 0
C1 21.7075  34.7139  103.2149     28.6   28.9   42.4 -999.9  128   11.7 0 0 0
C1 21.7085  34.7123  103.2149     28.4   28.3   42.1 -999.9  130   12.2 0 0 0
C1 21.7095  34.7107  103.2149     28.6   28.5   42.3 -999.9  129   11.9 0 0 0
C1 21.7172  34.7092  103.2149     28.4   28.5   42.0 -999.9  128   12.4 0 0 0
C1 21.7182  34.7076  103.2149     28.4   28.3   42.0 -999.9  142   11.1 0 0 0
C1 21.7192  34.7061  103.2149     28.2   28.2   42.0 -999.9  131   12.3 0 0 0
C1 21.7202  34.7046  103.2149     28.3   28.4   42.2 -999.9  132    9.6 0 0 0
C1 21.7212  34.7031  103.2150     28.4   28.1   42.2 -999.9  134   11.7 0 0 0
C1 21.7222  34.7015  103.2150     28.2   28.4   42.2 -999.9  128   10.9 0 0 0
C1 21.7232  34.7000  103.2150     28.2   28.2   42.7 -999.9  140    9.0 0 0 0
C1 21.7242  34.6985  103.2150     28.3   28.6   42.3 -999.9  132   11.4 0 0 0
C1 21.7252  34.6969  103.2150     28.1   28.8   42.2 -999.9  137   10.5 0 0 0
C1 21.7262  34.6954  103.2150     28.3   28.4   42.3 -999.9  135   11.1 0 0 0
C1 21.7338  34.6939  103.2150     28.1   27.8   42.7 -999.9  132    9.2 0 0 0
C1 21.7348  34.6923  103.2151     28.1   28.2   42.5 -999.9  132   12.4 0 0 0
C1 21.7358  34.6908  103.2151     28.2   28.1   42.5 -999.9  140   11.5 0 0 0
C1 21.7368  34.6893  103.2151     28.2   28.2   42.7 -999.9  130   11.5 0 0 0
C1 21.7378  34.6877  103.2150     28.3   28.2   42.9 -999.9  148    8.6 0 0 0
C1 21.7388  34.6861  103.2150     28.4   28.5   42.3 -999.9  129   10.7 0 0 0
C1 21.7398  34.6846  103.2150     28.3   28.2   42.7 -999.9  128    9.8 0 0 0
C1 21.7408  34.6830  103.2150     28.3   28.7   42.6 -999.9  136   10.9 0 0 0
C1 21.7418  34.6814  103.2150     28.2   28.4   42.6 -999.9  126   11.6 0 0 0
C1 21.7428  34.6799  103.2150     28.4   28.6   42.9 -999.9  143   10.3 0 0 0
C1 21.7505  34.6784  103.2149     28.4   28.4   42.8 -999.9  143   10.4 0 0 0
C1 21.7515  34.6769  103.2149     28.4   28.2   43.1 -999.9  143    7.7 0 0 0
C1 21.7527  34.6752  103.2149     28.5   27.9   43.0 -999.9  144    6.0 0 0 0
C1 21.7535  34.6739  103.2149     28.4   29.1   42.8 -999.9  120    7.6 0 0 0
C1 21.7545  34.6723  103.2149     28.3   28.7   43.0 -999.9  140    7.3 0 0 0
C1 21.7555  34.6708  103.2149     28.6   28.8   42.9 -999.9  138    8.6 0 0 0
C1 21.7565  34.6693  103.2148     28.6   28.4   43.0 -999.9  134    8.9 0 0 0
C1 21.7575  34.6679  103.2148     28.6   28.7   42.7 -999.9  136    9.4 0 0 0
C1 21.7585  34.6663  103.2148     28.5   28.2   42.5 -999.9  130    9.1 0 0 0
C1 21.7595  34.6648  103.2148     28.5   28.3   42.3 -999.9  134    9.5 0 0 0
C1 21.7672  34.6633  103.2147     28.6   28.2   42.7 -999.9  130    8.1 0 0 0
C1 21.7682  34.6618  103.2147     28.6   28.9   42.5 -999.9  118    7.5 0 0 0
C1 21.7692  34.6602  103.2147     28.6   28.9   42.1 -999.9  128    8.9 0 0 0
C1 21.7702  34.6587  103.2146     28.6   28.6   41.8 -999.9  134    9.5 0 0 0
C1 21.7712  34.6571  103.2146     28.5   28.4   41.8 -999.9  134   10.8 0 0 0
C1 21.7722  34.6556  103.2146     28.4   28.6   41.6 -999.9  130   10.5 0 0 0
C1 21.7732  34.6541  103.2146     28.4   28.5   41.8 -999.9  131    8.4 0 0 0
C1 21.7742  34.6526  103.2145     28.6   28.5   41.6 -999.9  153    7.4 0 0 0
C1 21.7752  34.6511  103.2145     28.7   28.4   41.0 -999.9  150   10.9 0 0 0
C1 21.7762  34.6496  103.2144     28.7   28.4   41.1 -999.9  139    9.9 0 0 0
C1 21.7838  34.6481  103.2144     28.7   28.6   41.7 -999.9  135    8.4 0 0 0
C1 21.7848  34.6465  103.2144     28.9   28.0   42.0 -999.9  141    9.1 0 0 0
C1 21.7858  34.6450  103.2144     28.8   28.6   41.3 -999.9  149   12.3 0 0 0
C1 21.7868  34.6435  103.2143     29.1   28.9   42.0 -999.9  150    8.5 0 0 0
C1 21.7878  34.6419  103.2143     29.1   28.9   41.5 -999.9  147   10.4 0 0 0
C1 21.7888  34.6404  103.2143     29.2   28.2   41.4 -999.9  158    6.8 0 0 0
C1 21.7898  34.6389  103.2143     29.3   29.1   41.1 -999.9  139    9.8 0 0 0
C1 21.7908  34.6374  103.2143     29.3   28.5   41.4 -999.9  142    8.9 0 0 0
C1 21.7918  34.6359  103.2143     29.6   28.6   40.7 -999.9  149   11.4 0 0 0
C1 21.7928  34.6345  103.2143     29.4   28.9   40.8 -999.9  141   11.8 0 0 0
C1 21.8005  34.6331  103.2142     29.6   29.0   40.6 -999.9  161   12.5 0 0 0
C1 21.8015  34.6319  103.2142     29.3   29.0   40.4 -999.9  149   15.2 0 0 0
C1 21.8025  34.6309  103.2141     29.4   29.1   40.4 -999.9  138   16.6 0 1 0
C1 21.8035  34.6306  103.2141     29.3   29.2   30.4 -999.9  142   20.0 1 1 0
C1 21.8045  34.6306  103.2141     29.2   29.0   33.4 -999.9   73   14.1 0 0 0
C1 21.8055  34.6306  103.2141     29.1   29.0   36.4 -999.9   72   13.1 0 0 0
C1 21.8065  34.6306  103.2141     29.0   29.4   40.2 -999.9  134    8.5 0 0 0
C1 21.8075  34.6306  103.2141     28.9   28.8   40.3 -999.9  130   12.3 0 0 0
C1 21.8085  34.6306  103.2141     28.9   29.1   40.7 -999.9  131   10.1 0 0 0
C1 21.8095  34.6306  103.2141     28.9   28.7   40.4 -999.9  132   12.0 0 0 0
C1 21.8172  34.6306  103.2141     28.8   29.0   40.3 -999.9  132   12.9 0 0 0
C1 21.8182  34.6307  103.2141     28.7   29.2   40.1 -999.9  131   12.7 0 0 0
C1 21.8192  34.6304  103.2141     28.7   28.7   40.3 -999.9  129    6.5 0 1 0
C1 21.8202  34.6298  103.2142     28.7   29.4   40.5 -999.9  120    6.7 0 1 0
C1 21.8212  34.6289  103.2142     28.6   29.2   40.4 -999.9  106    5.9 0 1 0
C1 21.8222  34.6278  103.2142     28.9   28.9   40.1 -999.9  123    7.5 0 0 0
C1 21.8232  34.6265  103.2142     28.7   29.2   40.3 -999.9  127    7.0 0 0 0
C1 21.8242  34.6251  103.2142     28.9   29.1   40.0 -999.9  140    9.3 0 0 0
C1 21.8252  34.6236  103.2143     28.7   28.9   40.2 -999.9  125    9.0 0 0 0
C1 21.8262  34.6221  103.2143     28.9   28.8   40.2 -999.9  134    8.4 0 0 0
C1 21.8338  34.6205  103.2143     28.9   29.0   40.3 -999.9  130    9.8 0 0 0
C1 21.8348  34.6189  103.2143     28.8   28.8   40.2 -999.9  130    9.5 0 0 0
C1 21.8358  34.6173  103.2143     28.8   29.5   40.3 -999.9  140    9.4 0 0 0
C1 21.8368  34.6156  103.2144     29.0   28.5   40.4 -999.9  126    9.9 0 0 0
C1 21.8378  34.6139  103.2144     29.0   28.7   40.4 -999.9  123    8.9 0 0 0
C1 21.8388  34.6121  103.2145     29.1   28.9   40.5 -999.9  130    7.5 0 0 0
C1 21.8398  34.6104  103.2145     29.3   28.9   40.9 -999.9  125    8.9 0 0 0
C1 21.8408  34.6087  103.2146     29.3   29.3   41.0 -999.9  134    9.5 0 0 0
C1 21.8418  34.6071  103.2146     29.1   29.2   41.1 -999.9  144    7.3 0 0 0
C1 21.8428  34.6056  103.2147     29.1   29.0   41.5 -999.9  144    5.5 0 0 0
C1 21.8505  34.6043  103.2147     28.8   29.3   41.7 -999.9  160    7.3 0 1 0
C1 21.8515  34.6037  103.2147     28.7   28.9   41.9 -999.9  204   15.1 0 1 0
C1 21.8525  34.6036  103.2153     28.6   29.1   41.9 -999.9  134    5.1 0 1 0
C1 21.8535  34.6036  103.2163     28.6   29.1   40.6 -999.9  122   10.3 0 1 0
C1 21.8545  34.6036  103.2177     28.7   28.7   39.6 -999.9  125   10.1 0 1 0
C1 21.8555  34.6036  103.2193     28.7   28.5   39.2 -999.9  137   11.0 0 0 0
C1 21.8565  34.6035  103.2211     28.8   28.6   39.4 -999.9  136   11.9 0 0 0
C1 21.8575  34.6035  103.2230     28.8   28.9   39.6 -999.9  132   10.4 0 0 0
C1 21.8585  34.6035  103.2250     29.0   29.0   39.9 -999.9  136   10.7 0 0 0
C1 21.8595  34.6035  103.2270     28.9   28.7   39.8 -999.9  137    9.4 0 0 0
C1 21.8672  34.6035  103.2290     29.1   29.4   40.9 -999.9  145   10.4 0 0 0
C1 21.8682  34.6035  103.2310     28.8   29.4   40.9 -999.9  143    9.3 0 0 0
C1 21.8692  34.6034  103.2330     29.1   28.8   41.8 -999.9  149    8.9 0 0 0
C1 21.8702  34.6034  103.2348     28.8   29.3   42.7 -999.9  169    8.4 0 0 0
C1 21.8712  34.6034  103.2363     28.6   29.5   42.4 -999.9  157   12.2 0 0 0
C1 21.8722  34.6034  103.2379     28.8   29.2   42.5 -999.9  140    8.4 0 0 0
C1 21.8732  34.6034  103.2394     28.7   28.9   41.1 -999.9  151   12.7 0 0 0
C1 21.8742  34.6034  103.2410     28.8   29.3   40.0 -999.9  150   12.6 0 0 0
C1 21.8752  34.6033  103.2425     28.8   28.9   40.0 -999.9  146    8.8 0 0 0
C1 21.8762  34.6033  103.2440     28.7   28.8   41.1 -999.9  142   10.4 0 0 0
C1 21.8838  34.6033  103.2455     28.6   28.7   41.4 -999.9  152    9.0 0 0 0
C1 21.8848  34.6033  103.2471     28.6   28.9   40.2 -999.9  150   11.9 0 0 0
C1 21.8858  34.6033  103.2486     28.8   29.1   40.5 -999.9  152    7.2 0 0 0
C1 21.8868  34.6033  103.2492     28.9   29.4   41.0 -999.9  215   10.8 0 1 0
C1 21.8878  34.6033  103.2493     29.0   29.1   40.6 -999.9  122    8.1 0 1 0
C1 21.8888  34.6034  103.2493     28.2   28.7   40.0 -999.9  147    9.1 0 0 0
C1 21.8898  34.6034  103.2493     29.3   29.0   40.1 -999.9  133   10.7 0 0 0
C1 21.8908  34.6033  103.2493     29.1   29.4   40.1 -999.9   52    9.3 0 0 0
C1 21.8918  34.6033  103.2493     29.6   28.9   41.7 -999.9  131    7.5 0 0 0
C1 21.8928  34.6033  103.2486     29.1   29.1   41.3 -999.9  214    8.9 0 1 0
C1 21.9005  34.6033  103.2475     29.1   29.5   40.1 -999.9  179    7.0 0 1 0
C1 21.9015  34.6034  103.2460     29.1   28.5   40.4 -999.9  171    7.6 0 0 0
C1 21.9025  34.6034  103.2444     29.1   29.2   41.3 -999.9  158    6.6 0 0 0
C1 21.9035  34.6034  103.2427     29.1   29.1   40.4 -999.9  164   10.2 0 0 0
C1 21.9045  34.6034  103.2408     29.0   28.8   40.0 -999.9  165    9.1 0 0 0
C1 21.9055  34.6034  103.2389     28.9   28.5   38.8 -999.9  161    9.6 0 0 0
C1 21.9065  34.6035  103.2369     29.4   29.0   39.0 -999.9  168   12.1 0 0 0
C1 21.9075  34.6035  103.2348     29.2   28.9   39.8 -999.9  161    9.9 0 0 0
C1 21.9085  34.6035  103.2326     29.3   29.0   41.8 -999.9  160    9.7 0 0 0
C1 21.9095  34.6035  103.2305     29.3   29.3   40.4 -999.9  150   10.2 0 0 0
C1 21.9172  34.6035  103.2283     29.5   28.9   41.3 -999.9  151   11.8 0 0 0
C1 21.9182  34.6035  103.2266     29.4   28.7   40.4 -999.9  123   13.8 0 1 0
C1 21.9193  34.6036  103.2249     29.6   29.0   40.5 -999.9  134   11.7 0 0 0
C1 21.9202  34.6036  103.2238     29.7   29.4   40.0 -999.9  142   11.8 0 0 0
C1 21.9212  34.6036  103.2223     29.6   29.5   39.9 -999.9  141    9.3 0 0 0
C1 21.9222  34.6036  103.2207     29.6   29.2   39.7 -999.9  151   10.2 0 0 0
C1 21.9232  34.6036  103.2191     29.4   29.0   39.5 -999.9  142   10.1 0 0 0
C1 21.9242  34.6036  103.2176     29.4   28.7   39.9 -999.9  139    9.2 0 0 0
C1 21.9252  34.6037  103.2162     29.4   29.5   40.0 -999.9  140    9.9 0 0 0
C1 21.9262  34.6037  103.2152     29.4   29.2   39.8 -999.9  133   13.3 0 1 0
C1 21.9338  34.6037  103.2149     29.4   29.3   40.1 -999.9  152   11.0 0 1 0
C1 21.9348  34.6034  103.2145     29.4   29.3   40.7 -999.9  296    4.8 0 1 0
C1 21.9358  34.6027  103.2144     29.4   29.1   41.3 -999.9  304    1.6 0 1 0
C1 21.9368  34.6018  103.2141     29.5   29.3   42.9 -999.9   39    2.3 0 0 0
C1 21.9378  34.6008  103.2141     29.7   29.7   40.5 -999.9  127    4.5 0 0 0
C1 21.9388  34.5995  103.2140     29.7   29.1   39.9 -999.9  136    4.6 0 1 0
C1 21.9398  34.5982  103.2139     29.6   29.2   39.9 -999.9  156    8.6 0 0 0
C1 21.9408  34.5970  103.2138     29.6   29.1   38.8 -999.9  156   13.8 0 1 0
C1 21.9418  34.5965  103.2138     29.7   29.8   37.5 -999.9  162   19.1 0 1 0
C1 21.9428  34.5964  103.2138     29.6   29.3   37.8 -999.9  153   13.5 0 1 0
C1 21.9505  34.5964  103.2138     29.3   29.7   37.6 -999.9  163   10.0 0 0 0
C1 21.9515  34.5963  103.2137     29.3   30.1   37.6 -999.9  154   10.5 0 0 0
C1 21.9525  34.5963  103.2137     29.3   29.3   37.5 -999.9  159    7.7 0 0 0
C1 21.9535  34.5963  103.2137     29.3   29.6   37.5 -999.9  165    8.2 0 0 0
C1 21.9545  34.5963  103.2136     29.2   29.4   37.7 -999.9  151    9.7 0 0 0
C1 21.9555  34.5963  103.2136     29.2   29.1   38.0 -999.9  133    7.4 0 0 0
C1 21.9568  34.5963  103.2135     29.2   29.4   38.6 -999.9  135    7.1 0 0 0
C1 21.9578  34.5963  103.2135     29.2   29.5   38.8 -999.9  141    7.2 0 0 0
C1 21.9588  34.5963  103.2135     29.1   29.7   38.8 -999.9  134    9.4 0 0 0
C1 21.9598  34.5963  103.2135     29.1   29.3   38.8 -999.9  135   10.6 0 0 0
C1 21.9675  34.5963  103.2134     29.1   29.4   38.7 -999.9  133    9.2 0 0 0
C1 21.9685  34.5962  103.2134     29.1   29.7   38.8 -999.9  133    9.3 0 0 0
C1 21.9695  34.5962  103.2134     28.9   29.1   39.1 -999.9  129    7.5 0 0 0
C1 21.9702  34.5962  103.2134     29.1   30.1   39.4 -999.9  131    8.8 0 0 0
C1 21.9712  34.5962  103.2133     29.1   29.2   38.7 -999.9  134    8.9 0 0 0
C1 21.9722  34.5962  103.2133     29.0   28.8   38.2 -999.9  143    9.0 0 0 0
C1 21.9735  34.5962  103.2133     28.9   29.6   38.0 -999.9  139    8.1 0 0 0
C1 21.9742  34.5962  103.2133     28.9   29.6   37.7 -999.9  141    7.9 0 0 0
C1 21.9755  34.5962  103.2132     29.1   29.3   37.3 -999.9  151    7.6 0 0 0
C1 21.9765  34.5962  103.2132     28.8   29.3   37.4 -999.9  139    6.8 0 0 0
C1 21.9838  34.5962  103.2132     28.8   29.4   37.3 -999.9  141    6.3 0 0 0
C1 21.9848  34.5962  103.2132     28.9   29.6   37.2 -999.9  137    7.2 0 0 0
C1 21.9858  34.5962  103.2132     28.8   29.2   36.8 -999.9  141    9.3 0 0 0
C1 21.9868  34.5962  103.2132     28.7   29.2   37.0 -999.9  145    7.8 0 0 0
C1 21.9878  34.5961  103.2131     28.7   29.9   37.1 -999.9  151    8.1 0 0 0
C1 21.9888  34.5961  103.2131     28.7   29.3   37.0 -999.9  150    8.6 0 0 0
C1 21.9898  34.5961  103.2131     28.7   29.1   37.1 -999.9  145    7.4 0 0 0
C1 21.9908  34.5961  103.2131     28.7   29.1   37.2 -999.9  139    8.3 0 0 0
C1 21.9918  34.5961  103.2131     28.7   29.3   37.5 -999.9  144    8.0 0 0 0
C1 21.9928  34.5961  103.2131     28.7   29.3   37.7 -999.9  160    7.9 0 0 0
C1 22.0005  34.5961  103.2131     28.8   28.9   38.0 -999.9  147    8.2 0 0 0
C1 22.0015  34.5961  103.2131     28.8   29.4   38.2 -999.9  140    7.8 0 0 0
C1 22.0025  34.5961  103.2131     28.8   29.2   38.3 -999.9  142    7.8 0 0 0
C1 22.0035  34.5961  103.2131     28.8   29.1   38.4 -999.9  141    8.3 0 0 0
C1 22.0045  34.5961  103.2131     28.9   29.1   38.1 -999.9  143    8.7 0 0 0
C1 22.0055  34.5960  103.2131     28.9   29.0   38.3 -999.9  147    7.6 0 0 0
C1 22.0065  34.5960  103.2131     28.8   29.8   37.9 -999.9  139    8.9 0 0 0
C1 22.0075  34.5960  103.2131     28.8   29.5   38.0 -999.9  145    7.3 0 0 0
C1 22.0085  34.5960  103.2131     28.8   29.1   38.0 -999.9  137    7.4 0 0 0
C1 22.0095  34.5960  103.2131     28.8   29.4   38.1 -999.9  138    7.5 0 0 0
C1 22.0172  34.5960  103.2131     28.7   29.0   38.3 -999.9  146    7.3 0 0 0
C1 22.0182  34.5960  103.2131     28.7   29.0   38.6 -999.9  149    7.4 0 0 0
C1 22.0192  34.5960  103.2131     28.7   29.0   38.7 -999.9  138    7.0 0 0 0
C1 22.0202  34.5960  103.2131     28.8   29.2   39.0 -999.9  134    6.1 0 0 0
C1 22.0212  34.5960  103.2131     28.7   29.0   38.9 -999.9  138    7.6 0 0 0
C1 22.0222  34.5961  103.2131     28.7   29.1   39.0 -999.9  135    9.7 0 0 0
C1 22.0232  34.5961  103.2131     28.7   29.5   39.3 -999.9  134    8.5 0 0 0
C1 22.0242  34.5961  103.2132     28.7   29.0   39.3 -999.9  133    8.1 0 0 0
C1 22.0252  34.5961  103.2132     28.7   28.9   39.1 -999.9  134    9.2 0 0 0
C1 22.0262  34.5961  103.2132     28.7   29.4   39.2 -999.9  136    9.0 0 0 0
C1 22.0338  34.5961  103.2132     28.6   29.2   39.4 -999.9  127    8.3 0 0 0
C1 22.0348  34.5962  103.2132     28.5   29.0   39.5 -999.9  138    7.8 0 0 0
C1 22.0358  34.5962  103.2132     28.6   28.9   39.6 -999.9  135    7.4 0 0 0
C1 22.0368  34.5962  103.2133     28.5   29.1   39.4 -999.9  136    9.2 0 0 0
C1 22.0378  34.5962  103.2133     28.6   29.1   39.4 -999.9  131    8.5 0 0 0
C1 22.0388  34.5962  103.2133     28.6   29.1   39.5 -999.9  128    8.5 0 0 0
C1 22.0398  34.5963  103.2133     28.4   29.0   39.6 -999.9  120    7.8 0 0 0
C1 22.0408  34.5963  103.2133     28.4   28.7   39.2 -999.9  134    8.2 0 0 0
C1 22.0418  34.5963  103.2134     28.3   28.6   39.1 -999.9  133    8.9 0 0 0
C1 22.0428  34.5963  103.2134     28.3   28.8   39.1 -999.9  134    8.5 0 0 0
C1 22.0505  34.5963  103.2134     28.3   28.5   39.2 -999.9  134    8.4 0 0 0
C1 22.0515  34.5964  103.2134     28.4   28.8   39.2 -999.9  135    9.0 0 0 0
C1 22.0525  34.5964  103.2134     28.3   28.6   38.9 -999.9  138   10.8 0 0 0
C1 22.0535  34.5964  103.2134     28.3   28.9   39.1 -999.9  133    9.5 0 0 0
C1 22.0545  34.5964  103.2134     28.4   28.5   39.1 -999.9  143    8.2 0 0 0
C1 22.0555  34.5964  103.2135     28.3   28.7   39.2 -999.9  138    7.6 0 0 0
C1 22.0565  34.5964  103.2135     28.3   28.8   39.2 -999.9  132    7.5 0 0 0
C1 22.0575  34.5964  103.2135     28.4   28.9   39.4 -999.9  129    8.6 0 0 0
C1 22.0585  34.5964  103.2135     28.4   28.3   39.4 -999.9  130    7.7 0 0 0
C1 22.0595  34.5964  103.2135     28.4   28.8   39.4 -999.9  140    8.2 0 0 0
C1 22.0672  34.5964  103.2135     28.3   28.8   39.5 -999.9  137    8.2 0 0 0
C1 22.0682  34.5964  103.2135     28.2   28.9   39.4 -999.9  128    9.9 0 0 0
C1 22.0692  34.5964  103.2135     28.1   27.9   39.4 -999.9  146    8.0 0 0 0
C1 22.0702  34.5964  103.2135     28.2   28.8   39.5 -999.9  138    8.2 0 0 0
C1 22.0712  34.5964  103.2135     28.2   28.9   39.6 -999.9  134    7.8 0 0 0
C1 22.0722  34.5964  103.2135     28.2   28.8   39.6 -999.9  135    8.6 0 0 0
C1 22.0732  34.5964  103.2135     28.0   28.9   39.6 -999.9  133    8.2 0 0 0
C1 22.0742  34.5964  103.2135     28.0   28.3   39.9 -999.9  138    7.3 0 0 0
C1 22.0752  34.5964  103.2135     28.1   28.6   40.0 -999.9  120    8.1 0 0 0
C1 22.0762  34.5964  103.2135     28.2   28.7   40.2 -999.9  136    9.0 0 0 0
C1 22.0842  34.5963  103.2135     28.1   28.6   40.5 -999.9  135    7.5 0 0 0
C1 22.0848  34.5963  103.2135     28.1   28.6   40.4 -999.9  119    9.9 0 0 0
C1 22.0860  34.5963  103.2135     28.1   29.0   40.5 -999.9  136    8.7 0 0 0
C1 22.0868  34.5963  103.2135     28.2   28.8   40.7 -999.9  115    9.3 0 0 0
C1 22.0878  34.5963  103.2135     28.1   28.7   40.6 -999.9  115   10.6 0 0 0
C1 22.0888  34.5963  103.2135     28.0   28.3   40.7 -999.9  112   12.5 0 0 0
C1 22.0898  34.5963  103.2135     28.2   28.6   40.9 -999.9  121    8.4 0 0 0
C1 22.0908  34.5963  103.2135     28.1   28.6   40.9 -999.9  125   11.0 0 0 0
C1 22.0918  34.5963  103.2135     27.9   28.3   41.0 -999.9  127   10.2 0 0 0
C1 22.0928  34.5963  103.2136     28.0   28.8   41.2 -999.9  127    8.5 0 0 0
C1 22.1005  34.5963  103.2136     28.0   28.9   41.4 -999.9  132    8.8 0 0 0
C1 22.1015  34.5963  103.2136     28.0   28.6   41.4 -999.9  134    7.5 0 0 0
C1 22.1025  34.5963  103.2136     27.9   27.7   41.0 -999.9  138    9.2 0 0 0
C1 22.1035  34.5963  103.2136     27.9   28.9   41.3 -999.9  136    8.8 0 0 0
C1 22.1045  34.5963  103.2136     27.8   28.7   41.0 -999.9  138   10.7 0 0 0
C1 22.1055  34.5963  103.2136     27.8   28.0   41.0 -999.9  140    9.6 0 0 0
C1 22.1065  34.5963  103.2136     27.8   28.2   41.1 -999.9  139   11.0 0 0 0
C1 22.1075  34.5964  103.2136     27.9   28.3   41.4 -999.9  145   10.3 0 0 0
C1 22.1085  34.5964  103.2136     27.9   28.7   41.7 -999.9  135    9.3 0 0 0
C1 22.1097  34.5964  103.2137     28.0   28.1   41.7 -999.9  134   10.2 0 0 0
C1 22.1172  34.5964  103.2137     28.0   28.4   41.9 -999.9  141    9.8 0 0 0
C1 22.1182  34.5965  103.2137     28.0   28.4   42.0 -999.9  139    9.3 0 0 0
C1 22.1192  34.5965  103.2137     28.0   28.5   42.2 -999.9  142    8.7 0 0 0
C1 22.1202  34.5965  103.2137     28.0   28.2   42.4 -999.9  132    6.9 0 0 0
C1 22.1212  34.5966  103.2137     28.0   27.6   42.2 -999.9  145    9.2 0 0 0
C1 22.1222  34.5966  103.2137     28.0   28.3   42.3 -999.9  134    9.2 0 0 0
C1 22.1232  34.5966  103.2137     28.0   28.3   42.2 -999.9  128    9.6 0 0 0
C1 22.1242  34.5966  103.2137     28.0   28.4   42.4 -999.9  133    8.6 0 0 0
C1 22.1252  34.5967  103.2137     28.0   28.6   42.7 -999.9  144    8.5 0 0 0
C1 22.1262  34.5967  103.2137     28.1   28.3   42.2 -999.9  143   10.7 0 0 0
C1 22.1338  34.5967  103.2137     27.8   28.6   42.2 -999.9  150   10.8 0 0 0
C1 22.1348  34.5968  103.2137     27.9   28.0   42.2 -999.9  144   10.0 0 0 0
C1 22.1358  34.5968  103.2137     28.0   28.4   42.0 -999.9  137   12.1 0 0 0
C1 22.1368  34.5968  103.2137     27.9   28.4   42.2 -999.9  144   10.0 0 0 0
C1 22.1378  34.5968  103.2137     28.0   28.1   42.0 -999.9  133   12.2 0 0 0
C1 22.1388  34.5969  103.2136     28.0   28.2   41.9 -999.9  138   11.2 0 0 0
C1 22.1398  34.5969  103.2136     27.9   28.2   42.2 -999.9  134    8.9 0 0 0
C1 22.1408  34.5969  103.2136     27.8   28.2   42.0 -999.9  134    9.3 0 0 0
C1 22.1418  34.5969  103.2136     27.9   28.1   42.3 -999.9  136    8.2 0 0 0
C1 22.1428  34.5969  103.2136     27.8   28.2   42.4 -999.9  135    8.9 0 0 0
C1 22.1505  34.5969  103.2136     27.8   28.3   42.4 -999.9  134    9.9 0 0 0
C1 22.1515  34.5969  103.2135     27.8   28.5   42.6 -999.9  134    8.9 0 0 0
C1 22.1525  34.5968  103.2135     27.8   28.0   42.5 -999.9  130    8.7 0 0 0
C1 22.1535  34.5968  103.2135     27.8   28.3   42.6 -999.9  134    9.8 0 0 0
C1 22.1545  34.5968  103.2135     27.8   28.3   42.5 -999.9  141    8.7 0 0 0
C1 22.1555  34.5968  103.2135     27.8   28.2   42.8 -999.9  139    8.0 0 0 0
C1 22.1565  34.5967  103.2135     27.9   28.2   42.3 -999.9  127    9.8 0 0 0
C1 22.1575  34.5967  103.2134     28.0   28.2   42.3 -999.9  130   10.0 0 0 0
C1 22.1585  34.5967  103.2134     27.8   28.0   42.1 -999.9  135    9.1 0 0 0
C1 22.1595  34.5966  103.2134     27.9   28.8   41.9 -999.9  135   10.1 0 0 0
C1 22.1672  34.5966  103.2134     28.0   28.3   41.6 -999.9  133   10.5 0 0 0
C1 22.1682  34.5966  103.2134     28.0   27.8   41.5 -999.9  121    9.9 0 0 0
C1 22.1692  34.5965  103.2133     27.9   28.1   41.5 -999.9  122   10.9 0 0 0
C1 22.1702  34.5965  103.2133     27.8   27.9   41.4 -999.9  136   10.1 0 0 0
C1 22.1712  34.5964  103.2133     27.7   28.2   41.8 -999.9  138    8.5 0 0 0
C1 22.1722  34.5964  103.2133     27.8   28.3   41.7 -999.9  137    8.9 0 0 0
C1 22.1732  34.5964  103.2132     27.8   28.2   41.7 -999.9  135   10.5 0 0 0
C1 22.1742  34.5963  103.2132     27.8   28.4   42.0 -999.9  136   10.7 0 0 0
C1 22.1752  34.5963  103.2132     27.9   28.1   41.8 -999.9  129    9.6 0 0 0
C1 22.1762  34.5963  103.2132     27.8   28.2   41.8 -999.9  132   10.6 0 0 0
C1 22.1838  34.5962  103.2132     27.8   27.8   41.9 -999.9  133   12.2 0 0 0
C1 22.1848  34.5962  103.2131     27.8   28.1   42.2 -999.9  132   10.1 0 0 0
C1 22.1858  34.5962  103.2131     27.9   27.9   42.1 -999.9  127   10.2 0 0 0
C1 22.1868  34.5962  103.2131     27.8   28.3   42.5 -999.9  133    8.7 0 0 0
C1 22.1878  34.5962  103.2131     27.9   28.0   42.5 -999.9  132    8.0 0 0 0
C1 22.1888  34.5962  103.2131     27.8   27.6   42.3 -999.9  137   10.1 0 0 0
C1 22.1898  34.5962  103.2131     27.9   27.9   42.3 -999.9  132   10.6 0 0 0
C1 22.1908  34.5962  103.2131     27.6   27.7   42.0 -999.9  144   12.2 0 0 0
C1 22.1918  34.5962  103.2131     27.9   28.1   42.1 -999.9  136   11.7 0 0 0
C1 22.1928  34.5962  103.2131     27.9   27.6   42.0 -999.9  135   11.2 0 0 0
C1 22.2005  34.5962  103.2131     27.9   28.3   42.3 -999.9  126    9.5 0 0 0
C1 22.2015  34.5962  103.2131     27.9   28.2   42.2 -999.9  137   10.8 0 0 0
C1 22.2025  34.5962  103.2131     27.8   28.2   41.9 -999.9  132   11.3 0 0 0
C1 22.2035  34.5962  103.2131     27.6   28.0   42.0 -999.9  133   10.0 0 0 0
C1 22.2045  34.5962  103.2131     27.5   27.9   41.9 -999.9  129   11.3 0 0 0
C1 22.2055  34.5962  103.2131     27.5   27.9   41.9 -999.9  134   10.8 0 0 0
C1 22.2065  34.5962  103.2131     27.4   27.8   42.0 -999.9  131   11.0 0 0 0
C1 22.2075  34.5963  103.2132     27.4   27.7   41.8 -999.9  143   11.1 0 0 0
C1 22.2085  34.5963  103.2132     27.3   27.8   42.1 -999.9  136    9.2 0 0 0
C1 22.2095  34.5963  103.2132     27.5   28.0   42.1 -999.9  128   10.4 0 0 0
C1 22.2172  34.5963  103.2132     27.5   27.7   42.3 -999.9  136    9.0 0 0 0
C1 22.2182  34.5962  103.2132     27.5   27.8   42.9 -999.9  142    7.9 0 0 0
C1 22.2192  34.5962  103.2133     27.3   27.9   42.6 -999.9  136    9.5 0 0 0
C1 22.2202  34.5963  103.2133     27.3   27.9   43.0 -999.9  129    7.6 0 0 0
C1 22.2212  34.5963  103.2133     27.4   27.6   42.9 -999.9  127    7.9 0 0 0
C1 22.2222  34.5963  103.2134     27.3   27.9   43.0 -999.9  138    9.7 0 0 0
C1 22.2232  34.5963  103.2134     27.3   28.0   42.4 -999.9  131   12.8 0 0 0
C1 22.2242  34.5963  103.2134     27.3   27.7   42.6 -999.9  136   12.1 0 0 0
C1 22.2252  34.5963  103.2134     27.3   27.5   42.8 -999.9  140   12.3 0 0 0
C1 22.2262  34.5963  103.2135     27.3   27.6   42.6 -999.9  137   13.5 0 0 0
C1 22.2338  34.5963  103.2135     27.3   27.7   42.8 -999.9  131   13.4 0 0 0
C1 22.2348  34.5964  103.2135     27.5   27.9   42.9 -999.9  131   12.9 0 0 0
C1 22.2358  34.5964  103.2135     27.4   28.1   43.1 -999.9  124   14.5 0 0 0
C1 22.2368  34.5964  103.2136     27.4   28.1   43.2 -999.9  132   12.7 0 0 0
C1 22.2378  34.5964  103.2136     27.5   28.0   43.7 -999.9  132    9.7 0 0 0
C1 22.2388  34.5964  103.2136     27.5   27.7   43.3 -999.9  150   13.0 0 0 0
C1 22.2398  34.5964  103.2137     27.5   28.1   43.9 -999.9  139   10.9 0 0 0
C1 22.2408  34.5964  103.2137     27.5   28.0   44.1 -999.9  141    9.4 0 0 0
C1 22.2418  34.5964  103.2137     27.5   27.7   43.8 -999.9  129   11.9 0 0 0
C1 22.2428  34.5964  103.2137     27.4   27.6   43.9 -999.9  134   11.7 0 0 0
C1 22.2505  34.5964  103.2137     27.4   28.1   29.6 -999.9  352   10.5 0 0 0
C1 22.2515  34.5965  103.2137     27.4   27.7   43.9 -999.9  130   13.3 0 0 0
C1 22.2527  34.5965  103.2137     27.3   27.4   44.6 -999.9  136   10.2 0 0 0
C1 22.2535  34.5965  103.2137     27.3   27.5   44.0 -999.9  136   12.8 0 0 0
C1 22.2545  34.5965  103.2137     27.1   27.9   44.1 -999.9  133   12.4 0 0 0
C1 22.2555  34.5965  103.2137     27.1   27.5   44.3 -999.9  129   12.1 0 0 0
C1 22.2565  34.5965  103.2137     27.5   27.9   44.6 -999.9  124   10.6 0 0 0
C1 22.2575  34.5966  103.2137     27.2   27.4   45.0 -999.9  129    9.6 0 0 0
C1 22.2585  34.5966  103.2137     27.1   27.6   45.2 -999.9  131   10.1 0 0 0
C1 22.2595  34.5966  103.2137     27.3   27.8   45.2 -999.9  140   10.9 0 0 0
C1 22.2672  34.5966  103.2137     27.1   27.8   44.3 -999.9  131   14.4 0 0 0
C1 22.2682  34.5966  103.2136     27.1   27.6   44.7 -999.9  138   11.7 0 0 0
C1 22.2692  34.5966  103.2136     27.2   27.8   44.9 -999.9  128   11.2 0 0 0
C1 22.2702  34.5966  103.2136     27.1   27.8   44.8 -999.9  130   13.2 0 0 0
C1 22.2712  34.5966  103.2136     27.1   27.6   44.9 -999.9  132   12.1 0 0 0
C1 22.2722  34.5966  103.2136     27.0   27.8   45.6 -999.9  127    9.9 0 0 0
C1 22.2732  34.5966  103.2135     27.0   27.1   46.0 -999.9  133   10.2 0 0 0
C1 22.2742  34.5965  103.2135     27.1   27.9   45.6 -999.9  125   11.0 0 0 0
C1 22.2752  34.5965  103.2135     27.0   27.6   45.6 -999.9  125   11.4 0 0 0
C1 22.2762  34.5965  103.2135     26.9   27.2   45.6 -999.9  116   10.1 0 0 0
C1 22.2838  34.5965  103.2135     26.9   27.6   46.5 -999.9  129   10.1 0 0 0
C1 22.2848  34.5965  103.2135     26.9   27.4   45.7 -999.9  125   10.9 0 0 0
C1 22.2858  34.5964  103.2135     26.9   27.9   46.2 -999.9  128    9.3 0 0 0
C1 22.2868  34.5964  103.2135     26.8   27.7   47.1 -999.9  126    8.7 0 0 0
C1 22.2878  34.5964  103.2135     26.8   27.8   46.7 -999.9  123    9.1 0 0 0
C1 22.2888  34.5964  103.2135     26.9   27.3   47.2 -999.9  130    7.5 0 0 0
C1 22.2898  34.5963  103.2135     26.8   27.5   47.6 -999.9  126    9.8 0 0 0
C1 22.2908  34.5963  103.2135     26.7   27.4   46.8 -999.9  127   10.9 0 0 0
C1 22.2918  34.5963  103.2135     26.6   27.6   46.9 -999.9  120    8.6 0 0 0
C1 22.2928  34.5963  103.2136     26.6   27.6   47.2 -999.9  118    8.9 0 0 0
C1 22.3005  34.5962  103.2136     26.8   27.3   47.2 -999.9  128    9.5 0 0 0
C1 22.3015  34.5962  103.2136     27.0   27.4   47.3 -999.9  132    9.6 0 0 0
C1 22.3025  34.5962  103.2136     26.6   27.4   46.4 -999.9  123   10.2 0 0 0
C1 22.3035  34.5962  103.2137     26.6   27.3   46.8 -999.9  125   10.8 0 0 0
C1 22.3045  34.5962  103.2137     26.6   27.6   47.6 -999.9  126    9.8 0 0 0
C1 22.3055  34.5962  103.2137     26.6   27.5   46.8 -999.9  127   11.4 0 0 0
C1 22.3065  34.5962  103.2138     26.5   27.4   47.6 -999.9  116    8.6 0 0 0
C1 22.3075  34.5962  103.2138     26.5   27.2   47.4 -999.9  130   10.4 0 0 0
C1 22.3085  34.5962  103.2139     26.6   27.3   47.3 -999.9  123    7.9 0 0 0
C1 22.3095  34.5962  103.2139     26.6   27.0   47.4 -999.9  117   10.0 0 0 0
C1 22.3172  34.5962  103.2139     26.5   27.7   47.2 -999.9  123    9.7 0 0 0
C1 22.3182  34.5962  103.2140     26.5   27.6   48.3 -999.9  118    7.8 0 0 0
C1 22.3192  34.5961  103.2140     26.5   27.1   48.0 -999.9  116    8.9 0 0 0
C1 22.3202  34.5959  103.2139     26.4   26.9   47.4 -999.9  133    6.7 0 1 0
C1 22.3212  34.5953  103.2136     26.3   27.1   47.4 -999.9  107    6.7 0 1 0
C1 22.3222  34.5948  103.2130     26.3   27.2   47.4 -999.9  119   10.1 0 1 0
C1 22.3232  34.5943  103.2122     26.4   27.4   48.1 -999.9  105    9.3 0 1 0
C1 22.3242  34.5941  103.2113     26.3   27.1   47.7 -999.9  116   10.2 0 1 0
C1 22.3252  34.5941  103.2103     26.2   27.1   46.7 -999.9  123   11.9 0 0 0
C1 22.3262  34.5941  103.2092     26.4   27.4   47.1 -999.9  126    6.6 0 0 0
C1 22.3338  34.5941  103.2080     26.3   27.1   47.8 -999.9  151    8.2 0 0 0
C1 22.3348  34.5942  103.2066     26.2   27.2   47.3 -999.9  123    8.2 0 0 0
C1 22.3358  34.5942  103.2050     26.1   27.1   47.8 -999.9  143    8.6 0 0 0
C1 22.3368  34.5942  103.2034     26.1   26.9   47.8 -999.9  140    9.6 0 0 0
C1 22.3378  34.5942  103.2017     26.2   26.8   47.4 -999.9  134   11.1 0 0 0
C1 22.3388  34.5942  103.2000     26.4   27.3   47.7 -999.9  137   11.2 0 0 0
C1 22.3398  34.5943  103.1985     26.2   27.0   48.3 -999.9  123   11.8 0 1 0
C1 22.3408  34.5943  103.1975     26.2   26.8   47.9 -999.9  118   15.1 0 1 0
C1 22.3418  34.5942  103.1970     26.4   26.9   47.8 -999.9  149   16.5 0 1 0
C1 22.3428  34.5935  103.1969     26.2   26.8   47.7 -999.9   92    7.6 0 1 0
C1 22.3505  34.5925  103.1969     26.4   26.8   47.8 -999.9  112    7.2 0 1 0
C1 22.3515  34.5913  103.1969     26.4   26.6   47.2 -999.9  130   10.9 0 0 0
C1 22.3525  34.5900  103.1969     26.5   26.8   47.0 -999.9  131   11.8 0 0 0
C1 22.3535  34.5887  103.1969     26.5   26.9   47.1 -999.9  128   11.1 0 0 0
C1 22.3545  34.5873  103.1969     26.5   26.9   47.5 -999.9  127   11.9 0 0 0
C1 22.3555  34.5859  103.1968     26.4   26.9   47.6 -999.9  137   10.0 0 0 0
C1 22.3565  34.5845  103.1968     26.4   26.7   48.4 -999.9  130    8.8 0 0 0
C1 22.3575  34.5829  103.1968     26.4   27.0   48.4 -999.9  124   11.0 0 0 0
C1 22.3585  34.5814  103.1968     26.4   27.0   47.8 -999.9  130   11.5 0 0 0
C1 22.3595  34.5799  103.1968     26.3   26.7   48.0 -999.9  134    9.8 0 0 0
C1 22.3672  34.5784  103.1967     26.2   26.7   48.1 -999.9  124   11.2 0 0 0
C1 22.3682  34.5769  103.1967     26.4   27.0   48.2 -999.9  126   11.2 0 0 0
C1 22.3692  34.5755  103.1966     26.6   26.9   48.1 -999.9  142    9.8 0 0 0
C1 22.3702  34.5740  103.1966     26.4   26.9   48.3 -999.9  139    9.0 0 0 0
C1 22.3712  34.5725  103.1966     26.4   26.9   48.3 -999.9  130   10.9 0 0 0
C1 22.3722  34.5711  103.1966     26.5   26.7   48.3 -999.9  133    9.5 0 0 0
C1 22.3732  34.5697  103.1966     26.4   26.9   48.3 -999.9  133    9.1 0 0 0
C1 22.3742  34.5683  103.1966     26.4   26.4   48.9 -999.9  138    9.0 0 0 0
C1 22.3752  34.5671  103.1966     26.4   27.1   48.6 -999.9  133   10.6 0 0 0
C1 22.3762  34.5658  103.1966     26.4   27.3   49.1 -999.9  129    7.8 0 0 0
C1 22.3838  34.5644  103.1966     26.5   26.7   48.8 -999.9  146    9.0 0 0 0
C1 22.3848  34.5631  103.1966     26.6   27.1   49.7 -999.9  121    6.4 0 0 0
C1 22.3858  34.5617  103.1966     26.5   26.8   49.2 -999.9  137    7.5 0 0 0
C1 22.3868  34.5604  103.1966     26.4   26.8   49.8 -999.9  132    5.7 0 0 0
C1 22.3878  34.5591  103.1966     26.4   26.4   49.6 -999.9  123    8.4 0 0 0
C1 22.3888  34.5578  103.1966     26.5   26.9   48.5 -999.9  129   11.4 0 0 0
C1 22.3898  34.5565  103.1966     26.9   26.5   48.1 -999.9  141   10.4 0 0 0
C1 22.3908  34.5552  103.1966     27.0   27.0   47.9 -999.9  135   11.5 0 0 0
C1 22.3918  34.5540  103.1966     27.1   27.0   47.9 -999.9  138   11.7 0 0 0
C1 22.3928  34.5528  103.1966     26.9   26.7   47.7 -999.9  129   10.7 0 0 0
C1 22.4005  34.5515  103.1966     27.0   26.7   47.2 -999.9  133   11.3 0 0 0
C1 22.4015  34.5503  103.1966     27.1   26.8   46.9 -999.9  133   12.0 0 0 0
C1 22.4025  34.5492  103.1966     27.2   26.9   47.2 -999.9  127   10.3 0 0 0
C1 22.4035  34.5479  103.1966     27.0   26.5   47.3 -999.9  127    8.6 0 0 0
C1 22.4045  34.5467  103.1966     27.0   26.8   47.4 -999.9  127    9.5 0 0 0
C1 22.4055  34.5454  103.1965     27.0   26.7   47.3 -999.9  146    7.3 0 0 0
C1 22.4065  34.5440  103.1965     27.1   26.6   47.6 -999.9  118    9.4 0 0 0
C1 22.4075  34.5427  103.1965     27.0   26.5   47.5 -999.9  123    9.3 0 0 0
C1 22.4085  34.5414  103.1965     27.0   26.7   47.6 -999.9  128    8.3 0 0 0
C1 22.4095  34.5400  103.1965     26.8   26.7   47.8 -999.9  145    8.1 0 0 0
C1 22.4172  34.5387  103.1965     26.7   26.9   47.8 -999.9  133   11.0 0 0 0
C1 22.4182  34.5374  103.1965     26.8   26.9   48.2 -999.9  127    9.0 0 0 0
C1 22.4193  34.5359  103.1965     26.6   27.1   47.0 -999.9  134   10.6 0 0 0
C1 22.4202  34.5348  103.1965     26.8   26.9   47.4 -999.9  127    6.6 0 0 0
C1 22.4212  34.5335  103.1965     26.8   27.0   47.6 -999.9  119    8.7 0 0 0
C1 22.4222  34.5322  103.1965     26.9   27.0   47.4 -999.9  125    7.0 0 0 0
C1 22.4232  34.5309  103.1964     26.8   26.7   47.4 -999.9  120    6.9 0 0 0
C1 22.4242  34.5294  103.1964     27.0   26.5   47.4 -999.9  112    9.2 0 0 0
C1 22.4252  34.5280  103.1964     27.0   26.7   47.6 -999.9  121    9.6 0 0 0
C1 22.4262  34.5265  103.1964     27.1   26.8   47.1 -999.9  125   11.9 0 0 0
C1 22.4338  34.5250  103.1964     27.1   27.4   47.0 -999.9  130   10.2 0 0 0
C1 22.4348  34.5236  103.1963     27.1   26.4   47.2 -999.9  127   10.8 0 0 0
C1 22.4358  34.5222  103.1963     27.3   27.1   46.9 -999.9  123    9.7 0 0 0
C1 22.4368  34.5208  103.1963     27.4   27.2   47.2 -999.9  122    8.6 0 0 0
C1 22.4378  34.5194  103.1963     27.3   27.3   46.8 -999.9  119    7.4 0 0 0
C1 22.4388  34.5179  103.1964     27.3   26.7   47.3 -999.9  132    6.3 0 0 0
C1 22.4398  34.5165  103.1964     27.3   26.9   47.1 -999.9  119    9.2 0 0 0
C1 22.4408  34.5152  103.1964     27.0   26.6   46.7 -999.9  123   14.3 0 0 0
C1 22.4418  34.5139  103.1964     27.1   26.9   46.8 -999.9  130   12.8 0 0 0
C1 22.4428  34.5127  103.1964     27.0   27.0   47.2 -999.9  122   12.0 0 0 0
C1 22.4505  34.5114  103.1965     27.0   27.3   46.5 -999.9  124   13.8 0 0 0
C1 22.4515  34.5101  103.1965     27.0   26.9   46.5 -999.9  121   13.0 0 0 0
C1 22.4525  34.5088  103.1965     27.1   27.3   46.2 -999.9  117   14.3 0 0 0
C1 22.4535  34.5075  103.1965     26.9   26.9   47.0 -999.9  118   10.5 0 0 0
C1 22.4545  34.5061  103.1965     27.0   26.9   47.6 -999.9  115   10.6 0 0 0
C1 22.4555  34.5046  103.1965     27.1   27.3   47.5 -999.9  119   12.7 0 0 0
C1 22.4565  34.5033  103.1965     27.0   27.3   47.2 -999.9  132   13.5 0 0 0
C1 22.4575  34.5020  103.1965     27.0   27.2   47.4 -999.9  138   12.8 0 0 0
C1 22.4585  34.5009  103.1965     27.0   27.2   47.2 -999.9  126   15.7 0 0 0
C1 22.4595  34.4999  103.1965     26.9   27.3   47.9 -999.9  134   12.5 0 0 0
C1 22.4672  34.4992  103.1965     26.8   27.1   48.3 -999.9  140   12.2 0 1 0
C1 22.4682  34.4985  103.1965     26.6   27.4   49.0 -999.9  114    9.1 0 0 0
C1 22.4692  34.4976  103.1965     26.5   27.0   49.5 -999.9  107    9.0 0 0 0
C1 22.4702  34.4967  103.1965     26.4   27.0   49.8 -999.9  114    9.0 0 0 0
C1 22.4712  34.4957  103.1965     26.4   26.9   50.2 -999.9  117    9.6 0 0 0
C1 22.4722  34.4948  103.1965     26.3   26.8   50.7 -999.9  114   10.0 0 0 0
C1 22.4732  34.4937  103.1965     26.1   27.2   51.1 -999.9  107    8.7 0 0 0
C1 22.4742  34.4931  103.1965     26.1   27.1   51.4 -999.9  151   18.9 0 1 0
C1 22.4752  34.4928  103.1965     26.0   27.2   52.1 -999.9  110    7.4 0 0 0
C1 22.4762  34.4921  103.1964     26.0   27.0   51.8 -999.9   87    6.9 0 1 0
C1 22.4838  34.4911  103.1964     25.8   27.3   51.3 -999.9   94   10.2 0 1 0
C1 22.4848  34.4900  103.1964     25.5   26.8   53.4 -999.9  105    8.2 0 0 0
C1 22.4858  34.4887  103.1964     25.4   27.3   52.5 -999.9  109   10.0 0 0 0
C1 22.4868  34.4874  103.1964     25.2   27.1   52.4 -999.9  133    7.5 0 0 0
C1 22.4878  34.4860  103.1964     25.2   26.6   53.2 -999.9  111    8.5 0 0 0
C1 22.4888  34.4847  103.1964     25.1   26.6   53.8 -999.9  115    6.9 0 0 0
C1 22.4898  34.4833  103.1964     25.1   26.6   53.8 -999.9  122    7.7 0 0 0
C1 22.4908  34.4819  103.1963     25.2   26.6   52.7 -999.9  115   11.6 0 0 0
C1 22.4918  34.4806  103.1963     25.2   26.7   54.0 -999.9  126    7.2 0 0 0
C1 22.4928  34.4792  103.1963     25.2   26.4   52.5 -999.9  127   13.2 0 0 0
C1 22.5005  34.4779  103.1963     25.4   26.5   53.4 -999.9  122   12.3 0 0 0
C1 22.5015  34.4765  103.1963     25.2   26.5   53.0 -999.9  124   10.5 0 0 0
C1 22.5025  34.4751  103.1963     25.3   26.8   54.6 -999.9  127   10.6 0 0 0
C1 22.5035  34.4738  103.1963     25.4   26.3   52.7 -999.9  138   10.5 0 0 0
C1 22.5045  34.4725  103.1963     25.4   26.1   53.0 -999.9  129   11.0 0 0 0
C1 22.5055  34.4712  103.1963     25.5   26.5   53.2 -999.9  125   12.0 0 0 0
C1 22.5065  34.4698  103.1963     25.7   26.1   54.1 -999.9  122    9.7 0 0 0
C1 22.5075  34.4684  103.1963     25.8   26.1   53.5 -999.9  128   11.6 0 0 0
C1 22.5085  34.4671  103.1963     25.8   26.1   53.7 -999.9  132   13.3 0 0 0
C1 22.5095  34.4658  103.1963     25.5   26.6   54.7 -999.9  150   11.2 0 0 0
C1 22.5172  34.4647  103.1963     25.4   25.9   54.5 -999.9  142    7.4 0 0 0
C1 22.5182  34.4637  103.1963     25.3   26.4   54.0 -999.9  151   13.1 0 1 0
C1 22.5192  34.4631  103.1963     25.4   26.7   53.5 -999.9  157   12.6 0 1 0
C1 22.5202  34.4629  103.1960     25.3   26.4   55.2 -999.9   79    7.9 0 1 0
C1 22.5212  34.4629  103.1952     25.3   26.2   54.9 -999.9  189    4.3 0 1 0
C1 22.5222  34.4629  103.1942     25.3   25.9   54.5 -999.9  171    6.7 0 0 0
C1 22.5232  34.4629  103.1930     25.2   26.2   54.6 -999.9  155   10.5 0 0 0
C1 22.5242  34.4629  103.1918     25.3   25.9   54.8 -999.9  150    9.3 0 0 0
C1 22.5252  34.4629  103.1904     25.2   26.0   54.9 -999.9  161    8.9 0 0 0
C1 22.5262  34.4629  103.1891     25.2   26.0   54.9 -999.9  154   10.0 0 0 0
C1 22.5338  34.4628  103.1877     25.2   26.0   50.2 -999.9  146    6.8 1 0 0
C1 22.5348  34.4628  103.1862     25.2   26.1   44.8 -999.9  160    5.0 1 0 0
C1 22.5358  34.4628  103.1847     25.3   26.2   54.0 -999.9  170    8.9 0 0 0
C1 22.5368  34.4628  103.1832     25.4   25.6   54.4 -999.9  156    9.6 0 0 0
C1 22.5378  34.4628  103.1817     25.4   25.3   53.5 -999.9  148   10.2 0 0 0
C1 22.5388  34.4628  103.1801     25.5   26.2   54.5 -999.9  149    8.8 0 0 0
C1 22.5398  34.4628  103.1785     25.7   26.2   53.9 -999.9  128    6.6 0 0 0
C1 22.5408  34.4628  103.1769     25.8   26.0   53.1 -999.9  144   11.0 0 0 0
C1 22.5418  34.4628  103.1753     25.9   25.5   53.8 -999.9  140    6.4 0 0 0
C1 22.5428  34.4628  103.1736     25.8   25.8   53.9 -999.9  154    8.3 0 0 0
C1 22.5505  34.4628  103.1719     25.8   26.1   53.0 -999.9  156   11.7 0 0 0
C1 22.5515  34.4628  103.1702     25.8   26.2   52.8 -999.9  126   11.2 0 0 0
C1 22.5525  34.4628  103.1685     25.9   25.9   52.7 -999.9  136    9.6 0 0 0
C1 22.5535  34.4628  103.1669     25.9   25.6   52.7 -999.9  126    9.3 0 0 0
C1 22.5545  34.4628  103.1653     26.0   26.0   52.7 -999.9  126   12.0 0 0 0
C1 22.5555  34.4628  103.1637     26.1   25.9   52.1 -999.9  137   13.0 0 0 0
C1 22.5565  34.4628  103.1622     26.0   26.3   52.7 -999.9  140    9.4 0 0 0
C1 22.5575  34.4629  103.1606     26.1   25.9   52.8 -999.9  133    9.1 0 0 0
C1 22.5585  34.4629  103.1589     26.1   25.5   52.1 -999.9  130   12.8 0 0 0
C1 22.5595  34.4629  103.1574     26.1   26.0   52.4 -999.9  126   11.9 0 0 0
C1 22.5672  34.4629  103.1559     26.4   25.8   52.2 -999.9  130   12.5 0 0 0
C1 22.5682  34.4629  103.1543     26.3   26.2   52.3 -999.9  141   14.1 0 0 0
C1 22.5692  34.4629  103.1528     26.1   25.6   52.9 -999.9  134   12.9 0 0 0
C1 22.5702  34.4629  103.1513     26.1   25.9   52.6 -999.9  149   15.1 0 0 0
C1 22.5712  34.4630  103.1497     26.1   25.8   52.7 -999.9  146   14.0 0 0 0
C1 22.5722  34.4630  103.1480     26.3   25.8   52.0 -999.9  143   15.9 0 0 0
C1 22.5732  34.4630  103.1466     26.3   26.0   51.7 -999.9  132   16.2 0 0 0
C1 22.5742  34.4630  103.1452     26.5   25.9   51.1 -999.9  130   15.9 0 0 0
C1 22.5752  34.4631  103.1439     26.4   25.5   51.0 -999.9  134   16.0 0 0 0
C1 22.5762  34.4631  103.1427     26.6   26.3   51.7 -999.9  144   13.8 0 0 0
C1 22.5838  34.4631  103.1413     26.4   26.2   51.2 -999.9  134   13.8 0 0 0
C1 22.5848  34.4631  103.1400     26.4   26.1   34.0 -999.9  138   13.3 0 0 0
C1 22.5858  34.4631  103.1385     26.5   26.2   50.6 -999.9  145   13.3 0 0 0
C1 22.5868  34.4631  103.1372     26.5   26.4   49.8 -999.9  134   15.8 0 0 0
C1 22.5878  34.4631  103.1358     26.5   25.8   49.7 -999.9  132   15.0 0 0 0
C1 22.5888  34.4631  103.1342     26.6   26.2   50.6 -999.9  146    9.6 0 0 0
C1 22.5898  34.4631  103.1325     26.6   26.3   50.8 -999.9  146   10.4 0 0 0
C1 22.5908  34.4632  103.1309     26.6   26.1   51.0 -999.9  135   14.7 0 0 0
C1 22.5918  34.4631  103.1293     26.7   26.7   50.5 -999.9  137   15.0 0 0 0
C1 22.5928  34.4632  103.1279     26.6   25.9   51.1 -999.9  131   16.0 0 0 0
C1 22.6005  34.4633  103.1268     26.7   26.8   51.0 -999.9  123   15.2 0 1 0
C1 22.6015  34.4639  103.1260     26.2   26.1   50.4 -999.9  113   11.4 0 1 0
C1 22.6025  34.4649  103.1257     26.5   26.1   50.5 -999.9  112   15.0 0 1 0
C1 22.6035  34.4658  103.1257     26.5   26.2   50.3 -999.9  106   12.4 0 1 0
C1 22.6045  34.4660  103.1256     26.3   26.2   51.0 -999.9  111   11.2 0 1 0
C1 22.6055  34.4660  103.1256     26.3   26.1   50.9 -999.9  132   12.8 0 0 0
C1 22.6065  34.4660  103.1256     26.2   26.2   50.7 -999.9  129   13.8 0 0 0
C1 22.6075  34.4660  103.1256     26.3   26.6   51.0 -999.9  128   14.1 0 0 0
C1 22.6085  34.4659  103.1256     26.2   26.4   50.8 -999.9  129   15.3 0 0 0
C1 22.6095  34.4659  103.1256     26.1   26.3   51.4 -999.9  131   13.3 0 0 0
C1 22.6172  34.4659  103.1256     26.1   26.5   50.1 -999.9  129   15.4 0 0 0
C1 22.6182  34.4659  103.1256     26.1   26.3   50.4 -999.9  123   13.6 0 0 0
C1 22.6192  34.4658  103.1256     26.1   26.2   50.5 -999.9  131   13.2 0 0 0
C1 22.6202  34.4658  103.1256     26.1   26.3   50.7 -999.9  125   13.7 0 0 0
C1 22.6212  34.4659  103.1257     26.1   26.0   51.0 -999.9  136   17.8 0 1 0
C1 22.6222  34.4666  103.1257     26.1   26.7   50.3 -999.9  138   16.0 0 1 0
C1 22.6232  34.4676  103.1256     26.3   26.5   49.4 -999.9  141   16.6 0 1 0
C1 22.6242  34.4688  103.1256     26.2   26.4   50.7 -999.9  139   13.8 0 0 0
C1 22.6252  34.4701  103.1256     26.2   26.3   49.9 -999.9  132   18.4 0 0 0
C1 22.6262  34.4714  103.1256     26.1   26.4   51.2 -999.9  133   13.8 0 0 0
C1 22.6338  34.4727  103.1256     26.1   26.1   50.5 -999.9  126   12.1 0 0 0
C1 22.6348  34.4740  103.1256     26.1   26.4   50.6 -999.9  129   13.4 0 0 0
C1 22.6358  34.4752  103.1256     26.1   26.4   50.4 -999.9  126    9.6 0 0 0
C1 22.6368  34.4761  103.1255     26.1   26.3   50.8 -999.9  123   11.3 0 1 0
C1 22.6378  34.4768  103.1248     26.1   26.9   51.3 -999.9  169   10.9 0 1 0
C1 22.6388  34.4772  103.1237     26.0   26.2   51.2 -999.9  168    9.4 0 1 0
C1 22.6398  34.4772  103.1223     26.1   26.8   52.0 -999.9  155    8.8 0 0 0
C1 22.6408  34.4772  103.1207     26.1   26.4   52.0 -999.9  145    7.9 0 0 0
C1 22.6418  34.4772  103.1191     26.2   26.4   50.7 -999.9  140   11.7 0 0 0
C1 22.6428  34.4772  103.1175     26.3   26.4   50.2 -999.9  138   14.5 0 0 0
C1 22.6505  34.4772  103.1158     26.1   26.0   50.3 -999.9  133   13.0 0 0 0
C1 22.6515  34.4772  103.1142     26.2   26.7   50.7 -999.9  135   12.2 0 0 0
C1 22.6525  34.4772  103.1125     26.3   26.2   49.8 -999.9  132   14.0 0 0 0
C1 22.6535  34.4772  103.1109     26.1   26.2   50.2 -999.9  137   12.7 0 0 0
C1 22.6545  34.4772  103.1092     26.0   26.7   50.8 -999.9  136   12.4 0 0 0
C1 22.6555  34.4772  103.1075     26.2   26.7   50.8 -999.9  130   11.8 0 0 0
C1 22.6565  34.4772  103.1059     26.3   25.9   50.8 -999.9  136   11.6 0 0 0
C1 22.6575  34.4772  103.1042     26.0   26.6   51.0 -999.9  139   12.2 0 0 0
C1 22.6585  34.4772  103.1024     26.0   26.1   51.1 -999.9  129   11.4 0 0 0
C1 22.6595  34.4772  103.1007     26.0   26.5   51.4 -999.9  128   10.2 0 0 0
C1 22.6672  34.4772  103.0988     26.1   26.7   51.7 -999.9  137    9.7 0 0 0
C1 22.6682  34.4772  103.0970     26.1   26.3   51.2 -999.9  130   11.8 0 0 0
C1 22.6692  34.4772  103.0953     25.9   26.3   51.8 -999.9  141   12.4 0 0 0
C1 22.6702  34.4772  103.0936     26.1   26.2   51.4 -999.9  133   13.0 0 0 0
C1 22.6712  34.4772  103.0923     26.0   26.3   52.4 -999.9  124   12.9 0 1 0
C1 22.6722  34.4774  103.0912     26.1   26.7   52.4 -999.9  120   12.1 0 1 0
C1 22.6732  34.4782  103.0905     25.8   26.0   52.4 -999.9  105   11.5 0 1 0
C1 22.6742  34.4791  103.0904     24.8   26.6   52.7 -999.9  108   12.3 0 1 0
C1 22.6752  34.4801  103.0904     25.7   26.6   52.6 -999.9  135   12.2 0 0 0
C1 22.6762  34.4813  103.0904     25.6   25.8   52.9 -999.9  134   13.7 0 0 0
C1 22.6838  34.4825  103.0904     25.6   25.8   51.9 -999.9  131   12.9 0 0 0
C1 22.6848  34.4838  103.0904     25.6   26.0   53.3 -999.9  134   13.7 0 0 0
C1 22.6858  34.4851  103.0904     25.6   26.3   52.8 -999.9  129   15.7 0 0 0
C1 22.6868  34.4866  103.0904     25.6   25.9   52.5 -999.9  133   13.4 0 0 0
C1 22.6878  34.4880  103.0904     25.8   26.5   52.7 -999.9  136   13.5 0 0 0
C1 22.6888  34.4896  103.0905     25.7   26.1   53.5 -999.9  128   13.0 0 0 0
C1 22.6898  34.4912  103.0905     25.6   26.5   53.3 -999.9  130   12.3 0 0 0
C1 22.6908  34.4928  103.0905     25.6   26.1   53.4 -999.9  138    9.5 0 0 0
C1 22.6918  34.4945  103.0905     25.4   25.9   53.0 -999.9  125   12.8 0 0 0
C1 22.6928  34.4963  103.0905     25.3   25.9   53.6 -999.9  134    9.4 0 0 0
C1 22.7005  34.4979  103.0905     25.3   25.8   53.6 -999.9  130    9.9 0 0 0
C1 22.7015  34.4996  103.0905     25.3   25.8   53.8 -999.9  125   10.4 0 0 0
C1 22.7025  34.5013  103.0905     25.5   26.1   53.4 -999.9  135    9.5 0 0 0
C1 22.7035  34.5029  103.0906     25.5   26.0   53.6 -999.9  124    9.7 0 0 0
C1 22.7045  34.5046  103.0906     25.5   26.2   53.1 -999.9  126   13.8 0 0 0
C1 22.7055  34.5063  103.0906     25.4   25.8   54.0 -999.9  122    9.7 0 0 0
C1 22.7065  34.5079  103.0906     25.2   26.1   54.2 -999.9  118   14.0 0 0 0
C1 22.7075  34.5095  103.0906     25.1   25.9   54.6 -999.9  124   11.9 0 0 0
C1 22.7085  34.5112  103.0906     24.9   26.2   55.3 -999.9  136    9.6 0 0 0
C1 22.7095  34.5128  103.0906     25.1   25.5   22.7 -999.9  128    9.4 1 0 0
C1 22.7172  34.5144  103.0906     24.9   25.5   18.4 -999.9  125   12.9 1 0 0
C1 22.7182  34.5161  103.0906     25.1   25.9   54.0 -999.9  134    9.6 0 0 0
C1 22.7192  34.5176  103.0906     25.1   25.4   53.7 -999.9  130   10.1 0 0 0
C1 22.7202  34.5191  103.0906     25.1   25.5   35.8 -999.9  108   10.4 0 1 0
C1 22.7212  34.5201  103.0905     25.1   25.8   54.1 -999.9  131    9.9 0 1 0
C1 22.7222  34.5209  103.0896     24.9   25.6   54.6 -999.9  173    9.7 0 1 0
C1 22.7232  34.5210  103.0881     24.9   25.5   54.0 -999.9  149    9.8 0 1 0
C1 22.7242  34.5210  103.0866     24.9   25.3   55.0 -999.9  143   10.4 0 0 0
C1 22.7252  34.5210  103.0848     24.7   26.0   55.4 -999.9  136    9.1 0 0 0
C1 22.7262  34.5210  103.0830     24.7   25.2   54.9  858.1  130   10.4 0 0 0
C1 22.7338  34.5210  103.0811     24.9   25.7   55.0  857.9  135   10.8 0 0 0
C1 22.7348  34.5210  103.0792     24.6   25.7   54.9  857.6  118   10.9 0 0 0
C1 22.7358  34.5210  103.0773     24.8   25.1   54.5  857.5  129   11.1 0 0 0
C1 22.7368  34.5210  103.0753     24.7   25.8   55.1  857.5  126   10.0 0 0 0
C1 22.7378  34.5210  103.0734     24.9   25.3   55.1  857.6  136    9.1 0 0 0
C1 22.7388  34.5210  103.0715     24.7   25.7   55.6  857.7  126    9.3 0 0 0
C1 22.7398  34.5210  103.0696     24.7   25.4   55.2  857.7  132   10.1 0 0 0
C1 22.7408  34.5209  103.0678     24.7   25.3   55.0  857.7  128   12.3 0 0 0
C1 22.7418  34.5209  103.0660     24.8   25.1   54.3  857.8  134    9.5 0 0 0
C1 22.7428  34.5209  103.0642     25.2   25.4   54.1  857.9  136   11.8 0 0 0
C1 22.7505  34.5209  103.0623     25.1   25.2   54.1  858.0  129   11.5 0 0 0
C1 22.7515  34.5209  103.0605     25.2   25.1   54.0  858.1  122   13.3 0 0 0
C1 22.7527  34.5209  103.0586     25.0   25.5   55.6  858.2  119   11.1 0 0 0
C1 22.7535  34.5209  103.0574     25.0   25.4   54.2  858.2  121   15.7 0 1 0
C1 22.7545  34.5209  103.0566     25.2   24.9   55.0  858.6  117   16.0 0 1 0
C1 22.7555  34.5209  103.0561     24.9   25.3   54.7  859.0  140   16.6 0 1 0
C1 22.7565  34.5207  103.0561     24.9   25.1   54.7  859.4  101   13.2 0 0 0
C1 22.7575  34.5207  103.0560     24.7   25.2   54.7  859.8  150   13.1 0 0 0
C1 22.7585  34.5207  103.0560     25.1   25.7   55.0  860.1  102    9.8 0 0 0
C1 22.7595  34.5207  103.0560     25.2   25.4   54.9  860.3  113   10.1 0 0 0
C1 22.7672  34.5207  103.0560     25.2   25.3   54.6  860.4  114   11.5 0 0 0
C1 22.7682  34.5207  103.0560     24.9   25.1   54.7  860.6  108   10.4 0 0 0
C1 22.7692  34.5207  103.0561     25.0   25.4   54.5  860.6  109   10.5 0 0 0
C1 22.7702  34.5207  103.0561     25.2   25.5   54.6  860.6  111   12.9 0 0 0
C1 22.7712  34.5207  103.0561     25.4   25.1   54.9  860.7  114   10.7 0 0 0
C1 22.7722  34.5207  103.0561     25.1   25.6   54.9  860.7  112   10.3 0 0 0
C1 22.7732  34.5207  103.0561     25.0   25.0   55.2  860.8  122   11.4 0 0 0
C1 22.7742  34.5207  103.0561     25.1   25.3   55.3  860.8  111    9.9 0 0 0
C1 22.7752  34.5207  103.0561     25.1   25.3   55.2  860.8  110   10.2 0 0 0
C1 22.7762  34.5207  103.0561     25.6   25.3   55.8  860.8  114   10.9 0 0 0
C1 22.7838  34.5207  103.0561     25.4   25.4   56.2  860.8  121    7.9 0 0 0
C1 22.7848  34.5207  103.0560     24.7   25.1   56.0  860.7  111    9.3 0 0 0
C1 22.7858  34.5208  103.0560     24.7   25.3   55.7  860.7  122   11.6 0 0 0
C1 22.7868  34.5208  103.0560     24.6   25.1   55.7  860.6  110   10.9 0 0 0
C1 22.7878  34.5208  103.0560     24.8   24.8   55.7  860.6  111   11.8 0 0 0
C1 22.7888  34.5208  103.0560     25.0   25.1   56.3  860.6  106    9.5 0 0 0
C1 22.7898  34.5208  103.0560     24.8   25.0   56.5  860.6  112    8.8 0 0 0
C1 22.7908  34.5209  103.0560     24.6   25.0   56.7  860.6  102    9.5 0 0 0
C1 22.7918  34.5209  103.0560     24.6   25.3   56.6  860.5  100   10.4 0 0 0
C1 22.7928  34.5209  103.0560     24.8   25.3   56.4  860.5  108   11.2 0 0 0
C1 22.8005  34.5209  103.0559     24.7   25.0   56.7  860.5  105   10.1 0 0 0
C1 22.8015  34.5209  103.0559     24.6   24.8   56.5  860.4  110   11.9 0 0 0
C1 22.8025  34.5210  103.0559     24.6   25.0   56.6  860.4  101   12.6 0 0 0
C1 22.8035  34.5210  103.0559     24.9   25.3   56.6  860.4  104   12.2 0 0 0
C1 22.8045  34.5210  103.0559     25.0   25.1   56.6  860.3  119   11.4 0 0 0
C1 22.8055  34.5210  103.0558     24.5   25.3   56.8  860.3  111   10.2 0 0 0
C1 22.8065  34.5210  103.0558     24.7   25.4   56.6  860.2   99   10.1 0 0 0
C1 22.8075  34.5211  103.0558     24.6   25.3   56.2  860.2  109   11.3 0 0 0
C1 22.8085  34.5211  103.0558     24.6   25.2   56.3  860.2  114   10.2 0 0 0
C1 22.8095  34.5211  103.0557     24.7   24.6   55.9  860.2  107   12.5 0 0 0
C1 22.8172  34.5211  103.0557     24.9   25.3   56.0  860.2  107   12.0 0 0 0
C1 22.8183  34.5211  103.0557     24.7   25.3   56.1  860.2  110   10.6 0 0 0
C1 22.8192  34.5211  103.0557     24.7   25.2   55.5  860.1  110   12.6 0 0 0
C1 22.8202  34.5212  103.0556     25.2   25.4   55.6  860.1  110   11.9 0 0 0
C1 22.8212  34.5212  103.0555     24.6   25.0   55.5  860.1  147   12.3 0 0 0
C1 22.8222  34.5213  103.0552     25.1   25.3   55.8  860.1  159    7.5 0 1 0
C1 22.8232  34.5213  103.0545     25.1   24.8   55.5  860.1  143    8.6 0 1 0
C1 22.8242  34.5213  103.0534     25.1   25.3   56.4  860.0  145    5.0 0 1 0
C1 22.8252  34.5213  103.0522     25.2   25.5   55.9  859.7  117    9.7 0 0 0
C1 22.8262  34.5213  103.0509     25.2   25.1   54.9  859.4  124   13.6 0 0 0
C1 22.8338  34.5213  103.0497     25.2   25.2   55.6  859.3  116   13.7 0 0 0
C1 22.8348  34.5213  103.0486     25.2   25.4   55.8  859.1  121   16.3 0 0 0
C1 22.8358  34.5212  103.0474     25.2   25.2   55.6  859.0  123   14.4 0 0 0
C1 22.8368  34.5212  103.0463     25.2   25.2   54.7  858.9  125   14.2 0 0 0
C1 22.8378  34.5212  103.0450     25.4   25.1   54.4  858.8  115   15.5 0 0 0
C1 22.8388  34.5212  103.0439     25.4   25.6   54.8  858.8  118   14.8 0 0 0
C1 22.8398  34.5212  103.0429     25.4   25.0   54.1  858.7  111   16.7 0 0 0
C1 22.8408  34.5212  103.0419     25.4   25.2   54.2  858.9  110   12.5 0 0 0
C1 22.8418  34.5214  103.0410     25.4   25.1   54.6  859.0  118   12.8 0 0 0
C1 22.8428  34.5216  103.0400     25.4   25.1   54.5  859.0  118   13.2 0 0 0
C1 22.8505  34.5220  103.0391     25.4   25.3   54.5  859.1  117   12.4 0 0 0
C1 22.8515  34.5225  103.0383     25.5   25.1   54.2  859.2  120   14.1 0 0 0
C1 22.8525  34.5231  103.0376     25.5   25.3   36.3  859.2  109   11.2 0 0 0
C1 22.8535  34.5237  103.0369     25.6   25.8   36.0  859.3  116   14.9 0 0 0
C1 22.8545  34.5242  103.0361     25.6   25.6   54.1  859.3  131   14.5 0 0 0
C1 22.8555  34.5247  103.0352     25.7   25.4   53.5  858.9  121   14.1 0 0 0
C1 22.8565  34.5250  103.0344     25.5   25.6   53.2  858.8  119   17.4 0 0 0
C1 22.8575  34.5252  103.0336     25.6   25.4   53.3  858.8  119   15.5 0 0 0
C1 22.8585  34.5252  103.0327     25.6   25.2   52.5  858.8  116   16.4 0 0 0
C1 22.8595  34.5253  103.0318     25.7   25.0   52.4  858.8  116   17.1 0 0 0
C1 22.8672  34.5253  103.0310     25.6   25.5   52.5  858.7  119   15.2 0 0 0
C1 22.8682  34.5253  103.0300     25.8   25.2   52.4  858.7  122   14.7 0 0 0
C1 22.8692  34.5253  103.0289     25.6   25.8   52.7  858.5  115   12.3 0 0 0
C1 22.8702  34.5253  103.0277     25.6   25.2   52.2  858.4  123   16.1 0 0 0
C1 22.8712  34.5254  103.0268     25.6   25.7   51.7  858.3  113   22.9 0 1 0
C1 22.8722  34.5253  103.0265     25.6   25.8   52.1  858.4  144   21.8 0 1 0
C1 22.8732  34.5253  103.0264     25.6   25.8   51.9  858.6   32   15.0 0 1 0
C1 22.8742  34.5253  103.0264     25.5   25.6   51.8  858.8  121   16.1 0 0 0
C1 22.8752  34.5253  103.0265     25.5   25.3   51.3  858.8  125   17.2 0 0 0
C1 22.8763  34.5253  103.0265     25.5   25.5   51.1  858.9  106   17.7 0 0 0
C1 22.8840  34.5253  103.0265     25.5   25.5   51.3  858.9  106   15.3 0 0 0
C1 22.8848  34.5253  103.0265     25.5   25.8   51.1  858.9  110   16.6 0 0 0
C1 22.8858  34.5253  103.0265     25.5   25.8   51.1  858.8  112   16.6 0 0 0
C1 22.8868  34.5253  103.0265     25.5   25.3   51.2  858.9  115   15.3 0 0 0
C1 22.8878  34.5253  103.0265     25.5   25.8   51.4  858.9  113   15.9 0 0 0
C1 22.8888  34.5253  103.0265     25.5   25.6   51.4  858.9  115   15.3 0 0 0
C1 22.8898  34.5253  103.0265     25.6   26.2   51.4  859.0  110   14.5 0 0 0
C1 22.8908  34.5253  103.0265     25.6   25.6   50.9  859.0  116   16.7 0 0 0
C1 22.8920  34.5254  103.0265     25.6   25.6   51.0  859.0   91   15.6 0 0 0
C1 22.8928  34.5255  103.0264     25.6   25.5   51.1  859.0  153   13.9 0 1 0
C1 22.9005  34.5254  103.0257     25.9   25.8   50.5  859.0  143   10.5 0 1 0
C1 22.9015  34.5255  103.0247     25.8   25.6   50.7  859.0  132   10.3 0 1 0
C1 22.9025  34.5255  103.0235     25.8   25.8   50.5  858.9  132   13.4 0 0 0
C1 22.9035  34.5255  103.0221     25.8   26.0   50.4  858.7  121   12.1 0 0 0
C1 22.9045  34.5255  103.0208     25.9   25.8   49.7  858.5  128   14.7 0 0 0
C1 22.9055  34.5255  103.0194     26.1   25.9   16.6  858.4  124   17.4 1 0 0
C1 22.9065  34.5255  103.0181     26.2   26.1   16.6  858.3  135   18.0 1 0 0
C1 22.9075  34.5255  103.0167     26.2   26.1   48.9  858.1  128   16.6 0 0 0
C1 22.9085  34.5255  103.0153     26.4   25.4   48.6  858.1  131   17.9 0 0 0
C1 22.9095  34.5255  103.0140     26.2   25.7   49.1  858.0  130   16.5 0 0 0
C1 22.9172  34.5255  103.0127     26.1   25.4   49.1  857.9  124   15.4 0 0 0
C1 22.9182  34.5255  103.0114     26.1   25.8   48.5  857.8  129   17.8 0 0 0
C1 22.9193  34.5255  103.0099     26.2   26.0   47.9  857.8  116   17.8 0 0 0
C1 22.9202  34.5255  103.0088     26.4   26.2   47.5  857.8  130   19.0 0 0 0
C1 22.9212  34.5255  103.0074     26.5   25.6   47.4  857.8  118   13.5 0 0 0
C1 22.9222  34.5255  103.0059     26.4   25.7   47.1  857.8  127   16.6 0 0 0
C1 22.9232  34.5255  103.0045     26.6   25.9   47.1  857.9  128   18.0 0 0 0
C1 22.9242  34.5255  103.0030     26.6   25.5   46.9  857.8  127   18.7 0 0 0
C1 22.9252  34.5255  103.0016     26.7   25.8   46.9  857.7  131   19.1 0 0 0
C1 22.9262  34.5255  103.0001     26.8   26.2   46.7  857.8  126   17.2 0 0 0
C1 22.9338  34.5255  102.9987     26.7   26.3   46.6  857.9  121   14.0 0 0 0
C1 22.9348  34.5255  102.9972     26.9   25.8   46.5  858.0  136   13.6 0 0 0
C1 22.9358  34.5255  102.9957     26.6   25.8   46.5  858.0  135   16.3 0 0 0
C1 22.9368  34.5255  102.9942     26.7   25.8   46.5  857.9  123   17.5 0 0 0
C1 22.9378  34.5255  102.9927     26.8   26.6   46.8  857.9  130   16.9 0 0 0
C1 22.9388  34.5255  102.9912     26.9   26.3   47.0  857.8  127   16.6 0 0 0
C1 22.9398  34.5255  102.9899     26.6   26.2   47.3  857.7  116   17.8 0 0 0
C1 22.9408  34.5256  102.9889     26.5   25.9   46.8  857.7  114   24.4 0 1 0
C1 22.9418  34.5255  102.9880     26.6   26.5   46.6  857.8  129   17.5 0 0 0
C1 22.9428  34.5255  102.9869     26.5   26.0   46.7  858.0  127   17.6 0 0 0
C1 22.9505  34.5255  102.9857     26.5   25.8   46.8  858.1  134   15.3 0 0 0
C1 22.9515  34.5255  102.9844     26.6   26.1   46.6  858.2  134   14.2 0 0 0
C1 22.9525  34.5255  102.9828     26.7   26.8   46.4  858.1  125   14.7 0 0 0
C1 22.9535  34.5255  102.9812     26.8   26.2   46.6  858.1  131   14.6 0 0 0
C1 22.9545  34.5256  102.9795     26.9   26.8   46.6  858.0  132   14.4 0 0 0
C1 22.9555  34.5256  102.9778     26.9   26.6   45.9  857.8  126   17.2 0 0 0
C1 22.9565  34.5256  102.9760     27.0   26.4   45.6  857.9  137   16.5 0 0 0
C1 22.9575  34.5256  102.9743     26.9   26.4   45.6  857.9  129   16.4 0 0 0
C1 22.9585  34.5256  102.9726     27.0   26.3   45.6  857.9  130   15.3 0 0 0
C1 22.9595  34.5256  102.9709     27.0   26.5   45.6  857.9  123   14.5 0 0 0
C1 22.9672  34.5256  102.9692     27.0   26.5   45.5  857.8  130   17.2 0 0 0
C1 22.9682  34.5256  102.9677     27.1   26.8   45.0  857.8  122   17.8 0 0 0
C1 22.9692  34.5256  102.9661     27.2   26.7   45.1  858.0  145    9.2 0 0 0
C1 22.9702  34.5256  102.9644     27.0   26.6   44.9  858.1  139   15.7 0 0 0
C1 22.9712  34.5256  102.9627     27.1   27.1   44.9  858.0  130   15.8 0 0 0
C1 22.9722  34.5256  102.9610     27.1   26.3   44.9  857.9  130   16.6 0 0 0
C1 22.9732  34.5256  102.9593     26.9   26.5   45.2  858.0  128   10.3 0 0 0
C1 22.9742  34.5256  102.9575     27.0   26.5   45.4  858.1  134    5.9 0 0 0
C1 22.9752  34.5256  102.9558     26.9   27.2   45.5  858.1  138    9.0 0 0 0
C1 22.9762  34.5256  102.9540     26.7   26.8   45.4  857.8  121   11.8 0 0 0
C1 22.9838  34.5256  102.9522     26.9   26.7   45.7  857.7  130   11.9 0 0 0
C1 22.9848  34.5256  102.9504     26.7   27.0   45.8  857.8  117   12.7 0 0 0
C1 22.9858  34.5256  102.9487     26.9   26.3   45.5  857.6  122   14.1 0 0 0
C1 22.9868  34.5257  102.9470     26.9   27.1   45.3  857.7  134   17.5 0 0 0
C1 22.9878  34.5257  102.9454     27.0   26.9   44.7  858.1  132   18.0 0 0 0
C1 22.9888  34.5257  102.9439     27.1   26.3   44.6  858.4  138   16.5 0 0 0
C1 22.9898  34.5257  102.9423     27.0   27.2   45.1  858.9  126   14.5 0 0 0
C1 22.9908  34.5257  102.9408     27.1   26.8   45.1  859.0  121   10.6 0 0 0
C1 22.9918  34.5257  102.9395     27.1   27.1   45.1  859.2  124   14.2 0 0 0
C1 22.9928  34.5257  102.9382     27.1   27.1   45.4  859.3  136   12.3 0 0 0
C1 23.0005  34.5258  102.9367     27.1   27.0   45.5  859.2  142   12.1 0 0 0
C1 23.0015  34.5258  102.9349     27.1   27.1   45.8  859.3  144   13.8 0 0 0
C1 23.0025  34.5257  102.9331     27.3   27.0   46.1  859.2  124   16.7 0 0 0
C1 23.0035  34.5257  102.9315     27.1   26.9   46.6  859.0  130   14.3 0 0 0
C1 23.0045  34.5257  102.9299     27.0   26.9   48.0  858.9  136   13.4 0 0 0
C1 23.0055  34.5257  102.9282     26.9   26.7   49.4  858.8  124   14.3 0 0 0
C1 23.0065  34.5257  102.9267     26.8   27.3   49.7  858.8  128   13.1 0 0 0
C1 23.0075  34.5257  102.9251     26.9   26.7   49.9  858.7  128   14.7 0 0 0
C1 23.0085  34.5257  102.9235     26.9   26.8   50.3  858.7  126   13.0 0 0 0
C1 23.0095  34.5258  102.9219     26.8   26.8   50.8  858.8  125   14.5 0 0 0
C1 23.0172  34.5258  102.9204     26.8   26.9   50.8  858.7  119   13.9 0 0 0
C1 23.0182  34.5258  102.9189     26.8   26.8   50.8  858.8  127   13.8 0 0 0
C1 23.0192  34.5257  102.9175     26.8   27.0   51.0  858.8  121   16.7 0 0 0
C1 23.0202  34.5258  102.9162     26.9   26.8   51.1  859.0  121   16.2 0 0 0
C1 23.0212  34.5258  102.9147     26.7   27.0   51.4  859.1  127   15.2 0 0 0
C1 23.0222  34.5257  102.9134     26.7   26.8   51.9  859.2  123   14.2 0 0 0
C1 23.0232  34.5257  102.9121     26.6   26.7   51.7  859.3  130   18.3 0 0 0
C1 23.0242  34.5257  102.9108     26.6   27.1   51.9  859.2  125   15.3 0 0 0
C1 23.0252  34.5257  102.9095     26.5   27.1   52.3  859.2  132   13.9 0 0 0
C1 23.0262  34.5257  102.9080     26.5   26.9   52.3  859.0  116   14.4 0 0 0
C1 23.0338  34.5257  102.9066     26.5   27.0   52.1  858.9  117   16.1 0 0 0
C1 23.0348  34.5257  102.9052     26.5   26.9   52.4  859.0  128   13.3 0 0 0
C1 23.0358  34.5257  102.9038     26.5   26.8   52.7  859.0  127   11.1 0 0 0
C1 23.0368  34.5257  102.9023     26.2   27.1   53.0  859.0  131   12.7 0 0 0
C1 23.0378  34.5257  102.9009     26.2   26.4   52.9  858.9  121   11.3 0 0 0
C1 23.0388  34.5256  102.8995     26.3   26.9   52.9  859.1  120   12.2 0 0 0
C1 23.0398  34.5254  102.8983     26.4   26.9   52.8  859.3  121   14.9 0 0 0
C1 23.0408  34.5252  102.8972     26.3   26.6   53.0  859.5  121   12.9 0 0 0
C1 23.0418  34.5248  102.8962     26.3   26.7   53.8  859.7  114   13.1 0 0 0
C1 23.0428  34.5244  102.8953     26.1   26.3   54.5  859.8  120   12.6 0 0 0
C1 23.0505  34.5240  102.8946     26.2   26.3   54.9  859.9  120   16.0 0 1 0
C1 23.0515  34.5239  102.8945     26.1   26.9   54.8  860.0  120   18.1 0 1 0
C1 23.0525  34.5239  102.8947     26.0   26.6   54.7  860.3  131   10.7 0 0 0
C1 23.0535  34.5238  102.8947     26.0   27.0   54.3  860.4  109   12.1 0 0 0
C1 23.0545  34.5238  102.8947     26.0   26.8   53.9  860.5  114   15.1 0 0 0
C1 23.0555  34.5238  102.8947     26.0   26.7   53.6  860.4  117   13.1 0 0 0
C1 23.0565  34.5238  102.8947     26.0   26.3   54.3  860.6  112   10.3 0 0 0
C1 23.0575  34.5238  102.8946     26.0   26.9   55.3  860.7  102    9.3 0 0 0
C1 23.0585  34.5238  102.8946     26.0   26.8   54.7  860.7  111   11.3 0 0 0
C1 23.0595  34.5238  102.8946     25.9   26.8   55.0  860.7  109   12.8 0 0 0
C1 23.0672  34.5238  102.8946     25.9   26.9   55.1  860.6  108   12.2 0 0 0
C1 23.0682  34.5238  102.8947     25.9   26.2   55.0  860.6  111   12.5 0 0 0
C1 23.0695  34.5237  102.8947     25.8   26.5   55.4  860.7  127    9.3 0 0 0
C1 23.0702  34.5238  102.8947     25.8   26.6   55.7  860.8  105    8.2 0 0 0
C1 23.0715  34.5238  102.8947     25.8   26.7   55.0  860.8  106   13.6 0 0 0
C1 23.0722  34.5238  102.8947     25.8   26.6   54.8  860.8  112   14.6 0 0 0
C1 23.0732  34.5238  102.8947     25.8   26.4   55.2  860.8  111    9.7 0 0 0
C1 23.0742  34.5238  102.8947     25.8   26.4   55.4  860.8   98    7.9 0 0 0
C1 23.0752  34.5238  102.8947     25.8   26.2   55.6  860.9  118    9.2 0 0 0
C1 23.0762  34.5239  102.8947     25.8   26.5   55.5  860.9  112    9.8 0 0 0
C1 23.0838  34.5239  102.8947     25.8   26.1   56.1  861.0  156    8.0 0 1 0
C1 23.0848  34.5243  102.8948     25.6   25.4   56.6  861.0   85   13.8 0 1 0
C1 23.0860  34.5248  102.8959     25.6   26.6   57.2  861.1  123   23.8 0 1 0
C1 23.0868  34.5252  102.8970     25.6   26.3   56.8  861.2  114   18.2 0 0 0
C1 23.0878  34.5256  102.8984     25.6   26.2   56.5  861.2  109   14.1 0 0 0
C1 23.0888  34.5258  102.9000     25.6   26.2   56.6  861.2  117   12.6 0 0 0
C1 23.0898  34.5258  102.9016     25.5   26.8   56.6  861.4  114   10.3 0 0 0
C1 23.0908  34.5258  102.9030     25.5   26.1   56.7  861.2  132   13.8 0 0 0
C1 23.0918  34.5259  102.9045     25.3   26.4   57.4  861.2  132   13.1 0 0 0
C1 23.0928  34.5259  102.9060     25.2   26.4   56.9  861.3  120   12.7 0 0 0
C1 23.1005  34.5259  102.9076     25.4   26.3   56.6  861.2  127   11.8 0 0 0
C1 23.1015  34.5259  102.9090     25.4   26.4   56.6  861.3  133   13.3 0 0 0
C1 23.1025  34.5259  102.9104     25.4   26.3   57.5  861.4  128   12.0 0 0 0
C1 23.1035  34.5260  102.9113     25.4   26.2   57.6  861.5  181   10.9 0 1 0
C1 23.1045  34.5260  102.9115     25.3   26.3   58.9  861.6  123    9.2 0 1 0
C1 23.1055  34.5260  102.9115     25.3   25.9   58.3  861.7  121   11.9 0 0 0
C1 23.1065  34.5261  102.9115     25.4   26.0   58.9  861.7  133   11.5 0 0 0
C1 23.1075  34.5261  102.9115     25.3   25.9   59.3  861.7  127   12.8 0 0 0
C1 23.1085  34.5261  102.9115     25.4   26.0   59.4  861.6  135   13.1 0 0 0
C1 23.1095  34.5261  102.9115     25.3   26.0   58.6  861.6  122   15.2 0 0 0
C1 23.1172  34.5261  102.9115     25.4   26.0   58.5  861.6  125   13.2 0 0 0
C1 23.1182  34.5261  102.9115     25.3   25.9   59.4  861.7  135   12.7 0 0 0
C1 23.1192  34.5261  102.9115     25.3   25.7   60.2  861.8  130   12.2 0 0 0
C1 23.1202  34.5261  102.9115     25.3   26.3   61.4  861.9  128   11.5 0 0 0
C1 23.1212  34.5261  102.9115     25.2   25.6   60.9  862.0  129   13.7 0 0 0
C1 23.1223  34.5261  102.9115     25.1   25.9   59.8  862.1  128   12.8 0 0 0
C1 23.1233  34.5261  102.9115     25.1   25.8   60.0  862.1  130   14.0 0 0 0
C1 23.1243  34.5261  102.9115     25.1   25.9   59.4  862.2  127   14.9 0 0 0
C1 23.1252  34.5260  102.9114     25.0   25.8   59.8  862.2  122   14.7 0 0 0
C1 23.1262  34.5260  102.9114     25.0   25.7   60.4  862.1  129   13.2 0 0 0
C1 23.1338  34.5260  102.9114     24.9   25.8   60.9  862.2  133   12.9 0 0 0
C1 23.1348  34.5260  102.9114     24.9   25.5   61.6  862.3  124   12.0 0 0 0
C1 23.1358  34.5260  102.9114     25.0   25.7   62.0  862.4  122   11.4 0 0 0
C1 23.1368  34.5260  102.9114     24.9   25.4   60.9  862.5  123   14.2 0 0 0
C1 23.1380  34.5259  102.9113     25.0   25.7   60.6  862.5  125   12.8 0 0 0
C1 23.1388  34.5259  102.9113     25.0   25.6   60.6  862.6  130   13.3 0 0 0
C1 23.1400  34.5259  102.9113     24.9   25.8   61.2  862.7  130   11.6 0 0 0
C1 23.1410  34.5259  102.9113     24.9   25.6   61.2  862.8  128   11.7 0 0 0
C1 23.1420  34.5258  102.9113     24.7   25.6   61.1  862.8  118   13.6 0 0 0
C1 23.1428  34.5258  102.9113     24.8   25.5   59.5  862.8  124   13.5 0 0 0
C1 23.1505  34.5258  102.9113     24.9   25.6   61.9  863.0  129   10.5 0 0 0
C1 23.1515  34.5258  102.9112     24.8   25.6   62.2  863.1  127   10.7 0 0 0
C1 23.1525  34.5258  102.9112     24.8   25.6   61.1  863.0  121   12.6 0 0 0
C1 23.1535  34.5258  102.9112     24.7   25.3   61.7  863.1  131   11.1 0 0 0
C1 23.1547  34.5258  102.9112     24.7   25.6   61.1  863.1  130   12.2 0 0 0
C1 23.1557  34.5257  102.9112     24.8   25.6   61.6  863.1  126   11.9 0 0 0
C1 23.1565  34.5257  102.9112     24.8   25.3   61.2  863.1  136   12.6 0 0 0
C1 23.1577  34.5257  102.9112     24.9   25.4   61.3  863.1  122   11.0 0 0 0
C1 23.1585  34.5257  102.9112     24.8   25.3   61.5  863.2  130   10.6 0 0 0
C1 23.1595  34.5257  102.9112     24.7   25.5   62.9  863.2  121    8.3 0 0 0
C1 23.1672  34.5257  102.9112     24.7   25.3   62.6  863.1  126   10.9 0 0 0
C1 23.1682  34.5257  102.9112     24.7   25.3   61.8  863.1  133   11.6 0 0 0
C1 23.1692  34.5257  102.9112     24.8   25.1   60.8  863.2  130   12.4 0 0 0
C1 23.1702  34.5257  102.9112     24.9   25.4   61.2  863.2  124   11.1 0 0 0
C1 23.1712  34.5257  102.9112     24.8   25.0   62.8  863.2  130    9.2 0 0 0
C1 23.1722  34.5257  102.9112     24.9   25.3   62.5  863.2  127   10.7 0 0 0
C1 23.1732  34.5257  102.9112     24.7   25.0   63.0  863.2  138    8.3 0 0 0
C1 23.1742  34.5257  102.9112     24.6   25.3   63.5  863.2  139    9.0 0 0 0
C1 23.1752  34.5257  102.9112     24.6   25.3   62.2  863.2  137   10.9 0 0 0
C1 23.1762  34.5257  102.9112     24.7   25.3   62.0  863.3  132   10.1 0 0 0
C1 23.1838  34.5257  102.9112     24.8   25.0   62.0  863.3  137   10.9 0 0 0
C1 23.1848  34.5257  102.9111     24.7   25.0   61.9  863.3  137   10.4 0 0 0
C1 23.1858  34.5257  102.9111     24.7   25.3   61.5  863.4  134   13.2 0 0 0
C1 23.1868  34.5257  102.9111     24.8   25.3   62.7  863.4  139    9.9 0 0 0
C1 23.1878  34.5257  102.9111     24.7   25.3   53.7  863.4  320    9.6 0 0 0
C1 23.1888  34.5257  102.9111     24.7   25.4   55.2  863.3  317    9.9 0 0 0
C1 23.1898  34.5257  102.9111     24.7   25.1   62.6  863.3  135    9.3 0 0 0
C1 23.1908  34.5257  102.9111     24.7   25.3   64.0  863.2  136    7.9 0 0 0
C1 23.1918  34.5257  102.9110     24.6   25.3   64.3  863.0  140    9.6 0 0 0
C1 23.1928  34.5256  102.9110     24.6   25.2   62.7  862.9  128   10.1 0 0 0
C1 23.2005  34.5256  102.9110     24.7   25.2   62.2  862.7  125   12.0 0 0 0
C1 23.2015  34.5256  102.9110     24.6   24.6   63.1  862.5  129   11.2 0 0 0
C1 23.2025  34.5256  102.9110     24.6   25.0   65.1  862.4  129    8.3 0 0 0
C1 23.2035  34.5256  102.9110     24.6   24.8   64.7  862.4  146    9.0 0 0 0
C1 23.2045  34.5256  102.9109     24.6   25.1   64.6  862.5  147    8.7 0 0 0
C1 23.2055  34.5256  102.9109     24.5   24.9   65.5  862.5  142    8.4 0 0 0
C1 23.2065  34.5256  102.9109     24.5   25.2   64.6  862.5  151   10.5 0 0 0
C1 23.2075  34.5256  102.9109     24.6   24.7   64.5  862.6  149    9.3 0 0 0
C1 23.2085  34.5255  102.9109     24.6   24.9   64.2  862.6  150    8.2 0 0 0
C1 23.2095  34.5255  102.9110     24.5   25.2   65.2  862.7  164    8.7 0 0 0
C1 23.2172  34.5255  102.9108     24.5   25.0   64.6  862.7   88    6.6 0 1 0
C1 23.2182  34.5255  102.9102     24.5   25.1   64.0  862.8  193    6.7 0 1 0
C1 23.2192  34.5255  102.9094     24.5   25.1   64.8  862.8  178    7.5 0 0 0
C1 23.2202  34.5255  102.9084     24.4   25.0   64.1  862.7  151    8.1 0 0 0
C1 23.2212  34.5255  102.9073     24.4   24.9   63.9  862.5  167    8.2 0 0 0
C1 23.2222  34.5255  102.9060     24.3   24.7   64.5  862.5  159    5.9 0 0 0
C1 23.2232  34.5255  102.9047     24.4   25.5   64.7  862.3  161    5.9 0 0 0
C1 23.2242  34.5255  102.9032     24.4   25.1   63.9  862.2  141    6.5 0 0 0
C1 23.2252  34.5255  102.9018     24.4   24.9   63.3  862.0  153   11.6 0 0 0
C1 23.2262  34.5255  102.9003     24.1   24.9   64.3  861.8  153    6.6 0 0 0
C1 23.2338  34.5255  102.8988     24.3   24.6   63.2  861.8  150    8.4 0 0 0
C1 23.2348  34.5253  102.8972     24.2   24.8   63.7  861.8  159    7.1 0 0 0
C1 23.2358  34.5248  102.8958     24.2   24.9   64.9  861.8  155    5.8 0 1 0
C1 23.2368  34.5241  102.8944     23.9   24.7   66.1  861.8  139    3.9 0 0 0
C1 23.2378  34.5234  102.8933     23.9   25.2   66.0  861.9  135    7.1 0 1 0
C1 23.2388  34.5226  102.8924     23.9   24.7   66.8  861.9  140    7.9 0 0 0
C1 23.2398  34.5219  102.8917     23.9   25.5   66.6  861.9  141   13.4 0 1 0
C1 23.2408  34.5214  102.8912     24.1   25.0   66.7  861.9  134   14.0 0 1 0
C1 23.2418  34.5212  102.8911     24.0   24.6   67.8  862.1  142   13.6 0 1 0
C1 23.2430  34.5212  102.8911     23.9   24.6   68.4  862.4  123    6.3 0 0 0
C1 23.2505  34.5212  102.8911     23.9   24.2   68.5  862.6  136    7.5 0 0 0
C1 23.2515  34.5212  102.8911     23.9   24.4   68.2  862.8  141    5.9 0 0 0
C1 23.2527  34.5212  102.8911     23.9   24.5   69.4  862.9  138    4.8 0 0 0
C1 23.2535  34.5210  102.8912     23.9   24.3   69.0  863.0   92    3.9 0 1 0
C1 23.2545  34.5205  102.8920     23.9   24.9   68.0  863.1   80    9.3 0 1 0
C1 23.2555  34.5197  102.8930     24.0   24.7   66.1  862.9  124    1.8 0 1 0
C1 23.2565  34.5187  102.8940     23.9   24.6   66.3  862.7  290    1.6 0 0 0
C1 23.2575  34.5177  102.8949     24.1   24.5   66.6  862.5  214    3.6 0 0 0
C1 23.2585  34.5166  102.8958     24.2   24.3   65.9  862.4  134    8.5 0 0 0
C1 23.2595  34.5154  102.8968     24.3   24.5   66.0  862.2  131    6.3 0 0 0
C1 23.2672  34.5142  102.8978     24.2   24.9   67.5  861.9  165    6.5 0 0 0
C1 23.2682  34.5130  102.8988     23.9   23.9   67.5  861.8  161    7.0 0 0 0
C1 23.2692  34.5118  102.8997     24.1   24.2   67.8  861.8  171    5.8 0 0 0
C1 23.2702  34.5107  102.9007     24.2   24.4   67.7  861.8  167    6.8 0 0 0
C1 23.2712  34.5096  102.9016     24.2   24.4   66.7  861.8  169    7.8 0 0 0
C1 23.2722  34.5086  102.9024     24.2   24.3   66.6  861.8  179   10.2 0 0 0
C1 23.2732  34.5077  102.9030     24.4   24.3   67.1  861.8  180   11.9 0 1 0
C1 23.2742  34.5073  102.9034     24.4   24.4   66.7  862.0  183   14.4 0 1 0
C1 23.2752  34.5070  102.9032     24.3   24.7   68.5  862.3  125    4.8 0 1 0
C1 23.2762  34.5067  102.9025     24.3   24.4   67.7  862.6  202    5.6 0 1 0
C1 23.2838  34.5066  102.9016     24.2   24.4   66.9  862.7  147    8.4 0 1 0
C1 23.2848  34.5069  102.9006     24.3   24.4   66.3  862.8  174    8.2 0 0 0
C1 23.2858  34.5073  102.8994     24.3   24.2   66.5  862.9  179    5.7 0 0 0
C1 23.2868  34.5077  102.8982     24.2   24.6   68.0  862.7  220    2.0 0 0 0
C1 23.2878  34.5080  102.8969     24.1   24.6   68.5  862.8  213    3.0 0 0 0
C1 23.2888  34.5085  102.8955     24.1   24.4   68.3  862.8  175    6.4 0 0 0
C1 23.2898  34.5089  102.8942     24.1   24.4   67.4  862.7  167    6.7 0 0 0
C1 23.2908  34.5093  102.8929     24.1   24.4   68.1  862.7  145    4.8 0 0 0
C1 23.2918  34.5097  102.8917     24.1   24.7   68.7  862.6  143    3.1 0 0 0
C1 23.2928  34.5102  102.8906     24.0   24.3   67.9  862.6  156    3.3 0 0 0
C1 23.3005  34.5107  102.8896     24.0   24.7   67.8  862.5  170    3.0 0 0 0
C1 23.3015  34.5112  102.8885     23.9   23.9   68.1  862.5  171    2.7 0 0 0
C1 23.3025  34.5117  102.8875     24.0   23.8   68.0  862.6  174    4.7 0 0 0
C1 23.3035  34.5122  102.8864     23.9   24.5   68.1  862.5  168    3.3 0 0 0
C1 23.3045  34.5127  102.8852     23.9   24.5   68.3  862.5  170    5.6 0 0 0
C1 23.3055  34.5132  102.8841     24.1   24.2   67.7  862.5  170    7.2 0 0 0
C1 23.3065  34.5137  102.8829     24.1   24.1   67.0  862.5  150    4.6 0 0 0
C1 23.3075  34.5142  102.8817     24.1   24.5   67.5  862.5  190    4.3 0 0 0
C1 23.3085  34.5148  102.8805     24.1   24.3   67.3  862.6  170    4.6 0 0 0
C1 23.3095  34.5153  102.8792     24.0   24.1   66.8  862.5  142    6.3 0 0 0
C1 23.3172  34.5156  102.8785     24.2   24.5   66.7  862.5  121   13.7 0 1 0
C1 23.3182  34.5155  102.8781     24.1   24.4   66.8  862.7  169    7.5 0 1 0
C1 23.3192  34.5153  102.8779     24.4   24.7   66.3  862.8  184    9.0 0 0 0
C1 23.3202  34.5152  102.8780     24.3   24.0   67.7  863.0  146   10.3 0 1 0
C1 23.3212  34.5152  102.8779     24.2   24.4   66.3  863.1  139   10.0 0 0 0
C1 23.3225  34.5152  102.8779     24.1   24.3   66.4  863.3  151    9.3 0 0 0
C1 23.3235  34.5151  102.8779     24.1   24.2   66.2  863.4  142   10.1 0 0 0
C1 23.3242  34.5151  102.8779     24.1   24.6   66.8  863.5  157    7.7 0 0 0
C1 23.3252  34.5151  102.8779     24.1   24.4   67.4  863.6  159    7.5 0 0 0
C1 23.3262  34.5151  102.8778     23.9   24.1   67.7  863.6  152    7.1 0 0 0
C1 23.3338  34.5151  102.8778     23.9   24.6   67.9  863.6  154    7.2 0 0 0
C1 23.3348  34.5151  102.8777     23.9   24.5   67.6  863.6  159    6.5 0 0 0
C1 23.3358  34.5151  102.8777     23.9   24.2   67.8  863.5  145    6.7 0 0 0
C1 23.3368  34.5151  102.8777     23.9   24.0   68.0  863.5  142    6.1 0 0 0
C1 23.3378  34.5151  102.8777     23.8   24.6   68.5  863.5  148    5.1 0 0 0
C1 23.3388  34.5151  102.8777     23.8   24.5   68.0  863.6  166    6.5 0 0 0
C1 23.3398  34.5151  102.8777     23.9   24.1   67.0  863.6  173    6.3 0 0 0
C1 23.3408  34.5150  102.8776     24.1   24.4   67.3  863.7  164    6.4 0 0 0
C1 23.3418  34.5150  102.8776     24.0   24.2   61.5  863.7   73    6.4 0 0 0
C1 23.3428  34.5150  102.8776     24.1   24.6   54.6  863.8   66    7.0 1 0 1
C1 23.3505  34.5150  102.8776     24.1   24.3   58.2  863.8   72    7.1 1 0 1
C1 23.3515  34.5151  102.8776     24.1   24.1   67.2  863.8  153    6.2 0 0 0
C1 23.3525  34.5151  102.8776     24.0   24.6   68.0  863.8  150    5.7 0 0 0
C1 23.3535  34.5151  102.8776     23.9   24.3   69.4  863.8  159    4.5 0 0 0
C1 23.3545  34.5151  102.8776     23.9   24.1   68.0  863.8  149    4.3 0 0 0
C1 23.3555  34.5151  102.8776     23.9   24.2   68.7  863.8  162    5.7 0 0 0
C1 23.3565  34.5151  102.8776     24.0   24.3   62.9  863.8  121    6.5 0 0 0
C1 23.3578  34.5152  102.8777     24.1   24.0   63.0  863.8  115    5.7 0 0 0
C1 23.3585  34.5152  102.8777     24.1   24.3   59.7  863.8  112    4.4 1 0 1
C1 23.3595  34.5152  102.8777     24.0   24.3   68.4  863.8  141    5.4 0 0 0
C1 23.3672  34.5153  102.8777     24.1   24.2   67.2  863.8  149    5.3 0 0 0
C1 23.3682  34.5153  102.8777     24.2   24.2   67.6  863.8  149    4.6 0 0 0
C1 23.3692  34.5153  102.8777     24.1   24.4   67.9  863.8  158    4.6 0 0 0
C1 23.3702  34.5153  102.8777     24.1   24.5   68.3  863.9  159    4.0 0 0 0
C1 23.3712  34.5154  102.8778     24.1   24.1   69.0  863.9  162    3.7 0 0 0
C1 23.3722  34.5154  102.8778     23.9   24.2   68.2  863.9  163    3.8 0 0 0
C1 23.3732  34.5154  102.8778     24.0   24.3   67.8  863.8  161    3.4 0 0 0
C1 23.3742  34.5155  102.8778     24.1   24.5   67.0  863.9  166    4.2 0 0 0
C1 23.3752  34.5155  102.8778     24.2   24.2   66.6  863.9  167    3.9 0 0 0
C1 23.3762  34.5155  102.8778     24.2   24.3   68.1  863.9  171    3.0 0 0 0
C1 23.3838  34.5155  102.8778     24.1   24.2   68.7  863.9  162    2.7 0 0 0
C1 23.3848  34.5156  102.8778     24.1   24.1   68.1  863.9  162    3.0 0 0 0
C1 23.3858  34.5156  102.8778     24.2   24.4   67.1  863.9  170    2.8 0 0 0
C1 23.3868  34.5156  102.8778     24.3   24.7   67.4  863.9  171    1.8 0 0 0
C1 23.3878  34.5156  102.8778     24.2   24.5   68.5  863.9  193    2.1 0 0 0
C1 23.3888  34.5156  102.8778     24.2   24.1   67.5  863.9  194    1.6 0 0 0
C1 23.3898  34.5157  102.8778     24.2   24.2   67.3  864.0  197    1.7 0 0 0
C1 23.3908  34.5157  102.8778     24.1   24.5   67.7  863.9  203    2.2 0 0 0
C1 23.3918  34.5157  102.8778     24.1   24.4   66.7  863.9  209    2.7 0 0 0
C1 23.3928  34.5157  102.8778     24.2   24.0   67.4  863.9  222    3.0 0 0 0
C1 23.4008  34.5157  102.8778     24.2   24.1   66.3  864.0  300    4.3 0 0 0
C1 23.4015  34.5157  102.8779     24.3   24.2   66.0  864.0  176    1.1 0 1 0
C1 23.4025  34.5160  102.8781     24.2   24.3   65.7  864.0  233    2.1 0 0 0
C1 23.4035  34.5163  102.8778     24.3   24.0   66.5  864.0  249    6.0 0 1 0
C1 23.4045  34.5167  102.8768     24.4   24.7   67.9  864.0  241   10.1 0 1 0
C1 23.4055  34.5173  102.8756     24.4   24.1   67.1  863.8  242    5.8 0 0 0
C1 23.4065  34.5179  102.8742     24.4   24.2   66.5  863.5  236    5.1 0 0 0
C1 23.4075  34.5186  102.8726     24.3   24.2   68.3  863.1  230    4.4 0 0 0
C1 23.4085  34.5194  102.8710     24.1   24.3   67.5  862.8  199    5.6 0 0 0
C1 23.4095  34.5202  102.8693     24.2   24.1   66.6  862.4  196    4.3 0 0 0
C1 23.4172  34.5209  102.8675     24.1   24.7   67.2  862.0  201    3.5 0 0 0
C1 23.4182  34.5217  102.8658     24.3   24.0   67.9  862.1  166    3.5 0 0 0
C1 23.4193  34.5226  102.8637     24.3   24.6   67.8  862.2  165    5.2 0 0 0
C1 23.4202  34.5232  102.8622     24.2   24.3   67.1  861.9  166    8.7 0 0 0
C1 23.4212  34.5238  102.8603     24.2   24.6   66.4  861.6  147   11.7 0 0 0
C1 23.4222  34.5242  102.8584     24.1   24.4   66.5  861.4  160   11.0 0 0 0
C1 23.4232  34.5244  102.8564     24.2   24.2   66.4  861.2  158   10.3 0 0 0
C1 23.4242  34.5245  102.8544     24.1   24.4   66.4  861.0  170   10.6 0 0 0
C1 23.4252  34.5245  102.8524     24.2   24.6   66.0  860.8  166    9.5 0 0 0
C1 23.4262  34.5245  102.8503     24.1   24.4   66.4  860.7  184    9.4 0 0 0
C1 23.4338  34.5245  102.8483     24.1   24.2   66.9  860.6  151   13.7 0 1 0
C1 23.4348  34.5246  102.8468     24.0   24.6   67.8  860.6  174    5.1 0 0 0
C1 23.4358  34.5246  102.8450     23.8   24.1   68.2  860.6  194    8.8 0 0 0
C1 23.4368  34.5246  102.8431     23.7   24.4   68.0  860.2  189   11.7 0 0 0
C1 23.4378  34.5246  102.8412     23.7   25.1   67.5  860.1  186   10.9 0 0 0
C1 23.4388  34.5247  102.8392     23.6   24.5   68.3  860.1  206    8.6 0 0 0
C1 23.4398  34.5247  102.8371     23.6   24.2   68.7  860.1  207    9.7 0 0 0
C1 23.4408  34.5247  102.8350     23.4   24.1   68.3  860.0  204    5.8 0 0 0
C1 23.4418  34.5247  102.8328     23.6   24.0   68.0  860.0  187    7.8 0 0 0
C1 23.4428  34.5247  102.8308     23.6   24.3   68.3  860.1  175    6.4 0 0 0
C1 23.4505  34.5247  102.8288     23.7   24.5   68.3  860.1  190    9.0 0 0 0
C1 23.4515  34.5247  102.8268     23.7   24.0   67.9  860.1  181    7.9 0 0 0
C1 23.4525  34.5248  102.8248     23.6   24.2   67.9  860.0  177    9.0 0 0 0
C1 23.4535  34.5247  102.8228     23.8   24.4   67.7  859.8  167    9.9 0 0 0
C1 23.4545  34.5248  102.8208     23.6   23.6   67.5  859.5  165   11.1 0 0 0
C1 23.4555  34.5248  102.8189     23.7   24.0   67.3  859.2  159   12.2 0 0 0
C1 23.4565  34.5248  102.8170     23.9   24.0   67.1  859.0  149   13.1 0 0 0
C1 23.4575  34.5248  102.8151     23.9   23.8   67.0  858.8  158   13.3 0 0 0
C1 23.4585  34.5248  102.8132     23.7   24.2   67.0  858.7  156   12.9 0 0 0
C1 23.4595  34.5248  102.8114     23.9   23.8   67.0  858.4  154   13.2 0 0 0
C1 23.4672  34.5248  102.8095     23.7   24.2   67.0  858.2  153   15.4 0 0 0
C1 23.4682  34.5248  102.8076     23.8   23.9   67.0  858.0  145   13.6 0 0 0
C1 23.4692  34.5248  102.8059     23.7   24.3   67.5  857.8  146   12.0 0 0 0
C1 23.4702  34.5248  102.8041     23.6   24.0   67.5  857.6  151   14.4 0 0 0
C1 23.4712  34.5249  102.8023     23.6   23.7   67.5  857.3  132   14.1 0 0 0
C1 23.4722  34.5249  102.8007     23.6   23.8   67.0  857.2  138   17.6 0 0 0
C1 23.4732  34.5249  102.7992     23.7   24.5   67.0  857.2  141   13.2 0 0 0
C1 23.4742  34.5249  102.7984     23.5   23.9   67.3  857.3  127   27.0 0 1 0
C1 23.4752  34.5249  102.7984     23.6   24.0   67.5  857.6  149   20.5 0 1 0
C1 23.4762  34.5249  102.7983     23.4   23.9   67.5  858.0  131   16.6 0 0 0
C1 23.4838  34.5249  102.7983     23.4   24.1   67.7  858.3  136   15.2 0 0 0
C1 23.4852  34.5249  102.7983     23.4   24.0   22.9  858.5  133   15.7 1 0 1
C1 23.4860  34.5249  102.7983     23.4   23.9   67.4  858.7  131   16.8 0 0 0
C1 23.4868  34.5249  102.7979     23.3   24.0   67.7  858.8  151   10.4 0 1 0
C1 23.4878  34.5249  102.7974     23.4   24.0   45.4  858.9  130   16.6 0 0 0
C1 23.4888  34.5249  102.7968     23.4   24.1   45.1  858.8  151   16.5 0 0 0
C1 23.4898  34.5250  102.7959     23.4   23.8   67.5  858.8  149   13.5 0 1 0
C1 23.4908  34.5250  102.7947     23.4   24.2   67.5  858.7  154   16.0 0 0 0
C1 23.4918  34.5250  102.7935     23.5   23.8   67.1  858.3  143   20.3 0 0 0
C1 23.4928  34.5251  102.7921     23.6   24.1   67.7  858.2  142   17.4 0 0 0
C1 23.5005  34.5251  102.7908     23.4   23.9   67.4  857.9  133   19.2 0 0 0
C1 23.5015  34.5251  102.7894     23.6   24.1   67.5  857.7  139   18.9 0 0 0
C1 23.5025  34.5251  102.7880     23.5   24.3   67.9  857.5  142   16.1 0 0 0
C1 23.5035  34.5252  102.7865     23.4   23.8   67.8  857.1  144   18.6 0 0 0
C1 23.5045  34.5252  102.7850     23.4   23.9   67.9  856.9  137   18.6 0 0 0
C1 23.5055  34.5252  102.7839     23.4   24.2   68.0  856.8  119   26.1 0 1 0
C1 23.5065  34.5252  102.7836     23.4   23.7   67.9  857.1  142   31.3 0 1 0
C1 23.5075  34.5252  102.7836     23.3   23.4   67.9  857.7  135   21.2 0 0 0
C1 23.5088  34.5253  102.7836     23.3   24.2   68.0  858.1  136   23.0 0 0 0
C1 23.5095  34.5253  102.7836     23.2   23.6   68.0  858.4  134   20.4 0 0 0
C1 23.5172  34.5253  102.7836     23.2   23.8   68.0  858.6  128   21.2 0 0 0
C1 23.5182  34.5253  102.7836     23.2   23.6   68.0  858.8  130   20.2 0 0 0
C1 23.5192  34.5253  102.7836     23.2   23.7   68.4  858.9  125   17.3 0 0 0
C1 23.5205  34.5254  102.7836     23.2   23.8   68.3  859.1  126   19.3 0 0 0
C1 23.5212  34.5254  102.7836     23.2   24.0   68.0  859.1  128   22.5 0 0 0
C1 23.5222  34.5254  102.7836     23.2   23.6   68.3  859.2  139   19.7 0 0 0
C1 23.5232  34.5254  102.7836     23.2   23.9   68.5  859.2  131   18.6 0 0 0
C1 23.5242  34.5254  102.7836     23.1   23.8   68.6  859.3  131   19.4 0 0 0
C1 23.5252  34.5254  102.7836     23.2   23.7   68.6  859.3  127   19.5 0 0 0
C1 23.5262  34.5254  102.7836     23.2   22.8   68.4  859.3  137   20.6 0 0 0
C1 23.5338  34.5254  102.7836     23.2   23.5   68.8  859.4  139   16.7 0 0 0
C1 23.5348  34.5255  102.7836     23.1   23.8   68.7  859.5  135   18.5 0 0 0
C1 23.5358  34.5255  102.7836     23.2   23.7   68.7  859.5  136   19.0 0 0 0
C1 23.5368  34.5255  102.7836     23.1   23.6   68.8  859.5  132   17.1 0 0 0
C1 23.5378  34.5255  102.7836     23.1   23.6   69.0  859.5  139   16.1 0 0 0
C1 23.5388  34.5255  102.7836     23.1   23.6   69.4  859.6  135   13.4 0 0 0
C1 23.5398  34.5255  102.7836     23.1   23.5   69.1  859.6  148   15.6 0 0 0
C1 23.5408  34.5255  102.7834     23.1   23.7   69.1  859.6  157   14.9 0 1 0
C1 23.5418  34.5255  102.7825     23.1   23.7   68.9  859.5  146   12.9 0 1 0
C1 23.5428  34.5255  102.7813     23.2   23.4   68.6  859.2  137   17.9 0 1 0
C1 23.5505  34.5255  102.7799     23.1   23.8   68.9  858.9  139   16.2 0 0 0
C1 23.5515  34.5255  102.7784     23.5   24.1   68.8  858.5  139   19.1 0 0 0
C1 23.5525  34.5255  102.7769     23.4   23.8   68.6  858.1  131   19.8 0 0 0
C1 23.5535  34.5255  102.7753     23.4   23.7   68.8  857.8  136   19.7 0 0 0
C1 23.5545  34.5255  102.7737     23.6   23.5   68.9  857.5  134   19.1 0 0 0
C1 23.5555  34.5255  102.7721     23.5   24.0   68.8  857.2  131   17.9 0 0 0
C1 23.5565  34.5255  102.7704     23.2   23.6   68.9  856.9  127   13.0 0 0 0
C1 23.5575  34.5255  102.7686     23.5   23.3   68.8  856.7  143   18.4 0 0 0
C1 23.5585  34.5255  102.7669     23.4   24.0   68.9  856.3  125   17.0 0 0 0
C1 23.5595  34.5255  102.7651     23.4   23.6   68.9  855.8  135   19.1 0 0 0
C1 23.5672  34.5255  102.7637     23.3   23.5   68.8  855.5  122   28.2 0 1 0
C1 23.5682  34.5254  102.7635     23.4   23.1   68.8  855.9  156   29.1 0 1 0
C1 23.5692  34.5254  102.7635     23.2   23.7   68.7  856.7  118   21.8 0 0 0
C1 23.5702  34.5254  102.7635     23.2   23.4   68.8  857.2  128   19.4 0 0 0
C1 23.5712  34.5254  102.7634     23.2   23.7   69.2  857.6  150   13.7 0 1 0
C1 23.5722  34.5254  102.7628     23.2   23.5   68.7  857.5  144   19.2 0 1 0
C1 23.5732  34.5254  102.7617     23.3   23.5   68.7  857.6  143   16.9 0 1 0
C1 23.5742  34.5254  102.7604     23.2   23.8   69.0  857.5  142   17.0 0 0 0
C1 23.5752  34.5254  102.7589     23.3   23.2   68.7  857.2  132   21.5 0 0 0
C1 23.5762  34.5253  102.7573     23.6   23.9   68.8  856.9  139   22.1 0 0 0
C1 23.5838  34.5254  102.7558     23.5   23.8   68.7  856.8  135   18.1 0 0 0
C1 23.5848  34.5254  102.7541     23.4   23.8   68.6  856.8  129   15.0 0 0 0
C1 23.5858  34.5254  102.7525     23.3   23.6   68.8  856.7  133   17.7 0 0 0
C1 23.5868  34.5254  102.7509     23.3   23.7   68.7  856.6  138   17.4 0 0 0
C1 23.5878  34.5254  102.7492     23.5   24.1   68.5  856.4  128   23.0 0 0 0
C1 23.5888  34.5254  102.7476     23.6   24.1   68.6  856.3  136   25.3 0 0 0
C1 23.5898  34.5254  102.7460     23.6   23.3   68.6  856.3  130   21.3 0 0 0
C1 23.5908  34.5254  102.7443     23.6   23.2   68.7  856.3  125   21.2 0 0 0
C1 23.5918  34.5254  102.7427     23.4   23.3   68.3  856.3  129   20.5 0 0 0
C1 23.5928  34.5255  102.7410     23.7   23.4   68.7  856.3  139   20.0 0 0 0
C1 23.6005  34.5255  102.7394     23.4   23.5   68.8  856.2  126   19.5 0 0 0
C1 23.6015  34.5255  102.7377     23.4   23.3   68.8  856.1  134   22.8 0 0 0
C1 23.6025  34.5256  102.7361     23.6   23.6   68.9  856.2  135   19.7 0 0 0
C1 23.6035  34.5256  102.7345     23.8   23.8   69.0  856.3  132   19.8 0 0 0
C1 23.6045  34.5256  102.7330     23.5   23.5   68.9  856.5  140   17.8 0 0 0
C1 23.6055  34.5257  102.7315     23.3   23.3   68.9  856.9  126   17.2 0 0 0
C1 23.6065  34.5257  102.7301     23.2   23.4   68.8  857.0  130   20.8 0 0 0
C1 23.6075  34.5257  102.7289     23.3   23.8   69.0  857.1  128   21.4 0 1 0
C1 23.6085  34.5257  102.7284     23.3   23.7   68.7  857.4  116   26.4 0 1 0
C1 23.6095  34.5258  102.7282     23.2   23.8   69.0  858.0  143    4.8 0 0 0
C1 23.6172  34.5258  102.7274     23.2   23.4   69.1  858.4  182    6.2 0 1 0
C1 23.6182  34.5258  102.7263     23.1   24.3   68.9  858.3  141   14.0 0 1 0
C1 23.6192  34.5259  102.7249     23.2   23.5   68.5  858.1  133   20.0 0 0 0
C1 23.6202  34.5259  102.7234     23.2   23.4   68.7  858.0  134   16.2 0 0 0
C1 23.6212  34.5259  102.7217     23.3   23.4   68.8  857.6  138   19.0 0 0 0
C1 23.6222  34.5260  102.7200     23.3   23.3   68.8  857.4  133   20.1 0 0 0
C1 23.6232  34.5260  102.7183     23.3   23.2   68.8  857.3  141   15.5 0 0 0
C1 23.6242  34.5260  102.7165     23.4   23.6   68.7  857.2  129   18.7 0 0 0
C1 23.6252  34.5261  102.7147     23.4   23.7   68.8  857.2  129   18.0 0 0 0
C1 23.6262  34.5261  102.7131     23.6   23.6   68.8  857.0  129   21.4 0 0 0
C1 23.6338  34.5261  102.7114     23.4   23.5   68.7  857.0  132   22.3 0 0 0
C1 23.6348  34.5261  102.7098     23.4   23.9   68.9  857.0  142   16.6 0 0 0
C1 23.6358  34.5261  102.7082     23.3   23.6   69.3  857.2  134   15.9 0 0 0
C1 23.6368  34.5262  102.7066     23.3   23.3   69.2  857.3  132   17.2 0 0 0
C1 23.6378  34.5262  102.7050     23.2   23.4   69.2  857.6  142   15.3 0 0 0
C1 23.6388  34.5262  102.7033     23.2   24.0   69.4  857.7  138   15.2 0 0 0
C1 23.6398  34.5262  102.7017     23.4   23.5   69.2  857.7  133   16.0 0 0 0
C1 23.6408  34.5262  102.7000     23.4   23.7   68.9  857.6  129   18.5 0 0 0
C1 23.6418  34.5262  102.6984     23.3   23.5   69.0  857.6  137   18.5 0 0 0
C1 23.6428  34.5262  102.6966     23.3   23.5   68.9  857.6  136   17.3 0 0 0
C1 23.6505  34.5262  102.6947     23.4   23.4   68.9  857.4  136   16.2 0 0 0
C1 23.6515  34.5262  102.6928     23.3   23.9   69.1  857.2  133   16.0 0 0 0
C1 23.6525  34.5262  102.6908     23.4   23.7   70.1  857.2  136   15.6 0 0 0
C1 23.6535  34.5262  102.6889     23.6   22.7   69.9  857.2  133   15.9 0 0 0
C1 23.6545  34.5262  102.6869     23.5   23.4   69.5  857.4  143   16.4 0 0 0
C1 23.6555  34.5261  102.6850     23.3   23.8   69.0  857.6  129   13.7 0 0 0
C1 23.6565  34.5261  102.6830     23.1   23.8   68.8  857.9  145   13.7 0 0 0
C1 23.6575  34.5261  102.6818     23.3   23.4   69.0  858.0  119   25.4 0 1 0
C1 23.6585  34.5261  102.6815     23.3   23.7   51.4  858.2  137   19.4 0 1 0
C1 23.6595  34.5261  102.6815     23.2   23.7   23.5  858.8  130   14.3 1 0 1
C1 23.6672  34.5260  102.6815     23.1   23.6   46.3  859.2  134   16.1 1 0 1
C1 23.6683  34.5260  102.6815     23.1   23.4   69.2  859.4  124   16.9 0 0 0
C1 23.6693  34.5260  102.6815     23.1   23.1   69.4  859.7  128   13.2 0 0 0
C1 23.6702  34.5259  102.6815     23.1   23.8   69.6  860.0  126   13.7 0 0 0
C1 23.6712  34.5259  102.6815     23.1   24.3   69.7  860.2  133   11.2 0 0 0
C1 23.6722  34.5259  102.6815     23.1   23.8   69.6  860.3  123   13.8 0 0 0
C1 23.6732  34.5259  102.6815     23.1   23.1   69.5  860.5  132   14.1 0 0 0
C1 23.6742  34.5259  102.6815     23.0   23.4   69.8  860.6  132   12.1 0 0 0
C1 23.6752  34.5258  102.6814     22.9   23.9   70.0  860.7  128   11.8 0 0 0
C1 23.6762  34.5258  102.6814     22.9   23.6   69.9  860.8  128   13.5 0 0 0
C1 23.6838  34.5258  102.6814     22.9   23.7   70.1  860.9  135   12.2 0 0 0
C1 23.6848  34.5258  102.6814     22.9   23.4   70.3  861.0  121   12.6 0 0 0
C1 23.6858  34.5258  102.6814     22.9   23.2   70.2  861.0  128   12.6 0 0 0
C1 23.6868  34.5258  102.6814     22.9   23.3   70.5  861.1  124   10.2 0 0 0
C1 23.6878  34.5258  102.6814     22.9   23.0   70.5  861.2  131   12.9 0 0 0
C1 23.6888  34.5259  102.6814     22.9   23.3   47.3  861.2  127   13.4 1 0 1
C1 23.6898  34.5259  102.6814     22.9   23.6   47.3  861.3  133   11.7 0 0 0
C1 23.6908  34.5259  102.6814     22.9   23.7   49.8  861.4  120   11.2 1 0 1
C1 23.6918  34.5259  102.6814     22.9   23.3   56.0  861.6  134   11.0 0 0 0
C1 23.6928  34.5259  102.6814     22.9   23.2   31.7  861.7  144    8.7 1 0 1
C1 23.7005  34.5260  102.6814     22.9   23.4   25.6  861.8  134    9.2 1 0 1
C1 23.7015  34.5260  102.6815     22.8   23.3   71.5  861.9  144   10.3 0 0 0
C1 23.7025  34.5260  102.6815     22.9   23.1   71.6  862.0  136    9.9 0 0 0
C1 23.7035  34.5261  102.6815     22.8   23.1   71.5  862.1  134   12.5 0 0 0
C1 23.7045  34.5261  102.6815     22.8   23.2   71.7  862.2  132   10.0 0 0 0
C1 23.7055  34.5261  102.6815     22.8   23.3   72.0  862.3  145    9.7 0 0 0
C1 23.7065  34.5262  102.6815     22.8   23.4   72.2  862.4  142    8.0 0 0 0
C1 23.7075  34.5262  102.6815     22.7   23.2   72.6  862.5  144    8.3 0 0 0
C1 23.7085  34.5262  102.6815     22.8   23.4   72.1  862.5  124   10.6 0 0 0
C1 23.7095  34.5262  102.6815     22.8   23.4   72.1  862.5  127   10.9 0 0 0
C1 23.7173  34.5263  102.6816     22.7   23.3   72.4  862.6  119   10.9 0 0 0
C1 23.7182  34.5263  102.6816     22.6   23.2   72.8  862.6  127    9.4 0 0 0
C1 23.7192  34.5263  102.6816     22.6   23.0   73.0  862.7  134    9.6 0 0 0
C1 23.7202  34.5263  102.6816     22.6   23.0   72.8  862.7  133   11.3 0 0 0
C1 23.7212  34.5263  102.6816     22.6   22.7   72.9  862.6  138   10.5 0 0 0
C1 23.7222  34.5264  102.6816     22.6   23.6   73.6  862.7  132   10.4 0 0 0
C1 23.7232  34.5264  102.6816     22.6   23.4   74.4  862.7  141    7.6 0 0 0
C1 23.7242  34.5264  102.6816     22.4   23.2   74.4  862.7  139    8.7 0 0 0
C1 23.7252  34.5264  102.6816     22.4   23.5   74.8  862.8  133    8.1 0 0 0
C1 23.7262  34.5264  102.6816     22.4   23.4   75.0  862.8  139    8.4 0 0 0
C1 23.7338  34.5264  102.6815     22.4   23.2   74.9  862.9  133    9.2 0 0 0
C1 23.7348  34.5264  102.6815     22.3   23.3   75.3  862.9  136    9.2 0 0 0
C1 23.7358  34.5264  102.6815     22.3   22.7   74.8  863.0  138    9.6 0 0 0
C1 23.7368  34.5264  102.6815     22.3   23.1   75.1  863.1  136    8.9 0 0 0
C1 23.7378  34.5264  102.6815     22.3   23.0   74.9  863.2  138    9.8 0 0 0
C1 23.7388  34.5264  102.6815     22.3   23.5   75.6  863.3  157    8.0 0 0 0
C1 23.7400  34.5264  102.6815     22.2   23.4   75.3  863.3  146   11.8 0 0 0
C1 23.7408  34.5263  102.6814     22.2   23.2   74.8  863.4  136   12.3 0 0 0
C1 23.7418  34.5263  102.6814     22.3   22.8   75.3  863.5  136    9.8 0 0 0
C1 23.7428  34.5263  102.6814     22.1   22.7   76.2  863.6  146    8.2 0 0 0
C1 23.7505  34.5263  102.6814     22.1   22.8   75.7  863.6  142   10.9 0 0 0
C1 23.7515  34.5263  102.6814     22.1   23.0   75.3  863.7  142   11.3 0 0 0
C1 23.7525  34.5263  102.6813     22.2   22.9   75.3  863.7  152    9.8 0 0 0
C1 23.7535  34.5263  102.6813     22.1   22.8   76.1  863.8  142    8.6 0 0 0
C1 23.7545  34.5263  102.6813     22.1   22.9   76.2  863.9  144    8.1 0 0 0
C1 23.7555  34.5263  102.6813     22.1   22.8   76.6  864.0  128    8.9 0 0 0
C1 23.7565  34.5263  102.6813     22.1   22.8   76.3  864.1  126    8.6 0 0 0
C1 23.7575  34.5263  102.6813     22.1   22.6   76.3  864.2  141    8.7 0 0 0
C1 23.7585  34.5263  102.6812     22.1   22.9   76.8  864.3  142    7.2 0 0 0
C1 23.7595  34.5263  102.6811     22.1   22.8   76.5  864.4  177    6.5 0 1 0
C1 23.7672  34.5263  102.6803     22.1   22.7   76.8  864.4  217    6.6 0 1 0
C1 23.7682  34.5263  102.6789     22.1   22.6   77.2  864.3  179    7.4 0 1 0
C1 23.7692  34.5263  102.6774     22.0   22.4   77.8  864.0  163    8.5 0 0 0
C1 23.7702  34.5264  102.6759     21.9   22.8   77.6  863.6  148   11.6 0 0 0
C1 23.7712  34.5264  102.6743     22.0   22.8   78.1  863.4  145    7.0 0 0 0
C1 23.7722  34.5264  102.6728     21.8   22.6   77.9  863.3  155   10.2 0 0 0
C1 23.7732  34.5264  102.6711     22.0   22.6   78.2  863.2  141    8.9 0 0 0
C1 23.7742  34.5264  102.6695     21.9   22.6   78.2  863.0  141    9.9 0 0 0
C1 23.7752  34.5264  102.6679     21.9   22.8   78.0  862.8  143   10.4 0 0 0
C1 23.7762  34.5264  102.6662     21.9   22.6   78.0  862.8  145    8.3 0 0 0
C1 23.7838  34.5264  102.6645     21.9   22.8   78.4  862.8  137    8.7 0 0 0
C1 23.7848  34.5264  102.6629     21.9   23.0   78.8  862.7  139   10.2 0 0 0
C1 23.7858  34.5265  102.6613     21.8   22.7   79.1  862.7  144   11.5 0 0 0
C1 23.7868  34.5265  102.6595     21.8   22.6   79.0  862.6  141    8.6 0 0 0
C1 23.7878  34.5265  102.6577     21.8   22.6   78.8  862.5  125    7.2 0 0 0
C1 23.7888  34.5265  102.6558     21.8   22.6   79.5  862.5  144    8.1 0 0 0
C1 23.7898  34.5265  102.6538     21.6   22.8   79.3  862.4  143   12.5 0 0 0
C1 23.7908  34.5264  102.6518     21.7   22.7   79.3  862.3  138    9.0 0 0 0
C1 23.7918  34.5264  102.6499     21.6   22.2   79.5  862.2  101    8.0 0 0 0
C1 23.7928  34.5264  102.6479     21.8   22.6   79.7  862.1  128    9.3 0 0 0
C1 23.8005  34.5264  102.6459     21.6   22.1   80.1  849.3  143   11.1 0 0 0
C1 23.8015  34.5264  102.6439     21.5   22.3   80.4  842.7  136    9.0 0 0 0
C1 23.8025  34.5265  102.6419     21.6   22.4   80.2  846.1  131   10.5 0 0 0
C1 23.8035  34.5265  102.6399     21.6   22.5   80.4  852.9  138    9.5 0 0 0
C1 23.8045  34.5265  102.6379     21.6   22.1   80.7  861.9  137    8.4 0 0 0
C1 23.8055  34.5265  102.6358     21.6   22.0   80.7  861.8  142    9.9 0 0 0
C1 23.8065  34.5265  102.6337     21.6   22.3   80.6  861.8  134   11.1 0 0 0
C1 23.8075  34.5265  102.6316     21.6   22.1   80.8  861.7  132   10.2 0 0 0
C1 23.8085  34.5265  102.6294     21.8   22.2   80.7  861.6  121   10.0 0 0 0
C1 23.8095  34.5265  102.6272     21.6   22.2   80.9  861.6  134    9.5 0 0 0
C1 23.8172  34.5266  102.6251     21.8   22.0   80.5  861.5  123   13.5 0 0 0
C1 23.8182  34.5266  102.6230     21.8   22.3   80.5  861.5  137   10.2 0 0 0
C1 23.8192  34.5266  102.6208     21.8   22.4   81.1  861.5  136    8.4 0 0 0
C1 23.8202  34.5266  102.6186     21.5   22.1   81.3  861.4  139   11.2 0 0 0
C1 23.8212  34.5266  102.6164     21.4   21.8   81.5  861.5  131    6.6 0 0 0
C1 23.8222  34.5266  102.6142     21.6   22.0   81.5  861.5  136   12.9 0 0 0
C1 23.8232  34.5266  102.6121     21.4   22.3   81.4  861.5  123   11.9 0 0 0
C1 23.8242  34.5266  102.6100     21.5   21.9   81.2  861.4  123   12.9 0 0 0
C1 23.8252  34.5266  102.6079     21.6   21.7   81.0  861.4  121   12.2 0 0 0
C1 23.8262  34.5266  102.6057     21.6   21.8   81.4  861.4  125   12.8 0 0 0
C1 23.8338  34.5266  102.6035     21.6   22.1   81.5  861.6  120   10.1 0 0 0
C1 23.8348  34.5266  102.6013     21.6   21.9   81.5  861.8  112    9.2 0 0 0
C1 23.8358  34.5266  102.5991     21.6   22.2   81.3  861.9  137    9.6 0 0 0
C1 23.8368  34.5266  102.5970     21.5   21.6   81.1  862.0  120   10.7 0 0 0
C1 23.8378  34.5266  102.5948     21.8   21.6   81.0  862.1  121   14.2 0 0 0
C1 23.8388  34.5266  102.5927     21.7   21.9   80.7  862.1  121   15.5 0 0 0
C1 23.8398  34.5266  102.5907     21.8   21.7   80.6  862.0  122   14.1 0 0 0
C1 23.8408  34.5266  102.5889     21.8   21.6   80.6  862.1  121   19.1 0 1 0
C1 23.8418  34.5266  102.5880     21.7   21.8   80.6  862.2  110   23.7 0 1 0
C1 23.8428  34.5266  102.5879     21.6   22.3   81.2  862.4  130   18.9 0 1 0
C1 23.8505  34.5266  102.5879     21.5   22.0   80.9  862.7  115   11.7 0 0 0
C1 23.8515  34.5266  102.5874     21.5   21.9   80.8  862.9  126    9.8 0 1 0
C1 23.8525  34.5266  102.5873     21.5   22.1   80.8  863.0  125   20.4 0 1 0
C1 23.8537  34.5266  102.5873     21.4   22.3   80.8  863.2  118   17.1 0 0 0
C1 23.8545  34.5267  102.5874     21.5   22.0   80.5  863.3   16   14.4 0 1 0
C1 23.8555  34.5272  102.5877     21.4   21.8   81.0  863.5  169   19.7 0 1 0
C1 23.8565  34.5282  102.5877     21.4   21.8   81.2  863.6  147   15.5 0 1 0
C1 23.8575  34.5296  102.5877     21.5   22.1   80.8  863.9  139   15.5 0 1 0
C1 23.8585  34.5312  102.5877     21.5   21.8   81.1  864.0  129   16.5 0 0 0
C1 23.8595  34.5330  102.5877     21.5   21.8   81.3  864.0  123   16.7 0 0 0
C1 23.8672  34.5347  102.5877     21.6   21.8   81.1  864.0  108   18.4 0 0 0
C1 23.8682  34.5361  102.5877     21.8   21.6   80.7  864.1   93   16.9 0 1 0
C1 23.8692  34.5373  102.5882     21.7   22.0   81.1  864.2  103   16.2 0 1 0
C1 23.8702  34.5385  102.5892     21.6   21.8   81.2  864.4  109   11.1 0 1 0
C1 23.8712  34.5396  102.5903     21.5   22.1   81.6  864.5  127   14.7 0 1 0
C1 23.8722  34.5411  102.5908     21.4   22.2   81.8  864.6  148   13.0 0 1 0
C1 23.8732  34.5427  102.5908     21.4   22.0   81.7  864.5  132   15.8 0 1 0
C1 23.8742  34.5444  102.5907     21.5   21.8   81.5  864.3  121   15.3 0 0 0
C1 23.8752  34.5461  102.5907     21.4   21.7   81.9  864.2  121   15.0 0 0 0
C1 23.8762  34.5478  102.5907     21.3   21.7   82.0  864.0  120   15.3 0 0 0
C1 23.8838  34.5495  102.5906     21.3   22.1   81.7  863.8  120   16.9 0 0 0
C1 23.8848  34.5513  102.5906     21.5   21.8   81.6  863.6  121   14.3 0 0 0
C1 23.8858  34.5531  102.5905     21.5   21.6   81.4  863.4  118   15.1 0 0 0
C1 23.8868  34.5549  102.5905     21.5   21.6   81.5  863.3  117   16.4 0 0 0
C1 23.8878  34.5567  102.5904     21.6   22.0   79.8  863.1  118   14.8 0 0 0
C1 23.8888  34.5585  102.5903     21.5   22.1   81.7  862.8  116   16.4 0 0 0
C1 23.8898  34.5603  102.5903     21.5   21.6   75.8  862.7  118   19.2 1 0 0
C1 23.8908  34.5621  102.5902     21.5   21.8   80.0  862.5  118   14.2 0 0 0
C1 23.8918  34.5640  102.5901     21.3   21.6   82.5  862.3  119   13.3 0 0 0
C1 23.8928  34.5658  102.5901     21.2   21.6   82.7  862.0  117   12.0 0 0 0
C1 23.9005  34.5677  102.5900     21.1   21.6   82.7  861.8  113   12.8 0 0 0
C1 23.9015  34.5695  102.5899     21.2   21.8   81.9  861.6  118   19.2 0 0 0
C1 23.9025  34.5713  102.5899     21.4   22.0   82.0  861.5  114   14.9 0 0 0
C1 23.9035  34.5731  102.5898     21.6   21.9   81.8  861.5  117   19.9 0 0 0
C1 23.9045  34.5749  102.5897     21.6   21.6   81.6  861.4  114   16.0 0 0 0
C1 23.9055  34.5767  102.5897     21.6   21.9   81.8  861.4  117   17.3 0 0 0
C1 23.9065  34.5784  102.5896     21.6   22.1   82.1  861.4  116   16.7 0 0 0
C1 23.9075  34.5801  102.5895     21.6   21.7   81.9  861.3  114   18.1 0 0 0
C1 23.9085  34.5816  102.5894     21.6   21.8   81.6  861.3   86   14.6 0 1 0
C1 23.9095  34.5829  102.5894     21.6   21.5   82.3  861.4  104   10.0 0 0 0
C1 23.9172  34.5842  102.5900     21.5   21.9   82.4  861.4   94   14.1 0 1 0
C1 23.9182  34.5851  102.5912     21.4   21.8   82.5  861.5   93   13.7 0 1 0
C1 23.9192  34.5855  102.5929     21.2   21.3   82.4  861.5  102   14.9 0 1 0
C1 23.9202  34.5855  102.5948     21.2   21.6   82.3  861.6  108   16.9 0 1 0
C1 23.9212  34.5855  102.5968     21.2   21.9   82.5  861.6  115   13.9 0 0 0
C1 23.9222  34.5855  102.5987     21.2   22.1   82.7  861.6  114   10.6 0 0 0
C1 23.9232  34.5855  102.6005     21.1   21.9   82.6  861.5  131   12.9 0 0 0
C1 23.9242  34.5856  102.6020     21.1   21.8   82.6  861.5  125   10.7 0 1 0
C1 23.9252  34.5863  102.6034     21.1   21.7   83.1  861.5  124   13.4 0 1 0
C1 23.9262  34.5875  102.6043     21.1   22.1   83.3  861.5  130   14.7 0 1 0
C1 23.9338  34.5889  102.6045     21.1   21.6   82.7  861.5  137   13.1 0 1 0
C1 23.9348  34.5903  102.6045     21.2   21.6   82.9  861.6  118   13.2 0 0 0
C1 23.9358  34.5918  102.6045     21.2   21.5   83.0  861.6  122   11.9 0 0 0
C1 23.9368  34.5935  102.6045     21.3   21.4   83.2  861.5  119   15.4 0 0 0
C1 23.9378  34.5952  102.6045     21.3   22.0   82.8  861.5  113   15.3 0 0 0
C1 23.9388  34.5969  102.6045     21.2   21.8   83.2  861.5  107   13.5 0 0 0
C1 23.9398  34.5986  102.6045     21.3   21.9   83.2  861.5  115   13.0 0 0 0
C1 23.9408  34.6003  102.6045     21.1   21.1   83.1  861.5  113   16.5 0 0 0
C1 23.9418  34.6020  102.6045     21.4   21.6   83.1  861.5  108   13.6 0 0 0
C1 23.9428  34.6035  102.6045     21.2   21.7   83.3  861.5  110   16.6 0 0 0
C1 23.9505  34.6049  102.6045     21.3   21.5   83.1  861.6  108   16.7 0 0 0
C1 23.9515  34.6062  102.6045     21.2   21.5   83.2  861.6  102    9.1 0 0 0
C1 23.9525  34.6074  102.6046     21.1   21.2   82.4  861.7  114   12.8 0 0 0
C1 23.9535  34.6087  102.6046     21.1   21.6   83.3  861.8  110   10.8 0 0 0
C1 23.9545  34.6099  102.6046     21.1   21.7   82.6  861.8  105   11.4 0 0 0
C1 23.9555  34.6110  102.6046     21.1   21.1   81.8  861.9  102   10.5 1 0 0
C1 23.9565  34.6120  102.6046     21.0   21.4   83.9  862.0   89   11.6 0 0 0
C1 23.9575  34.6125  102.6046     21.1   21.6   82.8  862.1   48   12.9 0 1 0
C1 23.9585  34.6125  102.6047     21.0   22.0   84.3  862.3   73    7.3 0 1 0
C1 23.9595  34.6125  102.6047     20.9   21.8   84.0  862.4   96    7.7 0 0 0
C1 23.9673  34.6126  102.6047     21.0   21.5   84.0  862.5  150    7.2 0 0 0
C1 23.9683  34.6126  102.6048     20.8   21.6   84.4  862.6   79    5.9 0 0 0
C1 23.9693  34.6126  102.6048     20.8   21.5   84.6  862.7   92    5.8 0 0 0
C1 23.9702  34.6128  102.6048     20.8   21.5   84.3  862.7  124    6.2 0 1 0
C1 23.9712  34.6132  102.6049     20.9   21.5   84.5  862.8  113    5.0 0 0 0
C1 23.9722  34.6134  102.6048     20.9   21.4   84.2  862.8  152    4.1 0 1 0
C1 23.9732  34.6134  102.6040     20.9   21.3   85.1  862.9  250    2.0 0 1 0
C1 23.9742  34.6134  102.6031     20.8   21.3   85.2  862.9   95    4.6 0 0 0
C1 23.9752  34.6135  102.6020     20.8   21.5   85.3  862.9  106    8.4 0 0 0
C1 23.9762  34.6134  102.6009     20.9   21.4   85.4  862.8  103   11.1 0 0 0
C1 23.9838  34.6134  102.5999     20.6   21.2   85.4  862.7  104   13.5 0 0 0
C1 23.9848  34.6134  102.5995     20.6   21.5   85.4  862.7   98   19.0 0 1 0
C1 23.9858  34.6134  102.5995     20.9   21.4   85.5  862.8  113   13.3 0 1 0
C1 23.9870  34.6134  102.5995     21.1   21.5   85.6  862.8   98   10.2 0 0 0
C1 23.9878  34.6134  102.5995     20.9   21.5   86.0  862.8   96    6.8 0 0 0
C1 23.9888  34.6134  102.5994     20.5   21.3   86.2  862.8   86    6.4 0 0 0
C1 23.9898  34.6134  102.5994     20.5   21.2   86.4  862.9   89    5.8 0 0 0
C1 23.9908  34.6134  102.5994     20.5   21.1   86.3  862.9  100    7.3 0 0 0
C1 23.9918  34.6133  102.5994     20.4   21.3   86.3  863.0   92    8.1 0 0 0
C1 23.9928  34.6133  102.5994     20.5   21.3   86.3  863.0   88    8.6 0 0 0
C1  0.0005  34.6133  102.5992     20.5   21.1   86.4  863.1  133    4.0 0 1 0
C1  0.0015  34.6133  102.5985     20.5   20.8   86.5  863.1  162    0.4 0 1 0
C1  0.0025  34.6133  102.5974     20.5   21.3   86.8  863.2   90    4.0 0 0 0
C1  0.0035  34.6132  102.5962     20.4   21.1   86.9  863.6  105    2.6 0 0 0
C1  0.0045  34.6132  102.5948     20.5   20.9   87.0  863.7   81    6.4 0 0 0
C1  0.0055  34.6132  102.5934     20.6   21.4   86.6  863.7  103    7.5 0 0 0
C1  0.0065  34.6131  102.5920     20.6   21.0   86.4  863.4  120    8.9 0 0 0
C1  0.0075  34.6131  102.5905     20.7   21.1   85.9  863.3  116   12.1 0 0 0
C1  0.0085  34.6131  102.5891     20.8   21.0   86.0  863.3  116   10.1 0 0 0
C1  0.0095  34.6130  102.5877     20.9   21.0   85.9  863.2  102   10.6 0 0 0
C1  0.0172  34.6130  102.5864     20.8   20.8   85.1  863.2  106   11.0 0 0 0
C1  0.0182  34.6130  102.5851     20.7   21.0   83.8  863.2  118   11.0 1 0 0
C1  0.0192  34.6129  102.5837     20.7   21.0   84.7  863.2  113   11.5 1 0 0
C1  0.0202  34.6129  102.5824     20.8   20.7   85.6  863.2  118   11.0 0 0 0
C1  0.0212  34.6129  102.5811     20.9   21.0   85.6  863.2  114   12.1 0 0 0
C1  0.0222  34.6129  102.5798     20.6   21.5   86.0  863.3  123    8.8 0 0 0
C1  0.0232  34.6129  102.5785     20.6   20.9   86.1  863.3  112    8.6 0 0 0
C1  0.0242  34.6129  102.5770     20.6   20.8   86.3  863.3  121    7.5 0 0 0
C1  0.0252  34.6129  102.5755     20.5   20.5   86.4  863.4  105    8.2 0 0 0
C1  0.0262  34.6129  102.5740     20.5   20.6   86.1  863.3  103   11.6 0 0 0
C1  0.0338  34.6129  102.5725     20.4   20.9   86.0  863.3   99    7.2 0 0 0
C1  0.0348  34.6129  102.5710     20.5   20.5   86.0  863.2  115    9.6 0 0 0
C1  0.0358  34.6129  102.5697     20.6   20.9   85.5  863.2  112   16.5 0 1 0
C1  0.0368  34.6128  102.5684     20.6   20.8   85.8  863.2  129   10.0 0 1 0
C1  0.0378  34.6123  102.5671     20.4   21.3   85.9  863.1  119   10.7 0 1 0
C1  0.0388  34.6118  102.5660     20.6   21.0   85.9  863.1  110   14.8 0 0 0
C1  0.0398  34.6114  102.5648     20.9   21.4   85.8  863.1  101   13.0 0 1 0
C1  0.0408  34.6113  102.5634     20.7   21.1   85.8  863.0  119   11.2 0 1 0
C1  0.0418  34.6113  102.5620     20.5   21.1   85.7  863.0   97   11.6 0 0 0
C1  0.0428  34.6113  102.5606     20.9   21.2   85.5  862.9  113   16.0 0 0 0
C1  0.0505  34.6113  102.5592     20.7   21.4   85.4  862.9  114   13.2 0 0 0
C1  0.0515  34.6113  102.5578     20.9   21.0   85.7  862.8  114   12.8 0 0 0
C1  0.0525  34.6113  102.5563     20.6   21.2   85.7  862.8  119   12.4 0 0 0
C1  0.0535  34.6113  102.5547     20.9   20.8   85.7  862.8  115   13.2 0 0 0
C1  0.0545  34.6113  102.5531     21.0   21.3   85.7  862.7  128   13.7 0 0 0
C1  0.0555  34.6113  102.5516     20.9   20.6   86.0  862.7  125   12.3 0 0 0
C1  0.0565  34.6113  102.5500     20.5   21.5   85.9  862.6  113   13.6 0 0 0
C1  0.0575  34.6113  102.5485     20.9   20.9   85.4  862.6  115   16.2 0 0 0
C1  0.0585  34.6113  102.5469     20.7   21.1   85.3  862.6  117   14.5 0 0 0
C1  0.0595  34.6113  102.5454     20.7   21.0   85.4  862.6  113   12.1 0 0 0
C1  0.0672  34.6113  102.5439     20.8   20.7   85.4  862.6  115    9.2 0 0 0
C1  0.0682  34.6112  102.5424     20.7   20.9   85.5  862.7  120   14.3 0 0 0
C1  0.0692  34.6112  102.5408     20.9   21.4   85.2  862.6  113   14.9 0 0 0
C1  0.0702  34.6112  102.5393     20.7   21.0   85.2  862.7  115   13.8 0 0 0
C1  0.0712  34.6112  102.5377     20.9   21.3   85.2  862.7  107   15.4 0 0 0
C1  0.0722  34.6111  102.5362     21.0   20.8   85.2 -999.9  107   13.3 0 0 0
C1  0.0732  34.6110  102.5349     20.8   20.8   85.2 -999.9  116   14.9 0 1 0
C1  0.0742  34.6107  102.5337     20.7   20.9   85.1 -999.9  111   13.4 0 0 0
C1  0.0752  34.6104  102.5326     20.8   20.8   85.1 -999.9  108   14.7 0 0 0
C1  0.0762  34.6103  102.5315     20.9   21.1   84.8 -999.9  104   14.5 0 0 0
C1  0.0838  34.6102  102.5305     20.8   21.1   85.0 -999.9  114   13.8 0 0 0
C1  0.0848  34.6102  102.5293     20.7   20.9   84.9 -999.9  120   11.5 0 0 0
C1  0.0858  34.6102  102.5280     20.9   21.3   84.8 -999.9  117   14.7 0 0 0
C1  0.0868  34.6101  102.5267     20.7   21.1   84.7 -999.9  114   13.6 0 0 0
C1  0.0878  34.6101  102.5254     20.9   20.8   84.5 -999.9  108   14.9 0 0 0
C1  0.0888  34.6101  102.5240     20.8   21.3   84.5 -999.9  110   14.2 0 0 0
C1  0.0898  34.6100  102.5226     21.0   20.8   84.5 -999.9  115   15.8 0 0 0
C1  0.0908  34.6100  102.5212     21.0   20.8   84.5 -999.9  102   16.3 0 0 0
C1  0.0918  34.6100  102.5202     20.9   21.1   84.6 -999.9  109   20.0 0 1 0
C1  0.0928  34.6099  102.5194     20.9   21.4   84.5 -999.9  127   16.4 0 0 0
C1  0.1005  34.6099  102.5186     20.9   21.0   84.8 -999.9  113   11.5 0 0 0
C1  0.1015  34.6099  102.5179     20.9   21.2   85.1 -999.9  104   13.1 0 0 0
C1  0.1025  34.6099  102.5171     20.6   21.2   85.2 -999.9  109   19.8 0 0 0
C1  0.1035  34.6098  102.5168     20.7   20.7   85.3 -999.9  133   19.5 0 1 0
C1  0.1045  34.6094  102.5168     20.7   20.9   85.6 -999.9  113   12.4 0 1 0
C1  0.1055  34.6087  102.5168     20.7   20.8   85.2 -999.9   95   19.0 0 1 0
C1  0.1065  34.6076  102.5169     20.7   20.6   85.2 -999.9  101   14.1 0 0 0
C1  0.1075  34.6066  102.5169     20.7   21.0   85.1 -999.9  107   17.9 0 0 0
C1  0.1085  34.6054  102.5169     20.9   20.8   85.1 -999.9  108   18.8 0 0 0
C1  0.1095  34.6043  102.5169     21.0   21.1   85.4 -999.9  103   19.1 0 0 0
C1  0.1172  34.6032  102.5170     21.0   21.0   85.1 -999.9  109   20.3 0 0 0
C1  0.1182  34.6021  102.5170     21.1   21.2   85.2 -999.9  108   20.1 0 0 0
C1  0.1192  34.6010  102.5170     21.5   21.1   85.1 -999.9  112   17.6 0 0 0
C1  0.1202  34.5998  102.5171     21.1   21.3   85.2 -999.9  103   18.3 0 0 0
C1  0.1212  34.5987  102.5171     21.4   21.2   84.8 -999.9  106   20.7 0 0 0
C1  0.1222  34.5975  102.5172     21.3   21.1   84.9 -999.9  111   17.4 0 0 0
C1  0.1232  34.5963  102.5172     21.3   21.4   84.8 -999.9  107   20.6 0 0 0
C1  0.1242  34.5950  102.5172     21.5   21.2   84.8 -999.9  105   18.1 0 0 0
C1  0.1252  34.5937  102.5172     21.4   21.1   85.0 -999.9  109   16.5 0 0 0
C1  0.1262  34.5925  102.5172     21.3   21.4   84.8 -999.9  115   17.8 0 0 0
C1  0.1338  34.5912  102.5172     21.1   20.7   85.0 -999.9  109   16.0 0 0 0
C1  0.1348  34.5899  102.5172     20.9   21.0   85.4 -999.9  119   11.4 0 0 0
C1  0.1358  34.5887  102.5173     21.1   20.8   85.4 -999.9  110   14.0 0 0 0
C1  0.1368  34.5876  102.5173     21.1   21.5   85.1 -999.9  102   14.8 0 0 0
C1  0.1378  34.5864  102.5173     21.2   21.0   85.0 -999.9  107   16.0 0 0 0
C1  0.1388  34.5852  102.5175     21.1   21.3   85.1 -999.9  114   13.6 0 1 0
C1  0.1398  34.5841  102.5182     21.0   20.7   85.3 -999.9  125   13.7 0 1 0
C1  0.1408  34.5832  102.5191     21.0   20.8   85.4 -999.9  125   12.5 0 0 0
C1  0.1418  34.5823  102.5199     20.9   21.2   85.7 -999.9  106   11.7 0 0 0
C1  0.1428  34.5813  102.5203     21.0   21.1   85.6 -999.9   95   11.5 0 1 0
C1  0.1505  34.5802  102.5203     20.9   21.3   85.6 -999.9  103   10.4 0 0 0
C1  0.1515  34.5791  102.5203     21.0   21.2   85.6 -999.9   97   12.0 0 0 0
C1  0.1525  34.5780  102.5203     20.9   21.4   85.4 -999.9   98   12.4 0 0 0
C1  0.1535  34.5767  102.5203     21.0   21.3   85.3 -999.9  103   14.0 0 0 0
C1  0.1545  34.5754  102.5203     21.1   21.4   85.2 -999.9   95   15.6 0 0 0
C1  0.1555  34.5740  102.5203     21.1   21.2   85.0 -999.9  110   11.8 0 0 0
C1  0.1565  34.5727  102.5203     21.2   20.9   85.1 -999.9  106    9.9 0 0 0
C1  0.1575  34.5713  102.5203     21.0   21.0   85.5 -999.9  107    9.5 0 0 0
C1  0.1585  34.5700  102.5203     21.0   21.1   85.5 -999.9  110   10.0 0 0 0
C1  0.1595  34.5686  102.5203     20.9   21.2   85.3 -999.9  110   12.0 0 0 0
C1  0.1672  34.5673  102.5203     21.1   21.0   85.1 -999.9  109   10.2 0 0 0
C1  0.1682  34.5660  102.5203     21.0   21.3   85.4 -999.9  121   10.7 0 0 0
C1  0.1692  34.5653  102.5202     21.0   20.9   85.4 -999.9  136   18.4 0 1 0
C1  0.1702  34.5653  102.5202     20.9   21.1   86.0 -999.9  115    9.9 0 1 0
C1  0.1712  34.5652  102.5202     20.9   21.3   86.1 -999.9  109    6.3 0 0 0
C1  0.1723  34.5652  102.5202     20.7   20.9   86.3 -999.9  109    7.1 0 0 0
C1  0.1732  34.5652  102.5202     20.7   21.7   86.0 -999.9  120    6.3 0 0 0
C1  0.1742  34.5651  102.5202     20.7   21.4   86.0 -999.9  112    5.9 0 0 0
C1  0.1752  34.5649  102.5202     20.7   21.1   86.0 -999.9   82    3.8 0 0 0
C1  0.1762  34.5643  102.5202     20.7   21.2   86.1 -999.9   38    6.6 0 1 0
C1  0.1838  34.5633  102.5202     20.7   21.1   86.1 -999.9   70    4.9 0 1 0
C1  0.1848  34.5621  102.5202     20.7   21.2   86.2 -999.9  110    5.3 0 0 0
C1  0.1858  34.5609  102.5202     20.9   20.7   86.3 -999.9  101    6.3 0 0 0
C1  0.1868  34.5596  102.5201     20.9   21.3   85.9 -999.9  115    8.6 0 0 0
C1  0.1878  34.5583  102.5201     20.9   20.8   86.0 -999.9   94    6.2 0 0 0
C1  0.1888  34.5569  102.5201     21.0   21.3   86.1 -999.9  111    6.2 0 0 0
C1  0.1898  34.5554  102.5200     21.0   20.8   85.9 -999.9  124    7.1 0 0 0
C1  0.1908  34.5540  102.5200     21.1   21.0   86.0 -999.9  125    4.1 0 0 0
C1  0.1918  34.5526  102.5200     21.1   21.2   86.0 -999.9  132    5.6 0 0 0
C1  0.1928  34.5511  102.5200     21.0   21.3   85.9 -999.9  116    6.2 0 0 0
C1  0.2005  34.5497  102.5200     21.2   21.3   86.0 -999.9  147    4.6 0 0 0
C1  0.2015  34.5482  102.5199     21.1   21.2   86.0 -999.9  152    4.7 0 0 0
C1  0.2025  34.5466  102.5199     21.2   21.2   86.1 -999.9  147    5.5 0 0 0
C1  0.2035  34.5451  102.5199     21.3   21.3   86.0 -999.9  189    4.8 0 0 0
C1  0.2045  34.5436  102.5199     21.6   20.9   85.6 -999.9  156    5.0 0 0 0
C1  0.2055  34.5421  102.5199     21.4   21.9   85.6 -999.9  176    3.9 0 0 0
C1  0.2065  34.5405  102.5199     21.4   21.0   85.4 -999.9  170    4.5 0 0 0
C1  0.2075  34.5390  102.5198     21.3   21.2   85.3 -999.9  189    5.8 0 0 0
C1  0.2085  34.5376  102.5198     21.5   21.1   85.2 -999.9  193    6.9 0 0 0
C1  0.2095  34.5363  102.5198     21.5   21.1   85.3 -999.9  217    6.0 0 0 0
C1  0.2172  34.5351  102.5198     21.5   21.2   85.5 -999.9  199    4.4 0 0 0
C1  0.2182  34.5341  102.5198     21.5   21.2   85.4 -999.9  186    6.7 0 0 0
C1  0.2192  34.5334  102.5198     21.5   20.9   85.3 -999.9  214    7.1 0 0 0
C1  0.2202  34.5326  102.5198     21.6   21.4   85.4 -999.9  253    5.7 0 0 0
C1  0.2212  34.5319  102.5198     21.6   21.0   85.0 -999.9  197    4.3 0 0 0
C1  0.2222  34.5313  102.5198     21.6   21.4   83.3 -999.9  211    4.9 0 0 0
C1  0.2232  34.5308  102.5198     21.6   21.7   78.6 -999.9  228    8.6 1 1 0
C1  0.2242  34.5306  102.5198     21.6   21.2   84.2 -999.9  202   10.8 0 1 0
C1  0.2252  34.5306  102.5198     21.8   21.4   84.1 -999.9  185    7.3 0 0 0
C1  0.2262  34.5304  102.5195     21.8   21.7   83.7 -999.9  235    9.7 0 1 0
C1  0.2338  34.5305  102.5185     21.8   21.5   83.7 -999.9  265   12.0 0 1 0
C1  0.2348  34.5304  102.5172     21.8   21.6   83.9 -999.9  267   11.3 0 1 0
C1  0.2358  34.5304  102.5157     21.8   21.5   84.6 -999.9  262    7.9 0 0 0
C1  0.2368  34.5304  102.5146     21.7   21.4   84.6 -999.9  128    3.2 0 1 0
C1  0.2378  34.5304  102.5143     21.6   21.4   84.1 -999.9  181    6.2 0 1 0
C1  0.2388  34.5304  102.5142     21.6   21.8   83.6 -999.9  276    4.4 0 0 0
C1  0.2398  34.5305  102.5142     21.6   21.5   83.6 -999.9  280    6.9 0 0 0
C1  0.2408  34.5305  102.5142     21.6   21.5   84.2 -999.9  289   11.2 0 0 0
C1  0.2418  34.5305  102.5142     21.6   21.6   84.2 -999.9  289    9.1 0 0 0
C1  0.2428  34.5305  102.5142     21.6   21.6   84.6 -999.9  275    9.6 0 0 0
C1  0.2505  34.5305  102.5142     21.6   21.5   85.8 -999.9  265    9.3 0 0 0
C1  0.2515  34.5307  102.5142     21.6   21.8   86.2 -999.9  195   10.8 0 0 0
C1  0.2525  34.5307  102.5142     21.7   21.6   84.4 -999.9  248   13.7 0 0 0
C1  0.2535  34.5307  102.5142     21.8   21.4   83.8 -999.9  235   12.5 0 0 0
C1  0.2545  34.5307  102.5142     21.8   22.3   84.1 -999.9  246   10.7 0 0 0
C1  0.2555  34.5307  102.5142     21.8   21.9   84.6 -999.9  253    9.7 0 0 0
C1  0.2565  34.5307  102.5142     21.8   21.7   84.6 -999.9  261   12.1 0 0 0
C1  0.2575  34.5307  102.5142     21.8   21.7   84.6 -999.9  251   12.7 0 0 0
C1  0.2585  34.5308  102.5142     21.8   21.2   84.0 -999.9  248   13.6 0 0 0
C1  0.2595  34.5308  102.5142     21.8   21.8   83.6 -999.9  232   10.5 0 0 0
C1  0.2672  34.5308  102.5142     21.8   21.7   83.1 -999.9  234   10.7 0 0 0
C1  0.2682  34.5308  102.5142     21.8   21.4   83.5 -999.9  250    9.8 0 0 0
C1  0.2693  34.5308  102.5143     21.8   21.6   83.6 -999.9  251   10.9 0 0 0
C1  0.2702  34.5307  102.5143     21.8   21.4   83.8 -999.9  184   10.4 0 0 0
C1  0.2712  34.5308  102.5137     21.8   22.2   83.8 -999.9  285   17.0 0 1 0
C1  0.2722  34.5308  102.5126     21.8   21.5   83.8 -999.9  271   15.5 0 1 0
C1  0.2732  34.5308  102.5112     21.8   21.8   84.3 -999.9  275   14.8 0 0 0
C1  0.2742  34.5308  102.5095     21.8   21.6   84.8 -999.9  274   10.8 0 0 0
C1  0.2752  34.5308  102.5078     21.8   21.7   84.1 -999.9  262   11.2 0 0 0
C1  0.2762  34.5308  102.5060     21.8   21.6   82.7 -999.9  273    9.3 0 0 0
C1  0.2838  34.5308  102.5042     21.9   21.8   82.5 -999.9  280   12.1 0 0 0
C1  0.2848  34.5307  102.5023     21.8   21.5   83.4 -999.9  286    9.2 0 0 0
C1  0.2858  34.5307  102.5005     21.9   22.1   82.9 -999.9  283    9.3 0 0 0
C1  0.2868  34.5307  102.4986     21.9   21.8   83.2 -999.9  271    7.7 0 0 0
C1  0.2878  34.5307  102.4968     21.8   22.1   83.0 -999.9  292    6.6 0 0 0
C1  0.2888  34.5307  102.4950     21.8   22.0   82.8 -999.9  269    9.0 0 0 0
C1  0.2898  34.5307  102.4932     21.8   21.9   83.1 -999.9  283    9.3 0 0 0
C1  0.2908  34.5307  102.4913     21.8   21.8   82.5 -999.9  279    8.9 0 0 0
C1  0.2918  34.5307  102.4895     21.8   21.6   82.2 -999.9  270    9.5 0 0 0
C1  0.2928  34.5306  102.4876     21.8   21.3   82.5 -999.9  269    7.5 0 0 0
C1  0.3005  34.5306  102.4858     21.8   22.3   82.3 -999.9  244    8.9 0 0 0
C1  0.3015  34.5306  102.4839     21.7   21.6   82.5 -999.9  280    9.4 0 0 0
C1  0.3025  34.5306  102.4819     21.6   22.2   83.0 -999.9  273    7.6 0 0 0
C1  0.3035  34.5306  102.4800     21.6   21.9   82.5 -999.9  244    6.3 0 0 0
C1  0.3045  34.5306  102.4782     21.6   21.7   82.0 -999.9  240    7.8 0 0 0
C1  0.3055  34.5305  102.4763     21.6   21.5   81.9 -999.9  232    5.4 0 0 0
C1  0.3065  34.5305  102.4744     21.6   21.9   82.0 -999.9  195    5.5 0 0 0
C1  0.3075  34.5305  102.4726     21.6   21.7   82.1 -999.9  196    7.8 0 0 0
C1  0.3085  34.5305  102.4707     21.6   21.9   81.8 -999.9  181    8.9 0 0 0
C1  0.3095  34.5305  102.4688     21.6   21.4   82.0 -999.9  171    7.5 0 0 0
C1  0.3172  34.5305  102.4670     21.6   22.0   82.2 -999.9  172    6.6 0 0 0
C1  0.3182  34.5305  102.4652     21.6   21.8   82.2 -999.9  156   10.3 0 0 0
C1  0.3192  34.5304  102.4635     21.6   21.7   82.2 -999.9  142    8.7 0 0 0
C1  0.3202  34.5304  102.4619     21.6   22.0   79.8 -999.9  151   11.6 0 0 0
C1  0.3212  34.5304  102.4603     21.7   21.8   78.0 -999.9  157   11.7 1 0 0
C1  0.3222  34.5304  102.4587     21.5   21.8   82.3 -999.9  157    7.7 0 0 0
C1  0.3232  34.5304  102.4571     21.5   22.1   79.5 -999.9  143   11.6 0 0 0
C1  0.3242  34.5303  102.4555     21.5   22.0   74.2 -999.9  149   14.4 1 0 0
C1  0.3252  34.5303  102.4539     21.6   22.1   82.3 -999.9  146   11.0 0 0 0
C1  0.3262  34.5303  102.4523     21.5   22.1   82.3 -999.9  143   13.2 0 0 0
C1  0.3338  34.5303  102.4506     21.4   22.5   82.5 -999.9  144   13.2 0 0 0
C1  0.3348  34.5302  102.4489     21.4   21.8   82.6 -999.9  157   10.7 0 0 0
C1  0.3358  34.5302  102.4472     21.2   21.5   82.6 -999.9  145   13.3 0 0 0
C1  0.3368  34.5302  102.4455     21.2   21.9   82.5 -999.9  139   15.1 0 0 0
C1  0.3378  34.5302  102.4441     21.4   21.7   82.6 -999.9  138   13.4 0 0 0
C1  0.3388  34.5301  102.4427     21.2   21.9   82.9 -999.9  150   11.4 0 0 0
C1  0.3398  34.5301  102.4412     21.4   21.7   82.8 -999.9  147   15.0 0 0 0
C1  0.3408  34.5301  102.4396     21.5   21.4   82.7 -999.9  144   18.0 0 0 0
C1  0.3418  34.5301  102.4379     21.5   21.7   82.5 -999.9  137   16.6 0 0 0
C1  0.3428  34.5300  102.4362     21.5   21.6   82.8 -999.9  133   13.5 0 0 0
C1  0.3505  34.5300  102.4345     21.5   21.5   82.6 -999.9  139   18.5 0 0 0
C1  0.3515  34.5300  102.4331     21.4   22.1   82.7 -999.9  137   22.4 0 1 0
C1  0.3525  34.5299  102.4325     21.5   21.4   77.1 -999.9  123   24.3 0 1 0
C1  0.3535  34.5299  102.4324     21.4   21.3   83.1 -999.9  145   17.4 0 1 0
C1  0.3547  34.5299  102.4324     21.2   21.6   83.1 -999.9  134   13.6 0 0 0
C1  0.3555  34.5299  102.4324     21.2   21.7   83.2 -999.9  132   14.2 0 0 0
C1  0.3565  34.5299  102.4324     21.2   21.8   83.0 -999.9  136   14.9 0 0 0
C1  0.3575  34.5299  102.4324     21.2   21.5   83.1 -999.9  144   13.3 0 0 0
C1  0.3587  34.5299  102.4324     21.2   21.5   72.7 -999.9  140   16.7 1 0 1
C1  0.3597  34.5299  102.4324     21.2   21.8   82.8 -999.9  140   14.5 0 0 0
C1  0.3673  34.5299  102.4324     21.2   21.6   83.2 -999.9  137   11.4 0 0 0
C1  0.3683  34.5299  102.4324     21.2   21.8   83.0 -999.9  130   17.0 0 0 0
C1  0.3692  34.5299  102.4325     21.3   21.6   82.5 -999.9  137   16.4 0 0 0
C1  0.3702  34.5299  102.4319     21.4   21.5   82.6 -999.9  178   11.2 0 1 0
C1  0.3712  34.5299  102.4307     21.2   21.4   83.1 -999.9  176   10.0 0 1 0
C1  0.3722  34.5299  102.4292     21.4   21.7   83.1 -999.9  154   10.2 0 1 0
C1  0.3732  34.5299  102.4276     21.5   21.8   83.0 -999.9  152   16.7 0 0 0
C1  0.3742  34.5299  102.4259     21.4   21.5   82.9 -999.9  153   16.5 0 0 0
C1  0.3752  34.5299  102.4241     21.4   21.8   83.2 -999.9  147   10.6 0 0 0
C1  0.3762  34.5299  102.4222     21.2   22.0   83.9 -999.9  141    9.6 0 0 0
C1  0.3838  34.5299  102.4204     21.1   21.4   83.6 -999.9  137   13.3 0 0 0
C1  0.3848  34.5298  102.4185     21.0   21.8   83.7 -999.9  136   12.2 0 0 0
C1  0.3858  34.5298  102.4166     20.9   21.5   83.6 -999.9  133   12.3 0 0 0
C1  0.3868  34.5298  102.4148     20.9   21.4   83.5 -999.9  141   16.0 0 0 0
C1  0.3878  34.5298  102.4130     21.0   21.5   83.6 -999.9  138   14.7 0 0 0
C1  0.3888  34.5298  102.4112     20.9   21.4   83.4 -999.9  125   16.0 0 0 0
C1  0.3898  34.5298  102.4097     20.8   21.6   83.0 -999.9  134   18.6 0 0 0
C1  0.3908  34.5298  102.4085     20.9   21.5   83.3 -999.9  123   15.6 0 1 0
C1  0.3918  34.5298  102.4078     20.5   21.6   84.0 -999.9  112   16.3 0 1 0
C1  0.3928  34.5303  102.4077     20.6   21.1   83.6 -999.9  104   19.0 0 1 0
C1  0.4005  34.5313  102.4077     20.6   21.5   83.8 -999.9  155   15.8 0 1 0
C1  0.4015  34.5326  102.4075     20.5   21.3   84.0 -999.9  151   16.7 0 1 0
C1  0.4025  34.5341  102.4072     20.5   21.3   83.8 -999.9  145   18.5 0 0 0
C1  0.4035  34.5356  102.4069     20.5   21.6   83.7 -999.9  143   11.1 0 0 0
C1  0.4045  34.5372  102.4068     20.5   21.5   83.7 -999.9  136   12.8 0 0 0
C1  0.4055  34.5388  102.4068     20.6   21.3   84.1 -999.9  134   10.8 0 0 0
C1  0.4065  34.5404  102.4068     20.5   21.4   78.6 -999.9  129   12.9 1 0 0
C1  0.4075  34.5419  102.4067     20.7   21.1   75.8 -999.9  135   12.0 1 0 0
C1  0.4085  34.5433  102.4067     20.7   21.2   84.2 -999.9  141   11.6 0 0 0
C1  0.4095  34.5448  102.4067     20.7   21.5   82.0 -999.9  144   14.6 0 0 0
C1  0.4172  34.5465  102.4066     20.7   21.3   81.1 -999.9  152   13.0 0 0 0
C1  0.4182  34.5481  102.4066     20.7   21.6   81.4 -999.9  150    9.6 0 0 0
C1  0.4192  34.5496  102.4066     20.7   21.0   84.1 -999.9  134    8.4 0 0 0
C1  0.4202  34.5512  102.4065     20.7   21.1   84.1 -999.9  148    9.2 0 0 0
C1  0.4212  34.5527  102.4065     20.7   20.9   84.1 -999.9  138   10.6 0 0 0
C1  0.4222  34.5540  102.4065     20.7   21.2   83.9 -999.9  152    8.1 0 0 0
C1  0.4232  34.5555  102.4065     20.7   21.1   84.2 -999.9  157    9.3 0 0 0
C1  0.4242  34.5569  102.4064     20.6   21.1   84.3 -999.9  169    7.7 0 0 0
C1  0.4252  34.5584  102.4064     20.6   20.6   84.2 -999.9  193    7.7 0 0 0
C1  0.4262  34.5599  102.4064     20.5   20.9   84.4 -999.9  221    6.4 0 0 0
C1  0.4338  34.5614  102.4063     20.6   21.3   84.4 -999.9  240    7.2 0 0 0
C1  0.4348  34.5629  102.4063     20.6   21.1   84.1 -999.9  225    8.5 0 0 0
C1  0.4358  34.5643  102.4062     20.6   21.3   84.4 -999.9  231    6.2 0 0 0
C1  0.4368  34.5657  102.4062     20.6   21.2   84.2 -999.9  253    8.2 0 0 0
C1  0.4378  34.5668  102.4062     20.6   20.6   84.7 -999.9  258   13.8 0 1 0
C1  0.4388  34.5676  102.4062     20.6   20.9   84.7 -999.9  278    9.4 0 1 0
C1  0.4398  34.5678  102.4061     20.5   21.0   84.9 -999.9  321   11.0 0 1 0
C1  0.4410  34.5679  102.4060     20.5   21.5   85.1 -999.9  289    7.0 0 0 0
C1  0.4418  34.5679  102.4060     20.6   21.1   85.4 -999.9  256    9.0 0 0 0
C1  0.4428  34.5678  102.4060     20.6   20.8   86.1 -999.9  256    8.3 0 0 0
C1  0.4505  34.5678  102.4060     20.7   21.0   86.5 -999.9  252    8.4 0 0 0
C1  0.4515  34.5678  102.4060     20.7   21.3   86.9 -999.9  253    9.5 0 0 0
C1  0.4525  34.5677  102.4060     20.7   20.8   84.9 -999.9  346    9.6 0 0 0
C1  0.4535  34.5677  102.4060     20.7   21.1   86.0 -999.9  288   10.1 0 0 0
C1  0.4545  34.5677  102.4060     20.7   21.0   86.0 -999.9  255    8.6 0 0 0
C1  0.4555  34.5677  102.4060     20.9   21.1   85.9 -999.9  260    8.6 0 0 0
C1  0.4565  34.5676  102.4060     21.0   21.3   85.9 -999.9  252    9.4 0 0 0
C1  0.4577  34.5676  102.4060     21.1   20.9   86.0 -999.9  252    7.8 0 0 0
C1  0.4585  34.5676  102.4060     21.0   21.2   86.5 -999.9  241    7.9 0 0 0
C1  0.4595  34.5676  102.4060     21.1   21.0   86.4 -999.9  238    7.8 0 0 0
C1  0.4673  34.5675  102.4060     21.0   20.8   86.3 -999.9  245    9.1 0 0 0
C1  0.4683  34.5675  102.4060     20.9   21.2   84.8 -999.9  321    8.8 0 0 0
C1  0.4693  34.5675  102.4060     20.9   21.1   80.9 -999.9  331    7.2 1 0 1
C1  0.4702  34.5674  102.4060     20.9   21.2   83.0 -999.9  334    7.5 1 0 1
C1  0.4712  34.5674  102.4060     21.0   20.9   86.0 -999.9  246    7.5 0 0 0
C1  0.4722  34.5674  102.4060     21.0   21.0   85.7 -999.9  250    6.2 0 0 0
C1  0.4732  34.5674  102.4060     21.0   21.0   85.4 -999.9  236    5.4 0 0 0
C1  0.4742  34.5674  102.4060     21.1   21.2   85.4 -999.9  243    4.5 0 0 0
C1  0.4752  34.5675  102.4057     21.1   20.9   85.5 -999.9  296    7.4 0 1 0
C1  0.4762  34.5675  102.4049     21.2   21.0   85.3 -999.9  272   10.6 0 1 0
C1  0.4838  34.5674  102.4037     21.2   21.0   85.1 -999.9  268    7.3 0 1 0
C1  0.4848  34.5674  102.4024     21.2   21.6   85.2 -999.9  281    6.5 0 0 0
C1  0.4858  34.5674  102.4009     21.2   21.1   84.7 -999.9  307    4.6 0 0 0
C1  0.4868  34.5674  102.3995     21.2   20.7   84.4 -999.9  276    8.0 0 0 0
C1  0.4878  34.5674  102.3978     21.2   20.8   85.0 -999.9  271    9.4 0 0 0
C1  0.4888  34.5674  102.3962     21.1   20.6   85.1 -999.9  270    9.0 0 0 0
C1  0.4898  34.5674  102.3944     21.2   21.5   85.6 -999.9  272    9.4 0 0 0
C1  0.4908  34.5674  102.3926     21.1   21.1   86.4 -999.9  274    6.9 0 0 0
C1  0.4918  34.5674  102.3909     21.0   21.3   86.2 -999.9  249    6.6 0 0 0
C1  0.4928  34.5673  102.3892     21.1   21.3   85.8 -999.9  259    7.2 0 0 0
C1  0.5005  34.5673  102.3875     20.9   21.0   86.3 -999.9  252    6.2 0 0 0
C1  0.5015  34.5673  102.3858     20.7   21.1   86.3 -999.9  238    8.4 0 0 0
C1  0.5025  34.5673  102.3842     20.7   21.2   86.3 -999.9  238   10.8 0 0 0
C1  0.5035  34.5673  102.3826     20.7   20.8   85.9 -999.9  234    7.9 0 0 0
C1  0.5045  34.5672  102.3810     20.5   21.1   85.5 -999.9  247   12.5 0 0 0
C1  0.5055  34.5672  102.3793     20.6   21.4   85.2 -999.9  241   12.6 0 0 0
C1  0.5065  34.5672  102.3775     20.4   21.0   84.7 -999.9  265    9.8 0 0 0
C1  0.5075  34.5672  102.3757     20.4   20.7   84.6 -999.9  267    6.9 0 0 0
C1  0.5085  34.5671  102.3739     20.4   21.0   84.2 -999.9  241    6.9 0 0 0
C1  0.5095  34.5671  102.3722     20.4   21.4   83.9 -999.9  249    8.3 0 0 0
C1  0.5172  34.5671  102.3704     20.3   21.3   83.7 -999.9  265    6.5 0 0 0
C1  0.5182  34.5671  102.3687     20.3   20.9   83.5 -999.9  232    5.5 0 0 0
C1  0.5192  34.5669  102.3673     20.2   21.3   83.6 -999.9  250    5.4 0 1 0
C1  0.5202  34.5662  102.3661     20.4   21.0   83.4 -999.9  270    4.4 0 1 0
C1  0.5212  34.5652  102.3652     20.4   20.9   83.2 -999.9  220    4.5 0 1 0
C1  0.5222  34.5640  102.3649     20.4   21.2   83.4 -999.9  247    5.6 0 1 0
C1  0.5232  34.5627  102.3649     19.9   20.8   83.6 -999.9  242    3.1 0 0 0
C1  0.5242  34.5613  102.3649     20.4   20.9   83.8 -999.9  226    5.0 0 0 0
C1  0.5252  34.5600  102.3649     19.9   20.6   83.8 -999.9  200    4.8 0 0 0
C1  0.5262  34.5588  102.3649     20.1   20.8   84.1 -999.9  190    7.3 0 0 0
C1  0.5338  34.5576  102.3646     19.4   20.8   84.2 -999.9  174    5.5 0 1 0
C1  0.5348  34.5567  102.3637     21.5   20.7   84.5 -999.9  187    6.0 0 1 0
C1  0.5358  34.5561  102.3625     20.5   21.1   84.7 -999.9  194    5.9 0 1 0
C1  0.5368  34.5559  102.3610     20.4   20.8   84.8 -999.9  191    9.2 0 1 0
C1  0.5378  34.5558  102.3593     20.4   21.0   84.9 -999.9  200    9.0 0 0 0
C1  0.5388  34.5558  102.3574     20.4   20.7   84.9 -999.9  196    7.7 0 0 0
C1  0.5398  34.5558  102.3556     20.5   21.0   85.0 -999.9  182    6.3 0 0 0
C1  0.5408  34.5558  102.3537     20.5   20.8   85.2 -999.9  174    4.9 0 0 0
C1  0.5418  34.5558  102.3518     20.6   20.5   85.3 -999.9  171    5.4 0 0 0
C1  0.5428  34.5558  102.3500     20.5   20.4   85.1 -999.9  158    6.0 0 0 0
C1  0.5505  34.5557  102.3481     20.4   20.5   85.2 -999.9  152   11.7 0 0 0
C1  0.5515  34.5557  102.3463     20.6   21.2   84.9 -999.9  153   13.1 0 0 0
C1  0.5525  34.5557  102.3445     20.7   20.5   84.8 -999.9  150   11.6 0 0 0
C1  0.5535  34.5557  102.3428     21.0   20.8   84.7 -999.9  143   14.0 0 0 0
C1  0.5545  34.5557  102.3412     20.8   21.1   84.6 -999.9  152   14.4 0 0 0
C1  0.5555  34.5556  102.3395     20.9   21.1   84.4 -999.9  146   12.4 0 0 0
C1  0.5565  34.5556  102.3378     20.8   20.7   84.2 -999.9  157   12.6 0 0 0
C1  0.5575  34.5556  102.3361     20.7   20.7   84.3 -999.9  135   10.9 0 0 0
C1  0.5585  34.5556  102.3345     20.8   20.8   84.2 -999.9  165   12.3 0 0 0
C1  0.5595  34.5556  102.3328     20.7   20.9   84.1 -999.9  154   12.8 0 0 0
C1  0.5672  34.5556  102.3311     20.7   20.8   84.0 -999.9  143   12.2 0 0 0
C1  0.5682  34.5556  102.3295     20.7   20.2   84.0 -999.9  138   10.9 0 0 0
C1  0.5692  34.5556  102.3281     20.8   20.9   84.0 -999.9  135   11.2 0 0 0
C1  0.5702  34.5556  102.3269     20.9   20.8   83.7 -999.9  129   12.9 0 0 0
C1  0.5712  34.5556  102.3258     21.0   21.2   83.9 -999.9  159   10.7 0 0 0
C1  0.5722  34.5556  102.3247     21.0   20.7   83.6 -999.9  138    8.7 0 0 0
C1  0.5732  34.5556  102.3238     21.0   20.7   83.9 -999.9  158    8.9 0 0 0
C1  0.5742  34.5556  102.3229     20.9   20.8   83.8 -999.9  159    8.7 0 0 0
C1  0.5752  34.5556  102.3220     21.0   21.2   83.9 -999.9  144    4.0 0 0 0
C1  0.5762  34.5556  102.3209     21.1   21.0   83.9 -999.9  126    4.1 0 0 0
C1  0.5838  34.5556  102.3198     21.1   21.1   83.8 -999.9  147    7.5 0 0 0
C1  0.5848  34.5555  102.3187     21.0   21.2   83.9 -999.9  144    7.9 0 0 0
C1  0.5860  34.5555  102.3174     21.1   21.0   84.0 -999.9  153    7.5 0 0 0
C1  0.5868  34.5555  102.3164     21.1   20.9   84.2 -999.9  129    7.1 0 0 0
C1  0.5878  34.5555  102.3153     21.1   20.9   84.2 -999.9  120    6.6 0 0 0
C1  0.5888  34.5555  102.3142     21.1   21.0   84.1 -999.9  154    7.2 0 0 0
C1  0.5898  34.5555  102.3131     21.1   21.2   83.9 -999.9  148    9.6 0 0 0
C1  0.5908  34.5555  102.3126     21.2   21.3   83.3 -999.9  131   17.5 0 1 0
C1  0.5918  34.5553  102.3125     21.2   21.0   82.9 -999.9  191    9.5 0 1 0
C1  0.5928  34.5545  102.3124     21.3   21.1   82.8 -999.9  150    7.0 0 1 0
C1  0.6005  34.5536  102.3124     21.4   21.3   83.1 -999.9  151    6.5 0 1 0
C1  0.6015  34.5526  102.3124     21.4   21.1   82.7 -999.9  160   13.3 0 0 0
C1  0.6025  34.5518  102.3124     21.4   21.4   82.7 -999.9  150   11.7 0 0 0
C1  0.6035  34.5513  102.3124     21.5   21.8   82.8 -999.9  163   12.2 0 1 0
C1  0.6045  34.5512  102.3124     21.4   21.2   83.3 -999.9  131   15.3 0 1 0
C1  0.6058  34.5511  102.3124     21.4   21.3   83.8 -999.9  136    8.4 0 0 0
C1  0.6065  34.5510  102.3124     21.3   21.3   83.0 -999.9  138    8.1 0 0 0
C1  0.6075  34.5510  102.3118     21.4   21.0   83.2 -999.9  228    2.6 0 1 0
C1  0.6085  34.5510  102.3108     21.4   21.1   82.8 -999.9  154    9.0 0 0 0
C1  0.6095  34.5509  102.3097     21.2   21.2   82.6 -999.9  172    5.0 0 0 0
C1  0.6172  34.5509  102.3085     21.5   21.4   82.4 -999.9  161   10.8 0 0 0
C1  0.6182  34.5508  102.3073     21.6   21.5   82.5 -999.9  156    6.7 0 0 0
C1  0.6192  34.5508  102.3060     21.5   21.4   81.9 -999.9  178    1.9 0 0 0
C1  0.6202  34.5508  102.3047     21.6   21.4   81.7 -999.9  165    9.0 0 0 0
C1  0.6212  34.5508  102.3034     21.6   21.2   81.8 -999.9  143   12.4 0 0 0
C1  0.6222  34.5507  102.3021     21.5   21.4   81.5 -999.9  127    9.7 0 0 0
C1  0.6232  34.5506  102.3007     21.4   21.3   81.5 -999.9  146   11.0 0 0 0
C1  0.6242  34.5503  102.2994     21.4   21.2   81.0 -999.9  124   12.2 0 0 0
C1  0.6252  34.5499  102.2981     21.4   21.6   80.7 -999.9  136   16.8 0 0 0
C1  0.6262  34.5493  102.2967     21.5   21.5   80.8 -999.9  151   13.1 0 1 0
C1  0.6338  34.5488  102.2952     21.6   21.6   80.7 -999.9  137   15.2 0 0 0
C1  0.6348  34.5482  102.2938     21.5   21.2   79.9 -999.9  125   15.0 0 0 0
C1  0.6358  34.5477  102.2923     21.6   21.1   80.1 -999.9  128   16.6 0 0 0
C1  0.6368  34.5472  102.2909     21.6   21.5   80.5 -999.9  139   21.3 0 0 0
C1  0.6378  34.5467  102.2895     21.6   21.4   80.6 -999.9  128   18.4 0 0 0
C1  0.6388  34.5462  102.2882     21.2   21.2   80.3 -999.9  121   20.9 0 0 0
C1  0.6398  34.5457  102.2869     21.4   21.7   80.2 -999.9  127   19.1 0 0 0
C1  0.6408  34.5453  102.2857     21.1   21.4   80.3 -999.9  120   21.5 0 0 0
C1  0.6418  34.5451  102.2852     21.0   21.2   80.3 -999.9  116   26.7 0 1 0
C1  0.6432  34.5452  102.2852     21.0   21.2   80.1 -999.9  161   22.7 0 1 0
C1  0.6508  34.5451  102.2852     21.0   21.4   80.7 -999.9  119   16.9 0 0 0
C1  0.6518  34.5451  102.2852     20.9   21.6   80.5 -999.9  112   18.9 0 0 0
C1  0.6530  34.5451  102.2852     20.9   21.0   80.7 -999.9  118   19.3 0 0 0
C1  0.6537  34.5451  102.2852     20.9   21.5   80.9 -999.9  114   19.1 0 0 0
C1  0.6548  34.5451  102.2852     20.9   21.3   81.5 -999.9  117   16.7 0 0 0
C1  0.6558  34.5451  102.2852     20.7   21.4   82.1 -999.9  125   16.9 0 0 0
C1  0.6568  34.5451  102.2852     20.6   21.3   81.6 -999.9  114   18.2 0 0 0
C1  0.6578  34.5451  102.2852     20.6   21.4   81.5 -999.9  120   18.0 0 0 0
C1  0.6588  34.5451  102.2852     20.6   21.3   82.0 -999.9  112   16.2 0 0 0
C1  0.6598  34.5451  102.2852     20.6   21.3   82.1 -999.9  108   18.1 0 0 0
C1  0.6675  34.5451  102.2852     20.5   21.2   81.9 -999.9  113   17.3 0 0 0
C1  0.6682  34.5451  102.2852     20.5   21.2   81.9 -999.9  104   20.7 0 0 0
C1  0.6692  34.5449  102.2848     20.4   21.1   81.6 -999.9   67    9.2 0 1 0
C1  0.6702  34.5446  102.2838     20.4   21.3   81.7 -999.9  139   12.6 0 1 0
C1  0.6712  34.5441  102.2826     20.5   21.4   81.5 -999.9  137   16.7 0 0 0
C1  0.6722  34.5436  102.2812     20.7   21.5   80.0 -999.9  137   15.6 0 0 0
C1  0.6732  34.5431  102.2798     20.4   21.4   78.9 -999.9  135   13.3 1 0 0
C1  0.6742  34.5426  102.2783     20.5   21.2   80.7 -999.9  128   13.1 0 0 0
C1  0.6752  34.5420  102.2767     20.4   21.2   81.2 -999.9  121   15.0 0 0 0
C1  0.6762  34.5414  102.2751     20.4   21.0   82.8 -999.9  131   13.8 0 0 0
C1  0.6838  34.5409  102.2735     20.5   20.7   82.7 -999.9  110    9.1 0 0 0
C1  0.6848  34.5406  102.2716     20.2   21.2   82.8 -999.9  120   13.9 0 1 0
C1  0.6858  34.5406  102.2698     20.5   20.9   83.3 -999.9  133   10.4 0 0 0
C1  0.6868  34.5406  102.2679     20.4   21.0   83.1 -999.9  123   14.4 0 0 0
C1  0.6878  34.5406  102.2660     20.4   21.1   83.2 -999.9  119   18.2 0 0 0
C1  0.6888  34.5406  102.2641     20.3   20.7   83.2 -999.9  121   16.8 0 0 0
C1  0.6898  34.5406  102.2622     20.3   21.4   83.1 -999.9  128   19.5 0 0 0
C1  0.6908  34.5405  102.2603     20.2   21.1   83.6 -999.9  115   17.5 0 0 0
C1  0.6918  34.5405  102.2585     20.2   20.8   83.6 -999.9  122   16.3 0 0 0
C1  0.6928  34.5405  102.2566     20.4   21.6   83.7 -999.9  123   15.2 0 0 0
C1  0.7005  34.5405  102.2547     20.5   21.0   83.9 -999.9  123   17.2 0 0 0
C1  0.7015  34.5405  102.2527     20.5   20.4   83.7 -999.9  134   18.6 0 0 0
C1  0.7025  34.5405  102.2508     20.6   21.0   84.0 -999.9  133   12.2 0 0 0
C1  0.7035  34.5405  102.2488     20.6   21.1   84.6 -999.9  125    8.7 0 0 0
C1  0.7045  34.5405  102.2468     20.2   20.8   84.5 -999.9  118   13.8 0 0 0
C1  0.7055  34.5405  102.2448     20.6   20.9   84.1 -999.9  119   15.0 0 0 0
C1  0.7065  34.5405  102.2429     20.6   21.1   84.3 -999.9  118   16.9 0 0 0
C1  0.7075  34.5404  102.2411     20.5   20.5   84.3 -999.9  112   15.8 0 0 0
C1  0.7085  34.5404  102.2393     20.9   21.1   84.2 -999.9  109   14.6 0 0 0
C1  0.7095  34.5404  102.2374     20.6   21.4   84.1 -999.9  113   16.7 0 0 0
C1  0.7172  34.5404  102.2355     21.0   20.9   83.9 -999.9  123   18.2 0 0 0
C1  0.7182  34.5404  102.2337     21.1   20.8   84.1 -999.9  110   15.9 0 0 0
C1  0.7192  34.5404  102.2318     20.9   21.1   83.9 -999.9  118   18.2 0 0 0
C1  0.7202  34.5403  102.2300     20.8   20.6   84.1 -999.9  120   14.5 0 0 0
C1  0.7212  34.5403  102.2281     20.8   20.8   84.3 -999.9  106   14.5 0 0 0
C1  0.7222  34.5403  102.2263     21.1   21.0   84.4 -999.9  116   13.3 0 0 0
C1  0.7232  34.5403  102.2247     20.7   21.2   84.4 -999.9  113   17.2 0 0 0
C1  0.7242  34.5403  102.2233     20.7   20.8   84.4 -999.9  112   17.9 0 1 0
C1  0.7252  34.5403  102.2220     20.6   20.9   84.5 -999.9  122   14.0 0 0 0
C1  0.7262  34.5403  102.2209     20.5   20.9   84.4 -999.9  109   17.1 0 1 0
C1  0.7338  34.5402  102.2202     20.6   20.5   84.4 -999.9  109   21.8 0 1 0
C1  0.7348  34.5402  102.2201     20.4   20.6   84.6 -999.9  111   18.7 0 1 0
C1  0.7362  34.5402  102.2201     20.2   20.9   85.0 -999.9   87   11.5 0 0 0
C1  0.7368  34.5402  102.2201     20.6   21.0   85.0 -999.9  103   10.6 0 0 0
C1  0.7378  34.5402  102.2201     20.3   20.7   85.1 -999.9  105   10.1 0 0 0
C1  0.7388  34.5402  102.2201     20.4   20.7   84.8 -999.9  103   12.2 0 0 0
C1  0.7398  34.5402  102.2201     20.4   21.0   85.1 -999.9  105   11.6 0 0 0
C1  0.7408  34.5402  102.2202     20.4   21.2   85.1 -999.9  108   11.4 0 0 0
C1  0.7418  34.5402  102.2202     20.3   20.8   84.9 -999.9  105   13.5 0 0 0
C1  0.7428  34.5402  102.2202     20.4   20.8   84.7 -999.9  105   12.6 0 0 0
C1  0.7505  34.5401  102.2202     20.4   21.0   84.9 -999.9  108   13.2 0 0 0
C1  0.7515  34.5401  102.2202     20.4   20.7   84.8 -999.9  107   13.8 0 0 0
C1  0.7527  34.5401  102.2202     20.3   20.7   84.7 -999.9  106   13.2 0 0 0
C1  0.7535  34.5401  102.2202     20.5   20.9   85.0 -999.9  103   13.9 0 0 0
C1  0.7548  34.5401  102.2202     20.5   20.6   84.9 -999.9  110   14.2 0 0 0
C1  0.7555  34.5401  102.2202     20.4   20.5   84.9 -999.9  102   14.6 0 0 0
C1  0.7568  34.5401  102.2202     20.5   21.3   85.1 -999.9  100   13.1 0 0 0
C1  0.7575  34.5401  102.2202     20.4   20.7   85.2 -999.9  103   15.2 0 0 0
C1  0.7585  34.5401  102.2202     20.4   20.6   85.2 -999.9  109   13.9 0 0 0
C1  0.7595  34.5401  102.2202     20.5   20.6   85.3 -999.9  104   14.7 0 0 0
C1  0.7672  34.5401  102.2202     19.9   20.6   85.4 -999.9  104   13.7 0 0 0
C1  0.7682  34.5401  102.2202     20.2   20.6   85.6 -999.9  108   11.3 0 0 0
C1  0.7695  34.5401  102.2202     20.3   20.6   85.6 -999.9  109   14.1 0 0 0
C1  0.7705  34.5401  102.2202     20.2   20.8   85.6 -999.9  111   14.9 0 0 0
C1  0.7712  34.5401  102.2202     20.3   20.6   85.1 -999.9  107   17.0 0 0 0
C1  0.7722  34.5401  102.2202     20.3   20.3   85.2 -999.9  102   15.0 0 0 0
C1  0.7732  34.5401  102.2202     20.2   21.0   85.3 -999.9  111   13.7 0 0 0
C1  0.7742  34.5401  102.2202     20.2   20.6   85.6 -999.9   99   12.0 0 0 0
C1  0.7752  34.5401  102.2202     20.1   20.7   85.5 -999.9  110   14.0 0 0 0
C1  0.7762  34.5401  102.2202     20.1   20.9   85.3 -999.9  104   15.1 0 0 0
C1  0.7838  34.5401  102.2202     20.2   20.6   85.3 -999.9  107   13.3 0 0 0
C1  0.7848  34.5400  102.2202     20.1   20.8   85.5 -999.9  106   14.4 0 0 0
C1  0.7858  34.5400  102.2202     19.9   20.9   85.2 -999.9  105   15.1 0 0 0
C1  0.7868  34.5400  102.2202     20.1   20.6   85.0 -999.9  104   14.2 0 0 0
C1  0.7878  34.5400  102.2202     20.2   20.4   84.9 -999.9  110   14.8 0 0 0
C1  0.7888  34.5400  102.2202     20.4   20.7   84.9 -999.9  100   13.5 0 0 0
C1  0.7898  34.5400  102.2201     20.5   21.0   85.2 -999.9  109   13.3 0 0 0
C1  0.7908  34.5400  102.2201     20.6   20.6   85.2 -999.9  110   13.1 0 0 0
C1  0.7918  34.5399  102.2201     20.3   20.9   85.5 -999.9  109   11.6 0 0 0
C1  0.7928  34.5399  102.2201     20.6   20.6   85.6 -999.9  114   11.6 0 0 0
C1  0.8005  34.5399  102.2201     20.6   20.5   85.6 -999.9  108   11.1 0 0 0
C1  0.8015  34.5399  102.2201     20.6   20.6   85.7 -999.9  104   11.4 0 0 0
C1  0.8025  34.5399  102.2201     20.6   20.6   85.5 -999.9  110   11.8 0 0 0
C1  0.8035  34.5399  102.2201     20.7   20.9   85.8 -999.9  111   10.8 0 0 0
C1  0.8045  34.5398  102.2201     19.9   20.4   85.9 -999.9  109   11.5 0 0 0
C1  0.8055  34.5398  102.2201     20.1   20.7   85.9 -999.9   99   13.7 0 0 0
C1  0.8065  34.5398  102.2201     20.3   20.8   85.5 -999.9  107   14.4 0 0 0
C1  0.8075  34.5398  102.2201     20.4   20.6   85.3 -999.9  101   15.6 0 0 0
C1  0.8085  34.5398  102.2201     20.5   20.7   85.2 -999.9  102   15.6 0 0 0
C1  0.8095  34.5397  102.2201     20.9   20.6   84.9 -999.9  109   18.2 0 0 0
C1  0.8172  34.5397  102.2201     20.7   20.4   84.9 -999.9  105   14.6 0 0 0
C1  0.8182  34.5397  102.2201     20.9   20.5   84.7 -999.9  107   16.5 0 0 0
C1  0.8192  34.5397  102.2201     20.9   20.0   84.4 -999.9  110   17.1 0 0 0
C1  0.8202  34.5397  102.2201     20.9   20.6   84.8 -999.9  101   13.1 0 0 0
C1  0.8212  34.5397  102.2201     20.7   20.7   85.2 -999.9  103   12.3 0 0 0
C1  0.8222  34.5397  102.2201     20.6   20.8   84.8 -999.9  102   16.1 0 0 0
C1  0.8232  34.5397  102.2201     20.7   20.7   84.6 -999.9  108   17.1 0 0 0
C1  0.8242  34.5397  102.2201     20.7   20.8   84.6 -999.9  112   14.9 0 0 0
C1  0.8252  34.5397  102.2201     20.8   21.0   85.2 -999.9  111   12.0 0 0 0
C1  0.8262  34.5397  102.2201     20.9   20.5   85.0 -999.9   99   13.5 0 0 0
C1  0.8338  34.5397  102.2201     20.9   20.4   85.1 -999.9  108   11.5 0 0 0
C1  0.8348  34.5397  102.2201     21.0   20.4   84.9 -999.9  115   14.1 0 0 0
C1  0.8358  34.5397  102.2201     20.7   20.6   84.7 -999.9  102   14.4 0 0 0
C1  0.8368  34.5397  102.2201     20.4   20.5   84.6 -999.9  104   12.7 0 0 0
C1  0.8378  34.5397  102.2200     20.5   20.6   84.5 -999.9  110   14.0 0 0 0
C1  0.8388  34.5398  102.2200     20.7   20.6   84.4 -999.9  107   13.9 0 0 0
C1  0.8398  34.5398  102.2200     20.6   20.7   84.3 -999.9  118   16.5 0 0 0
C1  0.8408  34.5398  102.2200     20.6   20.5   84.1 -999.9  100   13.8 0 0 0
C1  0.8418  34.5398  102.2200     20.2   20.7   84.3 -999.9  110   14.5 0 0 0
C1  0.8428  34.5398  102.2200     20.2   20.1   84.3 -999.9  110   14.1 0 0 0
C1  0.8505  34.5398  102.2200     20.2   20.5   84.8 -999.9  122   11.4 0 0 0
C1  0.8515  34.5398  102.2200     20.2   20.6   84.7 -999.9  113   12.8 0 0 0
C1  0.8525  34.5399  102.2200     20.2   20.6   84.7 -999.9  115   12.7 0 0 0
C1  0.8535  34.5399  102.2200     20.2   20.5   84.6 -999.9  109   12.8 0 0 0
C1  0.8545  34.5399  102.2200     20.6   20.9   84.5 -999.9  102   12.4 0 0 0
C1  0.8555  34.5399  102.2200     20.3   20.5   84.8 -999.9  112   11.0 0 0 0
C1  0.8565  34.5399  102.2200     20.4   20.6   84.8 -999.9  104   12.3 0 0 0
C1  0.8575  34.5399  102.2200     20.6   20.6   84.3 -999.9  113   15.3 0 0 0
C1  0.8585  34.5399  102.2199     20.7   20.2   84.2 -999.9  112   13.9 0 0 0
C1  0.8595  34.5399  102.2199     20.8   20.7   84.2 -999.9  108   13.2 0 0 0
C1  0.8672  34.5400  102.2199     20.9   20.4   84.4 -999.9  109   13.2 0 0 0
C1  0.8682  34.5400  102.2199     21.1   20.6   84.2 -999.9  109   15.5 0 0 0
C1  0.8692  34.5401  102.2199     20.9   20.4   84.2 -999.9   95    9.3 0 0 0
C1  0.8702  34.5401  102.2192     20.5   20.6   84.5 -999.9  156    6.2 0 1 0
C1  0.8712  34.5401  102.2180     20.6   20.7   84.0 -999.9  135    8.6 0 1 0
C1  0.8722  34.5401  102.2165     20.6   20.5   85.3 -999.9  124    8.7 0 0 0
C1  0.8732  34.5401  102.2150     20.3   21.0   85.3 -999.9  120   10.3 0 0 0
C1  0.8742  34.5401  102.2135     20.4   20.8   84.9 -999.9  116   14.0 0 0 0
C1  0.8752  34.5401  102.2119     20.7   20.7   84.8 -999.9  116   12.9 0 0 0
C1  0.8762  34.5401  102.2102     20.3   20.7   84.7 -999.9  129   15.0 0 0 0
C1  0.8838  34.5401  102.2085     20.3   20.6   84.9 -999.9  114   11.5 0 0 0
C1  0.8848  34.5400  102.2067     20.2   21.0   85.3 -999.9   95   12.3 0 0 0
C1  0.8858  34.5400  102.2049     20.6   20.6   85.3 -999.9  124   12.7 0 0 0
C1  0.8868  34.5400  102.2032     20.6   20.6   84.9 -999.9  112   16.9 0 0 0
C1  0.8878  34.5400  102.2014     20.5   20.9   84.7 -999.9  118   13.8 0 0 0
C1  0.8888  34.5400  102.1995     20.6   20.9   84.5 -999.9  114   17.3 0 0 0
C1  0.8898  34.5400  102.1977     21.0   20.4   83.9 -999.9  113   17.9 0 0 0
C1  0.8908  34.5400  102.1959     20.8   20.9   84.1 -999.9  118   16.3 0 0 0
C1  0.8918  34.5400  102.1941     21.1   20.6   84.3 -999.9  113   14.6 0 0 0
C1  0.8928  34.5400  102.1923     21.2   21.0   84.4 -999.9  110   14.9 0 0 0
C1  0.9005  34.5399  102.1904     21.1   21.1   83.9 -999.9   99   16.5 0 0 0
C1  0.9015  34.5399  102.1886     21.0   20.9   83.7 -999.9  119   17.1 0 0 0
C1  0.9025  34.5399  102.1867     21.2   20.6   83.8 -999.9  111   15.3 0 0 0
C1  0.9035  34.5399  102.1848     21.0   20.8   84.0 -999.9  109   13.0 0 0 0
C1  0.9045  34.5399  102.1829     21.2   20.9   83.9 -999.9  103   13.0 0 0 0
C1  0.9055  34.5399  102.1809     21.0   20.7   83.5 -999.9  103   12.4 0 0 0
C1  0.9065  34.5398  102.1790     21.0   21.0   83.6 -999.9  117   10.7 0 0 0
C1  0.9075  34.5398  102.1771     21.0   21.1   83.7 -999.9  106   13.3 0 0 0
C1  0.9085  34.5398  102.1752     21.0   21.0   83.5 -999.9  105   16.6 0 0 0
C1  0.9095  34.5398  102.1735     21.0   21.0   83.4 -999.9  103   15.8 0 0 0
C1  0.9172  34.5398  102.1717     21.0   21.0   83.9 -999.9  108   13.0 0 0 0
C1  0.9182  34.5397  102.1700     20.9   20.7   83.6 -999.9  111   15.9 0 0 0
C1  0.9192  34.5397  102.1684     20.7   20.9   83.6 -999.9  106   14.9 0 0 0
C1  0.9202  34.5397  102.1672     20.7   21.2   83.6 -999.9  109   11.9 0 0 0
C1  0.9212  34.5397  102.1659     20.6   21.0   83.7 -999.9  115    8.9 0 0 0
C1  0.9222  34.5397  102.1645     20.7   20.8   83.4 -999.9  106    6.3 0 0 0
C1  0.9232  34.5396  102.1632     20.7   21.2   83.1 -999.9  107   15.7 0 0 0
C1  0.9242  34.5396  102.1621     20.7   21.1   83.0 -999.9  104   14.5 0 0 0
C1  0.9252  34.5396  102.1610     20.6   20.8   82.7 -999.9  106   16.5 0 0 0
C1  0.9262  34.5396  102.1604     20.7   21.2   82.8 -999.9  106   21.5 0 1 0
C1  0.9338  34.5396  102.1603     20.6   20.7   83.2 -999.9   95   18.3 0 1 0
C1  0.9350  34.5397  102.1603     20.6   21.2   83.2 -999.9   91   14.5 0 0 0
C1  0.9358  34.5397  102.1603     20.7   20.9   82.3 -999.9   94   16.4 0 0 0
C1  0.9368  34.5397  102.1602     20.7   20.8   82.3 -999.9  105   14.5 0 0 0
C1  0.9378  34.5397  102.1602     20.7   20.7   82.0 -999.9   95   16.4 0 0 0
C1  0.9388  34.5397  102.1602     20.7   20.7   82.1 -999.9  100   13.7 0 0 0
C1  0.9398  34.5396  102.1602     20.7   20.8   83.2 -999.9   92   11.4 0 0 0
C1  0.9408  34.5396  102.1602     20.6   21.1   83.1 -999.9   98   13.0 0 0 0
C1  0.9418  34.5396  102.1602     20.6   20.9   83.3 -999.9   94   10.6 0 0 0
C1  0.9428  34.5396  102.1602     20.6   21.3   83.5 -999.9   94   13.0 0 0 0
C1  0.9505  34.5396  102.1601     20.6   20.9   83.3 -999.9   89   13.8 0 0 0
C1  0.9515  34.5396  102.1601     20.6   20.6   82.4 -999.9   92   17.1 0 0 0
C1  0.9525  34.5397  102.1601     20.6   20.8   82.3 -999.9   93   15.3 0 0 0
C1  0.9535  34.5397  102.1601     20.7   20.9   82.4 -999.9   84   13.3 0 0 0
C1  0.9545  34.5397  102.1601     20.6   20.6   82.7 -999.9   91   13.5 0 0 0
C1  0.9555  34.5397  102.1601     20.7   20.9   82.9 -999.9   95   15.8 0 0 0
C1  0.9565  34.5397  102.1601     20.6   20.9   82.7 -999.9  100   14.0 0 0 0
C1  0.9575  34.5397  102.1601     20.6   20.1   82.3 -999.9  100   16.7 0 0 0
C1  0.9585  34.5397  102.1601     20.6   20.8   82.2 -999.9  102   16.5 0 0 0
C1  0.9595  34.5397  102.1601     20.6   21.0   82.4 -999.9   96   14.4 0 0 0
C1  0.9672  34.5397  102.1601     20.6   21.0   82.5 -999.9   95   14.3 0 0 0
C1  0.9682  34.5397  102.1601     20.6   21.0   83.3 -999.9   95   11.0 0 0 0
C1  0.9692  34.5397  102.1601     20.5   21.3   83.6 -999.9   96   12.2 0 0 0
C1  0.9702  34.5397  102.1601     20.4   21.1   83.3 -999.9   97   12.3 0 0 0
C1  0.9712  34.5397  102.1601     20.4   20.6   83.0 -999.9   98   12.7 0 0 0
C1  0.9722  34.5397  102.1601     20.4   20.6   83.2 -999.9  101   11.8 0 0 0
C1  0.9732  34.5397  102.1601     20.4   21.2   83.3 -999.9  105   12.3 0 0 0
C1  0.9742  34.5397  102.1601     20.4   20.9   83.1 -999.9   98   12.9 0 0 0
C1  0.9752  34.5397  102.1601     20.4   21.1   83.4 -999.9   84   10.1 0 0 0
C1  0.9762  34.5397  102.1601     20.4   20.9   83.9 -999.9   93   10.4 0 0 0
C1  0.9838  34.5397  102.1601     20.4   20.5   83.6 -999.9   86   11.6 0 0 0
C1  0.9848  34.5397  102.1602     20.4   20.9   83.7 -999.9   89   11.6 0 0 0
C1  0.9858  34.5397  102.1602     20.4   20.8   83.8 -999.9   89    9.2 0 0 0
C1  0.9868  34.5396  102.1602     20.4   20.6   84.3 -999.9   95    9.8 0 0 0
C1  0.9878  34.5396  102.1602     20.4   20.8   84.4 -999.9   94    8.9 0 0 0
C1  0.9890  34.5396  102.1602     20.4   20.5   84.1 -999.9   88   10.8 0 0 0
C1  0.9900  34.5396  102.1602     20.4   21.1   83.7 -999.9   89   12.0 0 0 0
C1  0.9910  34.5396  102.1602     20.4   20.9   83.9 -999.9   84   10.8 0 0 0
C1  0.9918  34.5396  102.1602     20.4   20.6   82.0 -999.9   10   12.4 0 0 0
C1  0.9930  34.5396  102.1602     20.4   20.7   79.6 -999.9  350    9.2 1 0 1
C1  1.0005  34.5395  102.1603     20.4   21.0   81.5 -999.9    4    8.8 1 0 1
C1  1.0015  34.5395  102.1603     20.4   20.9   84.1 -999.9   83    8.8 0 0 0
C1  1.0027  34.5395  102.1603     20.4   20.9   84.6 -999.9   80    9.5 0 0 0
C1  1.0037  34.5395  102.1603     20.4   20.8   84.0 -999.9   77   11.0 0 0 0
C1  1.0045  34.5395  102.1603     20.4   21.2   83.4 -999.9   87   13.1 0 0 0
C1  1.0055  34.5395  102.1603     20.4   21.1   83.6 -999.9   93   12.9 0 0 0
C1  1.0067  34.5395  102.1603     20.4   20.8   83.9 -999.9   78   10.3 0 0 0
C1  1.0075  34.5395  102.1603     20.4   20.9   84.1 -999.9   82   10.7 0 0 0
C1  1.0087  34.5395  102.1603     20.4   21.1   83.6 -999.9   71   10.8 0 0 0
C1  1.0095  34.5395  102.1603     20.4   20.6   83.3 -999.9   79   13.3 0 0 0
C1  1.0173  34.5396  102.1603     20.4   20.9   82.9 -999.9   87   14.7 0 0 0
C1  1.0182  34.5396  102.1603     20.6   20.6   82.5 -999.9   82   14.6 0 0 0
C1  1.0192  34.5396  102.1603     20.6   20.7   82.7 -999.9   74   12.2 0 0 0
C1  1.0203  34.5396  102.1603     20.4   20.7   83.2 -999.9   89   11.3 0 0 0
C1  1.0212  34.5396  102.1603     20.4   20.4   83.5 -999.9   82    9.7 0 0 0
C1  1.0223  34.5396  102.1603     20.4   20.4   83.7 -999.9   78   10.2 0 0 0
C1  1.0233  34.5397  102.1603     20.4   20.9   83.4 -999.9   81   10.0 0 0 0
C1  1.0243  34.5397  102.1603     20.4   20.8   83.4 -999.9   83   11.1 0 0 0
C1  1.0252  34.5397  102.1603     20.4   20.8   83.0 -999.9   86   12.0 0 0 0
C1  1.0262  34.5397  102.1603     20.4   20.4   83.2 -999.9   85   11.3 0 0 0
C1  1.0338  34.5397  102.1603     20.4   20.3   83.1 -999.9   83   13.4 0 0 0
C1  1.0348  34.5398  102.1603     20.4   20.6   82.9 -999.9   83   12.2 0 0 0
C1  1.0358  34.5398  102.1603     20.4   20.9   83.3 -999.9   77   10.0 0 0 0
C1  1.0368  34.5398  102.1603     20.4   21.1   83.7 -999.9   81    9.6 0 0 0
C1  1.0378  34.5398  102.1603     20.4   21.1   83.2 -999.9   74   13.0 0 0 0
C1  1.0388  34.5398  102.1603     20.4   20.4   82.9 -999.9   70   11.0 0 0 0
C1  1.0398  34.5399  102.1603     20.4   20.5   82.7 -999.9   74   12.9 0 0 0
C1  1.0408  34.5399  102.1603     20.4   20.8   82.7 -999.9   83   13.2 0 0 0
C1  1.0418  34.5399  102.1603     20.4   21.0   82.6 -999.9   82   13.3 0 0 0
C1  1.0428  34.5399  102.1603     20.4   20.6   82.3 -999.9   75   12.3 0 0 0
C1  1.0505  34.5399  102.1603     20.4   20.6   82.9 -999.9   81   10.0 0 0 0
C1  1.0515  34.5399  102.1603     20.4   20.7   82.7 -999.9   84   11.0 0 0 0
C1  1.0525  34.5399  102.1603     20.4   20.9   82.9 -999.9   79   11.6 0 0 0
C1  1.0535  34.5399  102.1603     20.4   20.9   83.2 -999.9   79    9.5 0 0 0
C1  1.0545  34.5399  102.1603     20.4   20.8   83.3 -999.9   76    9.1 0 0 0
C1  1.0555  34.5399  102.1603     20.4   20.5   83.3 -999.9   82    7.6 0 0 0
C1  1.0565  34.5399  102.1603     20.2   20.6   83.4 -999.9   84    7.9 0 0 0
C1  1.0575  34.5399  102.1603     20.2   20.7   83.5 -999.9   86    8.2 0 0 0
C1  1.0585  34.5399  102.1603     20.2   20.7   83.7 -999.9   84    8.0 0 0 0
C1  1.0595  34.5399  102.1603     20.3   20.5   83.5 -999.9   98   10.3 0 0 0
C1  1.0672  34.5399  102.1603     20.2   20.8   83.2 -999.9   87   11.1 0 0 0
C1  1.0682  34.5399  102.1603     20.2   20.5   83.4 -999.9   86   10.2 0 0 0
C1  1.0693  34.5399  102.1603     20.2   20.8   83.9 -999.9   90    8.6 0 0 0
C1  1.0702  34.5399  102.1602     20.2   20.8   83.4 -999.9   83   10.9 0 0 0
C1  1.0712  34.5398  102.1602     20.3   20.8   82.6 -999.9   83   13.1 0 0 0
C1  1.0722  34.5398  102.1602     20.4   20.5   82.5 -999.9   81   14.5 0 0 0
C1  1.0733  34.5399  102.1602     20.4   21.0   82.5 -999.9   70   13.6 0 0 0
C1  1.0743  34.5399  102.1602     20.4   20.3   82.3 -999.9   83   14.3 0 0 0
C1  1.0752  34.5399  102.1602     20.4   20.4   82.3 -999.9   79   11.4 0 0 0
C1  1.0762  34.5399  102.1602     20.4   20.7   82.6 -999.9   77   11.8 0 0 0
C1  1.0838  34.5399  102.1602     20.4   20.7   82.6 -999.9   80   11.6 0 0 0
C1  1.0848  34.5399  102.1601     20.3   20.8   83.0 -999.9   83    9.1 0 0 0
C1  1.0860  34.5399  102.1601     20.4   20.3   82.8 -999.9   87   12.9 0 0 0
C1  1.0868  34.5399  102.1601     20.4   20.2   82.8 -999.9   77   11.7 0 0 0
C1  1.0878  34.5399  102.1601     20.3   20.6   82.8 -999.9   76   12.7 0 0 0
C1  1.0888  34.5399  102.1601     20.3   20.9   82.8 -999.9   81   11.7 0 0 0
C1  1.0898  34.5399  102.1601     20.3   20.5   83.1 -999.9   80   10.2 0 0 0
C1  1.0908  34.5399  102.1601     20.2   20.4   83.1 -999.9   71    9.3 0 0 0
C1  1.0918  34.5399  102.1601     20.2   20.7   83.2 -999.9   74    9.0 0 0 0
C1  1.0928  34.5399  102.1601     20.2   20.6   83.3 -999.9   72    9.8 0 0 0
C1  1.1005  34.5399  102.1601     20.2   20.8   83.2 -999.9   78   12.6 0 0 0
C1  1.1015  34.5399  102.1601     20.2   20.8   83.1 -999.9   70   12.2 0 0 0
C1  1.1025  34.5399  102.1601     20.2   20.8   83.1 -999.9   71   13.1 0 0 0
C1  1.1035  34.5399  102.1601     20.2   20.6   83.0 -999.9   67   13.7 0 0 0
C1  1.1045  34.5399  102.1601     20.2   20.3   83.0 -999.9   75   17.1 0 0 0
C1  1.1055  34.5399  102.1602     20.2   20.6   83.0 -999.9   85   13.7 0 0 0
C1  1.1065  34.5400  102.1602     20.3   20.1   82.8 -999.9   77   14.8 0 0 0
C1  1.1075  34.5399  102.1602     20.2   20.5   82.7 -999.9   75   15.2 0 0 0
C1  1.1085  34.5400  102.1602     20.3   20.6   82.9 -999.9   79   14.6 0 0 0
C1  1.1095  34.5400  102.1602     20.3   20.8   83.2 -999.9   79   12.5 0 0 0
C1  1.1172  34.5400  102.1602     20.2   20.6   83.5 -999.9   81   11.4 0 0 0
C1  1.1182  34.5400  102.1602     20.2   20.7   83.8 -999.9   71   11.3 0 0 0
C1  1.1192  34.5400  102.1602     20.2   20.7   83.6 -999.9   75   13.1 0 0 0
C1  1.1202  34.5400  102.1602     20.2   20.6   83.6 -999.9   76   13.6 0 0 0
C1  1.1212  34.5400  102.1603     20.2   20.3   83.5 -999.9   77   12.4 0 0 0
C1  1.1222  34.5400  102.1603     20.2   20.6   83.7 -999.9   79   12.4 0 0 0
C1  1.1232  34.5401  102.1603     20.1   20.8   83.5 -999.9   78   12.9 0 0 0
C1  1.1242  34.5401  102.1603     20.2   20.4   83.5 -999.9   77   11.1 0 0 0
C1  1.1252  34.5401  102.1603     20.2   20.4   83.7 -999.9   77   11.8 0 0 0
C1  1.1262  34.5401  102.1603     20.2   20.4   83.8 -999.9   74   11.8 0 0 0
C1  1.1338  34.5401  102.1603     20.2   20.8   83.8 -999.9   81   10.2 0 0 0
C1  1.1348  34.5400  102.1604     20.2   20.4   84.0 -999.9   84   10.1 0 0 0
C1  1.1358  34.5400  102.1604     20.2   20.6   84.0 -999.9   75   11.2 0 0 0
C1  1.1368  34.5400  102.1604     20.2   20.8   84.1 -999.9   80   12.5 0 0 0
C1  1.1378  34.5400  102.1604     20.2   20.8   84.3 -999.9   78   10.7 0 0 0
C1  1.1388  34.5400  102.1604     20.1   20.7   84.4 -999.9   80   11.1 0 0 0
C1  1.1398  34.5400  102.1605     20.2   20.1   84.3 -999.9   80   13.4 0 0 0
C1  1.1408  34.5400  102.1605     20.2   20.3   84.2 -999.9   88   12.9 0 0 0
C1  1.1418  34.5400  102.1605     20.2   20.2   84.1 -999.9   84   13.1 0 0 0
C1  1.1428  34.5399  102.1605     20.2   20.4   84.2 -999.9   78   11.6 0 0 0
C1  1.1508  34.5399  102.1606     20.2   20.2   84.3 -999.9   89   11.1 0 0 0
C1  1.1515  34.5399  102.1606     20.2   20.3   84.7 -999.9   81    9.5 0 0 0
C1  1.1525  34.5399  102.1606     20.2   20.8   84.7 -999.9   84   11.6 0 0 0
C1  1.1535  34.5398  102.1606     20.2   20.7   84.8 -999.9   84   10.3 0 0 0
C1  1.1545  34.5398  102.1606     20.2   20.7   84.9 -999.9   77    9.1 0 0 0
C1  1.1555  34.5398  102.1607     20.2   20.3   84.8 -999.9   82   10.1 0 0 0
C1  1.1565  34.5398  102.1607     20.2   20.7   85.1 -999.9   73    8.6 0 0 0
C1  1.1575  34.5398  102.1607     20.2   20.4   85.2 -999.9   82    8.4 0 0 0
C1  1.1585  34.5398  102.1607     20.2   20.6   85.4 -999.9   73    8.5 0 0 0
C1  1.1595  34.5398  102.1607     20.2   20.8   85.3 -999.9   82   10.3 0 0 0
C1  1.1672  34.5397  102.1608     20.2   20.2   85.0 -999.9   66    9.1 0 0 0
C1  1.1685  34.5397  102.1608     20.2   20.3   84.9 -999.9   78   11.3 0 0 0
C1  1.1692  34.5397  102.1608     20.2   20.8   84.7 -999.9   72   12.0 0 0 0
C1  1.1702  34.5396  102.1611     20.2   20.6   84.9 -999.9  128   16.3 0 1 0
C1  1.1712  34.5396  102.1622     20.2   20.4   85.8 -999.9  101   17.8 0 1 0
C1  1.1722  34.5396  102.1637     20.2   20.2   86.1 -999.9   88   14.5 0 1 0
C1  1.1732  34.5397  102.1652     20.2   20.3   86.3 -999.9   82    9.9 0 0 0
C1  1.1742  34.5397  102.1667     20.2   20.3   85.9 -999.9   85   10.5 0 0 0
C1  1.1752  34.5397  102.1681     20.2   20.8   86.0 -999.9   77    9.1 0 0 0
C1  1.1762  34.5397  102.1696     20.2   20.1   86.1 -999.9   84    8.1 0 0 0
C1  1.1838  34.5397  102.1710     20.2   20.5   86.0 -999.9   75    9.4 0 0 0
C1  1.1848  34.5397  102.1724     20.3   20.9   85.9 -999.9   69   13.6 0 0 0
C1  1.1858  34.5397  102.1738     20.4   20.0   85.2 -999.9   82   11.5 0 0 0
C1  1.1868  34.5397  102.1751     20.4   20.2   84.2 -999.9   71    8.7 0 0 0
C1  1.1878  34.5398  102.1765     20.4   20.4   85.1 -999.9   77   10.1 0 0 0
C1  1.1888  34.5398  102.1779     20.4   20.7   85.1 -999.9   69    8.2 0 0 0
C1  1.1898  34.5398  102.1792     20.4   20.6   85.1 -999.9   63    8.6 0 0 0
C1  1.1908  34.5398  102.1806     20.4   20.5   85.1 -999.9   55    9.4 0 0 0
C1  1.1918  34.5399  102.1821     20.4   20.7   85.1 -999.9   48    7.3 0 0 0
C1  1.1928  34.5399  102.1836     20.4   20.2   85.1 -999.9   40    7.6 0 0 0
C1  1.2005  34.5399  102.1851     20.3   20.5   85.2 -999.9    5    7.3 0 0 0
C1  1.2015  34.5399  102.1867     20.3   20.3   85.2 -999.9  353    7.4 0 0 0
C1  1.2025  34.5399  102.1881     20.1   20.3   85.3 -999.9  359    7.9 0 0 0
C1  1.2035  34.5400  102.1895     20.1   20.6   85.4 -999.9    2   10.2 0 0 0
C1  1.2045  34.5400  102.1910     20.2   20.5   85.6 -999.9    3    9.9 0 0 0
C1  1.2055  34.5400  102.1925     20.0   20.1   85.6 -999.9   13    9.5 0 0 0
C1  1.2065  34.5400  102.1941     19.9   20.6   86.1 -999.9   11    7.1 0 0 0
C1  1.2075  34.5400  102.1956     19.8   20.5   86.6 -999.9  341    4.3 0 0 0
C1  1.2085  34.5401  102.1970     19.8   20.6   86.3 -999.9  341    5.2 0 0 0
C1  1.2095  34.5401  102.1984     19.9   20.3   86.2 -999.9  330    3.9 0 0 0
C1  1.2172  34.5401  102.1998     19.9   20.6   86.5 -999.9  296    5.8 0 0 0
C1  1.2182  34.5401  102.2011     19.9   20.2   86.8 -999.9  308    4.0 0 0 0
C1  1.2192  34.5401  102.2024     19.8   20.3   86.9 -999.9  321    8.1 0 0 0
C1  1.2202  34.5401  102.2036     19.8   20.2   85.6 -999.9  307    4.3 0 0 0
C1  1.2212  34.5401  102.2048     19.8   19.8   85.7 -999.9  320    4.2 0 0 0
C1  1.2222  34.5401  102.2058     19.8   20.6   87.0 -999.9  300    6.0 0 0 0
C1  1.2232  34.5401  102.2067     19.8   20.0   86.9 -999.9  321    5.0 0 0 0
C1  1.2242  34.5402  102.2077     19.7   20.4   87.2 -999.9  336    3.4 0 0 0
C1  1.2252  34.5402  102.2087     19.8   20.3   87.1 -999.9  316    5.3 0 0 0
C1  1.2262  34.5402  102.2096     19.7   20.4   87.3 -999.9  289    9.9 0 0 0
C1  1.2338  34.5402  102.2101     19.7   20.4   87.6 -999.9  288    9.6 0 0 0
C1  1.2348  34.5402  102.2107     19.7   19.9   87.6 -999.9  306    7.7 0 0 0
C1  1.2358  34.5402  102.2114     19.4   20.1   87.8 -999.9  294    8.5 0 0 0
C1  1.2368  34.5402  102.2120     19.4   20.4   88.0 -999.9  299   10.9 0 0 0
C1  1.2378  34.5402  102.2126     19.4   20.1   87.9 -999.9  302    9.2 0 0 0
C1  1.2388  34.5402  102.2130     19.4   20.2   88.0 -999.9  269   15.6 0 1 0
C1  1.2398  34.5402  102.2130     19.4   20.0   88.2 -999.9  276   10.8 0 0 0
C1  1.2408  34.5403  102.2131     19.4   20.1   88.3 -999.9  320    5.3 0 1 0
C1  1.2418  34.5403  102.2139     19.3   20.3   88.3 -999.9  325    3.6 0 1 0
C1  1.2428  34.5403  102.2148     19.3   20.2   88.6 -999.9  304    5.3 0 0 0
C1  1.2505  34.5403  102.2156     19.3   19.6   88.3 -999.9  294   11.3 0 0 0
C1  1.2515  34.5403  102.2163     19.4   19.7   88.4 -999.9  297   12.4 0 0 0
C1  1.2525  34.5403  102.2165     19.4   19.5   88.5 -999.9  288   14.0 0 1 0
C1  1.2535  34.5403  102.2165     19.4   20.3   88.8 -999.9  278   10.8 0 0 0
C1  1.2545  34.5404  102.2165     19.4   19.7   88.7 -999.9  282    8.0 0 0 0
C1  1.2555  34.5404  102.2166     19.4   20.1   88.9 -999.9  284    9.3 0 0 0
C1  1.2565  34.5404  102.2166     19.3   19.5   88.9 -999.9  282    9.3 0 0 0
C1  1.2577  34.5404  102.2166     19.2   20.1   87.9 -999.9  104    7.8 0 0 0
C1  1.2587  34.5404  102.2166     19.2   20.2   89.2 -999.9  276    9.7 0 0 0
C1  1.2595  34.5404  102.2166     19.3   20.1   89.0 -999.9  275    8.3 0 0 0
C1  1.2673  34.5404  102.2166     19.3   20.1   89.0 -999.9  288    8.7 0 0 0
C1  1.2683  34.5404  102.2166     19.3   19.8   88.9 -999.9  280    8.8 0 0 0
C1  1.2693  34.5404  102.2167     19.3   19.9   88.9 -999.9  276    9.5 0 0 0
C1  1.2703  34.5404  102.2167     19.4   20.1   88.8 -999.9  274   10.1 0 0 0
C1  1.2713  34.5404  102.2167     19.3   19.5   88.5 -999.9  269   11.2 0 0 0
C1  1.2723  34.5404  102.2167     19.3   20.2   88.8 -999.9  279   10.2 0 0 0
C1  1.2732  34.5403  102.2167     19.2   19.7   88.9 -999.9  220    8.9 0 0 0
C1  1.2742  34.5403  102.2160     19.2   19.7   89.0 -999.9  289   15.9 0 1 0
C1  1.2752  34.5403  102.2150     19.2   20.0   89.2 -999.9  284   10.9 0 0 0
C1  1.2762  34.5403  102.2140     19.2   19.8   89.4 -999.9  288    7.5 0 0 0
C1  1.2838  34.5403  102.2135     19.2   19.8   89.7 -999.9  335    6.2 0 1 0
C1  1.2848  34.5403  102.2135     19.2   19.8   89.7 -999.9  297    5.7 0 1 0
C1  1.2858  34.5403  102.2132     19.2   20.0   89.9 -999.9  291   15.4 0 1 0
C1  1.2868  34.5403  102.2123     19.2   20.4   90.0 -999.9  283   12.3 0 1 0
C1  1.2878  34.5403  102.2110     19.2   20.0   90.0 -999.9  289   11.1 0 1 0
C1  1.2888  34.5403  102.2094     19.2   20.0   90.1 -999.9  303    9.9 0 0 0
C1  1.2898  34.5403  102.2077     19.2   19.6   89.9 -999.9  297    9.9 0 0 0
C1  1.2908  34.5403  102.2060     19.3   20.0   89.5 -999.9  299    9.9 0 0 0
C1  1.2918  34.5403  102.2041     19.4   19.6   89.2 -999.9  298    9.5 0 0 0
C1  1.2928  34.5403  102.2022     19.4   19.6   89.1 -999.9  304    9.9 0 0 0
C1  1.3005  34.5403  102.2002     19.4   19.8   89.4 -999.9  296    7.4 0 0 0
C1  1.3015  34.5402  102.1981     19.4   19.5   89.3 -999.9  286    8.0 0 0 0
C1  1.3025  34.5402  102.1960     19.4   20.3   89.7 -999.9  285    7.7 0 0 0
C1  1.3035  34.5402  102.1939     19.6   19.5   90.1 -999.9  291    4.6 0 0 0
C1  1.3045  34.5402  102.1919     19.5   19.5   90.4 -999.9  272    3.1 0 0 0
C1  1.3055  34.5402  102.1900     19.5   20.1   90.5 -999.9  287    4.4 0 0 0
C1  1.3065  34.5402  102.1882     19.4   19.5   90.6 -999.9  289    6.3 0 0 0
C1  1.3075  34.5401  102.1863     19.5   19.7   90.7 -999.9  273    5.3 0 0 0
C1  1.3085  34.5401  102.1845     19.7   19.9   90.8 -999.9  287    4.9 0 0 0
C1  1.3095  34.5401  102.1827     19.6   19.7   90.8 -999.9  311    6.3 0 0 0
C1  1.3172  34.5401  102.1810     19.8   20.1   90.6 -999.9  320    6.5 0 0 0
C1  1.3182  34.5401  102.1792     19.6   19.6   90.3 -999.9  326    5.7 0 0 0
C1  1.3192  34.5401  102.1775     19.7   19.9   90.1 -999.9  330    8.4 0 0 0
C1  1.3202  34.5401  102.1757     19.6   19.8   90.0 -999.9  326    7.0 0 0 0
C1  1.3212  34.5401  102.1737     19.6   20.2   90.4 -999.9  346    6.4 0 0 0
C1  1.3222  34.5400  102.1717     19.5   19.9   90.5 -999.9    1    6.2 0 0 0
C1  1.3232  34.5400  102.1698     19.4   19.6   90.5 -999.9    9    6.1 0 0 0
C1  1.3242  34.5400  102.1679     19.6   20.3   90.7 -999.9    7    9.1 0 0 0
C1  1.3252  34.5400  102.1660     19.5   18.9   90.8 -999.9   15    5.7 0 0 0
C1  1.3262  34.5399  102.1642     19.6   19.4   90.8 -999.9   17    7.4 0 0 0
C1  1.3338  34.5399  102.1624     19.5   19.6   90.7 -999.9   12    8.3 0 0 0
C1  1.3348  34.5399  102.1605     19.7   19.6   90.6 -999.9   20    8.4 0 0 0
C1  1.3358  34.5399  102.1587     19.8   19.6   90.1 -999.9   20    8.7 0 0 0
C1  1.3368  34.5398  102.1569     19.8   20.1   90.1 -999.9   46    9.5 0 0 0
C1  1.3378  34.5398  102.1553     19.9   19.8   90.2 -999.9   48    9.6 0 0 0
C1  1.3388  34.5398  102.1536     19.8   19.8   90.0 -999.9   30    8.6 0 0 0
C1  1.3398  34.5397  102.1519     19.9   19.9   89.7 -999.9   46    6.9 0 0 0
C1  1.3408  34.5397  102.1502     20.1   19.7   89.6 -999.9   43    7.8 0 0 0
C1  1.3418  34.5397  102.1484     20.2   20.0   89.5 -999.9   53    7.4 0 0 0
C1  1.3428  34.5396  102.1466     20.1   20.1   89.2 -999.9   61    8.2 0 0 0
C1  1.3505  34.5396  102.1448     20.3   19.7   89.2 -999.9   59    7.6 0 0 0
C1  1.3515  34.5395  102.1431     20.2   20.2   89.3 -999.9   60    8.8 0 0 0
C1  1.3525  34.5395  102.1413     20.1   20.1   89.0 -999.9   63   10.9 0 0 0
C1  1.3535  34.5395  102.1395     20.2   19.8   88.7 -999.9   50   10.9 0 0 0
C1  1.3545  34.5394  102.1378     20.2   20.0   88.5 -999.9   55   11.1 0 0 0
C1  1.3555  34.5394  102.1360     20.4   20.0   88.1 -999.9   54   12.3 0 0 0
C1  1.3565  34.5393  102.1344     20.2   19.7   88.1 -999.9   53   11.8 0 0 0
C1  1.3575  34.5393  102.1327     20.2   19.9   87.7 -999.9   61   11.6 0 0 0
C1  1.3585  34.5393  102.1309     20.4   20.2   87.8 -999.9   65    9.6 0 0 0
C1  1.3595  34.5393  102.1293     20.2   19.7   87.7 -999.9   76   14.2 0 0 0
C1  1.3672  34.5392  102.1277     20.6   20.0   87.5 -999.9   57   12.5 0 0 0
C1  1.3682  34.5392  102.1262     20.4   20.2   87.5 -999.9   65   11.3 0 0 0
C1  1.3692  34.5392  102.1247     20.4   19.7   87.4 -999.9   76   12.5 0 0 0
C1  1.3702  34.5391  102.1233     20.6   20.1   87.2 -999.9   73   15.1 0 0 0
C1  1.3712  34.5391  102.1218     20.5   20.5   87.1 -999.9   61   12.7 0 0 0
C1  1.3722  34.5391  102.1204     20.3   19.8   87.1 -999.9   66   12.3 0 0 0
C1  1.3732  34.5391  102.1190     20.4   20.0   87.1 -999.9   58   12.1 0 0 0
C1  1.3742  34.5391  102.1176     20.4   20.0   87.1 -999.9   50   11.5 0 0 0
C1  1.3752  34.5390  102.1160     20.4   20.4   87.0 -999.9   60   10.1 0 0 0
C1  1.3762  34.5390  102.1143     20.4   20.4   87.1 -999.9   57    7.8 0 0 0
C1  1.3838  34.5390  102.1126     20.3   20.2   86.8 -999.9   61    8.1 0 0 0
C1  1.3848  34.5389  102.1109     20.3   20.6   86.7 -999.9   60   10.9 0 0 0
C1  1.3858  34.5389  102.1093     20.3   20.5   86.3 -999.9   65   11.2 0 0 0
C1  1.3868  34.5389  102.1078     20.3   20.1   86.3 -999.9   67   14.9 0 1 0
C1  1.3878  34.5389  102.1067     20.4   20.1   86.4 -999.9   71   13.1 0 1 0
C1  1.3888  34.5388  102.1061     20.3   20.2   86.8 -999.9   90   13.7 0 1 0
C1  1.3898  34.5381  102.1060     20.3   20.6   86.5 -999.9   60   12.8 0 1 0
C1  1.3908  34.5370  102.1060     20.3   20.4   86.2 -999.9   33   11.2 0 1 0
C1  1.3918  34.5357  102.1060     20.2   20.6   86.3 -999.9   50   12.2 0 0 0
C1  1.3928  34.5343  102.1061     20.2   21.0   86.5 -999.9   48   11.3 0 0 0
C1  1.4005  34.5328  102.1061     20.1   20.1   86.3 -999.9   48    9.5 0 0 0
C1  1.4015  34.5312  102.1061     20.1   20.3   86.3 -999.9   47   13.5 0 0 0
C1  1.4025  34.5297  102.1062     20.1   20.2   85.8 -999.9   43   13.9 0 0 0
C1  1.4035  34.5281  102.1062     20.3   20.4   85.8 -999.9   42   13.0 0 0 0
C1  1.4045  34.5265  102.1062     20.2   20.3   85.7 -999.9   46   13.0 0 0 0
C1  1.4055  34.5250  102.1063     20.2   20.5   85.7 -999.9   37   14.9 0 0 0
C1  1.4065  34.5234  102.1063     20.3   20.6   85.9 -999.9   41   15.1 0 0 0
C1  1.4075  34.5218  102.1063     20.2   20.5   85.9 -999.9   33   14.0 0 0 0
C1  1.4085  34.5202  102.1064     20.2   20.1   85.8 -999.9   44   12.0 0 0 0
C1  1.4095  34.5186  102.1064     20.3   20.2   86.0 -999.9   41   10.6 0 0 0
C1  1.4172  34.5170  102.1064     20.3   20.2   85.9 -999.9   56    9.3 0 0 0
C1  1.4182  34.5154  102.1064     20.3   20.6   85.8 -999.9   53    6.0 0 0 0
C1  1.4192  34.5137  102.1064     20.3   20.4   85.7 -999.9   56    5.7 0 0 0
C1  1.4202  34.5121  102.1065     20.3   20.0   85.9 -999.9   63    4.5 0 0 0
C1  1.4212  34.5106  102.1065     20.2   20.1   86.0 -999.9  124    3.0 0 0 0
C1  1.4222  34.5091  102.1065     20.4   19.8   86.1 -999.9  111    3.2 0 0 0
C1  1.4232  34.5076  102.1065     20.3   20.3   86.0 -999.9  143    4.1 0 0 0
C1  1.4242  34.5062  102.1066     20.3   20.8   86.0 -999.9  138    4.0 0 0 0
C1  1.4252  34.5048  102.1066     20.4   20.4   85.9 -999.9  139    3.2 0 0 0
C1  1.4262  34.5035  102.1066     20.3   20.3   86.0 -999.9  164    4.4 0 0 0
C1  1.4338  34.5023  102.1066     20.4   20.5   85.9 -999.9  155    3.1 0 0 0
C1  1.4348  34.5012  102.1066     20.3   20.1   85.8 -999.9  160    5.4 0 0 0
C1  1.4358  34.5003  102.1066     20.4   20.6   85.9 -999.9  181    5.9 0 0 0
C1  1.4368  34.4995  102.1066     20.3   20.2   86.4 -999.9  197    3.4 0 0 0
C1  1.4378  34.4986  102.1066     20.3   21.0   85.9 -999.9  251    1.2 0 0 0
C1  1.4388  34.4977  102.1067     20.3   20.5   86.0 -999.9  214    3.1 0 0 0
C1  1.4398  34.4967  102.1066     20.3   20.2   85.5 -999.9  307    0.9 0 0 0
C1  1.4408  34.4957  102.1067     20.3   20.4   85.6 -999.9  305    3.7 0 0 0
C1  1.4418  34.4946  102.1067     20.2   20.6   86.0 -999.9  276    3.6 0 0 0
C1  1.4428  34.4935  102.1067     20.3   20.8   86.1 -999.9  273    4.3 0 0 0
C1  1.4505  34.4924  102.1067     20.2   20.7   86.0 -999.9  262    4.2 0 0 0
C1  1.4515  34.4913  102.1067     20.3   20.6   85.7 -999.9  266    4.3 0 0 0
C1  1.4525  34.4902  102.1067     20.3   21.1   85.6 -999.9  265    3.9 0 0 0
C1  1.4535  34.4891  102.1067     20.4   20.4   85.3 -999.9  332    2.5 0 0 0
C1  1.4545  34.4879  102.1067     20.2   20.2   86.1 -999.9  292    2.9 0 0 0
C1  1.4555  34.4867  102.1067     20.4   20.6   85.7 -999.9  285    3.0 0 0 0
C1  1.4565  34.4855  102.1067     20.3   20.7   85.6 -999.9  289    3.5 0 0 0
C1  1.4575  34.4843  102.1067     20.4   20.1   85.6 -999.9  307    4.9 0 0 0
C1  1.4585  34.4830  102.1067     20.4   20.2   85.7 -999.9  327    4.9 0 0 0
C1  1.4595  34.4817  102.1067     20.4   20.9   86.0 -999.9  333    3.4 0 0 0
C1  1.4672  34.4803  102.1068     20.4   20.6   85.7 -999.9  312    2.6 0 0 0
C1  1.4682  34.4789  102.1068     20.4   20.5   85.8 -999.9  295    3.1 0 0 0
C1  1.4692  34.4776  102.1068     20.4   20.5   85.7 -999.9  276    4.5 0 0 0
C1  1.4702  34.4762  102.1068     20.4   20.5   85.7 -999.9  290    6.6 0 0 0
C1  1.4712  34.4749  102.1068     20.6   20.6   85.7 -999.9  250    6.7 0 0 0
C1  1.4722  34.4739  102.1068     20.6   20.0   85.8 -999.9  257    5.2 0 0 0
C1  1.4732  34.4731  102.1068     20.5   20.4   85.5 -999.9  257    5.1 0 1 0
C1  1.4742  34.4723  102.1068     20.6   20.1   84.8 -999.9  302    3.0 0 0 0
C1  1.4752  34.4716  102.1068     20.6   20.5   85.4 -999.9  330    5.7 0 0 0
C1  1.4762  34.4707  102.1068     20.5   20.6   85.5 -999.9  307    4.5 0 0 0
C1  1.4838  34.4700  102.1068     20.6   20.5   85.1 -999.9  284    4.6 0 0 0
C1  1.4848  34.4697  102.1069     20.6   20.4   85.1 -999.9  255    6.4 0 1 0
C1  1.4858  34.4697  102.1069     20.6   20.5   85.2 -999.9  278    3.5 0 0 0
C1  1.4868  34.4697  102.1068     20.6   20.5   85.4 -999.9  245    6.4 0 0 0
C1  1.4880  34.4699  102.1068     20.6   20.4   84.7 -999.9  340    6.5 0 0 0
C1  1.4888  34.4699  102.1068     20.6   20.9   83.9 -999.9  292    5.9 0 0 0
C1  1.4900  34.4699  102.1068     20.7   19.9   83.7 -999.9  288    5.1 0 0 0
C1  1.4908  34.4699  102.1068     20.7   20.3   83.2 -999.9  291    4.7 0 0 0
C1  1.4918  34.4699  102.1068     20.7   20.6   83.1 -999.9  299    4.2 0 0 0
C1  1.4930  34.4699  102.1068     20.7   20.6   83.1 -999.9  297    5.6 0 0 0
C1  1.5007  34.4699  102.1068     20.9   20.8   82.5 -999.9  313    4.8 0 0 0
C1  1.5015  34.4699  102.1068     20.9   20.5   81.9 -999.9  311    4.0 0 0 0
C1  1.5027  34.4699  102.1068     21.1   21.0   82.0 -999.9  310    4.3 0 0 0
C1  1.5035  34.4699  102.1069     21.1   20.7   82.2 -999.9  303    3.3 0 0 0
C1  1.5047  34.4699  102.1069     21.1   20.7   82.0 -999.9  296    4.5 0 0 0
C1  1.5055  34.4699  102.1069     21.1   20.4   81.7 -999.9  292    4.9 0 0 0
C1  1.5065  34.4699  102.1069     21.1   20.6   81.6 -999.9  285    4.8 0 0 0
C1  1.5075  34.4699  102.1069     21.1   20.8   82.1 -999.9  271    3.7 0 0 0
C1  1.5085  34.4699  102.1069     21.1   21.0   81.7 -999.9  286    2.7 0 0 0
C1  1.5095  34.4699  102.1069     21.1   20.9   81.8 -999.9  296    1.7 0 0 0
C1  1.5172  34.4699  102.1068     21.1   20.7   82.2 -999.9  296    3.2 0 0 0
C1  1.5182  34.4699  102.1068     21.1   20.4   82.5 -999.9  296    4.0 0 0 0
C1  1.5192  34.4699  102.1068     21.1   20.6   82.5 -999.9  294    5.1 0 0 0
C1  1.5202  34.4698  102.1068     20.9   20.7   82.5 -999.9  303    4.3 0 0 0
C1  1.5212  34.4698  102.1068     21.0   20.7   82.2 -999.9  306    4.0 0 0 0
C1  1.5222  34.4698  102.1068     20.9   21.1   82.1 -999.9  304    3.8 0 0 0
C1  1.5232  34.4698  102.1068     21.0   21.0   80.1 -999.9   18    3.2 0 0 0
C1  1.5242  34.4697  102.1068     21.0   20.8   76.6 -999.9   31    3.0 1 0 1
C1  1.5252  34.4697  102.1067     21.0   21.2   82.5 -999.9  324    2.2 0 0 0
C1  1.5262  34.4697  102.1067     20.9   20.1   82.5 -999.9  303    2.0 0 0 0
C1  1.5338  34.4697  102.1068     20.9   21.5   82.5 -999.9  323    2.6 0 0 0
C1  1.5348  34.4696  102.1068     20.9   21.1   82.1 -999.9  274    2.5 0 1 0
C1  1.5358  34.4691  102.1067     20.9   20.6   82.3 -999.9  350    8.1 0 1 0
C1  1.5368  34.4683  102.1067     20.9   21.3   82.3 -999.9  349    7.8 0 1 0
C1  1.5378  34.4674  102.1067     20.9   21.3   82.3 -999.9  315    4.0 0 0 0
C1  1.5388  34.4664  102.1067     20.9   20.7   81.8 -999.9  296    3.0 0 0 0
C1  1.5398  34.4656  102.1067     21.1   21.1   81.7 -999.9  239    4.0 0 0 0
C1  1.5408  34.4647  102.1067     21.1   21.5   81.5 -999.9  286    3.1 0 0 0
C1  1.5418  34.4637  102.1067     21.1   21.1   81.3 -999.9  298    3.2 0 0 0
C1  1.5428  34.4627  102.1067     21.1   21.0   81.3 -999.9  277    1.2 0 0 0
C1  1.5505  34.4618  102.1067     21.1   20.9   80.9 -999.9  185    3.0 0 0 0
C1  1.5515  34.4613  102.1067     21.1   20.9   81.7 -999.9  182    9.5 0 1 0
C1  1.5525  34.4612  102.1067     21.2   20.8   81.3 -999.9  161    8.6 0 1 0
C1  1.5535  34.4612  102.1067     21.2   21.3   82.0 -999.9  149    4.9 0 0 0
C1  1.5545  34.4612  102.1067     21.2   20.6   79.6 -999.9   70    3.7 0 0 0
C1  1.5555  34.4611  102.1067     21.2   21.2   81.5 -999.9  136    3.8 0 0 0
C1  1.5565  34.4611  102.1067     21.2   21.0   81.5 -999.9  154    5.1 0 0 0
C1  1.5575  34.4611  102.1067     21.2   20.7   81.0 -999.9  162    5.4 0 0 0
C1  1.5585  34.4611  102.1067     21.2   21.1   80.4 -999.9  157    5.2 0 0 0
C1  1.5595  34.4611  102.1067     21.2   21.5   80.1 -999.9  148    5.5 0 0 0
C1  1.5672  34.4611  102.1067     21.3   20.7   79.7 -999.9  124    4.6 0 0 0
C1  1.5682  34.4611  102.1068     21.4   21.1   79.6 -999.9  114    4.2 0 0 0
C1  1.5692  34.4611  102.1068     21.4   21.1   79.3 -999.9  110    3.4 0 0 0
C1  1.5702  34.4611  102.1068     21.4   21.6   79.2 -999.9  113    3.2 0 0 0
C1  1.5712  34.4611  102.1068     21.4   21.1   79.3 -999.9  122    2.8 0 0 0
C1  1.5722  34.4612  102.1068     21.4   21.3   79.2 -999.9  138    1.8 0 0 0
C1  1.5732  34.4612  102.1069     21.4   20.6   78.9 -999.9  158    0.9 0 0 0
C1  1.5742  34.4612  102.1069     21.6   21.1   79.2 -999.9  147    1.0 0 0 0
C1  1.5753  34.4612  102.1069     21.6   21.0   78.8 -999.9  147    0.9 0 0 0
C1  1.5762  34.4612  102.1069     21.6   21.3   79.2 -999.9  135    0.6 0 0 0
C1  1.5838  34.4612  102.1070     21.7   21.3   79.3 -999.9  133    0.4 0 0 0
C1  1.5848  34.4612  102.1070     21.8   21.7   79.7 -999.9  131    0.1 0 0 0
C1  1.5860  34.4612  102.1070     21.8   21.4   79.6 -999.9    0    3.9 0 0 0
C1  1.5868  34.4607  102.1070     21.7   21.5   79.0 -999.9    3    9.8 0 1 0
C1  1.5878  34.4597  102.1071     21.7   20.7   78.6 -999.9    5    7.0 0 1 0
C1  1.5888  34.4584  102.1071     21.6   21.2   78.6 -999.9  345    4.2 0 0 0
C1  1.5898  34.4571  102.1072     21.6   21.6   78.5 -999.9  339    3.2 0 0 0
C1  1.5908  34.4557  102.1072     21.6   21.5   78.7 -999.9  351    2.8 0 0 0
C1  1.5918  34.4544  102.1073     21.6   21.4   78.4 -999.9  315    2.0 0 0 0
C1  1.5928  34.4530  102.1073     21.7   21.6   79.2 -999.9  274    4.7 0 0 0
C1  1.6005  34.4517  102.1074     21.7   21.1   78.9 -999.9  251    5.1 0 0 0
C1  1.6015  34.4506  102.1074     21.7   21.8   78.5 -999.9  286    6.5 0 0 0
C1  1.6025  34.4494  102.1075     21.7   21.7   78.7 -999.9  331    5.7 0 0 0
C1  1.6035  34.4481  102.1075     21.6   21.1   78.8 -999.9  299    5.5 0 0 0
C1  1.6045  34.4467  102.1075     21.7   21.0   78.4 -999.9  322    6.7 0 1 0
C1  1.6055  34.4452  102.1076     21.7   21.4   78.8 -999.9  290    5.7 0 0 0
C1  1.6065  34.4438  102.1076     21.6   21.5   78.9 -999.9  291    7.7 0 0 0
C1  1.6075  34.4423  102.1077     21.6   21.3   78.8 -999.9  303    7.7 0 0 0
C1  1.6085  34.4411  102.1077     21.5   21.7   79.1 -999.9  280    7.1 0 1 0
C1  1.6095  34.4400  102.1077     21.6   21.8   79.0 -999.9  270    6.6 0 0 0
C1  1.6172  34.4391  102.1078     21.6   21.2   78.9 -999.9  311    6.1 0 0 0
C1  1.6182  34.4381  102.1078     21.6   21.7   78.7 -999.9  285    9.1 0 0 0
C1  1.6192  34.4374  102.1078     21.6   21.6   78.8 -999.9  263   10.7 0 1 0
C1  1.6202  34.4369  102.1079     21.6   21.3   78.8 -999.9  278    9.7 0 0 0
C1  1.6215  34.4364  102.1079     21.6   21.6   78.9 -999.9  283    7.2 0 0 0
C1  1.6222  34.4363  102.1079     21.2   21.4   79.7 -999.9  297    7.6 0 1 0
C1  1.6232  34.4363  102.1079     21.2   21.7   79.0 -999.9  276    9.1 0 0 0
C1  1.6245  34.4363  102.1079     21.1   21.6   79.0 -999.9  280    7.3 0 0 0
C1  1.6252  34.4363  102.1079     21.3   21.5   79.3 -999.9  276    8.2 0 0 0
C1  1.6262  34.4363  102.1080     20.9   21.9   79.1 -999.9  279    8.0 0 0 0
C1  1.6338  34.4363  102.1080     20.8   21.3   78.7 -999.9  275    8.9 0 0 0
C1  1.6348  34.4363  102.1080     20.8   21.8   78.6 -999.9  269    8.9 0 0 0
C1  1.6358  34.4362  102.1080     21.6   21.3   78.3 -999.9  272    8.8 0 0 0
C1  1.6368  34.4362  102.1080     20.8   21.4   78.2 -999.9  278    9.1 0 0 0
C1  1.6378  34.4363  102.1080     20.8   21.8   78.3 -999.9  282    8.4 0 0 0
C1  1.6388  34.4363  102.1080     20.9   21.2   78.5 -999.9  287    8.1 0 0 0
C1  1.6398  34.4363  102.1080     20.8   22.1   79.0 -999.9  283    7.6 0 0 0
C1  1.6412  34.4363  102.1080     20.9   21.7   79.0 -999.9  284    8.1 0 0 0
C1  1.6422  34.4363  102.1080     20.6   21.4   78.4 -999.9  287    8.7 0 0 0
C1  1.6428  34.4363  102.1080     21.3   21.4   78.8 -999.9  294    7.7 0 0 0
C1  1.6505  34.4360  102.1079     21.3   21.7   79.0 -999.9  328   10.6 0 1 0
C1  1.6515  34.4354  102.1079     21.6   21.6   79.2 -999.9  332    8.3 0 1 0
C1  1.6525  34.4346  102.1079     21.2   21.9   79.5 -999.9  326    5.9 0 0 0
C1  1.6535  34.4338  102.1080     21.2   21.3   79.3 -999.9  302    5.4 0 0 0
C1  1.6545  34.4329  102.1080     21.2   21.5   79.4 -999.9  298    5.3 0 0 0
C1  1.6555  34.4320  102.1080     21.1   21.6   79.4 -999.9  308    7.9 0 0 0
C1  1.6565  34.4310  102.1080     21.2   21.3   78.5 -999.9  300    8.4 0 0 0
C1  1.6575  34.4300  102.1081     21.4   21.3   78.4 -999.9  302    7.6 0 0 0
C1  1.6585  34.4291  102.1081     21.4   21.8   78.4 -999.9  298    7.5 0 0 0
C1  1.6595  34.4281  102.1081     21.4   21.1   79.1 -999.9  309    7.8 0 0 0
C1  1.6672  34.4271  102.1081     21.3   21.8   79.6 -999.9  301    7.0 0 0 0
C1  1.6682  34.4260  102.1082     21.2   20.9   79.5 -999.9  293    6.1 0 0 0
C1  1.6692  34.4251  102.1082     21.2   22.2   79.8 -999.9  284    4.9 0 0 0
C1  1.6702  34.4242  102.1082     21.2   21.8   79.7 -999.9  298    6.7 0 0 0
C1  1.6712  34.4234  102.1082     21.2   21.7   79.5 -999.9  288    7.8 0 0 0
C1  1.6722  34.4226  102.1082     21.1   21.7   79.8 -999.9  295    6.3 0 0 0
C1  1.6732  34.4219  102.1083     21.1   21.0   79.9 -999.9  305   10.3 0 0 0
C1  1.6742  34.4210  102.1083     21.1   21.3   79.9 -999.9  314    8.2 0 0 0
C1  1.6752  34.4201  102.1083     21.1   21.8   80.0 -999.9  310    7.6 0 0 0
C1  1.6762  34.4192  102.1083     21.1   22.2   80.3 -999.9  289   10.3 0 0 0
C1  1.6838  34.4184  102.1084     21.1   21.5   80.0 -999.9  308    8.1 0 0 0
C1  1.6848  34.4175  102.1084     21.1   21.6   50.0 -999.9  318    8.7 1 0 0
C1  1.6858  34.4165  102.1084     21.1   21.4   80.1 -999.9  329    5.9 0 0 0
C1  1.6868  34.4155  102.1084     21.1   21.7   79.9 -999.9  294   10.7 0 0 0
C1  1.6878  34.4144  102.1084     21.1   21.8   79.5 -999.9  308    7.1 0 0 0
C1  1.6888  34.4135  102.1085     21.1   21.2   79.7 -999.9  297   10.2 0 0 0
C1  1.6898  34.4124  102.1085     21.2   21.6   79.9 -999.9  306    4.5 0 0 0
C1  1.6908  34.4114  102.1085     21.2   22.0   80.0 -999.9  309    8.8 0 0 0
C1  1.6918  34.4103  102.1085     21.2   21.9   79.7 -999.9  298    7.9 0 0 0
C1  1.6928  34.4093  102.1085     21.3   21.7   79.5 -999.9  302    7.8 0 0 0
C1  1.7005  34.4082  102.1085     21.3   21.6   79.7 -999.9  301    8.2 0 0 0
C1  1.7015  34.4072  102.1085     21.4   21.1   79.9 -999.9  295    4.6 0 0 0
C1  1.7025  34.4061  102.1085     21.6   21.3   79.7 -999.9  298    3.4 0 0 0
C1  1.7035  34.4051  102.1085     21.5   21.2   79.4 -999.9  283    5.1 0 0 0
C1  1.7045  34.4041  102.1085     21.6   21.5   79.6 -999.9  296    3.1 0 0 0
C1  1.7055  34.4031  102.1085     21.6   21.0   79.1 -999.9  317    5.5 0 0 0
C1  1.7065  34.4020  102.1085     21.6   21.9   79.2 -999.9  333    9.5 0 0 0
C1  1.7075  34.4009  102.1086     21.6   21.4   80.0 -999.9  314    5.6 0 0 0
C1  1.7085  34.3999  102.1090     21.6   21.2   80.6 -999.9  315    4.8 0 0 0
C1  1.7095  34.3991  102.1095     21.6   21.3   80.5 -999.9  307    8.1 0 0 0
C1  1.7172  34.3982  102.1103     21.6   21.7   80.7 -999.9  307    5.7 0 0 0
C1  1.7182  34.3976  102.1111     21.7   21.6   81.1 -999.9  318    6.0 0 0 0
C1  1.7192  34.3969  102.1120     21.7   21.9   81.8 -999.9  313    6.3 0 0 0
C1  1.7202  34.3962  102.1128     21.7   21.7   80.4 -999.9  327    6.4 0 0 0
C1  1.7212  34.3955  102.1136     21.7   21.1   79.5 -999.9  336    7.2 0 0 0
C1  1.7222  34.3948  102.1144     21.7   21.3   78.8 -999.9  341    8.4 0 0 0
C1  1.7232  34.3940  102.1150     21.7   21.6   78.3 -999.9  349    8.7 0 0 0
C1  1.7242  34.3933  102.1154     21.7   21.5   79.2 -999.9  307    6.0 0 1 0
C1  1.7252  34.3931  102.1154     21.7   22.0   79.3 -999.9  226    4.3 0 1 0
C1  1.7262  34.3931  102.1153     21.7   21.8   80.1 -999.9  338    4.4 0 0 0
C1  1.7338  34.3932  102.1153     21.6   21.8   80.7 -999.9  341    7.7 0 0 0
C1  1.7348  34.3932  102.1153     21.6   21.8   80.0 -999.9  343    6.5 0 0 0
C1  1.7358  34.3932  102.1153     21.6   21.8   80.5 -999.9  346    5.9 0 0 0
C1  1.7368  34.3933  102.1153     21.4   21.9   80.7 -999.9  358    6.0 0 0 0
C1  1.7378  34.3933  102.1153     21.4   21.6   80.3 -999.9  349    6.4 0 0 0
C1  1.7392  34.3933  102.1153     21.4   21.6   80.1 -999.9  347    6.1 0 0 0
C1  1.7398  34.3933  102.1153     21.4   21.7   80.3 -999.9  345    6.0 0 0 0
C1  1.7408  34.3934  102.1153     21.4   21.5   80.5 -999.9  331    5.7 0 0 0
C1  1.7422  34.3934  102.1153     21.4   21.7   80.6 -999.9  321    6.1 0 0 0
C1  1.7428  34.3934  102.1153     21.4   21.4   80.3 -999.9  306    4.4 0 0 0
C1  1.7507  34.3935  102.1153     21.6   22.0   79.5 -999.9  291    5.4 0 0 0
C1  1.7515  34.3935  102.1153     21.6   21.6   79.4 -999.9  311    5.1 0 0 0
C1  1.7528  34.3935  102.1153     21.7   21.5   79.3 -999.9  303    4.7 0 0 0
C1  1.7535  34.3936  102.1153     21.7   21.3   78.7 -999.9  301    4.4 0 0 0
C1  1.7547  34.3936  102.1154     21.7   21.7   78.7 -999.9  319    4.0 0 0 0
C1  1.7558  34.3936  102.1154     21.7   21.3   78.4 -999.9  316    4.8 0 0 0
C1  1.7568  34.3937  102.1154     21.6   21.7   78.8 -999.9  314    4.4 0 0 0
C1  1.7578  34.3937  102.1154     21.7   21.9   79.3 -999.9  318    5.1 0 0 0
C1  1.7585  34.3937  102.1154     21.7   21.5   79.4 -999.9  318    4.3 0 0 0
C1  1.7595  34.3937  102.1154     21.6   21.7   79.5 -999.9  327    5.2 0 0 0
C1  1.7672  34.3937  102.1154     21.6   22.0   79.3 -999.9  318    4.6 0 0 0
C1  1.7682  34.3937  102.1154     21.6   21.7   79.4 -999.9  319    4.9 0 0 0
C1  1.7692  34.3937  102.1154     21.6   21.9   79.1 -999.9  306    6.0 0 0 0
C1  1.7702  34.3937  102.1154     21.7   21.6   78.4 -999.9  312    5.8 0 0 0
C1  1.7712  34.3937  102.1154     21.7   21.6   78.1 -999.9  313    4.7 0 0 0
C1  1.7722  34.3937  102.1155     21.7   21.5   77.9 -999.9  310    3.9 0 0 0
C1  1.7732  34.3937  102.1155     21.7   21.9   77.8 -999.9  311    3.3 0 0 0
C1  1.7742  34.3937  102.1155     21.7   21.5   77.9 -999.9  303    3.2 0 0 0
C1  1.7752  34.3937  102.1155     21.7   21.5   78.1 -999.9  300    3.1 0 0 0
C1  1.7762  34.3937  102.1155     21.7   21.7   78.4 -999.9  304    2.2 0 0 0
C1  1.7838  34.3937  102.1155     21.7   21.7   78.4 -999.9  299    2.0 0 0 0
C1  1.7848  34.3936  102.1155     21.7   21.9   78.8 -999.9  288    2.4 0 0 0
C1  1.7858  34.3936  102.1155     21.7   22.0   79.0 -999.9  299    1.9 0 0 0
C1  1.7868  34.3936  102.1155     21.7   21.6   78.7 -999.9  300    2.6 0 0 0
C1  1.7878  34.3936  102.1155     21.7   21.8   78.7 -999.9  302    2.4 0 0 0
C1  1.7888  34.3936  102.1155     21.7   21.7   78.5 -999.9  304    1.9 0 0 0
C1  1.7898  34.3935  102.1155     21.7   22.0   78.5 -999.9  309    1.4 0 0 0
C1  1.7908  34.3935  102.1156     21.7   21.4   78.3 -999.9  327    1.2 0 0 0
C1  1.7918  34.3935  102.1156     21.7   21.8   78.3 -999.9  306    1.0 0 0 0
C1  1.7928  34.3935  102.1156     21.7   22.1   78.3 -999.9  306    1.1 0 0 0
C1  1.8005  34.3935  102.1156     21.7   21.2   78.3 -999.9  308    1.3 0 0 0
C1  1.8015  34.3934  102.1156     21.7   21.5   78.3 -999.9  306    1.0 0 0 0
C1  1.8025  34.3934  102.1156     21.9   21.7   78.7 -999.9  305    0.7 0 0 0
C1  1.8035  34.3934  102.1156     21.9   21.6   78.5 -999.9  308    0.5 0 0 0
C1  1.8048  34.3934  102.1156     21.8   21.6   78.3 -999.9  312    0.3 0 0 0
C1  1.8055  34.3934  102.1156     21.7   21.8   78.4 -999.9  330    0.4 0 0 0
C1  1.8068  34.3934  102.1156     21.7   22.0   78.3 -999.9  348    0.3 0 0 0
C1  1.8075  34.3934  102.1156     21.7   21.5   78.2 -999.9  348    0.4 0 0 0
C1  1.8085  34.3934  102.1156     21.7   21.3   78.2 -999.9   18    0.1 0 0 0
C1  1.8095  34.3934  102.1156     21.7   21.6   78.3 -999.9  114    0.3 0 0 0
C1  1.8172  34.3934  102.1156     21.7   22.0   78.3 -999.9  126    0.7 0 0 0
C1  1.8182  34.3934  102.1156     21.7   21.5   78.1 -999.9  126    0.8 0 0 0
C1  1.8192  34.3934  102.1156     21.7   22.1   78.2 -999.9  127    0.9 0 0 0
C1  1.8202  34.3934  102.1155     21.7   21.7   78.4 -999.9  141    1.2 0 0 0
C1  1.8212  34.3934  102.1155     21.7   21.9   78.0 -999.9  138    1.5 0 0 0
C1  1.8222  34.3934  102.1155     21.7   22.1   78.1 -999.9  140    1.8 0 0 0
C1  1.8232  34.3934  102.1155     21.7   21.9   78.5 -999.9  145    2.0 0 0 0
C1  1.8242  34.3934  102.1155     21.7   21.9   78.6 -999.9  149    2.5 0 0 0
C1  1.8252  34.3934  102.1154     21.7   21.6   78.8 -999.9  154    2.5 0 0 0
C1  1.8262  34.3934  102.1154     21.7   21.8   78.1 -999.9  161    2.4 0 0 0
C1  1.8338  34.3934  102.1154     21.7   21.8   78.1 -999.9  161    2.2 0 0 0
C1  1.8352  34.3934  102.1153     21.7   21.6   78.2 -999.9  157    2.2 0 0 0
C1  1.8358  34.3934  102.1153     21.7   20.9   78.3 -999.9  153    2.6 0 0 0
C1  1.8368  34.3934  102.1153     21.7   21.7   78.3 -999.9  152    3.1 0 0 0
C1  1.8378  34.3934  102.1152     21.7   22.2   78.2 -999.9  151    3.1 0 0 0
C1  1.8388  34.3934  102.1152     21.7   22.0   78.0 -999.9  151    2.6 0 0 0
C1  1.8398  34.3934  102.1152     21.7   21.8   78.4 -999.9  153    2.7 0 0 0
C1  1.8408  34.3934  102.1151     21.7   21.9   78.6 -999.9  152    2.6 0 0 0
C1  1.8420  34.3934  102.1151     21.7   22.0   78.3 -999.9  158    2.4 0 0 0
C1  1.8428  34.3934  102.1151     21.7   21.9   78.7 -999.9  161    2.6 0 0 0
C1  1.8505  34.3934  102.1150     21.7   21.7   78.5 -999.9  161    2.7 0 0 0
C1  1.8515  34.3934  102.1150     21.7   22.0   79.0 -999.9  166    2.5 0 0 0
C1  1.8525  34.3934  102.1150     21.7   22.0   79.1 -999.9  163    2.5 0 0 0
C1  1.8535  34.3934  102.1149     21.7   21.6   79.2 -999.9  152    2.9 0 0 0
C1  1.8545  34.3934  102.1149     21.7   21.8   79.5 -999.9  142    2.7 0 0 0
C1  1.8555  34.3934  102.1149     21.7   22.0   79.1 -999.9  147    2.3 0 0 0
C1  1.8565  34.3934  102.1149     21.7   22.2   79.4 -999.9  153    2.0 0 0 0
C1  1.8575  34.3934  102.1149     21.7   22.0   79.2 -999.9  154    2.0 0 0 0
C1  1.8585  34.3934  102.1149     21.6   21.7   79.2 -999.9  156    2.1 0 0 0
C1  1.8595  34.3934  102.1148     21.7   21.9   79.0 -999.9  154    2.1 0 0 0
C1  1.8675  34.3934  102.1148     21.7   21.8   79.1 -999.9  166    2.0 0 0 0
C1  1.8682  34.3933  102.1148     21.7   21.9   78.9 -999.9  171    1.9 0 0 0
C1  1.8695  34.3933  102.1148     21.7   21.9   79.1 -999.9  179    1.5 0 0 0
C1  1.8705  34.3933  102.1148     21.7   22.1   79.2 -999.9  177    1.3 0 0 0
C1  1.8712  34.3933  102.1148     21.7   21.9   78.9 -999.9  177    1.2 0 0 0
C1  1.8723  34.3933  102.1148     21.7   21.5   78.8 -999.9  178    1.0 0 0 0
C1  1.8732  34.3933  102.1148     21.7   21.6   79.2 -999.9  179    0.7 0 0 0
C1  1.8742  34.3933  102.1148     21.8   21.6   79.1 -999.9  182    0.4 0 0 0
C1  1.8752  34.3933  102.1148     21.9   21.7   79.5 -999.9  219    0.2 0 0 0
C1  1.8762  34.3933  102.1148     21.8   21.9   79.9 -999.9  280    0.6 0 0 0
C1  1.8842  34.3933  102.1148     21.7   21.9   79.7 -999.9  281    0.9 0 0 0
C1  1.8852  34.3933  102.1149     21.7   22.1   79.9 -999.9  286    1.1 0 0 0
C1  1.8862  34.3933  102.1149     21.7   21.6   79.5 -999.9  287    1.2 0 0 0
C1  1.8870  34.3933  102.1149     21.7   21.9   79.5 -999.9  288    1.3 0 0 0
C1  1.8878  34.3933  102.1149     21.7   22.1   79.5 -999.9  296    1.2 0 0 0
C1  1.8892  34.3933  102.1149     21.7   21.8   79.5 -999.9  301    1.3 0 0 0
C1  1.8898  34.3933  102.1149     21.7   21.7   79.5 -999.9  303    1.3 0 0 0
C1  1.8908  34.3933  102.1149     21.7   21.8   80.0 -999.9  284    1.2 0 0 0
C1  1.8922  34.3933  102.1150     21.7   21.9   79.2 -999.9  287    1.2 0 0 0
C1  1.8932  34.3933  102.1150     21.7   22.1   78.7 -999.9  286    1.4 0 0 0
C1  1.9008  34.3933  102.1150     21.8   21.5   78.5 -999.9  276    1.8 0 0 0
C1  1.9018  34.3934  102.1150     21.9   21.5   78.3 -999.9  269    1.3 0 0 0
C1  1.9025  34.3934  102.1151     21.9   22.1   78.3 -999.9  263    0.9 0 0 0
C1  1.9038  34.3934  102.1151     21.9   21.4   78.1 -999.9  252    1.0 0 0 0
C1  1.9048  34.3934  102.1151     22.0   22.0   78.1 -999.9  235    1.9 0 0 0
C1  1.9058  34.3934  102.1152     22.2   22.3   77.9 -999.9  238    1.3 0 0 0
C1  1.9067  34.3934  102.1152     22.2   21.7   77.7 -999.9  260    0.4 0 0 0
C1  1.9078  34.3934  102.1152     22.2   21.4   77.5 -999.9  272    0.2 0 0 0
C1  1.9085  34.3934  102.1152     22.2   22.2   77.7 -999.9  283    0.0 0 0 0
C1  1.9098  34.3935  102.1153     22.2   21.9   77.6 -999.9    0    0.0 0 0 0
C1  1.9173  34.3935  102.1153     22.3   21.6   77.5 -999.9  312    0.1 0 0 0
C1  1.9182  34.3935  102.1153     22.5   22.1   78.2 -999.9    4    1.2 0 0 0
C1  1.9192  34.3935  102.1154     22.3   22.1   78.5 -999.9  351    1.9 0 0 0
C1  1.9202  34.3935  102.1154     22.1   22.0   78.4 -999.9  332    2.1 0 0 0
C1  1.9212  34.3935  102.1154     22.1   21.9   77.7 -999.9  327    2.2 0 0 0
C1  1.9225  34.3936  102.1154     22.1   21.9   77.9 -999.9  321    2.6 0 0 0
C1  1.9235  34.3936  102.1155     22.1   22.6   78.3 -999.9  276    3.2 0 0 0
C1  1.9242  34.3936  102.1155     22.2   21.7   77.4 -999.9  259    3.5 0 0 0
C1  1.9252  34.3934  102.1157     22.3   22.0   77.4 -999.9  336    3.4 0 1 0
C1  1.9262  34.3932  102.1158     22.3   21.8   77.3 -999.9  273    6.0 0 0 0
C1  1.9342  34.3932  102.1158     22.4   21.9   77.5 -999.9  261    3.7 0 0 0
C1  1.9352  34.3932  102.1158     22.3   22.4   77.9 -999.9  260    3.2 0 0 0
C1  1.9362  34.3932  102.1158     22.4   22.0   77.7 -999.9  284    3.5 0 0 0
C1  1.9372  34.3932  102.1158     22.4   22.4   77.9 -999.9  275    3.8 0 0 0
C1  1.9382  34.3932  102.1159     22.4   22.6   77.4 -999.9  263    4.5 0 0 0
C1  1.9392  34.3932  102.1159     22.4   22.1   76.9 -999.9  271    4.5 0 0 0
C1  1.9402  34.3932  102.1159     22.5   22.1   76.7 -999.9  270    5.2 0 0 0
C1  1.9412  34.3932  102.1159     22.6   21.9   75.3 -999.9  218    5.4 0 0 0
C1  1.9422  34.3933  102.1159     22.6   22.1   76.0 -999.9  280    3.6 0 0 0
C1  1.9432  34.3933  102.1159     22.6   22.3   74.7 -999.9  234    3.0 0 0 0
C1  1.9508  34.3933  102.1159     22.6   22.3   72.7 -999.9  239    3.2 1 0 1
C1  1.9518  34.3933  102.1159     22.6   22.1   75.7 -999.9  316    4.0 0 0 0
C1  1.9527  34.3933  102.1159     22.6   22.6   75.4 -999.9  304    3.4 0 0 0
C1  1.9538  34.3933  102.1159     22.6   21.9   75.3 -999.9  304    3.3 0 0 0
C1  1.9545  34.3933  102.1159     22.6   22.3   76.0 -999.9  301    4.4 0 0 0
C1  1.9558  34.3933  102.1159     22.6   22.3   75.4 -999.9  298    5.2 0 0 0
C1  1.9568  34.3933  102.1159     22.6   22.1   75.3 -999.9  289    6.0 0 0 0
C1  1.9578  34.3933  102.1159     22.6   22.3   76.0 -999.9  297    5.7 0 0 0
C1  1.9588  34.3933  102.1159     22.6   22.0   75.3 -999.9  299    5.6 0 0 0
C1  1.9598  34.3933  102.1159     22.6   22.2   75.5 -999.9  266    5.7 0 0 0
C1  1.9675  34.3933  102.1159     22.6   22.2   75.6 -999.9  246    5.8 0 0 0
C1  1.9685  34.3933  102.1159     22.6   22.4   75.5 -999.9  248    5.9 0 0 0
C1  1.9695  34.3933  102.1159     22.6   22.3   75.8 -999.9  259    6.5 0 0 0
C1  1.9705  34.3934  102.1159     22.6   22.3   74.8 -999.9  257    7.3 0 0 0
C1  1.9712  34.3933  102.1159     22.9   22.5   74.0 -999.9  270    7.4 0 0 0
C1  1.9722  34.3928  102.1159     23.0   22.3   73.8 -999.9  339    6.2 0 1 0
C1  1.9732  34.3919  102.1160     23.0   22.7   74.0 -999.9  334    3.0 0 1 0
C1  1.9742  34.3909  102.1160     22.9   22.9   75.0 -999.9  339    2.9 0 0 0
C1  1.9752  34.3897  102.1160     22.9   22.3   75.1 -999.9   26    5.3 0 0 0
C1  1.9762  34.3886  102.1161     22.9   22.3   74.6 -999.9  261    4.6 0 0 0
C1  1.9838  34.3876  102.1161     22.9   22.4   74.6 -999.9  230    3.5 0 0 0
C1  1.9848  34.3867  102.1161     22.9   22.4   74.6 -999.9  263    3.3 0 0 0
C1  1.9858  34.3856  102.1161     22.9   22.9   75.0 -999.9  266    2.4 0 0 0
C1  1.9868  34.3848  102.1161     22.9   22.8   75.0 -999.9  227    5.5 0 1 0
C1  1.9878  34.3841  102.1162     22.8   23.0   75.2 -999.9  245    5.2 0 0 0
C1  1.9888  34.3837  102.1162     22.9   22.6   75.0 -999.9  194   11.8 0 1 0
C1  1.9898  34.3837  102.1162     22.9   22.4   74.8 -999.9  246    3.2 0 0 0
C1  1.9908  34.3834  102.1161     22.8   22.4   74.8 -999.9  303    7.7 0 1 0
C1  1.9918  34.3828  102.1154     22.7   23.0   75.2 -999.9  296    9.5 0 1 0
C1  1.9928  34.3820  102.1145     22.7   22.6   76.0 -999.9  318    5.7 0 0 0
C1  2.0005  34.3812  102.1134     22.6   22.8   76.4 -999.9  230    1.8 0 0 0
C1  2.0015  34.3804  102.1122     22.4   22.7   77.5 -999.9  151    2.7 0 0 0
C1  2.0025  34.3796  102.1110     22.2   22.1   77.8 -999.9  138    5.6 0 0 0
C1  2.0035  34.3789  102.1098     21.9   22.2   78.3 -999.9  129    5.2 0 0 0
C1  2.0045  34.3781  102.1088     21.8   22.4   78.2 -999.9  136    4.0 0 0 0
C1  2.0055  34.3773  102.1078     21.7   22.8   78.9 -999.9  118    1.8 0 0 0
C1  2.0065  34.3765  102.1068     21.7   22.7   79.3 -999.9  121    3.8 0 0 0
C1  2.0075  34.3756  102.1058     21.6   22.4   78.3 -999.9  109    3.8 0 0 0
C1  2.0085  34.3748  102.1048     21.5   22.4   77.9 -999.9  100    3.1 0 0 0
C1  2.0095  34.3740  102.1040     21.4   22.7   77.7 -999.9  106    6.3 0 1 0
C1  2.0172  34.3734  102.1033     21.3   23.3   77.6 -999.9  103    3.7 0 0 0
C1  2.0182  34.3728  102.1026     21.2   22.4   78.2 -999.9  101    4.8 0 0 0
C1  2.0192  34.3724  102.1021     21.1   22.5   78.6 -999.9  116    8.6 0 1 0
C1  2.0202  34.3722  102.1019     20.9   22.7   78.6 -999.9   92    6.3 0 0 0
C1  2.0212  34.3718  102.1015     20.9   22.0   78.4 -999.9   51    2.8 0 1 0
C1  2.0222  34.3714  102.1010     20.9   21.6   78.5 -999.9   88    4.8 0 0 0
C1  2.0232  34.3710  102.1005     20.7   22.3   78.9 -999.9   79    4.5 0 0 0
C1  2.0242  34.3707  102.1001     20.7   22.3   79.8 -999.9   75    4.4 0 0 0
C1  2.0252  34.3703  102.0996     20.6   21.9   80.3 -999.9   58    3.8 0 0 0
C1  2.0262  34.3700  102.0992     20.5   22.1   80.9 -999.9   83    4.3 0 0 0
C1  2.0338  34.3697  102.0988     20.4   21.5   81.2 -999.9   57    4.4 0 0 0
C1  2.0348  34.3694  102.0984     20.4   21.9   81.4 -999.9   64    5.0 0 0 0
C1  2.0358  34.3693  102.0983     20.4   21.7   81.5 -999.9   93    8.5 0 1 0
C1  2.0368  34.3693  102.0982     20.4   21.4   81.5 -999.9   59    4.1 0 0 0
C1  2.0382  34.3693  102.0982     20.4   21.8   81.7 -999.9   57    3.5 0 0 0
C1  2.0392  34.3693  102.0982     20.4   22.3   81.9 -999.9   60    3.8 0 0 0
C1  2.0402  34.3694  102.0982     20.4   21.9   82.2 -999.9   64    3.3 0 0 0
C1  2.0412  34.3694  102.0982     20.4   21.8   82.3 -999.9   61    3.6 0 0 0
C1  2.0422  34.3694  102.0982     20.4   21.7   82.3 -999.9   53    3.9 0 0 0
C1  2.0432  34.3694  102.0982     20.4   21.1   82.6 -999.9   51    3.8 0 0 0
C1  2.0508  34.3694  102.0981     20.4   21.1   82.9 -999.9   54    3.9 0 0 0
C1  2.0518  34.3696  102.0982     20.4   21.4   83.4 -999.9  151    2.6 0 1 0
C1  2.0535  34.3706  102.0994     20.3   21.9   83.8 -999.9  109    8.0 0 1 0
C1  2.0545  34.3714  102.1003     20.2   21.6   83.9 -999.9   91    5.7 0 0 0
C1  2.0555  34.3723  102.1014     20.0   21.2   83.7 -999.9   84    5.1 0 0 0
C1  2.0565  34.3732  102.1025     19.9   21.5   83.6 -999.9   75    4.6 0 0 0
C1  2.0575  34.3741  102.1036     19.9   21.0   83.7 -999.9   78    4.1 0 0 0
C1  2.0585  34.3750  102.1047     20.0   21.5   83.8 -999.9   78    4.3 0 0 0
C1  2.0595  34.3759  102.1057     20.0   21.4   84.1 -999.9   76    3.6 0 0 0
C1  2.0672  34.3768  102.1068     20.1   21.1   84.5 -999.9   61    2.4 0 0 0
C1  2.0682  34.3776  102.1078     20.0   21.3   84.7 -999.9   75    3.3 0 0 0
C1  2.0692  34.3784  102.1089     20.0   20.9   85.1 -999.9   91    4.3 0 0 0
C1  2.0702  34.3792  102.1101     20.0   21.2   85.4 -999.9  115    3.8 0 0 0
C1  2.0712  34.3800  102.1113     20.1   21.1   85.8 -999.9  102    4.2 0 0 0
C1  2.0722  34.3807  102.1125     20.2   21.4   86.0 -999.9  101    2.9 0 0 0
C1  2.0732  34.3815  102.1137     20.2   21.4   86.5 -999.9  115    4.3 0 0 0
C1  2.0742  34.3823  102.1148     20.3   20.7   86.7 -999.9  106    2.8 0 0 0
C1  2.0752  34.3830  102.1156     20.4   21.0   86.9 -999.9  351    3.6 0 1 0
C1  2.0762  34.3834  102.1162     20.4   21.7   87.2 -999.9  315    4.6 0 1 0
C1  2.0838  34.3836  102.1164     20.4   20.6   86.7 -999.9  173    3.6 0 0 0
C1  2.0848  34.3843  102.1164     20.5   21.0   86.9 -999.9  170    5.9 0 1 0
C1  2.0858  34.3851  102.1164     20.5   21.1   87.3 -999.9  149    3.7 0 0 0
C1  2.0868  34.3861  102.1164     20.4   20.9   87.4 -999.9  141    3.8 0 0 0
C1  2.0878  34.3871  102.1164     20.5   20.8   87.2 -999.9  154    3.1 0 0 0
C1  2.0888  34.3882  102.1164     20.6   21.3   87.6 -999.9  111    1.7 0 0 0
C1  2.0898  34.3893  102.1164     20.6   21.0   87.7 -999.9  129    3.4 0 0 0
C1  2.0908  34.3906  102.1163     20.6   21.3   87.4 -999.9  143    5.7 0 0 0
C1  2.0918  34.3919  102.1163     20.7   21.0   86.8 -999.9  164    5.2 0 0 0
C1  2.0928  34.3931  102.1161     20.7   20.6   86.8 -999.9  129    3.9 0 1 0
C1  2.1005  34.3943  102.1156     20.7   20.9   87.0 -999.9  162    4.7 0 1 0
C1  2.1015  34.3954  102.1146     20.7   20.8   86.7 -999.9  167    4.9 0 1 0
C1  2.1025  34.3964  102.1133     20.8   21.5   86.6 -999.9  136    6.2 0 0 0
C1  2.1035  34.3974  102.1121     20.9   21.2   86.3 -999.9  119    6.1 0 0 0
C1  2.1045  34.3984  102.1109     20.9   20.7   86.3 -999.9  120    7.1 0 0 0
C1  2.1055  34.3994  102.1098     20.8   21.4   86.5 -999.9  128    5.9 0 1 0
C1  2.1065  34.4005  102.1091     20.9   21.1   86.0 -999.9   93    8.8 0 1 0
C1  2.1075  34.4018  102.1088     21.1   21.0   85.5 -999.9  113    8.5 0 1 0
C1  2.1085  34.4031  102.1088     21.2   20.8   86.0 -999.9  141    6.5 0 0 0
C1  2.1095  34.4046  102.1087     21.2   20.8   85.9 -999.9  139    5.8 0 0 0
C1  2.1172  34.4060  102.1087     21.2   20.8   85.3 -999.9  145    4.2 0 0 0
C1  2.1182  34.4074  102.1086     21.3   20.5   85.1 -999.9  151    4.8 0 0 0
C1  2.1192  34.4088  102.1086     21.2   20.9   85.0 -999.9  142    4.7 0 0 0
C1  2.1202  34.4102  102.1085     21.2   21.2   85.0 -999.9  130    4.1 0 0 0
C1  2.1212  34.4117  102.1085     21.3   20.8   84.5 -999.9  126    6.8 0 0 0
C1  2.1222  34.4131  102.1084     21.5   21.1   83.6 -999.9  130    7.5 0 0 0
C1  2.1232  34.4145  102.1084     21.4   20.5   83.5 -999.9  138    8.0 0 0 0
C1  2.1242  34.4158  102.1084     21.6   21.4   83.7 -999.9  124    5.0 0 0 0
C1  2.1252  34.4170  102.1083     21.4   21.2   83.8 -999.9  115    4.9 0 0 0
C1  2.1262  34.4179  102.1083     21.4   21.3   84.1 -999.9  109    4.9 0 0 0
C1  2.1338  34.4188  102.1082     21.4   20.9   83.7 -999.9  130    5.8 0 0 0
C1  2.1348  34.4197  102.1082     21.4   20.8   83.5 -999.9  128    5.8 0 0 0
C1  2.1358  34.4207  102.1081     21.4   20.8   83.3 -999.9  143    6.2 0 0 0
C1  2.1368  34.4216  102.1081     21.4   21.1   83.2 -999.9  135    5.6 0 0 0
C1  2.1378  34.4226  102.1081     21.3   21.3   83.5 -999.9  136    7.3 0 0 0
C1  2.1388  34.4236  102.1080     21.5   21.4   82.8 -999.9  127    8.2 0 0 0
C1  2.1398  34.4246  102.1080     21.7   21.3   81.6 -999.9  136    6.8 0 0 0
C1  2.1408  34.4256  102.1080     21.7   21.6   81.9 -999.9  134    8.0 0 0 0
C1  2.1418  34.4265  102.1079     21.7   21.2   81.6 -999.9  147    7.9 0 0 0
C1  2.1428  34.4276  102.1079     21.7   21.1   81.9 -999.9  138    8.6 0 0 0
C1  2.1505  34.4286  102.1078     21.7   21.7   81.8 -999.9  132    6.7 0 0 0
C1  2.1515  34.4296  102.1078     21.7   20.9   81.6 -999.9  114    8.4 0 0 0
C1  2.1525  34.4304  102.1078     21.7   20.5   81.0 -999.9  120    6.9 0 0 0
C1  2.1535  34.4315  102.1078     21.7   21.5   81.5 -999.9  148   10.4 0 1 0
C1  2.1545  34.4329  102.1078     21.7   21.9   81.8 -999.9  163    9.4 0 1 0
C1  2.1555  34.4343  102.1077     21.7   21.4   81.2 -999.9  153    6.0 0 0 0
C1  2.1565  34.4357  102.1077     21.7   21.7   81.0 -999.9  134    4.9 0 0 0
C1  2.1575  34.4370  102.1076     21.5   21.4   80.8 -999.9  105    6.7 0 0 0
C1  2.1585  34.4383  102.1076     21.7   21.5   80.2 -999.9  116    7.0 0 0 0
C1  2.1595  34.4397  102.1076     21.8   21.5   79.7 -999.9  133    7.9 0 0 0
C1  2.1672  34.4411  102.1075     21.9   21.4   79.8 -999.9  151    5.6 0 0 0
C1  2.1682  34.4426  102.1075     21.9   21.6   80.1 -999.9  135    5.6 0 0 0
C1  2.1692  34.4440  102.1075     21.8   21.5   79.9 -999.9  145    5.7 0 0 0
C1  2.1702  34.4456  102.1075     21.9   21.7   79.3 -999.9  167    5.7 0 0 0
C1  2.1712  34.4471  102.1074     21.9   21.4   79.8 -999.9  142    6.5 0 0 0
C1  2.1722  34.4486  102.1074     21.9   21.7   79.8 -999.9  132    5.7 0 0 0
C1  2.1732  34.4500  102.1074     21.9   22.0   79.5 -999.9  111    4.7 0 0 0
C1  2.1742  34.4513  102.1073     21.9   22.3   79.6 -999.9  111    5.7 0 0 0
C1  2.1752  34.4525  102.1073     21.9   22.0   79.7 -999.9  129    6.7 0 0 0
C1  2.1762  34.4538  102.1073     21.9   21.8   79.3 -999.9  126    7.6 0 0 0
C1  2.1838  34.4551  102.1073     21.9   21.4   79.3 -999.9  122    6.8 0 0 0
C1  2.1848  34.4563  102.1072     21.9   21.7   79.1 -999.9  121    7.5 0 0 0
C1  2.1858  34.4576  102.1072     21.9   21.6   78.9 -999.9  115    8.1 0 0 0
C1  2.1868  34.4588  102.1072     21.8   21.7   78.5 -999.9  114    4.4 0 0 0
C1  2.1878  34.4601  102.1072     21.9   21.8   77.3 -999.9  115    5.5 0 0 0
C1  2.1888  34.4612  102.1071     21.9   22.2   76.1 -999.9   83    6.0 0 0 0
C1  2.1898  34.4624  102.1071     22.0   21.9   75.4 -999.9   93    5.4 0 0 0
C1  2.1908  34.4635  102.1070     22.1   21.9   75.4 -999.9   93    5.1 0 0 0
C1  2.1918  34.4646  102.1070     22.0   22.1   74.7 -999.9  115    4.6 0 0 0
C1  2.1928  34.4658  102.1070     21.9   21.6   74.0 -999.9  128    3.4 0 0 0
C1  2.2005  34.4669  102.1070     21.8   21.3   72.8 -999.9  101    4.9 0 0 0
C1  2.2015  34.4680  102.1069     21.9   21.6   72.7 -999.9  111    6.7 0 0 0
C1  2.2025  34.4692  102.1069     21.9   21.5   72.9 -999.9  110    9.4 0 0 0
C1  2.2035  34.4704  102.1069     21.9   21.6   72.3 -999.9   94    5.6 0 0 0
C1  2.2045  34.4716  102.1068     21.9   21.9   71.6 -999.9  143    1.8 0 0 0
C1  2.2055  34.4729  102.1068     22.2   21.7   71.2 -999.9  111    2.5 0 0 0
C1  2.2065  34.4741  102.1068     22.2   21.8   70.7 -999.9   92    2.6 0 0 0
C1  2.2075  34.4752  102.1067     21.9   21.7   71.3 -999.9  348    1.7 0 0 0
C1  2.2085  34.4763  102.1067     21.8   22.1   71.1 -999.9  189    0.2 0 0 0
C1  2.2095  34.4774  102.1067     21.8   22.0   70.7 -999.9  127    1.1 0 0 0
C1  2.2172  34.4786  102.1066     21.9   22.1   70.6 -999.9  162    1.8 0 0 0
C1  2.2182  34.4798  102.1066     21.8   22.4   70.3 -999.9  112    1.3 0 0 0
C1  2.2192  34.4809  102.1066     21.7   21.7   70.4 -999.9   70    5.3 0 0 0
C1  2.2202  34.4820  102.1065     21.5   21.7   70.2 -999.9   68    3.9 0 0 0
C1  2.2212  34.4831  102.1065     21.6   22.1   69.6 -999.9   76    5.2 0 0 0
C1  2.2222  34.4843  102.1065     21.6   22.3   69.2 -999.9  123    2.6 0 0 0
C1  2.2232  34.4856  102.1065     21.3   21.9   69.6 -999.9   90    3.4 0 0 0
C1  2.2242  34.4868  102.1064     21.1   22.2   69.9 -999.9   95    3.5 0 0 0
C1  2.2252  34.4880  102.1064     20.8   22.0   70.3 -999.9  111    3.6 0 0 0
C1  2.2262  34.4892  102.1064     20.7   21.3   70.2 -999.9  113    2.6 0 0 0
C1  2.2338  34.4901  102.1064     20.7   22.1   69.2 -999.9   20    7.8 0 1 0
C1  2.2348  34.4909  102.1064     20.8   22.3   69.5 -999.9   75    2.0 0 0 0
C1  2.2358  34.4917  102.1064     20.9   21.3   69.5 -999.9  105    4.1 0 0 0
C1  2.2368  34.4927  102.1064     20.9   21.5   69.3 -999.9   89    4.0 0 0 0
C1  2.2378  34.4937  102.1063     20.9   21.4   69.8 -999.9   90    4.6 0 0 0
C1  2.2388  34.4947  102.1063     20.8   21.1   70.1 -999.9   93    4.7 0 0 0
C1  2.2398  34.4958  102.1063     21.1   21.6   69.2 -999.9   89    4.5 0 0 0
C1  2.2408  34.4968  102.1063     21.2   21.1   68.8 -999.9   99    3.6 0 0 0
C1  2.2418  34.4979  102.1063     21.3   21.8   68.9 -999.9  126    4.6 0 0 0
C1  2.2428  34.4990  102.1063     21.2   21.4   70.1 -999.9  122    4.4 0 0 0
C1  2.2505  34.5001  102.1063     21.4   21.5   69.6 -999.9   90    5.7 0 0 0
C1  2.2515  34.5011  102.1062     21.6   21.7   69.6 -999.9   96    5.8 0 0 0
C1  2.2525  34.5022  102.1062     21.7   21.4   70.3 -999.9   96    7.7 0 0 0
C1  2.2535  34.5032  102.1062     21.8   22.0   70.2 -999.9  100    7.6 0 0 0
C1  2.2545  34.5043  102.1062     22.0   21.5   69.6 -999.9  100    6.8 0 0 0
C1  2.2555  34.5054  102.1062     22.1   21.6   68.9 -999.9   86    6.5 0 0 0
C1  2.2565  34.5065  102.1062     22.3   22.1   69.1 -999.9   98    6.8 0 0 0
C1  2.2575  34.5076  102.1062     22.4   21.9   68.5 -999.9  106    4.3 0 0 0
C1  2.2585  34.5087  102.1062     22.3   21.7   68.0 -999.9  107    5.1 0 0 0
C1  2.2595  34.5099  102.1062     22.4   21.6   67.5 -999.9  127    6.9 0 0 0
C1  2.2672  34.5111  102.1062     22.5   21.6   67.8 -999.9  117    9.0 0 0 0
C1  2.2682  34.5123  102.1061     22.6   22.1   68.1 -999.9  124    7.0 0 0 0
C1  2.2692  34.5134  102.1061     22.5   21.8   68.6 -999.9  119    8.8 0 0 0
C1  2.2702  34.5147  102.1061     22.6   21.6   67.9 -999.9  117    7.3 0 0 0
C1  2.2712  34.5159  102.1061     22.6   21.9   67.3 -999.9  120    6.3 0 0 0
C1  2.2722  34.5171  102.1061     22.6   21.8   66.5 -999.9  104    4.9 0 0 0
C1  2.2732  34.5184  102.1061     22.7   21.8   66.6 -999.9  117    6.6 0 0 0
C1  2.2742  34.5196  102.1060     22.8   21.8   66.1 -999.9  119    7.4 0 0 0
C1  2.2752  34.5208  102.1060     22.9   22.0   66.1 -999.9  130    8.2 0 0 0
C1  2.2762  34.5220  102.1060     22.9   22.4   66.8 -999.9  131    9.9 0 0 0
C1  2.2838  34.5232  102.1060     22.8   21.8   66.8 -999.9  135   10.1 0 0 0
C1  2.2848  34.5244  102.1060     22.7   22.2   66.8 -999.9  150    9.3 0 0 0
C1  2.2858  34.5256  102.1060     22.7   22.3   66.8 -999.9  131    8.7 0 0 0
C1  2.2868  34.5264  102.1060     22.6   22.2   66.8 -999.9  118    8.8 0 1 0
C1  2.2878  34.5271  102.1060     22.6   22.3   51.8 -999.9  127    8.0 0 0 0
C1  2.2888  34.5277  102.1060     22.6   21.8   66.6 -999.9  136   11.9 0 0 0
C1  2.2898  34.5284  102.1060     22.6   22.8   67.0 -999.9  145   13.1 0 0 0
C1  2.2908  34.5293  102.1059     22.6   22.5   66.6 -999.9  146   11.0 0 0 0
C1  2.2918  34.5302  102.1059     22.6   22.7   66.4 -999.9  148   12.3 0 0 0
C1  2.2928  34.5312  102.1059     22.6   22.3   66.6 -999.9  144   12.4 0 0 0
C1  2.3005  34.5323  102.1059     22.6   22.2   66.7 -999.9  145   10.5 0 0 0
C1  2.3015  34.5333  102.1059     22.4   22.6   66.7 -999.9  146    9.5 0 0 0
C1  2.3025  34.5342  102.1059     22.4   22.2   67.0 -999.9  141    9.8 0 0 0
C1  2.3035  34.5352  102.1059     22.4   22.4   66.3 -999.9  146    8.5 0 0 0
C1  2.3045  34.5361  102.1059     22.4   22.2   65.9 -999.9  157    8.6 0 0 0
C1  2.3055  34.5370  102.1059     22.4   22.6   66.4 -999.9  148    7.5 0 0 0
C1  2.3065  34.5379  102.1059     22.4   22.0   66.5 -999.9  116    6.3 0 0 0
C1  2.3075  34.5385  102.1059     22.2   22.3   66.3 -999.9   69    4.0 0 1 0
C1  2.3085  34.5388  102.1059     22.2   22.0   44.7 -999.9   82    4.6 1 0 0
C1  2.3095  34.5389  102.1059     22.2   22.3   65.5 -999.9   60    5.4 0 1 0
C1  2.3172  34.5389  102.1059     22.2   22.2   65.8 -999.9  112    2.1 0 0 0
C1  2.3182  34.5389  102.1059     22.1   21.8   66.4 -999.9   30    0.4 0 0 0
C1  2.3192  34.5390  102.1059     22.1   21.9   65.9 -999.9    9    1.5 0 0 0
C1  2.3203  34.5391  102.1059     22.1   22.6   54.5 -999.9   98    1.6 1 0 1
C1  2.3212  34.5391  102.1059     22.1   22.5   65.0 -999.9   48    3.9 0 0 0
C1  2.3222  34.5391  102.1060     22.1   22.4   63.9 -999.9   58    6.9 0 0 0
C1  2.3232  34.5392  102.1059     22.1   22.3   63.9 -999.9   63    4.4 0 0 0
C1  2.3242  34.5393  102.1059     22.0   22.6   64.2 -999.9   32    9.3 0 0 0
C1  2.3252  34.5395  102.1059     21.9   22.4   64.4 -999.9  121    3.8 0 1 0
C1  2.3262  34.5399  102.1059     21.8   22.8   64.5 -999.9  112    3.2 0 0 0
C1  2.3338  34.5402  102.1059     21.8   22.8   64.7 -999.9   72    6.2 0 0 0
C1  2.3348  34.5407  102.1059     21.8   22.3   64.6 -999.9  115    5.4 0 0 0
C1  2.3358  34.5412  102.1059     21.7   22.6   65.4 -999.9  105    6.2 0 0 0
C1  2.3368  34.5415  102.1059     21.5   22.7   66.6 -999.9   69   10.6 0 1 0
C1  2.3378  34.5415  102.1059     21.3   22.2   67.5 -999.9   63    9.7 0 0 0
C1  2.3388  34.5415  102.1059     21.2   21.8   54.6 -999.9  136    8.6 0 0 0
C1  2.3398  34.5415  102.1059     21.1   22.2   68.5 -999.9   51    8.2 0 0 0
C1  2.3410  34.5415  102.1059     21.1   22.4   69.0 -999.9   48    8.4 0 0 0
C1  2.3420  34.5415  102.1059     21.0   21.4   69.1 -999.9   60    8.6 0 0 0
C1  2.3428  34.5415  102.1059     20.9   21.7   69.2 -999.9   49    8.9 0 0 0
C1  2.3507  34.5415  102.1059     20.9   22.7   69.6 -999.9   68    8.2 0 0 0
C1  2.3515  34.5415  102.1059     20.7   21.8   69.7 -999.9   64    9.8 0 0 0
C1  2.3525  34.5414  102.1059     20.7   22.3   70.0 -999.9   71    7.8 0 0 0
C1  2.3535  34.5414  102.1059     20.7   21.9   70.3 -999.9   51    7.4 0 0 0
C1  2.3545  34.5414  102.1059     20.6   22.2   70.2 -999.9   55   10.3 0 0 0
C1  2.3557  34.5414  102.1059     20.5   22.2   70.6 -999.9   53    8.5 0 0 0
C1  2.3565  34.5414  102.1059     20.4   22.1   70.7 -999.9   46    6.9 0 0 0
C1  2.3575  34.5412  102.1059     20.4   22.0   71.0 -999.9  295    6.2 0 1 0
C1  2.3585  34.5409  102.1059     20.4   21.8   70.9 -999.9  330    9.8 0 0 0
C1  2.3595  34.5407  102.1059     20.4   21.6   70.8 -999.9  300    8.3 0 0 0
C1  2.3672  34.5405  102.1059     20.4   21.6   70.9 -999.9  327    7.1 0 0 0
C1  2.3682  34.5403  102.1059     20.4   22.0   71.2 -999.9  329    5.8 0 0 0
C1  2.3693  34.5402  102.1059     20.4   21.8   71.3 -999.9  106    2.4 0 0 0
C1  2.3702  34.5400  102.1058     20.4   22.0   71.8 -999.9  345    6.0 0 1 0
C1  2.3712  34.5398  102.1058     20.4   21.5   72.4 -999.9  326    9.9 0 0 0
C1  2.3722  34.5397  102.1058     20.4   21.9   72.3 -999.9   95    6.0 0 0 0
C1  2.3733  34.5397  102.1058     20.4   21.4   72.0 -999.9  121    4.2 0 0 0
C1  2.3742  34.5396  102.1058     20.4   21.4   71.8 -999.9  122    7.2 0 0 0
C1  2.3752  34.5397  102.1058     20.4   21.2   71.8 -999.9  117    3.6 0 0 0
C1  2.3763  34.5397  102.1058     20.4   22.0   72.3 -999.9  143    8.4 0 0 0
C1  2.3840  34.5397  102.1057     20.4   21.6   71.6 -999.9  133    8.0 0 0 0
C1  2.3850  34.5397  102.1057     20.4   21.4   71.9 -999.9   79    7.9 0 0 0
C1  2.3858  34.5397  102.1057     20.4   21.8   72.6 -999.9   83    8.0 0 0 0
C1  2.3868  34.5395  102.1057     20.4   21.4   72.8 -999.9   72    6.1 0 0 0
C1  2.3880  34.5394  102.1057     20.4   21.6   73.2 -999.9   56    4.8 0 0 0
C1  2.3888  34.5392  102.1057     20.4   21.4   73.6 -999.9   71    8.0 0 0 0
C1  2.3898  34.5391  102.1054     20.4   21.6   73.6 -999.9  330    9.1 0 1 0
C1  2.3908  34.5391  102.1046     20.4   21.3   72.5 -999.9   50    9.2 0 1 0
C1  2.3918  34.5390  102.1035     20.5   21.4   72.4 -999.9   49   11.7 0 0 0
C1  2.3928  34.5390  102.1025     20.8   21.7   71.0 -999.9   62   14.7 0 0 0
C1  2.4005  34.5390  102.1016     21.0   20.6   71.5 -999.9   53   13.5 0 0 0
C1  2.4015  34.5390  102.1013     20.8   21.0   73.1 -999.9   65   13.9 0 1 0
C1  2.4025  34.5390  102.1012     20.5   21.3   73.3 -999.9   57   10.8 0 1 0
C1  2.4037  34.5390  102.1012     20.5   21.4   73.2 -999.9   51    8.6 0 0 0
C1  2.4047  34.5390  102.1012     20.4   21.2   73.4 -999.9   50    6.8 0 0 0
C1  2.4057  34.5389  102.1012     20.4   21.0   73.8 -999.9   54    6.5 0 0 0
C1  2.4065  34.5389  102.1012     20.4   21.2   73.7 -999.9   62    8.0 0 0 0
C1  2.4075  34.5389  102.1008     20.4   21.0   73.3 -999.9   52    4.0 0 1 0
C1  2.4085  34.5389  102.1001     20.4   20.9   73.2 -999.9   62    6.7 0 0 0
C1  2.4095  34.5389  102.0993     20.4   21.0   73.4 -999.9   63    7.3 0 0 0
C1  2.4172  34.5389  102.0984     20.4   21.2   73.8 -999.9   79    5.9 0 0 0
C1  2.4182  34.5388  102.0975     20.4   21.1   73.9 -999.9   74    6.8 0 0 0
C1  2.4192  34.5388  102.0967     20.4   20.9   74.2 -999.9   83    9.9 0 1 0
C1  2.4202  34.5388  102.0963     20.4   21.4   74.3 -999.9   88   12.9 0 1 0
C1  2.4212  34.5387  102.0962     20.3   20.8   74.6 -999.9   90   12.6 0 1 0
C1  2.4222  34.5387  102.0962     20.3   20.7   74.3 -999.9   89    8.2 0 0 0
C1  2.4232  34.5387  102.0962     20.4   21.1   74.1 -999.9   82    7.6 0 0 0
C1  2.4242  34.5386  102.0962     20.4   20.9   74.0 -999.9   74    9.6 0 0 0
C1  2.4252  34.5386  102.0962     20.4   20.9   73.6 -999.9   74    8.8 0 0 0
C1  2.4262  34.5386  102.0962     20.5   20.8   72.7 -999.9   73    9.1 0 0 0
C1  2.4338  34.5386  102.0962     20.6   21.1   72.4 -999.9   83   10.4 0 0 0
C1  2.4348  34.5386  102.0962     20.7   20.8   71.5 -999.9   81    9.5 0 0 0
C1  2.4358  34.5385  102.0962     20.9   21.2   71.1 -999.9   81   10.7 0 0 0
C1  2.4368  34.5385  102.0962     21.1   21.3   70.6 -999.9   71   11.1 0 0 0
C1  2.4380  34.5385  102.0962     21.1   21.3   70.8 -999.9   76    9.3 0 0 0
C1  2.4388  34.5385  102.0962     21.1   21.0   71.9 -999.9   83    9.0 0 0 0
C1  2.4398  34.5384  102.0962     21.1   20.7   71.6 -999.9   85    7.6 0 0 0
C1  2.4408  34.5384  102.0962     21.1   21.0   71.5 -999.9   82    8.6 0 0 0
C1  2.4418  34.5384  102.0957     21.1   20.9   71.8 -999.9  196    0.7 0 1 0
C1  2.4428  34.5384  102.0947     21.1   20.9   71.9 -999.9  112    2.3 0 1 0
C1  2.4505  34.5384  102.0935     21.1   20.6   71.9 -999.9   96    9.7 0 0 0
C1  2.4515  34.5384  102.0925     21.1   21.4   71.5 -999.9   86    9.8 0 0 0
C1  2.4525  34.5383  102.0914     21.1   21.0   71.8 -999.9   91    8.8 0 0 0
C1  2.4535  34.5383  102.0903     21.1   21.2   71.1 -999.9   84    8.8 0 0 0
C1  2.4545  34.5383  102.0891     21.1   21.5   72.6 -999.9   97    8.9 0 0 0
C1  2.4555  34.5382  102.0880     20.9   21.2   66.6 -999.9   85   10.1 0 0 0
C1  2.4565  34.5382  102.0867     21.2   20.9   72.7 -999.9  101    8.3 0 0 0
C1  2.4575  34.5382  102.0853     20.9   21.2   73.3 -999.9   95    6.0 0 0 0
C1  2.4585  34.5382  102.0839     20.8   20.8   73.2 -999.9   90    6.2 0 0 0
C1  2.4595  34.5382  102.0826     20.8   21.7   72.6 -999.9   83    5.4 0 0 0
C1  2.4672  34.5382  102.0812     20.8   21.0   72.8 -999.9   79    2.1 0 0 0
C1  2.4682  34.5381  102.0799     20.7   20.7   73.4 -999.9   74    2.8 0 0 0
C1  2.4692  34.5381  102.0786     20.6   21.0   73.6 -999.9   95    3.7 0 0 0
C1  2.4702  34.5381  102.0774     20.6   21.2   73.5 -999.9  143    2.5 0 0 0
C1  2.4712  34.5381  102.0761     20.5   21.0   73.1 -999.9  103    3.2 0 0 0
C1  2.4722  34.5381  102.0748     20.6   20.5   72.8 -999.9  117    1.8 0 0 0
C1  2.4732  34.5381  102.0735     20.5   21.1   73.4 -999.9  117    6.6 0 0 0
C1  2.4742  34.5381  102.0724     20.7   21.2   72.7 -999.9  117    6.0 0 0 0
C1  2.4752  34.5381  102.0713     20.7   21.1   72.8 -999.9  130    4.3 0 0 0
C1  2.4762  34.5380  102.0701     20.7   21.1   73.2 -999.9  148    5.6 0 0 0
C1  2.4838  34.5380  102.0688     20.5   20.9   73.8 -999.9  139    4.9 0 0 0
C1  2.4848  34.5380  102.0675     20.5   21.1   74.4 -999.9  124    7.7 0 0 0
C1  2.4858  34.5380  102.0662     20.4   21.2   74.4 -999.9  127    7.5 0 0 0
C1  2.4868  34.5380  102.0650     20.4   20.8   74.4 -999.9  125    7.5 0 0 0
C1  2.4878  34.5380  102.0637     20.4   21.1   74.6 -999.9  134    8.2 0 0 0
C1  2.4888  34.5380  102.0625     20.3   20.0   74.6 -999.9  137    8.1 0 0 0
C1  2.4898  34.5380  102.0612     20.1   20.9   75.0 -999.9  103    5.8 0 0 0
C1  2.4908  34.5380  102.0600     20.0   20.9   74.8 -999.9   96   12.1 0 0 0
C1  2.4918  34.5380  102.0588     20.0   21.2   75.1 -999.9   86   14.0 0 0 0
C1  2.4928  34.5380  102.0578     19.9   20.9   75.3 -999.9   86   12.4 0 0 0
C1  2.5005  34.5380  102.0568     19.9   21.0   75.6 -999.9   95    9.0 0 0 0
C1  2.5015  34.5380  102.0557     19.6   20.9   75.3 -999.9   83   12.6 0 0 0
C1  2.5025  34.5380  102.0549     19.6   20.9   75.7 -999.9   80   10.0 0 0 0
C1  2.5035  34.5380  102.0540     19.6   20.8   76.3 -999.9   88    8.9 0 0 0
C1  2.5045  34.5380  102.0531     19.4   20.4   76.5 -999.9   80    7.9 0 0 0
C1  2.5055  34.5380  102.0520     19.4   21.1   76.8 -999.9   73    8.9 0 0 0
C1  2.5065  34.5380  102.0509     19.4   20.8   76.6 -999.9   77   10.8 0 0 0
C1  2.5075  34.5380  102.0500     19.3   20.9   77.0 -999.9   73   14.0 0 1 0
C1  2.5085  34.5380  102.0494     19.2   20.6   76.8 -999.9   73   12.8 0 0 0
C1  2.5095  34.5380  102.0485     19.2   20.8   76.7 -999.9   62    7.9 0 1 0
C1  2.5172  34.5380  102.0475     19.2   20.4   77.1 -999.9   72   10.1 0 0 0
C1  2.5182  34.5380  102.0465     19.1   20.2   77.5 -999.9   67   10.2 0 0 0
C1  2.5192  34.5380  102.0453     19.0   20.2   77.9 -999.9   69    8.8 0 0 0
C1  2.5202  34.5380  102.0444     18.9   20.0   78.3 -999.9   77   10.7 0 1 0
C1  2.5212  34.5380  102.0437     18.9   20.2   78.9 -999.9   75    9.7 0 0 0
C1  2.5222  34.5380  102.0431     18.9   19.9   78.7 -999.9   73   10.0 0 0 0
C1  2.5232  34.5380  102.0425     18.9   20.1   78.9 -999.9   73    8.5 0 0 0
C1  2.5242  34.5380  102.0419     18.9   20.0   79.3 -999.9   73   10.5 0 0 0
C1  2.5252  34.5380  102.0413     18.9   19.5   79.1 -999.9   79    8.5 0 0 0
C1  2.5262  34.5380  102.0407     18.9   19.6   78.9 -999.9   74    8.0 0 0 0
C1  2.5338  34.5380  102.0400     19.1   19.2   78.0 -999.9   90    8.5 0 0 0
C1  2.5348  34.5380  102.0394     19.2   19.9   78.2 -999.9  102    6.9 0 0 0
C1  2.5358  34.5380  102.0387     19.4   20.1   78.8 -999.9   84    7.0 0 0 0
C1  2.5368  34.5379  102.0379     19.2   19.7   79.4 -999.9   75    7.5 0 0 0
C1  2.5378  34.5378  102.0371     19.2   20.3   79.7 -999.9   87   10.8 0 0 0
C1  2.5388  34.5377  102.0365     19.2   20.0   80.0 -999.9   97   10.3 0 0 0
C1  2.5398  34.5376  102.0361     19.2   19.9   80.5 -999.9   96   12.2 0 0 0
C1  2.5408  34.5376  102.0358     19.2   20.1   80.2 -999.9   94   12.0 0 0 0
C1  2.5418  34.5376  102.0357     19.2   20.0   80.4 -999.9   87   12.3 0 0 0
C1  2.5430  34.5376  102.0357     19.2   20.2   80.8 -999.9   88    9.5 0 0 0
C1  2.5505  34.5376  102.0356     19.2   19.7   80.8 -999.9   85   10.7 0 0 0
C1  2.5517  34.5376  102.0356     19.2   20.2   81.1 -999.9   84    9.3 0 0 0
C1  2.5527  34.5376  102.0356     19.2   20.0   80.9 -999.9   99    9.3 0 0 0
C1  2.5537  34.5376  102.0355     19.2   19.3   81.4 -999.9   79    6.6 0 0 0
C1  2.5547  34.5376  102.0355     19.2   19.6   81.2 -999.9   65    6.5 0 0 0
C1  2.5557  34.5376  102.0354     19.2   19.7   81.3 -999.9   89    6.0 0 0 0
C1  2.5567  34.5376  102.0354     19.2   19.8   81.3 -999.9   90    7.5 0 0 0
C1  2.5577  34.5376  102.0353     19.2   19.6   81.7 -999.9   91    6.8 0 0 0
C1  2.5585  34.5376  102.0352     19.2   19.9   81.5 -999.9  108    5.4 0 0 0
C1  2.5595  34.5376  102.0350     19.2   20.0   81.5 -999.9  108    7.6 0 0 0
C1  2.5672  34.5375  102.0348     19.1   20.1   81.7 -999.9  105    8.8 0 0 0
C1  2.5682  34.5374  102.0345     19.0   19.8   81.8 -999.9  119    6.4 0 0 0
C1  2.5692  34.5374  102.0340     19.0   19.8   81.9 -999.9  121    8.0 0 0 0
C1  2.5702  34.5372  102.0335     19.0   19.3   82.0 -999.9  116    8.5 0 0 0
C1  2.5712  34.5370  102.0329     19.0   19.5   82.3 -999.9  109    7.9 0 0 0
C1  2.5722  34.5368  102.0323     19.0   19.6   82.3 -999.9  112   10.4 0 0 0
C1  2.5732  34.5366  102.0318     19.0   19.1   82.1 -999.9  103   14.4 0 1 0
C1  2.5742  34.5365  102.0316     19.0   19.8   82.3 -999.9   97    7.8 0 0 0
C1  2.5752  34.5365  102.0315     18.9   19.3   82.4 -999.9   96    7.9 0 0 0
C1  2.5762  34.5365  102.0314     18.9   19.4   82.8 -999.9   53    1.5 0 1 0
C1  2.5838  34.5363  102.0309     18.9   19.6   83.0 -999.9   77    3.1 0 0 0
C1  2.5848  34.5361  102.0304     18.7   20.2   83.0 -999.9  110    4.7 0 0 0
C1  2.5858  34.5359  102.0299     18.8   19.4   82.7 -999.9  118    6.3 0 0 0
C1  2.5872  34.5356  102.0291     18.8   19.3   83.1 -999.9   82    6.2 0 0 0
C1  2.5878  34.5354  102.0287     18.9   19.7   83.2 -999.9   73    6.5 0 0 0
C1  2.5888  34.5352  102.0281     18.9   19.1   83.5 -999.9   78    5.9 0 0 0
C1  2.5898  34.5350  102.0275     18.8   19.6   83.7 -999.9   58    6.5 0 0 0
C1  2.5908  34.5347  102.0267     18.8   19.3   83.7 -999.9   56    6.2 0 0 0
C1  2.5918  34.5343  102.0259     18.9   19.5   83.8 -999.9   40    3.8 0 0 0
C1  2.5928  34.5339  102.0248     18.9   18.8   84.0 -999.9   50    3.7 0 0 0
C1  2.6005  34.5335  102.0238     18.9   19.2   83.9 -999.9   94    8.5 0 0 0
C1  2.6015  34.5331  102.0228     18.9   19.5   83.7 -999.9  131    5.2 0 0 0
C1  2.6025  34.5326  102.0217     18.9   19.7   83.8 -999.9  119    3.6 0 0 0
C1  2.6035  34.5322  102.0206     18.9   19.4   84.1 -999.9   86    2.2 0 0 0
C1  2.6045  34.5318  102.0195     18.9   19.6   84.2 -999.9  155    2.3 0 0 0
C1  2.6055  34.5313  102.0183     18.9   19.6   83.9 -999.9  156    2.7 0 0 0
C1  2.6065  34.5309  102.0170     19.0   19.6   83.7 -999.9   91    2.8 0 0 0
C1  2.6075  34.5306  102.0157     19.1   19.2   83.9 -999.9   91    5.5 0 0 0
C1  2.6085  34.5303  102.0144     19.1   19.4   83.7 -999.9   58    6.0 0 0 0
C1  2.6095  34.5302  102.0131     19.2   19.4   83.7 -999.9   57    6.3 0 0 0
C1  2.6172  34.5301  102.0117     19.4   19.2   83.4 -999.9   69    4.9 0 0 0
C1  2.6182  34.5300  102.0104     19.5   19.1   83.4 -999.9   90    6.4 0 0 0
C1  2.6192  34.5300  102.0090     19.9   19.6   83.9 -999.9  136    6.7 0 0 0
C1  2.6202  34.5300  102.0077     19.8   19.4   83.6 -999.9  144    4.2 0 0 0
C1  2.6212  34.5300  102.0063     19.9   18.8   83.8 -999.9  143    4.2 0 0 0
C1  2.6222  34.5300  102.0049     20.1   19.9   83.8 -999.9  148    7.9 0 0 0
C1  2.6232  34.5300  102.0036     20.3   19.3   83.0 -999.9  134    4.1 0 0 0
C1  2.6242  34.5299  102.0022     20.4   19.4   83.3 -999.9  118    4.5 0 0 0
C1  2.6252  34.5299  102.0008     20.4   19.4   83.4 -999.9  131    5.7 0 0 0
C1  2.6262  34.5299  101.9994     20.8   20.0   83.0 -999.9  111    7.6 0 0 0
C1  2.6338  34.5299  101.9980     20.7   19.4   81.8 -999.9   98    6.3 0 0 0
C1  2.6348  34.5299  101.9966     20.6   19.1   80.6 -999.9   62    6.5 0 0 0
C1  2.6358  34.5299  101.9952     20.4   20.1   79.3 -999.9   57    7.9 0 0 0
C1  2.6368  34.5299  101.9937     20.3   19.7   79.3 -999.9   62    5.9 0 0 0
C1  2.6378  34.5299  101.9923     19.8   20.0   79.3 -999.9   69    7.2 0 0 0
C1  2.6388  34.5298  101.9909     19.9   19.9   79.1 -999.9   67    5.5 0 0 0
C1  2.6398  34.5298  101.9895     19.9   19.9   79.5 -999.9   72    4.3 0 0 0
C1  2.6408  34.5298  101.9881     19.8   19.6   79.9 -999.9   82    4.7 0 0 0
C1  2.6418  34.5298  101.9864     20.1   20.0   80.1 -999.9   76    3.0 0 1 0
C1  2.6428  34.5298  101.9845     20.1   19.8   79.7 -999.9   87    5.7 0 0 0
C1  2.6505  34.5298  101.9827     19.9   19.9   79.3 -999.9   81    8.4 0 0 0
C1  2.6515  34.5297  101.9811     20.1   19.6   79.6 -999.9   77    8.8 0 0 0
C1  2.6525  34.5297  101.9796     19.9   20.0   80.5 -999.9   73    7.1 0 0 0
C1  2.6535  34.5297  101.9780     19.9   20.2   80.2 -999.9   71    6.3 0 0 0
C1  2.6545  34.5297  101.9763     19.7   19.8   79.9 -999.9   65    6.0 0 0 0
C1  2.6555  34.5297  101.9748     20.0   20.0   79.4 -999.9   67    8.0 0 0 0
C1  2.6565  34.5297  101.9732     19.8   19.8   75.6 -999.9   62    7.7 0 0 0
C1  2.6575  34.5297  101.9717     19.8   19.6   79.7 -999.9   66    7.7 0 0 0
C1  2.6585  34.5297  101.9701     19.8   20.2   79.9 -999.9   68    6.5 0 0 0
C1  2.6595  34.5297  101.9686     19.8   20.0   79.8 -999.9   65    9.9 0 0 0
C1  2.6672  34.5297  101.9671     19.8   19.9   79.4 -999.9   60   10.8 0 0 0
C1  2.6682  34.5297  101.9656     19.4   19.9   79.6 -999.9   61    7.4 0 0 0
C1  2.6692  34.5297  101.9641     19.6   19.8   79.4 -999.9   67    8.3 0 0 0
C1  2.6702  34.5297  101.9627     19.6   19.3   79.4 -999.9   72    6.9 0 0 0
C1  2.6712  34.5296  101.9613     19.2   20.2   79.7 -999.9   59    7.2 0 0 0
C1  2.6722  34.5296  101.9599     19.1   19.7   79.8 -999.9   70    8.9 0 0 0
C1  2.6732  34.5296  101.9586     19.2   20.3   80.3 -999.9   65    8.8 0 0 0
C1  2.6742  34.5296  101.9572     19.2   20.0   80.3 -999.9   67    9.7 0 0 0
C1  2.6752  34.5296  101.9558     19.1   20.1   80.5 -999.9   48   10.6 0 0 0
C1  2.6762  34.5296  101.9544     19.0   19.7   80.8 -999.9   40   10.3 0 0 0
C1  2.6838  34.5296  101.9530     19.0   19.5   80.6 -999.9   40   11.0 0 0 0
C1  2.6848  34.5296  101.9516     18.8   20.1   81.0 -999.9   32   10.3 0 0 0
C1  2.6858  34.5296  101.9501     19.0   19.6   81.5 -999.9   41   10.0 0 0 0
C1  2.6868  34.5296  101.9487     18.8   20.0   81.4 -999.9   46   11.6 0 0 0
C1  2.6878  34.5296  101.9472     18.8   19.6   81.8 -999.9   47    8.3 0 0 0
C1  2.6888  34.5295  101.9457     18.8   20.0   82.0 -999.9   36    6.6 0 0 0
C1  2.6898  34.5295  101.9442     18.6   19.7   82.3 -999.9   39    7.5 0 0 0
C1  2.6908  34.5295  101.9426     18.6   19.7   82.4 -999.9   66    5.5 0 0 0
C1  2.6918  34.5295  101.9410     18.8   19.7   82.1 -999.9   63    6.5 0 0 0
C1  2.6928  34.5295  101.9395     19.0   19.5   82.2 -999.9   59    6.4 0 0 0
C1  2.7005  34.5295  101.9379     19.0   19.4   82.0 -999.9   77    7.9 0 0 0
C1  2.7015  34.5294  101.9364     18.8   19.5   82.1 -999.9   73   11.2 0 0 0
C1  2.7025  34.5294  101.9349     18.5   19.5   82.2 -999.9   74    8.3 0 0 0
C1  2.7035  34.5294  101.9334     18.6   19.1   82.6 -999.9   49    8.9 0 0 0
C1  2.7045  34.5294  101.9319     18.4   19.4   82.7 -999.9   50    9.5 0 0 0
C1  2.7055  34.5294  101.9304     18.4   19.7   82.6 -999.9   69    9.4 0 0 0
C1  2.7065  34.5294  101.9289     18.4   19.4   82.6 -999.9   59    9.9 0 0 0
C1  2.7075  34.5294  101.9275     18.4   19.1   82.2 -999.9   70    7.8 0 0 0
C1  2.7085  34.5294  101.9260     18.4   19.3   82.4 -999.9   64    6.9 0 0 0
C1  2.7095  34.5294  101.9246     18.4   19.4   82.4 -999.9   54    4.6 0 0 0
C1  2.7172  34.5294  101.9231     18.4   19.6   82.2 -999.9   47    4.1 0 0 0
C1  2.7182  34.5294  101.9215     18.3   19.4   82.3 -999.9   46    4.7 0 0 0
C1  2.7192  34.5294  101.9201     18.2   19.3   82.7 -999.9   55    4.0 0 0 0
C1  2.7202  34.5294  101.9186     18.7   19.4   74.6 -999.9   34    2.8 0 0 0
C1  2.7212  34.5294  101.9172     18.4   19.2   63.2 -999.9   26    4.5 1 0 0
C1  2.7222  34.5294  101.9158     18.4   19.1   80.8 -999.9   43    2.5 0 0 0
C1  2.7232  34.5294  101.9143     18.6   18.6   77.0 -999.9   89    5.6 0 0 0
C1  2.7242  34.5294  101.9128     19.0   19.2   76.9 -999.9  104    7.7 0 0 0
C1  2.7252  34.5294  101.9114     19.2   19.1   75.2 -999.9  107   10.5 0 0 0
C1  2.7262  34.5294  101.9100     19.6   19.3   81.8 -999.9  127    9.3 0 0 0
C1  2.7338  34.5294  101.9086     19.6   19.2   81.7 -999.9  135    6.6 0 0 0
C1  2.7348  34.5294  101.9072     19.6   19.3   81.5 -999.9   90    6.0 0 0 0
C1  2.7358  34.5294  101.9058     19.8   18.7   80.7 -999.9   67   11.3 0 0 0
C1  2.7368  34.5294  101.9048     19.5   19.2   80.4 -999.9   65   14.2 0 1 0
C1  2.7378  34.5294  101.9038     19.5   19.1   80.5 -999.9   67    9.9 0 0 0
C1  2.7388  34.5294  101.9026     19.6   19.3   79.4 -999.9   58    9.1 0 0 0
C1  2.7398  34.5294  101.9013     19.8   19.3   79.1 -999.9   64    4.8 0 0 0
C1  2.7408  34.5294  101.8998     19.8   19.5   78.7 -999.9   54    6.8 0 0 0
C1  2.7418  34.5294  101.8983     19.8   19.6   78.5 -999.9   57    7.2 0 0 0
C1  2.7428  34.5294  101.8969     19.6   19.3   79.6 -999.9   77    7.5 0 0 0
C1  2.7505  34.5294  101.8954     20.0   19.2   79.8 -999.9   87   10.7 0 0 0
C1  2.7515  34.5294  101.8940     20.3   18.8   78.3 -999.9   69   10.6 0 0 0
C1  2.7525  34.5294  101.8925     20.5   19.7   77.1 -999.9   60    7.7 0 0 0
C1  2.7537  34.5294  101.8907     20.6   19.2   78.1 -999.9   72    7.6 0 0 0
C1  2.7545  34.5294  101.8894     20.5   19.4   79.6 -999.9   71    7.4 0 0 0
C1  2.7555  34.5294  101.8879     20.7   20.0   79.8 -999.9  100   10.5 0 0 0
C1  2.7565  34.5294  101.8865     21.2   19.6   77.5 -999.9   84    3.8 0 0 0
C1  2.7575  34.5294  101.8849     21.2   20.1   77.7 -999.9   63    5.5 0 0 0
C1  2.7585  34.5294  101.8834     21.3   19.7   77.3 -999.9   88    7.2 0 0 0
C1  2.7595  34.5294  101.8819     21.6   19.8   76.7 -999.9   90    8.0 0 0 0
C1  2.7672  34.5294  101.8804     21.7   19.5   76.2 -999.9   69    5.5 0 0 0
C1  2.7682  34.5294  101.8790     21.9   20.4   75.8 -999.9  109    9.7 0 0 0
C1  2.7692  34.5294  101.8774     22.1   19.8   74.8 -999.9  124    3.1 0 0 0
C1  2.7702  34.5294  101.8760     22.1   20.3   75.0 -999.9   75    2.9 0 0 0
C1  2.7712  34.5294  101.8745     22.2   20.6   70.0 -999.9   58    3.6 0 0 0
C1  2.7722  34.5294  101.8730     21.9   20.2   74.4 -999.9   62    8.6 0 0 0
C1  2.7732  34.5294  101.8716     21.4   20.5   73.3 -999.9   63   12.5 0 0 0
C1  2.7742  34.5294  101.8701     20.8   20.4   72.7 -999.9   54   10.2 0 0 0
C1  2.7752  34.5294  101.8687     20.4   20.9   73.2 -999.9   68    9.0 0 0 0
C1  2.7762  34.5294  101.8672     20.1   20.9   73.8 -999.9   85    8.8 0 0 0
C1  2.7838  34.5294  101.8658     19.9   20.5   73.8 -999.9   66    8.6 0 0 0
C1  2.7848  34.5294  101.8643     19.7   20.7   73.7 -999.9   61    8.8 0 0 0
C1  2.7858  34.5294  101.8629     19.6   20.2   74.7 -999.9   54    9.9 0 0 0
C1  2.7868  34.5294  101.8614     19.3   20.8   75.7 -999.9   61   11.1 0 0 0
C1  2.7878  34.5294  101.8599     19.2   20.5   76.3 -999.9   67   14.1 0 0 0
C1  2.7888  34.5294  101.8583     19.4   20.5   76.8 -999.9   65   14.3 0 0 0
C1  2.7898  34.5294  101.8568     19.3   20.8   76.7 -999.9   65   12.4 0 0 0
C1  2.7908  34.5294  101.8553     19.4   20.0   76.7 -999.9   70    9.9 0 0 0
C1  2.7918  34.5294  101.8538     19.5   20.7   77.1 -999.9   69    9.7 0 0 0
C1  2.7928  34.5294  101.8523     20.0   20.1   76.7 -999.9   70   11.6 0 0 0
C1  2.8005  34.5294  101.8509     20.3   20.2   77.0 -999.9   64   12.7 0 0 0
C1  2.8015  34.5294  101.8496     20.6   20.2   76.5 -999.9   59   11.5 0 0 0
C1  2.8025  34.5294  101.8482     20.5   20.3   76.8 -999.9   53    9.1 0 0 0
C1  2.8035  34.5294  101.8467     20.4   19.8   76.7 -999.9   58    9.3 0 0 0
C1  2.8045  34.5294  101.8452     20.3   20.3   76.7 -999.9   66    8.6 0 0 0
C1  2.8055  34.5294  101.8437     20.3   20.5   77.0 -999.9   60    8.5 0 0 0
C1  2.8065  34.5294  101.8422     20.1   20.7   76.7 -999.9   58   10.9 0 0 0
C1  2.8075  34.5294  101.8407     20.0   20.7   77.3 -999.9   57   10.4 0 0 0
C1  2.8085  34.5294  101.8393     19.7   20.1   77.7 -999.9   54   10.8 0 0 0
C1  2.8095  34.5294  101.8380     19.8   20.1   77.8 -999.9   50    6.7 0 0 0
C1  2.8172  34.5294  101.8365     19.6   19.9   78.1 -999.9   28    6.4 0 0 0
C1  2.8182  34.5294  101.8350     19.8   20.4   65.2 -999.9   50    6.1 1 0 0
C1  2.8192  34.5294  101.8335     19.7   20.4   77.8 -999.9   39    6.0 0 0 0
C1  2.8202  34.5294  101.8320     19.5   20.5   78.1 -999.9   37    7.6 0 0 0
C1  2.8212  34.5294  101.8305     19.4   19.9   77.9 -999.9   29    7.0 0 0 0
C1  2.8222  34.5294  101.8289     19.1   20.2   78.6 -999.9   45    8.3 0 0 0
C1  2.8232  34.5294  101.8272     19.2   20.4   79.2 -999.9   41    8.4 0 0 0
C1  2.8242  34.5294  101.8256     19.2   20.1   79.3 -999.9   36   13.2 0 0 0
C1  2.8252  34.5294  101.8241     19.0   20.3   79.1 -999.9   42   11.8 0 0 0
C1  2.8262  34.5295  101.8226     19.0   19.6   79.0 -999.9   46   10.5 0 0 0
C1  2.8338  34.5295  101.8212     19.0   19.9   78.8 -999.9   60    9.2 0 0 0
C1  2.8348  34.5295  101.8197     19.9   20.2   76.5 -999.9   60    8.2 0 0 0
C1  2.8358  34.5295  101.8181     20.5   20.1   76.1 -999.9   45    6.3 0 0 0
C1  2.8368  34.5295  101.8166     20.4   20.1   77.7 -999.9   21    6.7 0 0 0
C1  2.8378  34.5295  101.8151     19.9   20.0   78.8 -999.9   24    7.0 0 0 0
C1  2.8388  34.5295  101.8136     19.5   20.4   79.4 -999.9   22    5.9 0 0 0
C1  2.8398  34.5295  101.8121     19.4   19.4   79.0 -999.9   21    6.5 0 0 0
C1  2.8408  34.5295  101.8106     19.4   20.0   78.6 -999.9   31    9.8 0 0 0
C1  2.8418  34.5295  101.8091     19.2   20.0   78.7 -999.9   33   11.0 0 0 0
C1  2.8428  34.5295  101.8077     19.2   20.1   78.6 -999.9   44   10.9 0 0 0
C1  2.8505  34.5295  101.8063     19.1   20.0   78.7 -999.9   34   11.2 0 0 0
C1  2.8515  34.5295  101.8050     19.1   20.0   77.9 -999.9   20   10.2 0 0 0
C1  2.8525  34.5295  101.8036     19.1   19.3   78.6 -999.9   16    8.9 0 0 0
C1  2.8535  34.5295  101.8022     18.9   20.6   78.8 -999.9   16   10.1 0 0 0
C1  2.8545  34.5295  101.8010     18.9   20.1   79.3 -999.9   37    7.1 0 0 0
C1  2.8555  34.5295  101.8001     18.9   19.8   79.9 -999.9   74    6.0 0 0 0
C1  2.8565  34.5295  101.7992     18.9   19.9   79.9 -999.9   45    6.6 0 0 0
C1  2.8575  34.5295  101.7981     19.0   19.9   80.2 -999.9   41    6.7 0 0 0
C1  2.8585  34.5295  101.7971     18.9   19.8   80.0 -999.9   52   11.4 0 0 0
C1  2.8595  34.5295  101.7962     18.9   19.7   79.5 -999.9   47    8.3 0 0 0
C1  2.8672  34.5295  101.7953     18.9   19.7   80.2 -999.9   56    7.5 0 0 0
C1  2.8682  34.5295  101.7946     18.9   19.8   79.6 -999.9   46    9.8 0 0 0
C1  2.8692  34.5296  101.7942     18.9   19.5   79.5 -999.9   30    6.0 0 1 0
C1  2.8702  34.5302  101.7941     19.2   19.3   79.6 -999.9   94    4.6 0 1 0
C1  2.8712  34.5309  101.7943     18.8   18.9   80.1 -999.9   48    7.5 0 1 0
C1  2.8722  34.5317  101.7944     18.6   19.6   68.5 -999.9   54    9.7 0 1 0
C1  2.8732  34.5328  101.7946     18.4   19.5   14.2 -999.9   37   10.4 1 0 0
C1  2.8742  34.5341  101.7948     18.5   19.1   79.9 -999.9   56    9.4 0 0 0
C1  2.8752  34.5354  101.7947     18.6   19.9   80.0 -999.9   71    6.2 0 0 0
C1  2.8762  34.5368  101.7946     18.8   19.6   80.5 -999.9   61    8.7 0 0 0
C1  2.8838  34.5382  101.7944     18.9   19.4   80.9 -999.9   60   14.3 0 0 0
C1  2.8848  34.5396  101.7943     18.9   19.1   81.3 -999.9   55   10.8 0 0 0
C1  2.8858  34.5409  101.7943     19.0   19.3   80.7 -999.9   52   12.6 0 0 0
C1  2.8868  34.5422  101.7943     19.1   19.4   80.2 -999.9   54   14.5 0 0 0
C1  2.8878  34.5436  101.7943     19.0   19.3   79.8 -999.9   62   13.5 0 0 0
C1  2.8888  34.5449  101.7943     19.0   19.6   79.8 -999.9   62   12.8 0 0 0
C1  2.8898  34.5462  101.7943     18.8   19.5   79.7 -999.9   55   12.4 0 0 0
C1  2.8908  34.5475  101.7943     18.8   19.5   79.8 -999.9   51   10.6 0 0 0
C1  2.8918  34.5488  101.7943     18.5   19.4   80.0 -999.9   42    9.1 0 0 0
C1  2.8928  34.5501  101.7943     18.4   18.8   79.7 -999.9   59    9.5 0 0 0
C1  2.9005  34.5514  101.7943     18.1   19.7   79.9 -999.9   57   11.1 0 0 0
C1  2.9015  34.5526  101.7943     18.3   19.6   80.2 -999.9   59   11.9 0 0 0
C1  2.9025  34.5538  101.7943     18.4   19.5   80.5 -999.9   57   11.0 0 0 0
C1  2.9035  34.5549  101.7943     18.4   19.3   80.6 -999.9   67   10.4 0 0 0
C1  2.9045  34.5562  101.7944     18.4   19.1   80.6 -999.9   71    9.2 0 0 0
C1  2.9055  34.5574  101.7944     18.1   19.5   80.6 -999.9   70   10.6 0 0 0
C1  2.9065  34.5587  101.7944     18.0   19.0   80.7 -999.9   70   11.8 0 0 0
C1  2.9075  34.5598  101.7944     18.3   18.7   80.9 -999.9   65   13.0 0 0 0
C1  2.9085  34.5611  101.7944     18.3   18.7   80.8 -999.9   73   10.8 0 0 0
C1  2.9095  34.5624  101.7944     18.1   19.2   81.1 -999.9   73   11.0 0 0 0
C1  2.9172  34.5636  101.7944     18.1   18.6   81.2 -999.9   71   10.7 0 0 0
C1  2.9182  34.5649  101.7944     18.1   18.9   81.2 -999.9   85   11.0 0 0 0
C1  2.9192  34.5662  101.7944     17.9   19.2   81.4 -999.9   85    8.3 0 0 0
C1  2.9202  34.5675  101.7944     17.9   18.9   81.3 -999.9   82    8.6 0 0 0
C1  2.9212  34.5688  101.7944     17.9   19.2   81.3 -999.9   85   10.6 0 0 0
C1  2.9222  34.5701  101.7943     17.7   18.8   81.4 -999.9   93   11.6 0 0 0
C1  2.9232  34.5714  101.7942     17.7   18.5   81.8 -999.9  111   10.6 0 0 0
C1  2.9242  34.5725  101.7939     17.5   18.7   81.6 -999.9   82   10.7 0 1 0
C1  2.9252  34.5736  101.7937     17.3   18.8   81.9 -999.9   78    5.8 0 0 0
C1  2.9262  34.5747  101.7935     17.3   18.5   82.4 -999.9  110    2.6 0 0 0
C1  2.9338  34.5758  101.7933     17.2   18.5   82.8 -999.9  108   10.0 0 0 0
C1  2.9348  34.5770  101.7931     16.9   18.6   81.9 -999.9  103   10.6 0 0 0
C1  2.9358  34.5782  101.7930     16.6   19.0   81.3 -999.9  106   10.9 0 0 0
C1  2.9368  34.5794  101.7931     16.5   18.4   80.9 -999.9  104   11.5 0 0 0
C1  2.9378  34.5807  101.7934     16.4   18.8   80.6 -999.9  100   11.4 0 0 0
C1  2.9388  34.5819  101.7938     16.4   18.1   80.6 -999.9  106   10.5 0 0 0
C1  2.9398  34.5831  101.7945     16.3   18.1   80.8 -999.9  105    8.0 0 0 0
C1  2.9408  34.5843  101.7953     16.3   18.2   80.8 -999.9   90    7.6 0 0 0
C1  2.9418  34.5852  101.7961     16.3   18.1   80.9 -999.9   93    7.6 0 0 0
C1  2.9428  34.5862  101.7969     16.3   17.7   81.3 -999.9   97    8.8 0 0 0
C1  2.9505  34.5872  101.7978     16.2   17.9   82.0 -999.9   92    8.7 0 0 0
C1  2.9515  34.5883  101.7986     16.3   18.1   82.6 -999.9   99   10.1 0 0 0
C1  2.9525  34.5895  101.7994     16.2   18.1   83.1 -999.9   96    9.6 0 0 0
C1  2.9535  34.5906  101.8001     16.2   17.6   83.4 -999.9   80    6.8 0 0 0
C1  2.9545  34.5917  101.8006     16.2   17.8   84.2 -999.9  102    9.5 0 0 0
C1  2.9555  34.5928  101.8011     16.2   18.0   84.6 -999.9  100    8.2 0 0 0
C1  2.9565  34.5939  101.8016     16.1   17.7   84.7 -999.9   98    8.2 0 0 0
C1  2.9575  34.5950  101.8021     16.2   17.4   85.1 -999.9  102    8.7 0 0 0
C1  2.9585  34.5960  101.8026     16.1   17.6   85.6 -999.9  119    7.3 0 0 0
C1  2.9595  34.5971  101.8030     16.2   17.4   86.3 -999.9  103    6.1 0 0 0
C1  2.9672  34.5980  101.8035     16.2   17.5   86.6 -999.9  106    7.9 0 0 0
C1  2.9682  34.5989  101.8039     16.3   17.6   87.0 -999.9  115    9.4 0 0 0
C1  2.9692  34.5998  101.8044     16.3   17.3   87.4 -999.9  129    7.2 0 0 0
C1  2.9702  34.6007  101.8048     16.3   16.7   87.4 -999.9  128    9.5 0 0 0
C1  2.9712  34.6017  101.8052     16.3   17.9   87.3 -999.9  128    9.2 0 0 0
C1  2.9722  34.6026  101.8057     16.4   17.0   87.5 -999.9  132    9.3 0 0 0
C1  2.9732  34.6034  101.8061     16.5   17.2   88.0 -999.9  131   10.0 0 0 0
C1  2.9742  34.6042  101.8065     16.5   17.6   88.3 -999.9  143   11.0 0 0 0
C1  2.9752  34.6049  101.8068     16.5   16.9   88.4 -999.9  124    6.1 0 1 0
C1  2.9762  34.6055  101.8071     16.5   17.2   88.6 -999.9  126    8.5 0 0 0
C1  2.9838  34.6061  101.8074     16.5   17.2   88.5 -999.9  136    7.8 0 0 0
C1  2.9848  34.6067  101.8077     16.4   17.2   88.6 -999.9  129    8.8 0 0 0
C1  2.9858  34.6073  101.8080     16.3   17.4   88.4 -999.9  136    8.2 0 0 0
C1  2.9868  34.6080  101.8083     16.3   17.3   88.0 -999.9  134    9.8 0 0 0
C1  2.9878  34.6088  101.8087     16.3   17.1   87.7 -999.9  138   11.2 0 0 0
C1  2.9888  34.6098  101.8092     16.3   17.1   87.9 -999.9  135   10.4 0 0 0
C1  2.9898  34.6110  101.8097     16.3   17.2   88.0 -999.9  132    8.5 0 0 0
C1  2.9908  34.6121  101.8103     16.5   17.1   88.4 -999.9  113    9.0 0 0 0
C1  2.9918  34.6133  101.8109     16.6   17.7   89.3 -999.9  107   10.1 0 0 0
C1  2.9928  34.6146  101.8114     16.7   16.9   89.6 -999.9  110    7.7 0 0 0
C1  3.0005  34.6157  101.8120     16.7   17.3   89.9 -999.9   95    8.7 0 0 0
C1  3.0015  34.6168  101.8125     16.8   17.1   90.1 -999.9  108    9.9 0 0 0
C1  3.0025  34.6178  101.8130     16.9   17.0   90.7 -999.9  110    9.7 0 0 0
C1  3.0035  34.6189  101.8135     16.8   17.1   90.4 -999.9  110   11.0 0 0 0
C1  3.0045  34.6200  101.8140     16.9   17.3   89.5 -999.9  109   12.2 0 0 0
C1  3.0055  34.6211  101.8145     17.0   16.7   89.1 -999.9  112   12.6 0 0 0
C1  3.0065  34.6223  101.8151     17.1   17.1   88.7 -999.9  107   12.2 0 0 0
C1  3.0075  34.6235  101.8156     17.2   16.9   88.5 -999.9  105   12.1 0 0 0
C1  3.0085  34.6247  101.8161     17.3   17.0   88.3 -999.9   94   11.1 0 0 0
C1  3.0095  34.6259  101.8167     17.4   17.3   87.8 -999.9  106   12.2 0 0 0
C1  3.0172  34.6271  101.8173     17.5   17.5   87.5 -999.9  105   12.3 0 0 0
C1  3.0182  34.6283  101.8178     17.5   16.8   87.3 -999.9  107   13.1 0 0 0
C1  3.0192  34.6295  101.8183     17.4   17.1   87.4 -999.9  118   11.0 0 0 0
C1  3.0202  34.6307  101.8189     17.4   16.9   87.6 -999.9  114   10.7 0 0 0
C1  3.0212  34.6320  101.8195     17.4   17.1   87.6 -999.9  115   11.3 0 0 0
C1  3.0222  34.6333  101.8200     17.4   17.5   87.9 -999.9  111   10.7 0 0 0
C1  3.0232  34.6346  101.8206     17.3   17.3   88.3 -999.9  107   10.1 0 0 0
C1  3.0242  34.6358  101.8212     17.4   17.4   88.5 -999.9  110   10.9 0 0 0
C1  3.0252  34.6371  101.8217     17.4   17.1   88.6 -999.9  114   10.8 0 0 0
C1  3.0262  34.6384  101.8223     17.3   16.9   88.9 -999.9  119    9.4 0 0 0
C1  3.0338  34.6397  101.8229     17.3   17.3   89.2 -999.9  117    9.3 0 0 0
C1  3.0348  34.6409  101.8234     17.2   17.5   89.4 -999.9  109   10.2 0 0 0
C1  3.0358  34.6422  101.8240     17.3   17.2   89.6 -999.9  115   10.3 0 0 0
C1  3.0368  34.6434  101.8245     17.2   16.9   89.8 -999.9  118   10.6 0 0 0
C1  3.0378  34.6447  101.8251     17.3   17.4   89.8 -999.9  128    9.8 0 0 0
C1  3.0388  34.6459  101.8256     17.2   16.9   89.8 -999.9  121    8.1 0 0 0
C1  3.0398  34.6473  101.8262     17.2   17.4   90.1 -999.9  116    7.1 0 0 0
C1  3.0408  34.6486  101.8268     17.2   17.6   81.6 -999.9  109    9.6 1 0 0
C1  3.0418  34.6499  101.8273     17.3   17.1   89.3 -999.9  118   10.1 0 0 0
C1  3.0428  34.6512  101.8278     17.3   17.4   88.9 -999.9  128    7.9 0 0 0
C1  3.0505  34.6526  101.8281     17.4   17.6   89.3 -999.9  104    9.0 0 0 0
C1  3.0515  34.6538  101.8285     17.5   17.7   89.6 -999.9  114    6.7 0 0 0
C1  3.0525  34.6551  101.8288     17.5   17.4   89.6 -999.9  109   12.8 0 0 0
C1  3.0535  34.6564  101.8291     17.6   17.2   89.6 -999.9  133    9.4 0 0 0
C1  3.0545  34.6577  101.8295     17.6   17.6   89.4 -999.9  131    7.9 0 0 0
C1  3.0555  34.6589  101.8298     17.5   17.5   89.5 -999.9  129    6.5 0 0 0
C1  3.0565  34.6601  101.8301     17.5   17.4   89.4 -999.9  124    9.2 0 0 0
C1  3.0575  34.6613  101.8304     17.5   17.3   89.4 -999.9  137    8.6 0 0 0
C1  3.0585  34.6625  101.8307     17.6   17.3   89.3 -999.9  122    8.0 0 0 0
C1  3.0595  34.6638  101.8311     17.5   17.4   89.2 -999.9  127    7.9 0 0 0
C1  3.0672  34.6650  101.8314     17.4   17.2   89.1 -999.9  135    6.2 0 0 0
C1  3.0682  34.6662  101.8317     17.3   17.6   89.0 -999.9  121    7.5 0 0 0
C1  3.0692  34.6674  101.8320     17.2   17.1   88.8 -999.9  115    9.2 0 0 0
C1  3.0702  34.6686  101.8323     17.2   17.5   88.7 -999.9  131    7.3 0 0 0
C1  3.0712  34.6698  101.8327     17.3   17.6   88.6 -999.9  126    7.1 0 0 0
C1  3.0722  34.6711  101.8330     17.2   17.6   88.5 -999.9  135    6.5 0 0 0
C1  3.0732  34.6724  101.8334     17.3   17.8   88.3 -999.9  124    8.3 0 0 0
C1  3.0742  34.6737  101.8337     17.2   17.3   88.3 -999.9  143    6.2 0 0 0
C1  3.0752  34.6750  101.8341     17.3   17.8   88.4 -999.9  122    6.4 0 0 0
C1  3.0762  34.6763  101.8344     17.2   17.8   88.4 -999.9  116    5.7 0 0 0
C1  3.0838  34.6775  101.8348     17.2   17.4   88.3 -999.9  125    7.8 0 0 0
C1  3.0848  34.6788  101.8351     17.2   17.5   88.3 -999.9  135    7.3 0 0 0
C1  3.0858  34.6801  101.8355     17.2   17.5   88.7 -999.9  124    5.7 0 0 0
C1  3.0868  34.6813  101.8358     17.2   17.0   89.0 -999.9  128    5.3 0 0 0
C1  3.0878  34.6826  101.8361     17.1   17.8   89.3 -999.9  127    5.6 0 0 0
C1  3.0888  34.6838  101.8365     17.1   17.7   89.3 -999.9  129    5.1 0 0 0
C1  3.0898  34.6850  101.8368     17.0   17.3   89.3 -999.9  128    5.1 0 0 0
C1  3.0908  34.6863  101.8372     17.0   17.6   89.5 -999.9  135    7.8 0 0 0
C1  3.0918  34.6876  101.8375     17.1   17.5   89.3 -999.9  129    6.4 0 0 0
C1  3.0928  34.6889  101.8379     16.9   17.3   89.3 -999.9  122    6.3 0 0 0
C1  3.1005  34.6902  101.8382     17.0   17.6   89.3 -999.9  135    6.6 0 0 0
C1  3.1015  34.6915  101.8386     17.1   17.7   89.4 -999.9  133    7.2 0 0 0
C1  3.1025  34.6928  101.8389     17.0   17.2   89.3 -999.9  122    7.4 0 0 0
C1  3.1035  34.6942  101.8393     17.0   17.4   89.3 -999.9  130    8.1 0 0 0
C1  3.1045  34.6956  101.8397     17.0   17.2   89.2 -999.9  133    6.6 0 0 0
C1  3.1055  34.6969  101.8401     17.0   17.4   89.4 -999.9  136    7.0 0 0 0
C1  3.1065  34.6983  101.8405     17.1   17.4   89.2 -999.9  129    8.3 0 0 0
C1  3.1075  34.6996  101.8408     17.1   17.3   89.1 -999.9  135    7.9 0 0 0
C1  3.1085  34.7009  101.8412     17.1   17.4   89.2 -999.9  134    6.1 0 0 0
C1  3.1095  34.7021  101.8415     17.1   17.1   89.0 -999.9  134    8.3 0 0 0
C1  3.1172  34.7033  101.8418     17.2   17.2   89.2 -999.9  129    8.4 0 0 0
C1  3.1182  34.7045  101.8422     17.2   17.5   89.2 -999.9  135   10.0 0 0 0
C1  3.1192  34.7057  101.8425     17.2   17.7   89.3 -999.9  141    9.6 0 0 0
C1  3.1202  34.7069  101.8429     17.2   17.3   89.3 -999.9  138    9.4 0 0 0
C1  3.1212  34.7082  101.8432     17.2   17.4   89.3 -999.9  142   10.1 0 0 0
C1  3.1222  34.7095  101.8436     17.2   17.5   89.6 -999.9  131    7.4 0 0 0
C1  3.1232  34.7108  101.8440     17.2   17.2   89.8 -999.9  136    9.5 0 0 0
C1  3.1242  34.7120  101.8443     17.2   17.7   90.2 -999.9  125    7.3 0 0 0
C1  3.1252  34.7132  101.8446     17.2   18.0   90.6 -999.9  129    8.0 0 0 0
C1  3.1262  34.7145  101.8450     17.2   18.0   90.6 -999.9  139    9.2 0 0 0
C1  3.1338  34.7158  101.8454     17.2   17.5   90.4 -999.9  135   11.8 0 0 0
C1  3.1348  34.7172  101.8458     17.2   17.7   90.6 -999.9  134   11.0 0 0 0
C1  3.1358  34.7186  101.8462     17.3   17.6   90.6 -999.9  114    9.3 0 0 0
C1  3.1368  34.7197  101.8465     17.3   17.6   83.3 -999.9  106    9.6 0 1 0
C1  3.1378  34.7207  101.8467     17.3   17.6   79.8 -999.9  109    8.9 0 0 0
C1  3.1388  34.7216  101.8467     17.3   17.2   90.2 -999.9  127   11.1 0 0 0
C1  3.1398  34.7225  101.8465     17.3   17.6   90.0 -999.9  140   11.8 0 0 0
C1  3.1408  34.7234  101.8461     17.4   17.5   90.0 -999.9  148   11.6 0 1 0
C1  3.1418  34.7244  101.8456     17.5   17.7   90.3 -999.9  131   10.9 0 0 0
C1  3.1428  34.7255  101.8454     17.5   17.4   90.2 -999.9  126   11.7 0 1 0
C1  3.1505  34.7268  101.8456     17.5   17.2   90.5 -999.9  123   10.4 0 1 0
C1  3.1515  34.7279  101.8464     17.5   17.1   90.7 -999.9  109   11.3 0 1 0
C1  3.1525  34.7289  101.8475     17.5   17.5   91.0 -999.9  126   10.0 0 1 0
C1  3.1535  34.7299  101.8487     17.4   17.2   91.1 -999.9  131   10.1 0 0 0
C1  3.1545  34.7306  101.8495     17.4   17.7   91.0 -999.9  144    5.6 0 1 0
C1  3.1555  34.7314  101.8502     17.5   17.8   91.3 -999.9  143   12.6 0 1 0
C1  3.1565  34.7326  101.8506     17.5   17.4   91.2 -999.9  148   11.5 0 1 0
C1  3.1575  34.7338  101.8509     17.5   17.4   91.3 -999.9  133   12.7 0 0 0
C1  3.1585  34.7351  101.8513     17.5   17.5   91.3 -999.9  136   11.4 0 0 0
C1  3.1595  34.7364  101.8517     17.5   17.4   91.2 -999.9  128   11.4 0 0 0
C1  3.1672  34.7377  101.8520     17.5   17.3   91.2 -999.9  131    9.5 0 0 0
C1  3.1682  34.7390  101.8522     17.6   17.7   91.2 -999.9  128   10.2 0 0 0
C1  3.1692  34.7402  101.8523     17.5   17.3   91.1 -999.9  122   10.7 0 0 0
C1  3.1702  34.7412  101.8523     17.6   17.4   91.2 -999.9  124   11.4 0 0 0
C1  3.1712  34.7420  101.8523     17.6   17.3   91.4 -999.9  115    5.0 0 0 0
C1  3.1722  34.7428  101.8523     17.7   17.3   91.3 -999.9  131    7.9 0 0 0
C1  3.1732  34.7437  101.8523     17.7   17.6   91.3 -999.9  139    7.6 0 0 0
C1  3.1742  34.7444  101.8523     17.7   17.9   91.3 -999.9  104    5.2 0 1 0
C1  3.1752  34.7448  101.8523     17.7   17.7   91.0 -999.9  112    7.2 0 1 0
C1  3.1762  34.7450  101.8523     17.7   17.4   91.0 -999.9   82    4.9 0 0 0
C1  3.1838  34.7451  101.8524     17.7   17.4   81.0 -999.9   82    8.1 0 1 0
C1  3.1848  34.7448  101.8525     17.7   17.5   90.9 -999.9   88    5.3 0 1 0
C1  3.1858  34.7443  101.8525     17.7   17.5   74.2 -999.9  127    4.6 1 0 0
C1  3.1868  34.7438  101.8525     17.7   17.8   90.7 -999.9  148    6.9 0 0 0
C1  3.1878  34.7435  101.8525     17.7   17.9   90.6 -999.9  143   10.9 0 0 0
C1  3.1888  34.7432  101.8525     17.7   17.6   90.5 -999.9  126    7.8 0 0 0
C1  3.1898  34.7430  101.8526     17.7   17.6   90.6 -999.9  122    8.9 0 0 0
C1  3.1908  34.7428  101.8526     17.7   17.7   90.3 -999.9  160    8.0 0 0 0
C1  3.1918  34.7426  101.8526     17.7   17.8   90.6 -999.9  156    2.2 0 0 0
C1  3.1928  34.7425  101.8526     17.8   17.5   90.6 -999.9  129    7.9 0 0 0
C1  3.2007  34.7424  101.8527     17.7   17.8   90.6 -999.9  118    5.1 0 0 0
C1  3.2017  34.7424  101.8527     17.7   17.7   90.6 -999.9  139    2.5 0 0 0
C1  3.2027  34.7424  101.8527     17.7   17.8   90.6 -999.9  145    2.9 0 0 0
C1  3.2035  34.7424  101.8526     17.7   17.9   86.2 -999.9   87    1.5 0 0 0
C1  3.2045  34.7430  101.8525     17.7   18.0   90.4 -999.9  154    7.9 0 1 0
C1  3.2055  34.7438  101.8525     17.7   17.8   90.1 -999.9  165    8.5 0 1 0
C1  3.2065  34.7447  101.8525     17.6   17.4   90.0 -999.9  128    5.1 0 0 0
C1  3.2075  34.7454  101.8526     17.7   17.8   89.8 -999.9  117    4.9 0 0 0
C1  3.2085  34.7462  101.8526     17.7   17.9   90.3 -999.9  190    2.4 0 0 0
C1  3.2095  34.7469  101.8527     17.7   17.5   90.2 -999.9  137    3.3 0 0 0
C1  3.2172  34.7475  101.8530     17.7   18.1   90.2 -999.9  127    5.5 0 0 0
C1  3.2182  34.7481  101.8533     17.7   18.2   90.0 -999.9  133    7.9 0 0 0
C1  3.2192  34.7485  101.8536     17.7   18.0   90.1 -999.9  132    2.6 0 0 0
C1  3.2202  34.7488  101.8538     17.7   17.9   90.1 -999.9  201    6.1 0 1 0
C1  3.2212  34.7490  101.8535     17.7   17.7   89.7 -999.9  238    4.3 0 1 0
C1  3.2222  34.7490  101.8530     17.7   17.9   89.8 -999.9  204    2.2 0 0 0
C1  3.2232  34.7490  101.8522     17.8   17.7   89.5 -999.9  202    5.0 0 1 0
C1  3.2242  34.7490  101.8513     17.6   17.7   89.6 -999.9  157    5.3 0 0 0
C1  3.2252  34.7490  101.8503     17.7   17.7   89.9 -999.9  127    4.6 0 0 0
C1  3.2262  34.7490  101.8495     17.6   17.6   90.1 -999.9  112    3.7 0 0 0
C1  3.2338  34.7490  101.8487     17.6   18.2   90.1 -999.9  163    6.2 0 0 0
C1  3.2348  34.7490  101.8479     17.6   17.7   89.9 -999.9  143    5.0 0 0 0
C1  3.2358  34.7490  101.8473     17.7   17.7   89.7 -999.9  137    9.9 0 0 0
C1  3.2368  34.7493  101.8471     17.7   17.4   89.3 -999.9   85    9.9 0 1 0
C1  3.2378  34.7499  101.8471     17.7   18.3   89.3 -999.9  142    6.4 0 0 0
C1  3.2388  34.7505  101.8471     17.7   17.8   89.3 -999.9  148    6.3 0 0 0
C1  3.2398  34.7514  101.8471     17.7   18.5   89.5 -999.9  148    7.1 0 0 0
C1  3.2408  34.7521  101.8471     17.7   18.1   89.7 -999.9  109    5.0 0 0 0
C1  3.2418  34.7527  101.8471     17.7   17.7   89.7 -999.9  138    3.6 0 0 0
C1  3.2428  34.7534  101.8472     17.7   18.0   89.4 -999.9  146    7.4 0 0 0
C1  3.2505  34.7543  101.8474     17.7   18.2   89.2 -999.9  153    8.2 0 0 0
C1  3.2515  34.7553  101.8475     17.7   18.0   89.4 -999.9  147    6.9 0 0 0
C1  3.2525  34.7564  101.8476     17.7   17.6   89.5 -999.9  147    4.7 0 0 0
C1  3.2535  34.7575  101.8476     17.8   18.4   89.9 -999.9  149    7.4 0 0 0
C1  3.2545  34.7587  101.8477     17.8   18.0   90.0 -999.9  170    6.3 0 0 0
C1  3.2555  34.7600  101.8477     17.8   17.9   90.1 -999.9  143    3.1 0 0 0
C1  3.2565  34.7612  101.8477     17.8   17.8   90.5 -999.9  140    1.4 0 0 0
C1  3.2575  34.7624  101.8478     17.9   17.6   90.5 -999.9  180    1.3 0 0 0
C1  3.2585  34.7636  101.8479     17.9   17.7   90.4 -999.9  267    2.0 0 0 0
C1  3.2595  34.7648  101.8481     17.9   18.1   90.0 -999.9  296    2.1 0 0 0
C1  3.2672  34.7660  101.8482     17.8   17.4   89.9 -999.9  294    4.0 0 0 0
C1  3.2682  34.7671  101.8484     17.8   18.4   89.8 -999.9  306    5.1 0 0 0
C1  3.2692  34.7683  101.8486     18.0   17.8   89.7 -999.9  295    5.1 0 0 0
C1  3.2702  34.7694  101.8487     18.0   17.6   89.7 -999.9  300    4.8 0 0 0
C1  3.2712  34.7706  101.8487     17.9   17.6   89.5 -999.9  292    5.9 0 0 0
C1  3.2722  34.7717  101.8487     18.0   18.0   89.7 -999.9  305    8.0 0 0 0
C1  3.2732  34.7727  101.8487     18.1   18.3   89.5 -999.9  296    6.9 0 0 0
C1  3.2742  34.7738  101.8487     18.1   18.2   89.8 -999.9  296    9.4 0 0 0
C1  3.2752  34.7748  101.8488     18.1   18.3   83.0 -999.9  293   11.1 1 0 0
C1  3.2762  34.7758  101.8487     18.2   18.3   87.9 -999.9  301   11.7 0 0 0
C1  3.2838  34.7769  101.8488     18.1   18.1   87.1 -999.9  299   11.6 0 0 0
C1  3.2848  34.7780  101.8488     18.2   18.1   87.3 -999.9  298   10.0 0 0 0
C1  3.2858  34.7792  101.8488     18.2   18.2   87.2 -999.9  314    9.0 0 0 0
C1  3.2868  34.7803  101.8488     18.3   18.1   87.0 -999.9  311    9.7 0 0 0
C1  3.2878  34.7815  101.8488     18.1   18.3   86.9 -999.9  304   10.9 0 0 0
C1  3.2888  34.7826  101.8488     18.2   18.0   86.6 -999.9  307   10.0 0 0 0
C1  3.2898  34.7838  101.8488     18.2   18.2   85.6 -999.9  300   11.2 0 0 0
C1  3.2908  34.7850  101.8488     18.2   18.2   84.5 -999.9  314    9.3 0 0 0
C1  3.2918  34.7862  101.8488     18.2   18.2   84.1 -999.9  319   10.0 0 0 0
C1  3.2928  34.7874  101.8488     18.2   17.6   83.9 -999.9  315    8.6 0 0 0
C1  3.3005  34.7886  101.8488     18.2   18.2   83.3 -999.9  309    7.0 0 0 0
C1  3.3015  34.7899  101.8488     18.2   18.0   83.1 -999.9  299    7.9 0 0 0
C1  3.3025  34.7912  101.8488     18.4   18.4   83.2 -999.9  290    7.2 0 0 0
C1  3.3035  34.7924  101.8488     18.2   17.8   83.7 -999.9  296    7.4 0 0 0
C1  3.3045  34.7937  101.8488     18.4   18.0   84.2 -999.9  311    9.2 0 0 0
C1  3.3055  34.7950  101.8488     18.3   18.0   84.4 -999.9  322    8.4 0 0 0
C1  3.3065  34.7963  101.8488     18.4   18.4   84.2 -999.9  350    8.6 0 0 0
C1  3.3075  34.7976  101.8488     18.3   18.4   84.1 -999.9  348    9.2 0 0 0
C1  3.3085  34.7989  101.8488     18.5   18.1   83.8 -999.9  359    8.7 0 0 0
C1  3.3095  34.8002  101.8488     18.4   18.4   83.2 -999.9  351    5.5 0 0 0
C1  3.3172  34.8016  101.8488     18.4   18.3   83.2 -999.9   45    2.1 0 0 0
C1  3.3182  34.8031  101.8488     18.3   18.6   83.6 -999.9  122    1.5 0 0 0
C1  3.3192  34.8046  101.8487     18.4   18.4   83.4 -999.9  213    3.5 0 0 0
C1  3.3202  34.8062  101.8487     18.1   18.3   83.6 -999.9  189    3.5 0 0 0
C1  3.3212  34.8077  101.8487     18.3   18.3   83.8 -999.9  207    1.2 0 0 0
C1  3.3222  34.8093  101.8487     18.0   17.9   84.0 -999.9   28    1.3 0 0 0
C1  3.3232  34.8108  101.8487     18.1   18.1   83.9 -999.9  318    5.4 0 0 0
C1  3.3242  34.8122  101.8487     18.4   18.4   84.1 -999.9    1   10.0 0 0 0
C1  3.3252  34.8137  101.8487     18.0   18.1   84.1 -999.9  343   11.9 0 0 0
C1  3.3262  34.8150  101.8486     18.0   18.5   84.1 -999.9  344   14.9 0 0 0
C1  3.3338  34.8164  101.8486     18.2   18.6   84.1 -999.9  352   12.4 0 0 0
C1  3.3348  34.8178  101.8486     17.8   18.4   84.0 -999.9  346   10.7 0 0 0
C1  3.3358  34.8191  101.8486     18.1   17.8   83.5 -999.9    9   15.4 0 0 0
C1  3.3368  34.8203  101.8486     18.8   18.1   81.1 -999.9  357   18.8 0 0 0
C1  3.3378  34.8215  101.8486     19.3   18.1   80.4 -999.9  334   17.5 0 0 0
C1  3.3388  34.8227  101.8486     19.4   18.4   80.2 -999.9  323   15.8 0 0 0
C1  3.3398  34.8238  101.8486     19.5   18.6   79.4 -999.9  313    9.0 0 0 0
C1  3.3408  34.8250  101.8486     19.8   18.6   79.0 -999.9  275   14.8 0 0 0
C1  3.3418  34.8262  101.8486     20.0   18.6   78.7 -999.9  274   13.6 0 0 0
C1  3.3428  34.8274  101.8485     19.9   18.6   79.1 -999.9  281    9.4 0 0 0
C1  3.3505  34.8286  101.8485     19.6   18.2   80.8 -999.9  320    6.7 0 0 0
C1  3.3515  34.8297  101.8485     18.9   18.9   81.3 -999.9  319    9.7 0 0 0
C1  3.3525  34.8309  101.8485     18.5   18.8   80.8 -999.9  331    8.7 0 0 0
C1  3.3535  34.8321  101.8485     18.2   19.2   80.6 -999.9  316    6.2 0 0 0
C1  3.3545  34.8333  101.8485     18.0   18.6   80.9 -999.9  313    3.6 0 0 0
C1  3.3555  34.8345  101.8485     17.8   18.8   80.7 -999.9  307    3.8 0 0 0
C1  3.3565  34.8358  101.8485     17.6   18.9   80.7 -999.9  321    4.1 0 0 0
C1  3.3575  34.8370  101.8485     17.6   18.6   80.3 -999.9  329    4.3 0 0 0
C1  3.3585  34.8383  101.8485     17.2   18.9   79.6 -999.9  333    5.3 0 0 0
C1  3.3595  34.8394  101.8485     17.0   18.3   79.4 -999.9  334    4.8 0 0 0
C1  3.3672  34.8406  101.8485     16.9   18.4   80.0 -999.9  337    5.0 0 0 0
C1  3.3682  34.8418  101.8485     16.7   18.7   80.4 -999.9  346    5.8 0 0 0
C1  3.3692  34.8430  101.8485     16.8   18.4   80.7 -999.9  345    6.6 0 0 0
C1  3.3702  34.8442  101.8485     16.7   18.4   80.9 -999.9  348    6.4 0 0 0
C1  3.3712  34.8454  101.8486     16.7   17.9   81.3 -999.9  343    5.9 0 0 0
C1  3.3722  34.8466  101.8486     16.6   18.0   81.6 -999.9  350    6.2 0 0 0
C1  3.3732  34.8478  101.8486     16.6   17.8   82.2 -999.9  359    4.5 0 0 0
C1  3.3742  34.8489  101.8486     16.6   18.4   82.8 -999.9    9    6.0 0 0 0
C1  3.3752  34.8501  101.8486     16.6   18.5   83.4 -999.9    3    5.7 0 0 0
C1  3.3762  34.8513  101.8487     16.6   18.3   83.2 -999.9    9    7.1 0 0 0
C1  3.3838  34.8525  101.8488     16.8   18.0   83.0 -999.9    4    4.9 0 0 0
C1  3.3848  34.8537  101.8489     16.7   18.3   83.6 -999.9    3    5.8 0 0 0
C1  3.3858  34.8548  101.8489     16.6   17.9   84.0 -999.9  353    5.9 0 0 0
C1  3.3868  34.8560  101.8489     16.7   17.8   83.9 -999.9  355    4.2 0 0 0
C1  3.3878  34.8572  101.8489     16.7   17.8   83.7 -999.9  326    1.2 0 0 0
C1  3.3888  34.8584  101.8489     16.7   17.3   83.9 -999.9  316    0.8 0 0 0
C1  3.3898  34.8597  101.8489     16.6   17.4   84.2 -999.9   32    2.4 0 0 0
C1  3.3908  34.8609  101.8488     16.6   17.3   84.6 -999.9  203    0.9 0 0 0
C1  3.3918  34.8621  101.8488     16.5   17.3   85.0 -999.9  311    2.1 0 0 0
C1  3.3928  34.8633  101.8488     16.7   17.0   85.2 -999.9  296    1.5 0 0 0
C1  3.4005  34.8645  101.8488     16.7   17.9   85.6 -999.9  117    0.8 0 0 0
C1  3.4015  34.8657  101.8487     16.9   17.6   85.7 -999.9   82    7.1 0 0 0
C1  3.4025  34.8669  101.8487     17.1   17.1   86.1 -999.9   57    9.0 0 0 0
C1  3.4035  34.8681  101.8487     17.2   17.5   86.7 -999.9   62    9.5 0 0 0
C1  3.4045  34.8693  101.8487     17.2   17.4   87.0 -999.9   57    9.0 0 0 0
C1  3.4055  34.8705  101.8487     17.2   17.3   86.7 -999.9   47    7.4 0 0 0
C1  3.4065  34.8718  101.8487     17.2   17.5   86.7 -999.9   54    9.0 0 0 0
C1  3.4075  34.8730  101.8486     17.2   17.6   86.7 -999.9   58    6.9 0 0 0
C1  3.4085  34.8743  101.8486     17.2   17.4   86.6 -999.9   52    5.4 0 0 0
C1  3.4095  34.8754  101.8487     17.2   17.3   86.2 -999.9   65    5.1 0 0 0
C1  3.4172  34.8766  101.8486     17.1   17.5   86.3 -999.9  121    3.3 0 0 0
C1  3.4182  34.8778  101.8486     17.2   17.7   86.3 -999.9   87    4.4 0 0 0
C1  3.4192  34.8789  101.8486     17.2   17.4   86.4 -999.9   31    5.2 0 0 0
C1  3.4203  34.8802  101.8486     17.2   17.2   86.0 -999.9   54    5.2 0 0 0
C1  3.4212  34.8811  101.8486     17.3   17.0   86.2 -999.9   58    5.9 0 0 0
C1  3.4222  34.8822  101.8486     17.4   17.3   86.7 -999.9   64    6.4 0 0 0
C1  3.4232  34.8834  101.8486     17.4   17.6   86.9 -999.9   59    5.0 0 0 0
C1  3.4242  34.8845  101.8486     17.4   17.9   87.3 -999.9   62    5.7 0 0 0
C1  3.4252  34.8856  101.8486     17.4   17.4   87.4 -999.9   63    4.4 0 0 0
C1  3.4262  34.8867  101.8486     17.4   17.8   87.6 -999.9   50    5.8 0 0 0
C1  3.4338  34.8878  101.8486     17.2   17.7   87.5 -999.9   50    8.1 0 0 0
C1  3.4348  34.8889  101.8486     17.6   17.6   86.8 -999.9   84    3.3 0 0 0
C1  3.4358  34.8901  101.8486     17.6   17.6   86.8 -999.9  105    2.3 0 0 0
C1  3.4368  34.8912  101.8486     17.5   17.1   86.9 -999.9   91    4.4 0 0 0
C1  3.4378  34.8924  101.8486     17.4   17.7   87.0 -999.9   82    4.2 0 0 0
C1  3.4388  34.8937  101.8486     17.3   17.4   87.2 -999.9   93    6.6 0 0 0
C1  3.4398  34.8949  101.8486     17.3   18.0   87.1 -999.9  101    6.8 0 0 0
C1  3.4408  34.8961  101.8486     17.2   17.6   86.9 -999.9   97    7.0 0 0 0
C1  3.4418  34.8972  101.8487     17.2   17.0   86.0 -999.9   48    3.1 0 0 0
C1  3.4428  34.8984  101.8487     17.6   18.0   85.7 -999.9   17    5.4 0 0 0
C1  3.4505  34.8996  101.8487     17.7   17.9   85.0 -999.9   20    6.5 0 0 0
C1  3.4515  34.9008  101.8487     17.8   17.5   84.7 -999.9   15    4.6 0 0 0
C1  3.4525  34.9020  101.8487     18.0   17.6   84.3 -999.9   30    6.3 0 0 0
C1  3.4535  34.9032  101.8487     17.8   17.6   84.6 -999.9   26    7.7 0 0 0
C1  3.4545  34.9044  101.8487     17.7   17.9   84.7 -999.9   26    9.3 0 0 0
C1  3.4555  34.9056  101.8487     17.6   18.1   84.6 -999.9   30    6.9 0 0 0
C1  3.4565  34.9068  101.8487     17.4   17.4   84.5 -999.9   71    3.3 0 0 0
C1  3.4575  34.9081  101.8487     17.4   18.0   83.7 -999.9   69    5.0 0 0 0
C1  3.4585  34.9093  101.8487     17.8   17.1   82.6 -999.9   76    5.2 0 0 0
C1  3.4595  34.9106  101.8487     18.0   18.1   82.2 -999.9   61    3.8 0 0 0
C1  3.4672  34.9119  101.8487     17.6   17.7   83.1 -999.9   37    5.5 0 0 0
C1  3.4682  34.9132  101.8487     17.3   17.4   83.5 -999.9   18    7.3 0 0 0
C1  3.4692  34.9144  101.8486     16.9   17.9   82.9 -999.9   17    8.1 0 0 0
C1  3.4702  34.9156  101.8486     16.5   18.2   82.9 -999.9   11    6.2 0 0 0
C1  3.4712  34.9168  101.8486     16.5   17.9   83.0 -999.9   10    8.8 0 0 0
C1  3.4722  34.9180  101.8486     16.4   17.6   83.1 -999.9   17    6.8 0 0 0
C1  3.4732  34.9193  101.8486     16.3   17.6   83.3 -999.9   17    4.8 0 0 0
C1  3.4742  34.9205  101.8486     16.2   17.9   83.5 -999.9   16    4.5 0 0 0
C1  3.4752  34.9217  101.8485     16.2   16.9   83.8 -999.9   45    6.1 0 0 0
C1  3.4762  34.9230  101.8485     16.1   17.3   84.2 -999.9   55    6.1 0 0 0
C1  3.4838  34.9241  101.8485     16.2   17.2   82.8 -999.9   45    7.6 0 0 0
C1  3.4848  34.9253  101.8485     16.2   17.8   79.3 -999.9   38    4.9 1 0 0
C1  3.4858  34.9265  101.8484     16.3   17.4   83.6 -999.9   41    4.9 0 0 0
C1  3.4868  34.9276  101.8484     16.3   17.1   85.6 -999.9   23    3.4 0 0 0
C1  3.4878  34.9289  101.8484     15.9   17.0   84.6 -999.9   21    4.3 0 0 0
C1  3.4888  34.9301  101.8483     15.8   17.3   83.8 -999.9   24    3.5 0 0 0
C1  3.4898  34.9314  101.8483     15.7   16.9   83.8 -999.9   45    3.0 0 0 0
C1  3.4908  34.9327  101.8483     15.7   16.8   83.7 -999.9   70    4.6 0 0 0
C1  3.4918  34.9341  101.8483     15.7   17.2   84.2 -999.9   50    6.2 0 0 0
C1  3.4928  34.9353  101.8483     15.3   17.4   83.1 -999.9   22    5.0 0 0 0
C1  3.5005  34.9366  101.8483     15.1   16.4   82.0 -999.9   13    6.1 0 0 0
C1  3.5015  34.9378  101.8483     15.1   16.7   82.0 -999.9   17    4.0 0 0 0
C1  3.5025  34.9391  101.8483     14.8   16.7   81.4 -999.9   60    3.3 0 0 0
C1  3.5035  34.9403  101.8483     14.6   17.1   79.3 -999.9   55    3.5 0 0 0
C1  3.5045  34.9416  101.8484     14.5   16.9   80.1 -999.9   44    1.3 0 0 0
C1  3.5055  34.9428  101.8486     14.2   16.6   80.9 -999.9   18    2.5 0 0 0
C1  3.5065  34.9441  101.8490     14.4   16.2   81.7 -999.9   48    6.6 0 0 0
C1  3.5075  34.9452  101.8494     14.0   16.2   79.1 -999.9   30   11.7 0 1 0
C1  3.5085  34.9461  101.8499     13.8   16.1   79.2 -999.9   30    9.9 0 0 0
C1  3.5095  34.9470  101.8504     13.8   16.5   80.2 -999.9   40    8.6 0 0 0
C1  3.5172  34.9479  101.8510     13.8   16.2   81.2 -999.9   34   10.4 0 0 0
C1  3.5182  34.9488  101.8517     13.7   15.8   81.0 -999.9   41    9.1 0 0 0
C1  3.5192  34.9496  101.8524     13.6   15.8   81.6 -999.9   43    9.0 0 0 0
C1  3.5202  34.9505  101.8533     13.9   15.5   83.7 -999.9   49    9.7 0 0 0
C1  3.5212  34.9514  101.8541     14.1   15.9   86.1 -999.9   48    7.9 0 0 0
C1  3.5222  34.9523  101.8551     14.1   15.5   86.5 -999.9   48    8.8 0 0 0
C1  3.5232  34.9533  101.8560     14.0   15.6   87.2 -999.9   32    8.7 0 0 0
C1  3.5242  34.9539  101.8566     14.0   15.5   86.9 -999.9    7    9.3 0 1 0
C1  3.5252  34.9545  101.8572     13.9   15.8   86.7 -999.9   37    7.7 0 0 0
C1  3.5262  34.9550  101.8577     13.9   15.4   87.4 -999.9   36    6.6 0 0 0
C1  3.5338  34.9554  101.8580     13.8   15.7   87.4 -999.9    4    6.3 0 1 0
C1  3.5348  34.9558  101.8584     13.6   14.9   87.2 -999.9   67    4.9 0 0 0
C1  3.5358  34.9561  101.8587     13.3   15.4   86.0 -999.9   45    5.0 0 0 0
C1  3.5368  34.9565  101.8591     13.1   15.1   85.3 -999.9   35    4.4 0 0 0
C1  3.5378  34.9569  101.8595     13.0   15.2   84.0 -999.9   38    4.6 0 0 0
C1  3.5388  34.9572  101.8598     12.7   14.9   83.0 -999.9   29    4.3 0 0 0
C1  3.5398  34.9575  101.8601     12.7   15.0   82.7 -999.9   28    3.1 0 0 0
C1  3.5408  34.9579  101.8604     12.7   14.7   83.5 -999.9    9    3.0 0 0 0
C1  3.5418  34.9582  101.8608     13.0   14.5   84.4 -999.9   10    4.0 0 0 0
C1  3.5428  34.9586  101.8611     13.0   15.6   82.5 -999.9   16    2.2 1 0 0
C1  3.5505  34.9590  101.8616     13.0   14.6   83.9 -999.9   32    3.6 1 0 0
C1  3.5515  34.9595  101.8620     13.1   14.8   87.5 -999.9   12    2.9 0 0 0
C1  3.5525  34.9599  101.8625     13.2   14.9   87.9 -999.9  336    5.7 0 0 0
C1  3.5535  34.9603  101.8629     12.8   14.5   87.3 -999.9   21    6.5 0 0 0
C1  3.5545  34.9607  101.8633     12.3   14.4   85.1 -999.9   31    7.7 0 0 0
C1  3.5555  34.9612  101.8638     12.1   14.3   84.0 -999.9   50    7.9 0 0 0
C1  3.5565  34.9619  101.8644     12.1   14.5   83.9 -999.9   41    9.3 0 0 0
C1  3.5575  34.9625  101.8650     12.1   14.2   80.5 -999.9   41    9.4 1 0 0
C1  3.5585  34.9630  101.8656     12.2   14.2   84.7 -999.9   38   11.5 0 0 0
C1  3.5595  34.9635  101.8661     12.1   14.2   85.4 -999.9   39    9.5 0 0 0
C1  3.5672  34.9640  101.8666     12.4   14.1   86.7 -999.9   50   10.0 0 0 0
C1  3.5682  34.9646  101.8672     12.5   14.0   88.0 -999.9   48    8.5 0 0 0
C1  3.5692  34.9653  101.8679     12.5   13.7   88.2 -999.9   59    8.1 0 0 0
C1  3.5702  34.9661  101.8687     12.9   13.7   89.1 -999.9   60   10.3 0 0 0
C1  3.5712  34.9670  101.8695     13.0   13.7   88.2 -999.9   55    9.4 0 0 0
C1  3.5722  34.9679  101.8704     12.8   13.7   90.4 -999.9   56    8.4 0 0 0
C1  3.5732  34.9689  101.8713     12.9   13.9   91.0 -999.9   57    8.5 0 0 0
C1  3.5742  34.9698  101.8721     13.2   13.8   91.5 -999.9   65    8.5 0 0 0
C1  3.5752  34.9707  101.8729     13.4   13.8   92.5 -999.9   65    8.6 0 0 0
C1  3.5762  34.9716  101.8736     13.7   13.6   93.4 -999.9   60    8.7 0 0 0
C1  3.5838  34.9724  101.8742     13.8   14.1   92.6 -999.9   63    7.6 1 0 0
C1  3.5848  34.9731  101.8748     13.9   13.8   92.9 -999.9   63    8.4 0 0 0
C1  3.5858  34.9738  101.8754     14.0   13.8   91.6 -999.9   83    8.4 1 0 0
C1  3.5868  34.9746  101.8760     14.3   14.0   96.4 -999.9   79    8.9 0 0 0
C1  3.5878  34.9754  101.8765     14.1   13.8   96.7 -999.9   71    8.6 0 0 0
C1  3.5888  34.9761  101.8770     14.1   14.6   96.9 -999.9   75    8.0 0 0 0
C1  3.5898  34.9768  101.8774     14.1   14.1   97.3 -999.9   93    9.0 0 0 0
C1  3.5908  34.9776  101.8781     14.1   14.0   97.3 -999.9  109    8.0 0 0 0
C1  3.5918  34.9785  101.8789     14.1   14.0   97.3 -999.9   79    6.2 0 0 0
C1  3.5928  34.9792  101.8794     14.2   14.1   97.3 -999.9   43    8.4 0 1 0
C1  3.6005  34.9795  101.8797     14.4   14.1   97.6 -999.9   31   10.0 0 1 0
C1  3.6015  34.9796  101.8799     14.6   13.9   98.0 -999.9   58   10.3 0 1 0
C1  3.6025  34.9796  101.8807     14.7   14.1   98.2 -999.9   77    9.3 0 1 0
C1  3.6035  34.9796  101.8817     14.8   14.0   98.4 -999.9   91    8.4 0 0 0
C1  3.6045  34.9796  101.8829     14.8   14.2   98.8 -999.9   65    7.6 0 0 0
C1  3.6055  34.9796  101.8842     14.9   14.1   99.0 -999.9   64    8.2 0 0 0
C1  3.6065  34.9796  101.8856     15.0   14.4   99.2 -999.9   75    5.4 0 0 0
C1  3.6075  34.9796  101.8870     14.9   14.8   99.4 -999.9   80    5.5 0 0 0
C1  3.6085  34.9796  101.8885     15.0   14.3   99.4 -999.9   87    4.7 0 0 0
C1  3.6095  34.9796  101.8900     15.0   14.1   97.8 -999.9   82    2.5 0 0 0
C1  3.6172  34.9796  101.8915     15.2   15.0   99.7 -999.9   54    3.3 0 0 0
C1  3.6182  34.9796  101.8929     15.3   14.5   99.7 -999.9   38    1.9 0 0 0
C1  3.6192  34.9796  101.8943     15.3   14.9   99.8 -999.9   40    3.0 0 0 0
C1  3.6202  34.9796  101.8957     15.5   14.8   99.9 -999.9   59    7.9 0 0 0
C1  3.6212  34.9797  101.8972     15.5   15.2   99.9 -999.9   70    6.9 0 0 0
C1  3.6222  34.9797  101.8986     15.7   15.0   99.9 -999.9   75    5.9 0 0 0
C1  3.6232  34.9797  101.9000     15.7   15.1   99.9 -999.9   63    5.4 0 0 0
C1  3.6242  34.9797  101.9014     15.7   14.9   99.9 -999.9   59    5.5 0 0 0
C1  3.6252  34.9797  101.9026     15.7   15.0   99.9 -999.9   67    6.0 0 0 0
C1  3.6262  34.9797  101.9038     15.7   14.6   99.9 -999.9   58    6.4 0 0 0
C1  3.6338  34.9797  101.9048     15.7   15.1  100.0 -999.9   76    5.1 0 0 0
C1  3.6348  34.9797  101.9059     15.7   15.5   98.2 -999.9   54    5.5 0 0 0
C1  3.6358  34.9797  101.9069     15.8   15.1  100.0 -999.9   50    4.4 0 0 0
C1  3.6368  34.9797  101.9077     15.8   14.8  100.0 -999.9  355    6.1 0 1 0
C1  3.6378  34.9797  101.9082     15.8   15.1   99.9 -999.9   64    8.2 0 0 0
C1  3.6388  34.9797  101.9089     15.8   15.5   97.8 -999.9   77    4.7 0 0 0
C1  3.6400  34.9797  101.9097     15.8   15.2   95.8 -999.9  348    3.3 1 0 0
C1  3.6408  34.9797  101.9100     16.0   15.3   98.2 -999.9   37    4.8 0 0 0
C1  3.6420  34.9797  101.9103     16.0   15.4  100.0 -999.9  333    1.3 0 1 0
C1  3.6430  34.9797  101.9103     16.1   15.4  100.0 -999.9   10    1.8 0 0 0
C1  3.6505  34.9797  101.9104     16.0   15.3  100.0 -999.9   47    4.2 0 0 0
C1  3.6515  34.9795  101.9105     16.1   14.9   99.9 -999.9  306    1.9 0 1 0
C1  3.6527  34.9795  101.9103     16.2   15.6  100.0 -999.9   92    1.1 0 0 0
C1  3.6535  34.9795  101.9103     16.2   15.8  100.0 -999.9   24    2.9 0 0 0
C1  3.6547  34.9796  101.9104     16.0   15.5  100.0 -999.9   34    1.5 0 0 0
C1  3.6557  34.9796  101.9104     16.1   15.7   99.9 -999.9   58    1.4 0 0 0
C1  3.6567  34.9796  101.9103     16.1   15.8   99.9 -999.9   70    2.4 0 0 0
C1  3.6577  34.9796  101.9103     16.1   15.7  100.0 -999.9   60    3.5 0 0 0
C1  3.6587  34.9796  101.9103     16.1   15.8   99.9 -999.9   40    3.7 0 0 0
C1  3.6597  34.9795  101.9103     16.1   15.8   99.8 -999.9   62    5.4 0 0 0
C1  3.6673  34.9795  101.9103     16.0   15.7   99.9 -999.9   53    6.5 0 0 0
C1  3.6682  34.9795  101.9103     16.0   15.8   99.8 -999.9   70    5.8 0 0 0
C1  3.6692  34.9795  101.9102     16.0   15.8   99.8 -999.9   62    6.5 0 0 0
C1  3.6703  34.9795  101.9102     16.0   15.7   99.7 -999.9   55    5.5 0 0 0
C1  3.6713  34.9796  101.9103     16.0   16.1   99.8 -999.9   57    5.4 0 0 0
C1  3.6722  34.9796  101.9103     16.0   15.7   99.7 -999.9   70    5.9 0 0 0
C1  3.6733  34.9798  101.9103     15.8   15.7   99.6 -999.9   63    7.0 0 0 0
C1  3.6742  34.9798  101.9103     15.8   16.1   99.7 -999.9   71    5.5 0 0 0
C1  3.6753  34.9800  101.9103     15.8   15.7   99.6 -999.9   53    5.7 0 0 0
C1  3.6762  34.9801  101.9104     15.8   16.0   99.7 -999.9   56    5.7 0 0 0
C1  3.6840  34.9801  101.9104     15.8   15.9   99.6 -999.9   52    7.8 0 0 0
C1  3.6850  34.9801  101.9105     15.8   15.7   99.5 -999.9   57    6.7 0 0 0
C1  3.6860  34.9802  101.9104     15.8   15.8   99.4 -999.9   56    6.3 0 0 0
C1  3.6870  34.9802  101.9104     15.8   16.2   99.5 -999.9   52    5.9 0 0 0
C1  3.6880  34.9802  101.9105     15.8   15.3   99.4 -999.9   53    6.1 0 0 0
C1  3.6890  34.9801  101.9105     15.8   15.9   99.4 -999.9   43    6.3 0 0 0
C1  3.6900  34.9801  101.9105     15.8   15.5   99.2 -999.9   48    3.4 0 0 0
C1  3.6908  34.9801  101.9105     15.8   15.6   99.2 -999.9   44    4.5 0 0 0
C1  3.6918  34.9801  101.9105     15.8   16.2   99.2 -999.9   57    4.3 0 0 0
C1  3.6930  34.9800  101.9105     15.7   15.7   99.1 -999.9   57    3.3 0 0 0
C1  3.7007  34.9800  101.9105     15.7   15.5   99.1 -999.9   64    5.1 0 0 0
C1  3.7015  34.9800  101.9105     15.7   15.7   99.1 -999.9   54    6.5 0 0 0
C1  3.7027  34.9800  101.9105     15.7   16.0   99.1 -999.9   47    4.3 0 0 0
C1  3.7037  34.9800  101.9105     15.7   15.9   99.1 -999.9   54    5.3 0 0 0
C1  3.7047  34.9799  101.9104     15.7   15.7   98.9 -999.9   38    4.6 0 0 0
C1  3.7057  34.9799  101.9104     15.7   16.0   99.0 -999.9   53    5.9 0 0 0
C1  3.7067  34.9798  101.9104     15.7   15.6   98.8 -999.9   53    7.1 0 0 0
C1  3.7077  34.9798  101.9104     15.7   15.9   98.8 -999.9   56    5.9 0 0 0
C1  3.7087  34.9797  101.9104     15.8   16.2   98.9 -999.9   55    5.0 0 0 0
C1  3.7097  34.9797  101.9104     15.8   15.9   98.7 -999.9   48    4.6 0 0 0
C1  3.7173  34.9796  101.9103     15.8   15.7   98.7 -999.9   44    3.5 0 0 0
C1  3.7182  34.9796  101.9104     15.8   15.7   98.6 -999.9   51    3.7 0 0 0
C1  3.7193  34.9796  101.9104     15.8   16.0   98.7 -999.9   58    6.8 0 0 0
C1  3.7203  34.9795  101.9103     15.8   15.8   98.6 -999.9   50    6.3 0 0 0
C1  3.7213  34.9795  101.9104     15.8   15.9   98.4 -999.9   35    5.9 0 0 0
C1  3.7223  34.9794  101.9104     15.8   15.8   94.2 -999.9   54    4.9 1 0 1
C1  3.7233  34.9795  101.9103     15.8   16.2   98.4 -999.9   47    5.5 0 0 0
C1  3.7243  34.9795  101.9103     15.8   16.0   98.3 -999.9   55    6.5 0 0 0
C1  3.7252  34.9795  101.9104     15.8   15.9   98.2 -999.9   50    6.2 0 0 0
C1  3.7263  34.9796  101.9104     15.8   16.1   98.2 -999.9   54    5.0 0 0 0
C1  3.7340  34.9795  101.9104     15.8   15.8   98.1 -999.9   47    4.8 0 0 0
C1  3.7350  34.9795  101.9104     15.8   16.0   98.1 -999.9   49    5.4 0 0 0
C1  3.7360  34.9796  101.9104     15.8   16.0   98.1 -999.9   52    7.0 0 0 0
C1  3.7370  34.9795  101.9103     15.8   15.9   97.9 -999.9   54    8.2 0 0 0
C1  3.7378  34.9795  101.9103     15.8   15.7   97.7 -999.9   58    7.3 0 0 0
C1  3.7390  34.9794  101.9104     15.8   15.6   97.6 -999.9   53    6.6 0 0 0
C1  3.7400  34.9794  101.9104     15.8   16.0   97.5 -999.9   57    6.4 0 0 0
C1  3.7410  34.9795  101.9103     15.8   15.8   97.5 -999.9   54    6.0 0 0 0
C1  3.7420  34.9795  101.9103     15.8   15.8   97.4 -999.9   53    6.4 0 0 0
C1  3.7430  34.9796  101.9103     15.9   15.9   97.3 -999.9   58    7.3 0 0 0
C1  3.7507  34.9796  101.9103     15.8   15.9   97.3 -999.9   55    6.1 0 0 0
C1  3.7517  34.9796  101.9103     16.0   15.9   97.2 -999.9   62    5.5 0 0 0
C1  3.7527  34.9797  101.9103     16.0   15.4   97.0 -999.9   50    4.7 0 0 0
C1  3.7540  34.9797  101.9103     16.0   15.9   97.1 -999.9   47    5.2 0 0 0
C1  3.7547  34.9797  101.9103     16.0   16.5   96.8 -999.9   70    4.9 0 0 0
C1  3.7557  34.9797  101.9102     16.0   15.9   96.7 -999.9   61    5.8 0 0 0
C1  3.7568  34.9798  101.9102     16.1   15.6   96.6 -999.9   61    4.8 0 0 0
C1  3.7577  34.9798  101.9102     16.0   15.8   96.4 -999.9   44    5.6 0 0 0
C1  3.7587  34.9798  101.9102     16.2   16.2   96.4 -999.9   52    5.8 0 0 0
C1  3.7597  34.9798  101.9103     16.1   15.8   96.0 -999.9   58    7.3 0 0 0
C1  3.7675  34.9799  101.9103     16.1   16.0   95.8 -999.9   59    6.3 0 0 0
C1  3.7685  34.9799  101.9102     16.2   16.1   95.4 -999.9   58    7.3 0 0 0
C1  3.7693  34.9799  101.9102     16.2   15.3   95.3 -999.9   64    5.7 0 0 0
C1  3.7703  34.9799  101.9103     16.2   15.8   95.2 -999.9   61    6.8 0 0 0
C1  3.7715  34.9799  101.9103     16.2   15.9   95.1 -999.9   64    5.5 0 0 0
C1  3.7725  34.9800  101.9103     16.2   15.9   94.8 -999.9   60    4.6 0 0 0
C1  3.7733  34.9800  101.9103     16.2   16.1   94.9 -999.9   58    5.0 0 0 0
C1  3.7743  34.9800  101.9103     16.2   15.9   94.7 -999.9   50    5.5 0 0 0
C1  3.7753  34.9800  101.9104     16.2   16.1   94.5 -999.9   59    4.3 0 0 0
C1  3.7765  34.9800  101.9104     16.2   16.0   94.5 -999.9   62    3.0 0 0 0
C1  3.7840  34.9801  101.9104     16.2   16.4   94.5 -999.9   54    4.8 0 0 0
C1  3.7850  34.9800  101.9103     16.2   15.9   94.3 -999.9   58    5.3 0 0 0
C1  3.7860  34.9801  101.9104     16.2   16.2   94.1 -999.9   57    4.2 0 0 0
C1  3.7872  34.9801  101.9104     16.2   16.2   94.2 -999.9   62    5.0 0 0 0
C1  3.7880  34.9801  101.9104     16.2   16.0   94.1 -999.9   63    4.4 0 0 0
C1  3.7890  34.9801  101.9104     16.2   15.6   94.0 -999.9   63    3.7 0 0 0
C1  3.7900  34.9801  101.9104     16.2   15.8   94.0 -999.9   62    4.0 0 0 0
C1  3.7912  34.9801  101.9104     16.2   16.2   93.9 -999.9   49    4.4 0 0 0
C1  3.7920  34.9801  101.9104     16.2   16.3   93.9 -999.9   63    5.3 0 0 0
C1  3.7930  34.9801  101.9104     16.2   16.0   93.8 -999.9   62    5.6 0 0 0
C1  3.8007  34.9801  101.9104     16.2   16.2   93.7 -999.9   63    4.8 0 0 0
C1  3.8018  34.9801  101.9104     16.2   16.2   93.7 -999.9   56    3.8 0 0 0
C1  3.8027  34.9801  101.9104     16.2   16.1   93.7 -999.9   59    5.6 0 0 0
C1  3.8037  34.9801  101.9103     16.3   16.4   93.8 -999.9   60    5.1 0 0 0
C1  3.8047  34.9801  101.9103     16.3   16.1   93.7 -999.9   53    4.6 0 0 0
C1  3.8058  34.9801  101.9103     16.3   16.1   93.6 -999.9   60    4.6 0 0 0
C1  3.8068  34.9801  101.9103     16.3   16.0   93.5 -999.9   51    3.8 0 0 0
C1  3.8077  34.9801  101.9103     16.3   16.0   93.6 -999.9   55    4.8 0 0 0
C1  3.8087  34.9800  101.9103     16.3   16.0   93.5 -999.9   49    2.4 0 0 0
C1  3.8097  34.9800  101.9103     16.3   16.1   93.5 -999.9   49    2.1 0 0 0
C1  3.8175  34.9800  101.9103     16.3   16.4   93.5 -999.9   52    2.4 0 0 0
C1  3.8182  34.9800  101.9103     16.3   16.5   93.4 -999.9   30    2.2 0 0 0
C1  3.8192  34.9800  101.9103     16.3   16.1   93.3 -999.9   26    1.8 0 0 0
C1  3.8203  34.9800  101.9102     16.3   16.2   93.3 -999.9   66    3.2 0 0 0
C1  3.8212  34.9799  101.9101     16.3   16.2   93.3 -999.9  100    3.2 0 0 0
C1  3.8223  34.9798  101.9102     16.3   16.5   93.3 -999.9   72    2.6 0 0 0
C1  3.8233  34.9798  101.9102     16.3   16.0   93.3 -999.9   56    2.7 0 0 0
C1  3.8243  34.9798  101.9102     16.3   16.5   93.3 -999.9   52    3.9 0 0 0
C1  3.8255  34.9798  101.9102     16.3   16.4   93.5 -999.9   58    3.1 0 0 0
C1  3.8263  34.9798  101.9102     16.3   16.2   93.3 -999.9   58    2.3 0 0 0
C1  3.8340  34.9798  101.9102     16.3   16.2   93.3 -999.9   53    3.6 0 0 0
C1  3.8350  34.9798  101.9102     16.3   16.4   93.3 -999.9   58    2.8 0 0 0
C1  3.8362  34.9798  101.9102     16.3   16.6   93.6 -999.9   69    1.2 0 0 0
C1  3.8370  34.9798  101.9102     16.3   16.4   93.5 -999.9   76    2.2 0 0 0
C1  3.8380  34.9798  101.9102     16.3   16.3   93.4 -999.9   77    4.0 0 0 0
C1  3.8390  34.9798  101.9102     16.3   16.5   93.4 -999.9   58    3.2 0 0 0
C1  3.8402  34.9798  101.9102     16.3   16.1   93.3 -999.9   51    2.1 0 0 0
C1  3.8410  34.9798  101.9102     16.3   16.0   93.4 -999.9   61    1.0 0 0 0
C1  3.8420  34.9798  101.9102     16.3   16.3   93.3 -999.9   62    0.5 0 0 0
C1  3.8430  34.9798  101.9102     16.3   16.4   93.5 -999.9  122    0.2 0 0 0
C1  3.8507  34.9798  101.9102     16.3   16.3   93.5 -999.9  143    0.1 0 0 0
C1  3.8517  34.9798  101.9102     16.3   16.6   93.7 -999.9  141    0.3 0 0 0
C1  3.8527  34.9798  101.9102     16.3   16.1   93.5 -999.9   95    0.1 0 0 0
C1  3.8537  34.9798  101.9102     16.3   16.5   93.5 -999.9  119    0.6 0 0 0
C1  3.8547  34.9798  101.9102     16.3   16.5   93.5 -999.9  114    0.6 0 0 0
C1  3.8558  34.9798  101.9102     16.3   16.5   93.5 -999.9  107    0.5 0 0 0
C1  3.8567  34.9798  101.9102     16.4   16.3   93.7 -999.9  107    0.1 0 0 0
C1  3.8577  34.9798  101.9102     16.3   16.5   93.7 -999.9  107    0.2 0 0 0
C1  3.8587  34.9798  101.9102     16.5   16.3   93.9 -999.9   56    0.4 0 0 0
C1  3.8598  34.9798  101.9102     16.5   16.7   94.2 -999.9  354    0.2 0 0 0
C1  3.8673  34.9798  101.9102     16.5   16.6   94.2 -999.9   97    0.4 0 0 0
C1  3.8683  34.9798  101.9102     16.5   16.7   92.8 -999.9  334    1.3 0 0 0
C1  3.8693  34.9798  101.9102     16.5   16.5   94.4 -999.9   67    1.1 0 0 0
C1  3.8705  34.9798  101.9101     16.6   16.6   94.4 -999.9   62    0.7 0 0 0
C1  3.8713  34.9798  101.9101     16.7   16.7   94.4 -999.9   73    0.7 0 0 0
C1  3.8723  34.9798  101.9101     16.6   16.7   94.6 -999.9   68    1.4 0 0 0
C1  3.8732  34.9798  101.9101     16.5   16.5   94.5 -999.9   51    1.8 0 0 0
C1  3.8742  34.9798  101.9101     16.5   16.7   94.5 -999.9   51    1.6 0 0 0
C1  3.8752  34.9798  101.9101     16.5   16.3   94.3 -999.9   46    1.4 0 0 0
C1  3.8762  34.9798  101.9101     16.5   16.4   94.3 -999.9  117    1.7 0 0 0
C1  3.8840  34.9798  101.9101     16.5   16.3   94.3 -999.9   26    0.9 0 0 0
C1  3.8852  34.9798  101.9101     16.5   16.7   94.3 -999.9   69    1.7 0 0 0
C1  3.8858  34.9799  101.9100     16.4   16.5   94.2 -999.9   50    0.6 0 0 0
C1  3.8870  34.9799  101.9100     16.4   17.0   94.0 -999.9   65    5.3 0 0 0
C1  3.8880  34.9799  101.9100     16.5   16.8   92.8 -999.9  132    4.8 0 0 0
C1  3.8890  34.9799  101.9100     16.5   16.7   93.7 -999.9   66    4.2 0 0 0
C1  3.8900  34.9799  101.9101     16.5   16.3   93.5 -999.9   64    3.7 0 0 0
C1  3.8908  34.9800  101.9099     16.5   16.7   93.6 -999.9  221    3.3 0 1 0
C1  3.8918  34.9800  101.9091     16.5   16.3   93.4 -999.9  358    2.5 0 1 0
C1  3.8928  34.9800  101.9082     16.5   16.4   93.4 -999.9   20    2.2 0 0 0
C1  3.9005  34.9800  101.9073     16.4   16.7   93.3 -999.9   61    3.9 0 0 0
C1  3.9015  34.9800  101.9063     16.6   17.0   93.6 -999.9   63    4.0 0 0 0
C1  3.9025  34.9800  101.9052     16.6   16.9   93.5 -999.9   51    3.7 0 0 0
C1  3.9035  34.9799  101.9040     16.5   16.5   93.4 -999.9   64    5.9 0 0 0
C1  3.9045  34.9799  101.9029     16.6   16.5   93.4 -999.9   59    5.8 0 0 0
C1  3.9055  34.9799  101.9018     16.5   17.0   93.4 -999.9   54    4.9 0 0 0
C1  3.9065  34.9799  101.9007     16.6   16.8   92.2 -999.9   63    7.4 1 0 0
C1  3.9075  34.9799  101.8996     16.6   16.8   93.5 -999.9   53    5.4 0 0 0
C1  3.9085  34.9799  101.8985     16.5   16.8   93.3 -999.9   54    5.0 0 0 0
C1  3.9095  34.9799  101.8972     16.7   16.7   93.5 -999.9   52    5.3 0 0 0
C1  3.9172  34.9799  101.8960     16.6   16.6   93.3 -999.9   55    6.1 0 0 0
C1  3.9182  34.9799  101.8947     16.8   16.7   93.3 -999.9   51    5.8 0 0 0
C1  3.9192  34.9799  101.8934     16.7   16.7   93.5 -999.9   46    5.7 0 0 0
C1  3.9202  34.9799  101.8921     16.6   16.3   93.6 -999.9   19    3.7 0 0 0
C1  3.9212  34.9799  101.8907     16.5   16.6   93.6 -999.9   12    2.9 0 0 0
C1  3.9222  34.9799  101.8893     16.6   16.5   93.6 -999.9   27    2.5 0 0 0
C1  3.9232  34.9799  101.8878     16.6   16.2   93.5 -999.9   63    1.9 0 0 0
C1  3.9242  34.9798  101.8864     16.6   16.6   93.4 -999.9   75    4.5 0 0 0
C1  3.9252  34.9799  101.8852     16.7   16.7   93.4 -999.9   79    6.2 0 0 0
C1  3.9262  34.9799  101.8841     16.7   16.2   93.0 -999.9   69    5.9 0 0 0
C1  3.9338  34.9799  101.8830     16.6   16.5   92.5 -999.9   66   10.3 0 0 0
C1  3.9348  34.9799  101.8822     16.7   16.9   92.3 -999.9   67    7.8 0 0 0
C1  3.9358  34.9799  101.8813     16.6   16.8   91.7 -999.9   82    5.8 0 0 0
C1  3.9368  34.9798  101.8804     16.7   16.9   91.8 -999.9   81    4.8 0 0 0
C1  3.9378  34.9799  101.8799     16.7   16.5   91.1 -999.9   60   14.2 0 1 0
C1  3.9388  34.9802  101.8799     16.6   16.8   90.8 -999.9   33    5.7 0 1 0
C1  3.9398  34.9808  101.8804     16.5   16.5   90.4 -999.9  115    8.9 0 1 0
C1  3.9408  34.9815  101.8811     16.5   16.8   90.3 -999.9   91    6.0 0 0 0
C1  3.9418  34.9822  101.8816     16.5   17.2   90.6 -999.9   56    6.7 0 0 0
C1  3.9428  34.9828  101.8824     16.5   16.8   90.6 -999.9   97    7.9 0 0 0
C1  3.9505  34.9837  101.8833     16.6   16.6   90.7 -999.9  101    8.8 0 1 0
C1  3.9515  34.9847  101.8842     16.6   16.6   90.8 -999.9   81    7.3 0 0 0
C1  3.9525  34.9857  101.8850     16.6   16.6   90.9 -999.9   77    8.0 0 0 0
C1  3.9535  34.9868  101.8859     16.7   16.4   90.9 -999.9   82    8.3 0 0 0
C1  3.9545  34.9879  101.8868     16.7   16.2   91.0 -999.9   77    6.9 0 0 0
C1  3.9555  34.9890  101.8877     16.7   16.8   91.3 -999.9   75    8.1 0 0 0
C1  3.9565  34.9902  101.8887     16.7   16.9   90.4 -999.9   78    8.2 0 0 0
C1  3.9575  34.9914  101.8897     16.9   16.4   91.4 -999.9   74    5.5 0 0 0
C1  3.9585  34.9926  101.8907     16.9   16.7   91.6 -999.9   72    6.2 0 0 0
C1  3.9595  34.9938  101.8917     16.7   16.8   91.7 -999.9   65    5.4 0 0 0
C1  3.9672  34.9950  101.8927     16.9   17.2   92.0 -999.9   61    5.7 0 0 0
C1  3.9682  34.9961  101.8936     16.8   16.5   92.0 -999.9   64    5.4 0 0 0
C1  3.9692  34.9973  101.8947     17.0   16.6   92.2 -999.9   82    4.1 0 0 0
C1  3.9702  34.9984  101.8958     16.9   16.9   92.2 -999.9   92    4.7 0 0 0
C1  3.9712  34.9995  101.8969     16.8   17.0   92.3 -999.9   79    4.9 0 0 0
C1  3.9722  35.0007  101.8980     16.9   17.1   92.6 -999.9   81    2.6 0 0 0
C1  3.9732  35.0018  101.8991     16.9   16.7   92.6 -999.9   63    4.0 0 0 0
C1  3.9742  35.0029  101.9001     16.9   17.4   92.6 -999.9   70    4.5 0 0 0
C1  3.9752  35.0040  101.9012     16.9   16.6   92.5 -999.9   73    5.0 0 0 0
C1  3.9762  35.0051  101.9023     16.9   17.2   92.8 -999.9   60    6.8 0 0 0
C1  3.9838  35.0062  101.9034     17.0   17.1   92.6 -999.9   66    3.8 0 0 0
C1  3.9848  35.0073  101.9045     16.9   16.7   92.5 -999.9   54    6.0 0 0 0
C1  3.9858  35.0085  101.9056     17.0   16.9   92.4 -999.9   55    6.3 0 0 0
C1  3.9868  35.0096  101.9067     16.8   16.8   92.3 -999.9   53    7.8 0 0 0
C1  3.9878  35.0107  101.9078     16.9   17.1   92.2 -999.9   60    6.3 0 0 0
C1  3.9888  35.0118  101.9089     16.8   16.7   92.1 -999.9   51    4.1 0 0 0
C1  3.9898  35.0130  101.9101     16.8   17.0   92.2 -999.9   57    2.7 0 0 0
C1  3.9908  35.0141  101.9112     16.9   17.0   92.1 -999.9   68    3.3 0 0 0
C1  3.9918  35.0153  101.9123     17.1   17.0   92.3 -999.9   53    4.2 0 0 0
C1  3.9928  35.0164  101.9134     17.0   16.8   91.9 -999.9   46    4.0 0 0 0
C1  4.0005  35.0175  101.9146     16.9   17.3   91.8 -999.9   50    4.5 0 0 0
C1  4.0015  35.0186  101.9156     16.9   16.7   91.7 -999.9   56    8.2 0 0 0
C1  4.0025  35.0198  101.9167     17.0   16.6   91.6 -999.9   73   11.4 0 0 0
C1  4.0035  35.0208  101.9176     17.2   16.8   91.6 -999.9  112    4.5 0 1 0
C1  4.0045  35.0219  101.9183     17.1   16.8   91.8 -999.9  140    6.6 0 1 0
C1  4.0055  35.0232  101.9187     17.1   17.1   91.6 -999.9  118    3.1 0 1 0
C1  4.0065  35.0246  101.9189     17.2   17.2   91.9 -999.9  138    3.3 0 0 0
C1  4.0075  35.0262  101.9190     17.1   17.4   91.3 -999.9   54    2.8 0 0 0
C1  4.0085  35.0276  101.9192     16.9   17.9   91.2 -999.9   60    6.6 0 0 0
C1  4.0095  35.0291  101.9192     16.9   17.2   90.9 -999.9   55    5.4 0 0 0
C1  4.0172  35.0305  101.9192     16.9   17.3   91.1 -999.9   54    5.9 0 0 0
C1  4.0182  35.0319  101.9192     16.9   16.8   91.1 -999.9   60    5.8 0 0 0
C1  4.0192  35.0333  101.9192     17.1   17.1   91.2 -999.9   48    5.8 0 0 0
C1  4.0202  35.0346  101.9191     17.0   17.2   91.3 -999.9   67    5.5 0 0 0
C1  4.0212  35.0359  101.9191     16.9   17.1   91.3 -999.9   52    6.2 0 0 0
C1  4.0222  35.0372  101.9191     16.8   17.1   87.3 -999.9   58    7.1 1 0 0
C1  4.0232  35.0385  101.9191     16.8   16.7   91.2 -999.9   59    6.1 0 0 0
C1  4.0242  35.0397  101.9191     16.9   17.1   91.3 -999.9   72    5.0 0 0 0
C1  4.0252  35.0410  101.9191     16.9   16.9   91.4 -999.9   74    5.7 0 0 0
C1  4.0262  35.0423  101.9190     16.9   16.9   91.4 -999.9   65    5.8 0 0 0
C1  4.0338  35.0436  101.9190     16.8   17.1   91.4 -999.9   71    5.0 0 0 0
C1  4.0348  35.0449  101.9190     16.9   17.6   91.3 -999.9   81    4.4 0 0 0
C1  4.0358  35.0463  101.9190     16.8   17.5   91.4 -999.9   84    4.2 0 0 0
C1  4.0368  35.0476  101.9190     16.9   17.1   91.6 -999.9   63    4.2 0 0 0
C1  4.0378  35.0488  101.9190     16.9   17.5   91.5 -999.9   45    4.5 0 0 0
C1  4.0388  35.0499  101.9190     16.7   16.9   90.8 -999.9   78    4.7 0 0 0
C1  4.0398  35.0511  101.9190     16.9   16.9   90.1 -999.9   90    6.2 1 0 0
C1  4.0408  35.0522  101.9190     16.8   16.9   91.8 -999.9   83    6.6 0 0 0
C1  4.0418  35.0534  101.9190     16.9   17.1   91.8 -999.9   82    6.7 0 0 0
C1  4.0428  35.0545  101.9190     16.9   17.1   91.7 -999.9   76    6.5 0 0 0
C1  4.0505  35.0556  101.9190     16.9   17.8   91.7 -999.9   83    5.8 0 0 0
C1  4.0515  35.0566  101.9190     16.8   16.9   91.8 -999.9   74    6.6 0 0 0
C1  4.0525  35.0575  101.9190     16.7   17.3   91.6 -999.9   63    5.8 0 0 0
C1  4.0535  35.0585  101.9190     16.8   17.0   91.6 -999.9  104    4.8 0 0 0
C1  4.0545  35.0595  101.9190     16.7   16.8   91.6 -999.9  107    5.4 0 0 0
C1  4.0555  35.0606  101.9190     16.8   17.2   91.6 -999.9  101    5.6 0 0 0
C1  4.0565  35.0618  101.9190     16.7   17.4   91.5 -999.9  105    4.2 0 0 0
C1  4.0575  35.0631  101.9190     16.7   16.9   91.3 -999.9   89    4.0 0 0 0
C1  4.0585  35.0643  101.9190     16.7   17.0   91.3 -999.9   88    2.5 0 0 0
C1  4.0595  35.0656  101.9190     16.7   16.8   91.4 -999.9  105    2.7 0 0 0
C1  4.0672  35.0670  101.9189     16.7   16.8   91.2 -999.9  105    4.4 0 0 0
C1  4.0682  35.0683  101.9189     16.8   17.2   91.3 -999.9   85    4.0 0 0 0
C1  4.0692  35.0696  101.9189     16.7   17.3   91.1 -999.9   92    5.4 0 0 0
C1  4.0702  35.0709  101.9189     16.7   16.9   91.2 -999.9   88    4.9 0 0 0
C1  4.0712  35.0721  101.9189     16.8   16.9   91.3 -999.9   83    4.1 0 0 0
C1  4.0722  35.0733  101.9187     16.8   17.4   91.6 -999.9   87    6.3 0 1 0
C1  4.0732  35.0745  101.9185     17.0   17.2   91.7 -999.9   59    3.4 0 0 0
C1  4.0742  35.0756  101.9183     16.8   17.1   91.8 -999.9   82    5.9 0 0 0
C1  4.0752  35.0767  101.9180     16.8   16.8   91.8 -999.9   87    5.7 0 0 0
C1  4.0762  35.0778  101.9178     16.9   17.2   92.0 -999.9   92    8.3 0 0 0
C1  4.0838  35.0789  101.9176     16.8   17.0   91.9 -999.9   96    5.2 0 0 0
C1  4.0848  35.0801  101.9173     16.7   16.9   91.9 -999.9   96    5.4 0 0 0
C1  4.0858  35.0812  101.9171     16.7   17.0   91.8 -999.9  100    4.3 0 0 0
C1  4.0868  35.0825  101.9168     16.8   17.1   91.8 -999.9  100    4.5 0 0 0
C1  4.0878  35.0837  101.9165     16.7   17.2   91.7 -999.9   95    5.8 0 0 0
C1  4.0888  35.0849  101.9163     16.6   17.3   91.6 -999.9   91    8.0 0 0 0
C1  4.0898  35.0861  101.9160     16.7   17.1   91.3 -999.9   92    7.2 0 0 0
C1  4.0908  35.0874  101.9158     16.7   16.8   90.8 -999.9   85    8.2 0 0 0
C1  4.0918  35.0886  101.9155     16.6   17.0   90.5 -999.9   80    8.8 0 0 0
C1  4.0928  35.0898  101.9153     16.6   17.1   90.5 -999.9   82   10.0 0 0 0
C1  4.1005  35.0910  101.9150     16.7   17.7   90.1 -999.9   81    8.6 0 0 0
C1  4.1015  35.0922  101.9147     16.6   17.0   90.5 -999.9   76    7.5 0 0 0
C1  4.1025  35.0935  101.9145     16.6   17.0   90.7 -999.9   82    7.8 0 0 0
C1  4.1035  35.0947  101.9142     16.7   16.9   91.1 -999.9   84    7.3 0 0 0
C1  4.1045  35.0960  101.9140     16.6   16.8   90.2 -999.9   84    8.7 0 0 0
C1  4.1055  35.0972  101.9137     16.6   16.8   90.4 -999.9   88    8.0 0 0 0
C1  4.1065  35.0984  101.9135     16.6   17.1   89.9 -999.9   79    7.8 0 0 0
C1  4.1075  35.0996  101.9132     16.5   17.2   89.6 -999.9   90    7.8 0 0 0
C1  4.1085  35.1008  101.9130     16.6   16.7   89.6 -999.9   82    6.6 0 0 0
C1  4.1095  35.1021  101.9127     16.5   17.1   89.8 -999.9   86    6.6 0 0 0
C1  4.1172  35.1034  101.9124     16.6   16.8   89.8 -999.9   74    5.4 0 0 0
C1  4.1182  35.1047  101.9122     16.6   16.6   89.6 -999.9   78    7.9 0 0 0
C1  4.1192  35.1060  101.9119     16.6   16.9   89.6 -999.9   83    7.3 0 0 0
C1  4.1202  35.1073  101.9116     16.7   16.8   89.4 -999.9   79    8.4 0 0 0
C1  4.1212  35.1085  101.9114     16.5   16.8   89.2 -999.9   83    6.9 0 0 0
C1  4.1222  35.1099  101.9111     16.4   17.0   88.6 -999.9   77    5.1 0 0 0
C1  4.1232  35.1112  101.9108     16.4   16.8   88.2 -999.9   82    7.1 0 0 0
C1  4.1242  35.1125  101.9106     16.4   16.9   88.3 -999.9   80    6.7 0 0 0
C1  4.1252  35.1138  101.9103     16.4   17.2   88.5 -999.9   69    5.9 0 0 0
C1  4.1262  35.1150  101.9100     16.3   16.4   88.5 -999.9   72    6.9 0 0 0
C1  4.1338  35.1162  101.9096     16.5   16.6   88.7 -999.9   90    8.7 0 0 0
C1  4.1348  35.1174  101.9092     16.2   16.8   88.5 -999.9   81    7.0 0 0 0
C1  4.1358  35.1185  101.9086     16.3   16.8   88.7 -999.9   86    7.7 0 0 0
C1  4.1368  35.1196  101.9080     16.3   16.9   88.7 -999.9   82    8.0 0 0 0
C1  4.1378  35.1207  101.9073     16.2   16.4   87.7 -999.9   78    7.2 0 0 0
C1  4.1388  35.1217  101.9067     16.4   17.1   88.2 -999.9   64    5.9 0 0 0
C1  4.1398  35.1227  101.9060     16.4   16.5   86.7 -999.9   83    6.7 1 0 0
C1  4.1408  35.1237  101.9054     16.4   16.7   87.9 -999.9   75    9.3 0 0 0
C1  4.1418  35.1246  101.9049     16.3   16.7   88.9 -999.9   68    7.2 0 0 0
C1  4.1428  35.1255  101.9043     16.3   16.8   88.8 -999.9   82    4.1 0 0 0
C1  4.1505  35.1264  101.9037     16.3   16.1   88.0 -999.9   95    2.9 0 0 0
C1  4.1515  35.1273  101.9031     16.3   16.6   88.1 -999.9   80    5.2 0 0 0
C1  4.1525  35.1282  101.9025     16.3   16.6   89.1 -999.9   97    6.3 0 0 0
C1  4.1535  35.1292  101.9017     16.3   16.9   89.2 -999.9   75    4.9 0 0 0
C1  4.1545  35.1301  101.9009     16.2   16.6   88.5 -999.9   92    5.9 0 0 0
C1  4.1555  35.1311  101.9000     16.2   17.1   87.5 -999.9   88    5.8 1 0 0
C1  4.1565  35.1320  101.8992     16.2   16.7   88.7 -999.9   77    5.8 0 0 0
C1  4.1575  35.1330  101.8984     16.3   16.4   89.0 -999.9   90    5.8 0 0 0
C1  4.1585  35.1339  101.8976     16.1   16.6   88.1 -999.9   73    6.0 0 0 0
C1  4.1595  35.1348  101.8968     16.3   16.8   88.9 -999.9   80    5.8 0 0 0
C1  4.1672  35.1357  101.8960     16.3   16.5   89.0 -999.9   68    4.8 0 0 0
C1  4.1682  35.1367  101.8952     16.2   16.8   88.7 -999.9   74    5.3 0 0 0
C1  4.1692  35.1376  101.8944     16.2   16.6   88.5 -999.9   78    5.3 0 0 0
C1  4.1702  35.1385  101.8936     16.2   16.9   88.8 -999.9   89    5.8 0 0 0
C1  4.1712  35.1395  101.8928     16.2   16.7   88.0 -999.9   83    5.4 0 0 0
C1  4.1722  35.1404  101.8919     16.2   16.8   88.6 -999.9   93    6.2 0 0 0
C1  4.1732  35.1413  101.8911     16.2   17.0   88.5 -999.9   92    7.8 0 0 0
C1  4.1742  35.1423  101.8903     16.2   16.7   88.3 -999.9   98    6.4 0 0 0
C1  4.1752  35.1432  101.8895     16.2   16.7   88.5 -999.9   96    5.8 0 0 0
C1  4.1762  35.1442  101.8886     16.1   16.7   88.5 -999.9   93    5.9 0 0 0
C1  4.1838  35.1452  101.8878     16.2   16.9   88.9 -999.9   90    4.1 0 0 0
C1  4.1848  35.1461  101.8869     16.2   16.4   88.9 -999.9   73    4.1 0 0 0
C1  4.1858  35.1471  101.8861     16.2   16.6   89.0 -999.9   98    6.6 0 0 0
C1  4.1868  35.1481  101.8853     16.3   16.1   89.1 -999.9   94    7.2 0 0 0
C1  4.1878  35.1490  101.8845     16.3   16.4   89.2 -999.9   95    5.2 0 0 0
C1  4.1888  35.1500  101.8837     16.2   16.8   89.4 -999.9   97    4.3 0 0 0
C1  4.1898  35.1510  101.8828     16.3   16.3   88.7 -999.9   81    5.8 0 0 0
C1  4.1908  35.1519  101.8819     16.3   16.7   88.6 -999.9  102    6.6 0 0 0
C1  4.1918  35.1529  101.8811     16.2   16.6   89.6 -999.9   86    6.8 0 0 0
C1  4.1928  35.1538  101.8803     16.2   16.8   88.9 -999.9   82    4.7 0 0 0
C1  4.2005  35.1548  101.8795     16.2   16.8   89.4 -999.9  102    3.3 0 0 0
C1  4.2015  35.1559  101.8786     16.1   16.8   89.2 -999.9   96    5.9 0 0 0
C1  4.2025  35.1569  101.8777     16.2   16.8   89.0 -999.9  103    6.2 0 0 0
C1  4.2035  35.1579  101.8768     16.2   16.6   89.1 -999.9   98    6.8 0 0 0
C1  4.2045  35.1589  101.8759     16.1   16.8   88.8 -999.9   99    5.5 0 0 0
C1  4.2055  35.1600  101.8751     16.2   16.5   88.7 -999.9   87    4.0 0 0 0
C1  4.2065  35.1610  101.8742     16.2   16.4   89.0 -999.9   90    6.1 0 0 0
C1  4.2075  35.1620  101.8733     16.2   16.0   88.7 -999.9  102    7.0 0 0 0
C1  4.2085  35.1630  101.8725     16.1   15.6   88.7 -999.9  100    7.1 0 0 0
C1  4.2095  35.1639  101.8717     16.2   15.9   88.9 -999.9  110    8.3 0 0 0
C1  4.2172  35.1649  101.8709     16.1   16.4   89.0 -999.9  103    7.2 0 0 0
C1  4.2182  35.1659  101.8700     16.2   16.1   89.1 -999.9  107    6.1 0 0 0
C1  4.2192  35.1668  101.8692     16.2   16.0   89.0 -999.9  101    5.7 0 0 0
C1  4.2202  35.1678  101.8684     16.2   16.3   88.1 -999.9  111    7.2 0 0 0
C1  4.2212  35.1687  101.8675     16.3   16.3   88.3 -999.9  105    4.8 0 0 0
C1  4.2222  35.1695  101.8666     16.1   17.0   88.5 -999.9  104    7.7 0 0 0
C1  4.2232  35.1703  101.8656     16.3   16.7   88.7 -999.9  113    7.4 0 0 0
C1  4.2242  35.1711  101.8644     16.3   16.3   88.2 -999.9  120    6.5 0 0 0
C1  4.2252  35.1718  101.8632     16.2   16.1   88.0 -999.9  111    5.6 0 0 0
C1  4.2262  35.1724  101.8619     16.2   16.3   88.0 -999.9  109    6.3 0 0 0
C1  4.2338  35.1729  101.8607     16.1   16.1   88.2 -999.9  109    7.2 0 0 0
C1  4.2348  35.1735  101.8595     16.0   16.2   88.2 -999.9  104    6.3 0 0 0
C1  4.2358  35.1740  101.8583     16.0   16.1   87.9 -999.9  114    7.2 0 0 0
C1  4.2368  35.1745  101.8572     16.2   16.0   87.9 -999.9  118    5.4 0 0 0
C1  4.2378  35.1751  101.8559     16.0   16.6   88.0 -999.9   90    3.0 0 0 0
C1  4.2388  35.1756  101.8547     16.0   16.1   88.0 -999.9  116    7.2 0 0 0
C1  4.2398  35.1762  101.8534     16.1   16.4   87.6 -999.9   98    4.5 0 0 0
C1  4.2408  35.1764  101.8519     16.1   16.5   87.8 -999.9  137    4.9 0 1 0
C1  4.2418  35.1765  101.8504     16.0   16.3   88.0 -999.9  110    3.6 0 0 0
C1  4.2428  35.1765  101.8489     16.1   16.4   88.4 -999.9   95    4.6 0 0 0
C1  4.2505  35.1765  101.8474     16.2   16.7   88.4 -999.9  110    5.4 0 0 0
C1  4.2515  35.1765  101.8459     16.2   16.7   88.2 -999.9  102    5.3 0 0 0
C1  4.2525  35.1765  101.8445     16.2   16.3   88.0 -999.9   86    6.2 0 0 0
C1  4.2537  35.1770  101.8429     16.2   16.2   87.9 -999.9   94    4.1 0 1 0
C1  4.2545  35.1775  101.8418     16.2   16.4   88.5 -999.9   77    0.7 0 0 0
C1  4.2555  35.1785  101.8408     16.2   16.7   89.0 -999.9  359    0.6 0 1 0
C1  4.2565  35.1796  101.8401     16.2   16.3   89.2 -999.9   40    4.4 0 1 0
C1  4.2575  35.1805  101.8394     16.2   16.2   88.9 -999.9   67    2.7 0 0 0
C1  4.2585  35.1815  101.8388     16.1   16.4   88.8 -999.9  120    5.3 0 0 0
C1  4.2595  35.1825  101.8382     16.0   16.5   88.4 -999.9  104    4.6 0 0 0
C1  4.2672  35.1837  101.8379     15.9   16.6   88.2 -999.9  115    5.7 0 1 0
C1  4.2682  35.1850  101.8379     16.0   16.2   86.8 -999.9  115    4.2 0 0 0
C1  4.2692  35.1862  101.8379     15.8   16.5   85.8 -999.9  112    5.8 1 0 0
C1  4.2702  35.1875  101.8378     15.9   16.4   87.9 -999.9  134    3.5 0 0 0
C1  4.2712  35.1888  101.8376     15.8   16.2   87.8 -999.9  115    2.5 0 0 0
C1  4.2722  35.1897  101.8373     15.9   16.1   87.9 -999.9   46    3.8 0 1 0
C1  4.2732  35.1904  101.8369     15.9   16.6   85.5 -999.9   96    3.2 1 1 0
C1  4.2742  35.1910  101.8361     15.8   15.9   88.0 -999.9  150    3.9 0 0 0
C1  4.2752  35.1917  101.8352     15.9   16.6   88.0 -999.9   96    4.9 0 0 0
C1  4.2762  35.1924  101.8346     15.9   16.5   87.7 -999.9   81    4.2 0 1 0
C1  4.2838  35.1933  101.8345     16.0   16.0   87.7 -999.9   69    1.9 0 1 0
C1  4.2848  35.1940  101.8353     16.0   16.0   87.8 -999.9   90    6.1 0 1 0
C1  4.2858  35.1944  101.8362     16.0   16.2   87.3 -999.9   76    7.2 0 1 0
C1  4.2868  35.1942  101.8372     15.9   15.9   87.0 -999.9   72    9.7 0 1 0
C1  4.2878  35.1935  101.8380     16.0   16.3   86.9 -999.9  107    8.9 0 0 0
C1  4.2888  35.1934  101.8390     15.9   16.3   86.7 -999.9  144    7.6 0 1 0
C1  4.2898  35.1936  101.8403     16.0   16.4   86.9 -999.9  113   12.5 0 0 0
C1  4.2908  35.1938  101.8417     16.0   16.4   86.2 -999.9  103   14.4 0 0 0
C1  4.2918  35.1940  101.8432     16.0   16.5   86.5 -999.9  104   12.8 0 0 0
C1  4.2928  35.1942  101.8446     16.0   16.2   86.4 -999.9  104    9.6 0 0 0
C1  4.3005  35.1944  101.8461     16.0   16.4   87.0 -999.9   97    8.8 0 0 0
C1  4.3015  35.1946  101.8476     16.0   16.3   87.6 -999.9   94    7.1 0 0 0
C1  4.3025  35.1947  101.8490     16.0   16.2   87.8 -999.9  106    6.4 0 0 0
C1  4.3035  35.1949  101.8503     16.0   16.7   87.7 -999.9  112    7.9 0 0 0
C1  4.3045  35.1950  101.8516     16.0   16.3   87.7 -999.9  103    7.4 0 0 0
C1  4.3055  35.1952  101.8530     16.0   16.1   87.5 -999.9   98   10.4 0 0 0
C1  4.3065  35.1953  101.8544     16.0   16.3   87.2 -999.9   92   11.1 0 0 0
C1  4.3075  35.1954  101.8558     16.1   16.5   87.5 -999.9  109    8.7 0 0 0
C1  4.3085  35.1954  101.8573     16.0   16.6   87.2 -999.9  104    8.7 0 0 0
C1  4.3095  35.1954  101.8586     16.0   16.0   87.0 -999.9  124    6.1 0 0 0
C1  4.3172  35.1954  101.8601     16.0   16.1   87.4 -999.9   96    7.1 0 0 0
C1  4.3182  35.1954  101.8615     16.0   16.1   87.6 -999.9  101    5.5 0 0 0
C1  4.3192  35.1954  101.8630     16.0   16.1   87.1 -999.9  100    8.3 0 0 0
C1  4.3202  35.1954  101.8645     16.0   16.1   87.1 -999.9  102    7.0 0 0 0
C1  4.3212  35.1954  101.8658     16.0   16.7   87.6 -999.9  150    3.9 0 0 0
C1  4.3222  35.1954  101.8669     16.0   16.2   87.7 -999.9  142    5.5 0 0 0
C1  4.3232  35.1955  101.8679     16.0   16.4   87.2 -999.9  106    5.7 0 0 0
C1  4.3242  35.1955  101.8687     16.1   16.1   86.6 -999.9  104    8.5 0 0 0
