C1 15.0850  35.2499   97.4631     26.1   27.3   64.8 -999.9  209    2.7 0 1 0
C1 15.0867  35.2512   97.4642     26.1   26.8   63.8 -999.9  216    1.4 0 0 0
C1 15.0877  35.2520   97.4650     26.0   26.6   63.5 -999.9  224    2.8 0 0 0
C1 15.0887  35.2529   97.4658     26.0   26.6   64.3 -999.9  222    3.0 0 0 0
C1 15.0897  35.2538   97.4666     26.0   27.1   65.1 -999.9  215    2.5 0 0 0
C1 15.0907  35.2548   97.4675     26.1   26.9   65.6 -999.9  241    2.6 0 0 0
C1 15.0917  35.2557   97.4684     26.0   26.7   64.4 -999.9  252    2.7 0 0 0
C1 15.0927  35.2567   97.4693     25.9   26.6   64.8 -999.9  246    3.1 0 0 0
C1 15.1003  35.2577   97.4703     25.9   27.0   66.1 -999.9  244    2.1 0 0 0
C1 15.1013  35.2587   97.4712     25.9   26.2   65.9 -999.9  251    2.9 0 0 0
C1 15.1023  35.2597   97.4722     25.8   26.1   65.7 -999.9  232    3.2 0 0 0
C1 15.1033  35.2607   97.4731     25.9   26.4   66.3 -999.9  255    2.9 0 0 0
C1 15.1043  35.2617   97.4741     25.9   26.9   66.4 -999.9  247    3.5 0 0 0
C1 15.1053  35.2628   97.4751     25.9   26.4   66.9 -999.9  226    3.9 0 0 0
C1 15.1063  35.2639   97.4761     25.9   26.1   67.1 -999.9  229    1.4 0 0 0
C1 15.1073  35.2650   97.4770     25.9   26.3   66.0 -999.9  292    1.9 0 0 0
C1 15.1083  35.2661   97.4778     25.9   26.8   66.5 -999.9  254    3.2 0 0 0
C1 15.1093  35.2673   97.4785     25.9   26.6   67.6 -999.9  250    3.4 0 0 0
C1 15.1170  35.2685   97.4791     25.9   26.5   67.1 -999.9  223    2.1 0 0 0
C1 15.1180  35.2698   97.4796     25.2   26.7   65.7 -999.9  249    2.4 0 0 0
C1 15.1190  35.2711   97.4800     25.8   26.4   66.2 -999.9  240    3.4 0 0 0
C1 15.1200  35.2725   97.4805     25.9   26.3   67.0 -999.9  243    2.5 0 0 0
C1 15.1210  35.2738   97.4811     25.9   26.6   67.5 -999.9  246    1.6 0 0 0
C1 15.1220  35.2751   97.4815     26.1   26.6   69.0 -999.9  201    1.6 0 0 0
C1 15.1230  35.2765   97.4820     25.9   26.1   69.7 -999.9  235    3.1 0 0 0
C1 15.1240  35.2778   97.4825     25.9   26.2   66.7 -999.9  248    3.4 0 0 0
C1 15.1250  35.2791   97.4830     25.9   26.4   66.2 -999.9  250    3.3 0 0 0
C1 15.1260  35.2804   97.4835     25.8   26.6   67.3 -999.9  236    2.7 0 0 0
C1 15.1337  35.2818   97.4840     25.8   26.1   67.8 -999.9  230    2.8 0 0 0
C1 15.1347  35.2831   97.4845     25.8   26.2   67.9 -999.9  242    3.5 0 0 0
C1 15.1357  35.2844   97.4850     25.9   26.1   68.3 -999.9  239    3.9 0 0 0
C1 15.1367  35.2858   97.4855     25.9   26.4   67.8 -999.9  240    3.4 0 0 0
C1 15.1377  35.2872   97.4860     26.0   26.4   66.8 -999.9  242    2.9 0 0 0
C1 15.1387  35.2886   97.4865     25.9   26.7   65.5 -999.9  244    3.5 0 0 0
C1 15.1397  35.2900   97.4871     26.0   26.3   65.0 -999.9  242    3.6 0 0 0
C1 15.1407  35.2914   97.4876     26.2   26.4   65.5 -999.9  235    2.3 0 0 0
C1 15.1417  35.2928   97.4881     26.1   26.3   65.5 -999.9  213    2.3 0 0 0
C1 15.1427  35.2942   97.4887     26.2   26.6   66.6 -999.9  227    1.6 0 0 0
C1 15.1503  35.2957   97.4892     26.3   26.1   67.3 -999.9  250    3.0 0 0 0
C1 15.1513  35.2971   97.4896     26.4   26.3   66.1 -999.9  270    1.5 0 0 0
C1 15.1523  35.2985   97.4898     26.1   26.4   66.1 -999.9  259    3.0 0 0 0
C1 15.1533  35.3000   97.4898     26.2   26.3   66.4 -999.9  232    1.8 0 0 0
C1 15.1543  35.3015   97.4898     26.2   26.3   59.1 -999.9  242    2.6 0 0 0
C1 15.1553  35.3029   97.4898     26.1   26.5   55.5 -999.9  247    1.7 0 0 0
C1 15.1563  35.3044   97.4898     26.2   26.0   58.4 -999.9  248    3.8 0 0 0
C1 15.1573  35.3059   97.4898     26.2   26.1   50.3 -999.9  272    3.1 1 0 0
C1 15.1583  35.3073   97.4898     26.3   26.2   66.6 -999.9  260    3.3 0 0 0
C1 15.1593  35.3088   97.4898     26.1   25.9   66.3 -999.9  252    3.6 0 0 0
C1 15.1670  35.3103   97.4899     26.1   26.5   66.1 -999.9  218    1.8 0 0 0
C1 15.1680  35.3118   97.4899     26.1   26.3   65.8 -999.9  234    1.3 0 0 0
C1 15.1690  35.3133   97.4899     25.8   26.2   66.1 -999.9  224    3.2 0 0 0
C1 15.1700  35.3149   97.4899     26.1   26.1   66.1 -999.9  229    2.3 0 0 0
C1 15.1710  35.3164   97.4899     26.2   25.9   66.5 -999.9  250    1.9 0 0 0
C1 15.1720  35.3179   97.4898     26.2   26.3   65.6 -999.9  250    2.7 0 0 0
C1 15.1730  35.3194   97.4898     26.3   26.2   67.4 -999.9  252    2.6 0 0 0
C1 15.1740  35.3209   97.4898     26.3   26.1   66.8 -999.9  241    3.2 0 0 0
C1 15.1750  35.3224   97.4898     26.3   26.3   67.2 -999.9  250    2.4 0 0 0
C1 15.1760  35.3239   97.4898     26.2   26.1   65.9 -999.9  256    2.9 0 0 0
C1 15.1837  35.3253   97.4898     26.3   26.7   65.6 -999.9  234    2.5 0 0 0
C1 15.1847  35.3268   97.4898     26.3   26.4   65.8 -999.9  228    3.7 0 0 0
C1 15.1857  35.3283   97.4898     26.3   25.9   66.0 -999.9  207    2.0 0 0 0
C1 15.1867  35.3297   97.4898     26.4   26.2   65.9 -999.9  236    2.5 0 0 0
C1 15.1877  35.3312   97.4898     26.4   26.1   65.0 -999.9  267    2.5 0 0 0
C1 15.1887  35.3326   97.4898     26.4   26.4   64.4 -999.9  264    2.0 0 0 0
C1 15.1897  35.3340   97.4899     26.3   26.2   64.0 -999.9  235    2.9 0 0 0
C1 15.1907  35.3354   97.4903     26.3   26.1   64.5 -999.9  258    3.2 0 0 0
C1 15.1917  35.3368   97.4908     26.3   26.7   63.8 -999.9  240    2.8 0 0 0
C1 15.1927  35.3382   97.4914     26.4   26.8   65.0 -999.9  197    2.0 0 0 0
C1 15.2003  35.3396   97.4919     26.3   26.3   64.3 -999.9  207    2.6 0 0 0
C1 15.2013  35.3409   97.4925     26.3   26.6   64.5 -999.9  233    2.3 0 0 0
C1 15.2023  35.3423   97.4931     26.4   26.4   64.0 -999.9  227    2.6 0 0 0
C1 15.2033  35.3437   97.4936     26.4   26.3   63.8 -999.9  237    2.9 0 0 0
C1 15.2043  35.3451   97.4941     26.3   26.1   62.9 -999.9  247    3.0 0 0 0
C1 15.2053  35.3466   97.4943     26.4   26.2   63.3 -999.9  210    1.7 0 0 0
C1 15.2063  35.3480   97.4945     26.4   26.5   63.1 -999.9  211    3.6 0 0 0
C1 15.2073  35.3494   97.4945     26.4   26.3   62.9 -999.9  211    2.5 0 0 0
C1 15.2083  35.3508   97.4945     26.5   26.1   63.3 -999.9  201    3.2 0 0 0
C1 15.2093  35.3522   97.4945     26.6   26.7   63.2 -999.9  245    3.4 0 0 0
C1 15.2170  35.3536   97.4946     26.5   26.8   63.1 -999.9  192    1.2 0 0 0
C1 15.2180  35.3549   97.4946     26.7   26.4   63.8 -999.9  228    1.8 0 0 0
C1 15.2190  35.3563   97.4946     26.7   26.3   64.2 -999.9  267    4.0 0 0 0
C1 15.2200  35.3576   97.4946     26.4   26.2   63.5 -999.9  243    4.0 0 0 0
C1 15.2210  35.3589   97.4947     26.3   26.6   64.0 -999.9  210    4.3 0 0 0
C1 15.2220  35.3602   97.4947     26.4   26.3   64.9 -999.9  215    4.0 0 0 0
C1 15.2230  35.3616   97.4947     26.4   26.1   64.4 -999.9  233    3.3 0 0 0
C1 15.2240  35.3629   97.4947     26.3   26.6   64.7 -999.9  212    1.2 0 0 0
C1 15.2250  35.3643   97.4948     26.4   26.6   64.0 -999.9  241    3.6 0 0 0
C1 15.2260  35.3657   97.4948     26.4   26.6   63.4 -999.9  272    2.1 0 0 0
C1 15.2337  35.3672   97.4949     26.2   26.5   63.1 -999.9  272    2.1 0 0 0
C1 15.2347  35.3685   97.4949     26.1   26.3   63.1 -999.9  287    2.7 0 0 0
C1 15.2357  35.3698   97.4949     26.1   26.1   63.8 -999.9  227    2.3 0 0 0
C1 15.2367  35.3711   97.4950     26.1   26.0   63.9 -999.9  252    3.2 0 0 0
C1 15.2377  35.3724   97.4950     26.2   26.7   63.3 -999.9  232    2.9 0 0 0
C1 15.2387  35.3738   97.4950     26.3   26.5   64.2 -999.9  230    3.6 0 0 0
C1 15.2397  35.3751   97.4950     26.3   26.2   64.2 -999.9  230    2.9 0 0 0
C1 15.2407  35.3765   97.4951     26.3   26.4   63.3 -999.9  240    3.0 0 0 0
C1 15.2417  35.3778   97.4951     26.2   26.5   63.6 -999.9  246    3.0 0 0 0
C1 15.2427  35.3791   97.4951     26.2   26.6   62.9 -999.9  252    5.1 0 0 0
C1 15.2503  35.3803   97.4951     26.1   26.1   62.8 -999.9  218    2.9 0 0 0
C1 15.2513  35.3816   97.4951     26.1   26.0   62.8 -999.9  209    3.7 0 0 0
C1 15.2525  35.3832   97.4951     26.2   26.2   63.4 -999.9  211    2.3 0 0 0
C1 15.2535  35.3844   97.4951     26.4   26.4   63.8 -999.9  287    1.5 0 0 0
C1 15.2545  35.3855   97.4951     26.3   26.4   62.8 -999.9  205    2.3 0 0 0
C1 15.2555  35.3867   97.4950     26.4   26.1   63.3 -999.9  208    4.3 0 0 0
C1 15.2565  35.3879   97.4950     26.4   25.9   63.6 -999.9  247    3.1 0 0 0
C1 15.2575  35.3890   97.4950     26.3   26.4   63.9 -999.9  287    2.0 0 0 0
C1 15.2585  35.3899   97.4950     26.4   26.6   65.1 -999.9  218    1.3 0 0 0
C1 15.2595  35.3907   97.4950     26.4   26.1   64.4 -999.9  240    3.1 0 0 0
C1 15.2672  35.3915   97.4951     26.4   26.6   64.5 -999.9  261    2.1 0 0 0
C1 15.2682  35.3922   97.4950     26.4   26.2   64.8 -999.9  213    4.3 0 0 0
C1 15.2692  35.3927   97.4946     26.4   26.5   64.1 -999.9  270    2.0 0 1 0
C1 15.2702  35.3923   97.4940     26.2   26.4   63.3 -999.9  315    2.9 0 1 0
C1 15.2712  35.3919   97.4946     26.0   26.2   63.6 -999.9  360    2.4 0 1 0
C1 15.2722  35.3920   97.4957     26.1   26.8   63.5 -999.9  120    3.5 0 1 0
C1 15.2732  35.3922   97.4971     26.1   26.4   63.2 -999.9  128    3.4 0 1 0
C1 15.2742  35.3922   97.4986     26.1   26.5   63.5 -999.9  185    1.9 0 0 0
C1 15.2752  35.3922   97.5002     26.2   26.2   63.8 -999.9  214    1.5 0 0 0
C1 15.2762  35.3922   97.5017     26.4   26.3   64.3 -999.9  129    1.9 0 0 0
C1 15.2838  35.3922   97.5034     26.5   26.4   62.6 -999.9  122    1.9 0 0 0
C1 15.2848  35.3922   97.5051     26.4   26.1   61.6 -999.9  121    0.8 0 0 0
C1 15.2858  35.3922   97.5068     26.4   26.4   61.6 -999.9  142    1.9 0 0 0
C1 15.2868  35.3922   97.5084     26.4   26.2   61.8 -999.9  126    2.3 0 0 0
C1 15.2878  35.3922   97.5100     26.5   26.4   62.6 -999.9  202    1.6 0 0 0
C1 15.2888  35.3922   97.5113     26.7   25.9   63.5 -999.9  217    1.0 0 0 0
C1 15.2898  35.3922   97.5126     26.6   26.6   63.5 -999.9  130    1.3 0 0 0
C1 15.2908  35.3922   97.5139     26.6   26.5   63.3 -999.9  109    1.6 0 0 0
C1 15.2918  35.3922   97.5153     26.5   25.9   63.6 -999.9  181    1.8 0 0 0
C1 15.2928  35.3920   97.5169     26.6   26.4   63.9 -999.9  258    1.6 0 0 0
C1 15.3005  35.3918   97.5185     26.7   26.8   63.5 -999.9   36    2.7 0 0 0
C1 15.3015  35.3916   97.5202     26.9   26.8   62.8 -999.9  129    1.9 0 0 0
C1 15.3025  35.3916   97.5218     26.7   26.5   62.4 -999.9  175    1.6 0 0 0
C1 15.3035  35.3916   97.5235     26.9   26.8   62.6 -999.9  190    0.8 0 0 0
C1 15.3045  35.3916   97.5251     26.8   25.9   61.9 -999.9  251    3.5 0 0 0
C1 15.3055  35.3916   97.5268     26.7   26.9   61.9 -999.9  256    0.7 0 0 0
C1 15.3065  35.3916   97.5285     26.6   26.7   61.2 -999.9  164    0.9 0 0 0
C1 15.3075  35.3916   97.5301     26.7   26.7   61.4 -999.9  330    0.6 0 0 0
C1 15.3085  35.3916   97.5317     26.7   26.2   61.3 -999.9  225    1.2 0 0 0
C1 15.3095  35.3916   97.5332     26.6   26.4   61.8 -999.9  261    5.0 0 0 0
C1 15.3172  35.3916   97.5345     26.7   26.4   61.8 -999.9  223    2.1 0 0 0
C1 15.3182  35.3916   97.5359     26.9   26.7   62.3 -999.9  116    2.7 0 0 0
C1 15.3192  35.3916   97.5375     26.9   26.4   61.9 -999.9  117    2.8 0 0 0
C1 15.3202  35.3916   97.5392     26.9   26.4   61.6 -999.9   53    1.5 0 0 0
C1 15.3212  35.3916   97.5409     26.9   26.4   61.6 -999.9  320    2.3 0 0 0
C1 15.3222  35.3916   97.5426     26.9   26.6   61.2 -999.9  160    0.9 0 0 0
C1 15.3232  35.3916   97.5444     26.9   26.3   61.2 -999.9  128    0.9 0 0 0
C1 15.3242  35.3916   97.5462     26.8   26.5   61.2 -999.9  234    1.6 0 0 0
C1 15.3252  35.3917   97.5479     26.7   26.6   61.4 -999.9  236    2.2 0 0 0
C1 15.3262  35.3917   97.5496     26.8   26.8   61.1 -999.9  247    1.6 0 0 0
C1 15.3338  35.3917   97.5514     26.7   27.0   61.6 -999.9  250    2.4 0 0 0
C1 15.3348  35.3918   97.5531     26.8   26.9   61.8 -999.9  301    1.0 0 0 0
C1 15.3358  35.3921   97.5549     26.7   26.6   61.9 -999.9  211    2.1 0 0 0
C1 15.3368  35.3924   97.5566     26.7   26.6   62.2 -999.9  245    1.8 0 0 0
C1 15.3378  35.3928   97.5582     26.9   27.0   62.0 -999.9  277    2.3 0 0 0
C1 15.3388  35.3931   97.5599     26.7   27.0   61.5 -999.9  244    3.1 0 0 0
C1 15.3398  35.3934   97.5615     26.6   26.9   61.6 -999.9  225    1.9 0 0 0
C1 15.3408  35.3938   97.5632     26.6   26.6   62.1 -999.9  226    3.4 0 0 0
C1 15.3418  35.3941   97.5648     26.7   26.7   62.4 -999.9  218    2.0 0 0 0
C1 15.3428  35.3945   97.5665     26.7   26.7   62.7 -999.9  202    2.0 0 0 0
C1 15.3505  35.3948   97.5682     26.8   27.4   62.7 -999.9  253    1.8 0 0 0
C1 15.3515  35.3952   97.5700     26.8   26.4   61.8 -999.9  269    2.4 0 0 0
C1 15.3525  35.3955   97.5717     26.8   26.5   62.2 -999.9  323    1.8 0 0 0
C1 15.3535  35.3960   97.5733     26.8   26.9   62.1 -999.9  306    2.7 0 1 0
C1 15.3545  35.3968   97.5747     26.7   26.8   62.2 -999.9  312    3.3 0 1 0
C1 15.3555  35.3977   97.5760     26.5   26.2   63.0 -999.9  198    3.7 0 1 0
C1 15.3565  35.3990   97.5770     26.6   26.8   63.8 -999.9  216    3.9 0 1 0
C1 15.3575  35.4004   97.5773     26.6   27.2   64.7 -999.9  222    2.5 0 1 0
C1 15.3585  35.4018   97.5771     26.6   26.8   64.3 -999.9  229    3.5 0 1 0
C1 15.3595  35.4032   97.5770     26.5   26.5   63.9 -999.9  274    3.1 0 0 0
C1 15.3672  35.4045   97.5769     26.6   26.5   64.0 -999.9  241    3.6 0 0 0
C1 15.3682  35.4059   97.5769     26.5   27.1   63.4 -999.9  224    3.2 0 0 0
C1 15.3692  35.4073   97.5770     26.5   26.6   62.7 -999.9  255    4.0 0 0 0
C1 15.3702  35.4087   97.5774     26.4   26.8   62.8 -999.9  231    3.9 0 0 0
C1 15.3712  35.4101   97.5778     26.4   26.7   63.5 -999.9  215    3.3 0 0 0
C1 15.3722  35.4115   97.5784     26.6   26.6   64.1 -999.9  257    3.4 0 0 0
C1 15.3732  35.4129   97.5789     26.4   26.7   63.1 -999.9  260    4.5 0 0 0
C1 15.3742  35.4142   97.5794     26.1   26.9   63.8 -999.9  249    4.8 0 0 0
C1 15.3752  35.4156   97.5799     26.2   26.7   63.8 -999.9  255    3.7 0 0 0
C1 15.3762  35.4169   97.5801     26.2   26.8   63.2 -999.9  261    3.7 0 1 0
C1 15.3838  35.4183   97.5798     26.1   26.5   63.2 -999.9  248    2.9 0 1 0
C1 15.3848  35.4196   97.5794     26.2   26.9   64.4 -999.9  230    4.0 0 0 0
C1 15.3858  35.4209   97.5790     26.1   26.4   64.1 -999.9  257    3.9 0 0 0
C1 15.3868  35.4222   97.5785     26.1   26.5   62.5 -999.9  243    3.7 0 0 0
C1 15.3878  35.4235   97.5778     26.1   26.3   62.7 -999.9  250    4.1 0 0 0
C1 15.3888  35.4248   97.5771     26.1   26.8   63.8 -999.9  245    2.9 0 0 0
C1 15.3898  35.4261   97.5763     26.2   26.6   63.0 -999.9  240    4.7 0 0 0
C1 15.3908  35.4274   97.5754     26.2   26.5   63.7 -999.9  213    4.2 0 1 0
C1 15.3918  35.4285   97.5743     26.4   26.4   63.2 -999.9  267    3.0 0 0 0
C1 15.3928  35.4296   97.5731     26.3   26.5   62.0 -999.9  231    4.0 0 0 0
C1 15.4005  35.4308   97.5719     26.4   26.2   62.5 -999.9  249    3.6 0 0 0
C1 15.4015  35.4320   97.5708     26.4   26.7   62.7 -999.9  240    3.8 0 1 0
C1 15.4025  35.4333   97.5701     26.4   26.6   62.3 -999.9  255    2.4 0 1 0
C1 15.4035  35.4348   97.5700     26.4   26.5   62.2 -999.9  235    2.7 0 1 0
C1 15.4045  35.4362   97.5700     26.4   26.3   63.0 -999.9  210    1.6 0 0 0
C1 15.4055  35.4377   97.5700     26.4   26.7   62.9 -999.9  196    2.5 0 0 0
C1 15.4065  35.4391   97.5700     26.4   26.7   63.2 -999.9  202    3.7 0 0 0
C1 15.4075  35.4406   97.5700     26.4   26.5   63.2 -999.9  202    3.3 0 0 0
C1 15.4085  35.4421   97.5700     26.4   26.6   63.4 -999.9  203    2.7 0 0 0
C1 15.4095  35.4435   97.5700     26.5   26.0   63.5 -999.9  238    3.1 0 0 0
C1 15.4172  35.4450   97.5700     26.4   26.8   64.0 -999.9  258    2.3 0 0 0
C1 15.4182  35.4464   97.5700     26.5   26.1   63.1 -999.9  236    2.1 0 0 0
C1 15.4192  35.4478   97.5701     26.4   26.8   63.6 -999.9  217    3.0 0 0 0
C1 15.4202  35.4492   97.5703     26.4   26.6   65.0 -999.9  260    4.1 0 0 0
C1 15.4212  35.4505   97.5707     26.4   26.2   63.8 -999.9  243    4.0 0 0 0
C1 15.4222  35.4518   97.5712     26.4   26.3   64.5 -999.9  253    3.4 0 0 0
C1 15.4232  35.4531   97.5718     26.4   26.3   65.6 -999.9  261    4.4 0 0 0
C1 15.4242  35.4543   97.5724     26.4   26.4   65.0 -999.9  258    4.6 0 0 0
C1 15.4252  35.4555   97.5730     26.3   26.3   64.6 -999.9  214    3.5 0 0 0
C1 15.4262  35.4567   97.5737     26.4   26.7   63.5 -999.9  223    4.2 0 0 0
C1 15.4338  35.4579   97.5744     27.0   27.0   64.7 -999.9  228    2.6 0 0 0
C1 15.4348  35.4590   97.5752     26.4   26.8   63.9 -999.9  296    2.7 0 1 0
C1 15.4358  35.4598   97.5761     26.4   26.2   64.2 -999.9  230    3.9 0 1 0
C1 15.4368  35.4603   97.5771     26.4   26.4   65.5 -999.9  261    4.9 0 1 0
C1 15.4378  35.4606   97.5780     26.4   26.9   65.9 -999.9  207    3.3 0 0 0
C1 15.4388  35.4607   97.5791     26.4   26.5   65.8 -999.9  154    1.7 0 1 0
C1 15.4398  35.4607   97.5805     26.6   26.3   65.7 -999.9  176    2.1 0 0 0
C1 15.4408  35.4608   97.5820     26.6   26.2   64.1 -999.9  194    2.3 0 0 0
C1 15.4418  35.4607   97.5836     26.7   26.8   63.7 -999.9  200    1.5 0 0 0
C1 15.4428  35.4607   97.5853     26.7   26.4   63.5 -999.9  192    1.2 0 0 0
C1 15.4505  35.4607   97.5870     26.9   26.6   63.7 -999.9  208    1.5 0 0 0
C1 15.4515  35.4607   97.5888     27.0   26.6   63.9 -999.9  186    0.5 0 0 0
C1 15.4525  35.4607   97.5905     27.1   26.4   63.8 -999.9  175    0.5 0 0 0
C1 15.4535  35.4607   97.5923     27.0   26.7   63.0 -999.9   59    0.4 0 0 0
C1 15.4545  35.4607   97.5941     27.0   26.9   63.0 -999.9  283    1.1 0 0 0
C1 15.4555  35.4607   97.5960     27.1   26.4   62.6 -999.9  219    0.1 0 0 0
C1 15.4565  35.4607   97.5978     27.1   26.8   62.2 -999.9  228    2.2 0 0 0
C1 15.4575  35.4607   97.5996     27.1   26.5   62.1 -999.9  152    1.8 0 0 0
C1 15.4585  35.4607   97.6014     27.1   26.5   62.8 -999.9  244    1.2 0 0 0
C1 15.4595  35.4607   97.6032     27.0   26.8   63.2 -999.9  208    3.6 0 0 0
C1 15.4672  35.4607   97.6050     27.1   26.8   63.8 -999.9  232    1.2 0 0 0
C1 15.4682  35.4607   97.6068     27.2   26.6   63.5 -999.9  220    1.8 0 0 0
C1 15.4692  35.4607   97.6086     27.5   27.0   63.7 -999.9  230    0.5 0 0 0
C1 15.4702  35.4606   97.6103     27.5   27.1   63.6 -999.9  243    3.1 0 0 0
C1 15.4712  35.4606   97.6121     27.7   26.8   63.7 -999.9   84    1.4 0 0 0
C1 15.4722  35.4606   97.6140     27.8   26.7   62.7 -999.9  119    2.1 0 0 0
C1 15.4732  35.4606   97.6158     27.7   26.9   62.2 -999.9  337    0.3 0 0 0
C1 15.4742  35.4606   97.6176     27.8   26.6   62.3 -999.9  170    1.4 0 0 0
C1 15.4752  35.4606   97.6195     27.8   26.9   62.7 -999.9   76    0.8 0 0 0
C1 15.4762  35.4606   97.6213     27.8   27.2   61.8 -999.9  103    0.6 0 0 0
C1 15.4838  35.4606   97.6232     27.7   26.8   61.1 -999.9   61    2.5 0 0 0
C1 15.4848  35.4606   97.6251     27.7   26.8   60.9 -999.9  127    1.1 0 0 0
C1 15.4858  35.4606   97.6269     27.6   27.0   60.8 -999.9  117    0.3 0 0 0
C1 15.4868  35.4606   97.6288     27.5   27.1   61.9 -999.9  196    2.2 0 0 0
C1 15.4878  35.4607   97.6307     27.8   27.2   61.5 -999.9  192    1.8 0 0 0
C1 15.4888  35.4607   97.6325     27.9   27.1   61.8 -999.9  162    1.1 0 0 0
C1 15.4898  35.4607   97.6345     27.6   27.2   61.0 -999.9  156    1.4 0 0 0
C1 15.4908  35.4606   97.6364     27.6   27.1   62.0 -999.9  166    3.2 0 0 0
C1 15.4918  35.4606   97.6382     27.7   27.5   62.3 -999.9  178    1.2 0 0 0
C1 15.4928  35.4605   97.6402     27.8   27.7   61.0 -999.9  172    2.0 0 0 0
C1 15.5005  35.4605   97.6420     27.8   27.6   60.8 -999.9  179    4.0 0 0 0
C1 15.5015  35.4605   97.6439     27.7   27.3   61.4 -999.9  335    1.6 0 0 0
C1 15.5025  35.4604   97.6457     27.8   27.3   60.9 -999.9  146    2.7 0 0 0
C1 15.5035  35.4603   97.6475     27.8   27.8   59.8 -999.9  198    1.5 0 0 0
C1 15.5045  35.4603   97.6493     27.8   27.8   60.0 -999.9  202    1.8 0 0 0
C1 15.5055  35.4603   97.6510     27.8   27.1   59.9 -999.9  240    4.4 0 0 0
C1 15.5065  35.4603   97.6527     27.8   27.5   60.0 -999.9  186    1.6 0 0 0
C1 15.5075  35.4602   97.6546     27.8   27.3   60.2 -999.9   15    0.7 0 0 0
C1 15.5085  35.4602   97.6565     27.8   27.3   60.2 -999.9  242    1.3 0 0 0
C1 15.5095  35.4602   97.6584     27.7   27.3   60.0 -999.9  232    3.9 0 0 0
C1 15.5172  35.4602   97.6603     27.9   27.5   60.1 -999.9  248    3.0 0 0 0
C1 15.5182  35.4602   97.6622     27.9   27.3   60.3 -999.9  235    4.5 0 0 0
C1 15.5192  35.4602   97.6641     27.9   27.6   61.3 -999.9  233    2.7 0 0 0
C1 15.5202  35.4602   97.6661     27.9   27.8   62.5 -999.9  176    2.2 0 0 0
C1 15.5212  35.4601   97.6681     28.1   27.2   61.5 -999.9  343    1.2 0 0 0
C1 15.5222  35.4601   97.6701     27.9   27.6   59.7 -999.9  179    2.0 0 0 0
C1 15.5232  35.4602   97.6721     27.8   27.3   59.1 -999.9  224    4.2 0 0 0
C1 15.5242  35.4602   97.6741     27.1   27.3   61.0 -999.9  214    1.9 0 0 0
C1 15.5252  35.4601   97.6761     27.9   27.6   60.7 -999.9  241    3.1 0 0 0
C1 15.5262  35.4601   97.6781     27.9   27.5   60.5 -999.9  250    4.9 0 0 0
C1 15.5338  35.4601   97.6801     27.8   27.2   60.0 -999.9  272    3.8 0 0 0
C1 15.5348  35.4601   97.6822     27.8   28.0   60.0 -999.9  232    4.3 0 0 0
C1 15.5358  35.4602   97.6842     27.7   27.2   60.0 -999.9  236    4.8 0 0 0
C1 15.5368  35.4602   97.6862     27.9   27.4   62.1 -999.9  233    4.5 0 0 0
C1 15.5378  35.4602   97.6881     28.0   27.5   61.0 -999.9  225    2.9 0 0 0
C1 15.5388  35.4602   97.6901     28.0   27.6   60.1 -999.9  229    2.4 0 0 0
C1 15.5398  35.4603   97.6920     27.9   27.5   60.8 -999.9  244    2.8 0 0 0
C1 15.5408  35.4602   97.6940     27.9   28.0   61.4 -999.9  210    4.6 0 0 0
C1 15.5418  35.4602   97.6959     27.9   27.8   59.8 -999.9  239    3.6 0 0 0
C1 15.5428  35.4602   97.6979     27.8   27.8   58.9 -999.9  233    3.7 0 0 0
C1 15.5505  35.4602   97.6998     27.8   28.1   59.3 -999.9  229    5.2 0 0 0
C1 15.5515  35.4603   97.7018     27.8   27.9   59.9 -999.9  215    4.2 0 0 0
C1 15.5525  35.4605   97.7038     27.8   27.7   60.6 -999.9  250    2.7 0 0 0
C1 15.5535  35.4607   97.7058     27.9   27.9   60.0 -999.9  226    4.2 0 0 0
C1 15.5545  35.4611   97.7077     27.9   27.8   61.3 -999.9  249    2.8 0 0 0
C1 15.5555  35.4615   97.7096     27.8   27.9   60.1 -999.9  229    5.5 0 0 0
C1 15.5565  35.4620   97.7115     27.8   27.6   59.9 -999.9  226    5.0 0 0 0
C1 15.5575  35.4626   97.7133     27.8   28.3   60.4 -999.9  244    3.0 0 0 0
C1 15.5585  35.4632   97.7150     27.8   28.2   59.5 -999.9  249    3.9 0 0 0
C1 15.5595  35.4639   97.7168     27.9   28.1   60.6 -999.9  251    2.8 0 0 0
C1 15.5672  35.4647   97.7184     27.9   28.4   58.8 -999.9  258    4.4 0 0 0
C1 15.5682  35.4656   97.7200     27.9   28.1   59.4 -999.9  259    2.8 0 0 0
C1 15.5692  35.4665   97.7216     27.9   27.6   58.9 -999.9  240    5.0 0 0 0
C1 15.5702  35.4674   97.7232     27.9   27.8   59.1 -999.9  243    4.1 0 0 0
C1 15.5712  35.4682   97.7248     28.0   28.1   59.7 -999.9  253    3.2 0 0 0
C1 15.5722  35.4691   97.7264     27.9   27.9   58.8 -999.9  218    5.0 0 0 0
C1 15.5732  35.4700   97.7281     28.0   27.5   59.0 -999.9  249    3.1 0 0 0
C1 15.5742  35.4708   97.7298     27.9   27.8   58.3 -999.9  262    5.3 0 0 0
C1 15.5752  35.4715   97.7314     28.0   28.4   58.7 -999.9  243    3.9 0 0 0
C1 15.5762  35.4723   97.7330     28.1   28.1   58.5 -999.9  260    3.7 0 0 0
C1 15.5838  35.4730   97.7346     28.0   27.8   57.6 -999.9  237    5.3 0 0 0
C1 15.5848  35.4737   97.7362     27.9   27.3   58.0 -999.9  248    4.1 0 0 0
C1 15.5858  35.4745   97.7378     27.9   27.5   58.3 -999.9  226    4.6 0 0 0
C1 15.5868  35.4752   97.7395     28.0   27.9   58.5 -999.9  219    3.5 0 0 0
C1 15.5878  35.4760   97.7412     28.0   27.3   58.1 -999.9  234    3.3 0 0 0
C1 15.5888  35.4768   97.7429     28.1   27.6   58.6 -999.9  257    2.4 0 0 0
C1 15.5898  35.4776   97.7446     28.3   27.7   59.5 -999.9  235    2.6 0 0 0
C1 15.5908  35.4785   97.7463     28.3   28.3   59.3 -999.9  235    3.7 0 0 0
C1 15.5918  35.4794   97.7479     28.3   28.1   59.1 -999.9  248    2.9 0 0 0
C1 15.5928  35.4803   97.7495     28.3   28.2   58.8 -999.9  231    4.2 0 0 0
C1 15.6005  35.4813   97.7511     28.2   28.3   59.7 -999.9  211    3.8 0 0 0
C1 15.6015  35.4823   97.7528     28.1   28.1   59.0 -999.9  254    3.6 0 0 0
C1 15.6025  35.4833   97.7544     28.2   28.4   57.8 -999.9  244    5.0 0 0 0
C1 15.6035  35.4842   97.7560     28.3   27.9   58.1 -999.9  260    4.7 0 0 0
C1 15.6045  35.4852   97.7576     28.1   28.1   55.8 -999.9  246    7.7 0 0 0
C1 15.6055  35.4860   97.7592     28.0   28.1   56.0 -999.9  234    6.6 0 0 0
C1 15.6065  35.4869   97.7607     28.0   27.6   57.2 -999.9  244    4.5 0 0 0
C1 15.6075  35.4878   97.7623     27.9   27.9   57.2 -999.9  261    4.6 0 0 0
C1 15.6085  35.4886   97.7639     27.9   28.1   56.8 -999.9  247    4.8 0 0 0
C1 15.6095  35.4895   97.7656     27.9   28.7   57.9 -999.9  239    4.3 0 0 0
C1 15.6172  35.4903   97.7673     27.8   28.3   58.4 -999.9  242    4.3 0 0 0
C1 15.6182  35.4912   97.7691     27.8   28.3   57.6 -999.9  236    6.4 0 0 0
C1 15.6192  35.4920   97.7708     27.9   28.1   57.3 -999.9  235    5.0 0 0 0
C1 15.6202  35.4928   97.7725     28.0   28.1   57.6 -999.9  224    4.3 0 0 0
C1 15.6212  35.4936   97.7742     28.1   27.9   56.8 -999.9  233    3.8 0 0 0
C1 15.6222  35.4944   97.7760     28.0   28.2   58.1 -999.9  220    4.5 0 0 0
C1 15.6232  35.4952   97.7777     28.1   27.8   58.1 -999.9  228    4.5 0 0 0
C1 15.6242  35.4961   97.7795     28.2   28.1   58.2 -999.9  255    3.9 0 0 0
C1 15.6252  35.4969   97.7813     28.3   28.0   57.2 -999.9  240    6.4 0 0 0
C1 15.6262  35.4977   97.7831     28.3   28.5   56.4 -999.9  230    6.0 0 0 0
C1 15.6338  35.4984   97.7849     28.3   28.0   56.6 -999.9  215    6.5 0 0 0
C1 15.6348  35.4991   97.7868     28.5   28.0   57.3 -999.9  223    3.7 0 0 0
C1 15.6358  35.4996   97.7887     28.4   27.9   58.4 -999.9  257    2.9 0 0 0
C1 15.6368  35.5001   97.7907     28.4   27.9   58.3 -999.9  254    4.3 0 0 0
C1 15.6378  35.5005   97.7926     28.4   27.8   57.4 -999.9  251    4.3 0 0 0
C1 15.6388  35.5007   97.7946     28.1   28.4   55.6 -999.9  243    4.5 0 0 0
C1 15.6398  35.5009   97.7965     28.5   28.6   56.6 -999.9  241    4.3 0 0 0
C1 15.6408  35.5010   97.7985     28.4   28.8   55.9 -999.9  232    5.0 0 0 0
C1 15.6418  35.5010   97.8004     28.4   28.0   56.7 -999.9  235    3.5 0 0 0
C1 15.6428  35.5011   97.8023     28.3   28.0   47.1 -999.9  241    5.0 1 0 0
C1 15.6505  35.5011   97.8042     28.5   28.1   56.3 -999.9  238    5.3 0 0 0
C1 15.6515  35.5011   97.8061     28.4   28.5   56.8 -999.9  235    5.4 0 0 0
C1 15.6525  35.5011   97.8079     28.5   28.2   57.1 -999.9  233    4.8 0 0 0
C1 15.6535  35.5011   97.8098     28.4   28.1   54.6 -999.9  228    6.0 0 0 0
C1 15.6545  35.5011   97.8117     28.4   28.1   55.2 -999.9  231    4.3 0 0 0
C1 15.6555  35.5012   97.8136     28.4   28.3   54.7 -999.9  236    5.0 0 0 0
C1 15.6565  35.5012   97.8154     28.4   28.3   55.1 -999.9  224    6.0 0 0 0
C1 15.6575  35.5012   97.8173     28.4   28.2   54.6 -999.9  222    6.2 0 0 0
C1 15.6585  35.5012   97.8192     28.5   28.2   55.5 -999.9  231    5.8 0 0 0
C1 15.6595  35.5012   97.8212     28.5   27.9   55.0 -999.9  222    6.8 0 0 0
C1 15.6672  35.5012   97.8231     28.6   27.8   56.9 -999.9  228    5.2 0 0 0
C1 15.6682  35.5011   97.8251     28.6   28.4   56.0 -999.9  234    5.4 0 0 0
C1 15.6692  35.5011   97.8270     28.6   28.8   55.9 -999.9  241    5.1 0 0 0
C1 15.6702  35.5010   97.8290     28.8   28.6   55.5 -999.9  233    6.3 0 0 0
C1 15.6712  35.5010   97.8310     28.7   28.4   54.5 -999.9  228    5.6 0 0 0
C1 15.6722  35.5009   97.8329     28.7   28.1   55.3 -999.9  222    5.8 0 0 0
C1 15.6732  35.5009   97.8349     28.8   28.6   54.5 -999.9  240    5.4 0 0 0
C1 15.6742  35.5008   97.8368     28.9   29.0   54.7 -999.9  240    4.0 0 0 0
C1 15.6752  35.5008   97.8388     28.9   28.6   55.7 -999.9  241    4.5 0 0 0
C1 15.6762  35.5007   97.8407     29.0   28.6   54.3 -999.9  246    4.8 0 0 0
C1 15.6838  35.5007   97.8427     29.1   28.5   55.1 -999.9  227    3.9 0 0 0
C1 15.6848  35.5006   97.8447     29.0   28.4   54.3 -999.9  235    4.0 0 0 0
C1 15.6858  35.5005   97.8466     28.8   28.5   54.6 -999.9  225    6.3 0 0 0
C1 15.6868  35.5005   97.8486     29.0   28.6   53.6 -999.9  219    6.5 0 0 0
C1 15.6878  35.5004   97.8506     29.0   28.7   54.8 -999.9  219    4.7 0 0 0
C1 15.6888  35.5004   97.8525     29.0   29.2   54.9 -999.9  231    4.3 0 0 0
C1 15.6898  35.5003   97.8546     29.2   28.6   56.1 -999.9  241    3.2 0 0 0
C1 15.6908  35.5003   97.8565     29.3   28.9   55.5 -999.9  232    4.6 0 0 0
C1 15.6918  35.5003   97.8585     29.3   28.3   54.8 -999.9  231    4.4 0 0 0
C1 15.6928  35.5004   97.8605     29.2   29.1   53.3 -999.9  245    2.4 0 0 0
C1 15.7005  35.5005   97.8625     29.2   29.0   54.9 -999.9  241    3.6 0 0 0
C1 15.7015  35.5007   97.8645     29.2   29.0   55.1 -999.9  216    3.9 0 0 0
C1 15.7025  35.5008   97.8665     29.2   28.7   53.4 -999.9  239    4.5 0 0 0
C1 15.7035  35.5009   97.8684     29.1   29.3   51.5 -999.9  230    4.6 0 0 0
C1 15.7045  35.5011   97.8704     29.2   29.2   53.4 -999.9  225    4.1 0 0 0
C1 15.7055  35.5012   97.8724     28.9   29.0   53.2 -999.9  239    5.5 0 0 0
C1 15.7065  35.5013   97.8744     28.8   29.2   53.5 -999.9  230    5.5 0 0 0
C1 15.7075  35.5014   97.8763     28.6   29.1   53.3 -999.9  240    5.0 0 0 0
C1 15.7085  35.5015   97.8782     28.6   28.7   52.3 -999.9  242    4.4 0 0 0
C1 15.7095  35.5017   97.8802     28.6   29.1   53.5 -999.9  236    4.2 0 0 0
C1 15.7172  35.5017   97.8821     28.8   28.9   53.5 -999.9  242    4.4 0 0 0
C1 15.7182  35.5018   97.8841     28.9   28.8   52.6 -999.9  242    4.6 0 0 0
C1 15.7192  35.5017   97.8860     28.9   28.9   52.6 -999.9  228    5.1 0 0 0
C1 15.7202  35.5017   97.8879     28.5   28.6   52.8 -999.9  228    4.1 0 0 0
C1 15.7212  35.5016   97.8898     29.0   28.8   53.5 -999.9  240    0.9 0 0 0
C1 15.7222  35.5014   97.8919     29.1   29.1   53.1 -999.9  238    2.0 0 0 0
C1 15.7232  35.5013   97.8938     28.9   28.6   54.1 -999.9  243    2.8 0 0 0
C1 15.7242  35.5011   97.8958     29.2   28.8   53.5 -999.9  221    2.8 0 0 0
C1 15.7252  35.5010   97.8978     29.1   28.6   53.2 -999.9  237    4.5 0 0 0
C1 15.7262  35.5010   97.8997     29.1   28.6   54.0 -999.9  244    4.7 0 0 0
C1 15.7338  35.5010   97.9016     28.9   28.1   54.0 -999.9  246    2.2 0 0 0
C1 15.7348  35.5010   97.9035     28.9   29.4   54.6 -999.9  225    2.8 0 0 0
C1 15.7358  35.5011   97.9055     28.9   29.3   53.0 -999.9  253    3.6 0 0 0
C1 15.7368  35.5012   97.9074     29.0   28.9   52.3 -999.9  261    3.3 0 0 0
C1 15.7378  35.5013   97.9093     28.6   29.4   51.9 -999.9  231    2.7 0 0 0
C1 15.7388  35.5014   97.9112     28.6   29.2   52.1 -999.9  237    2.4 0 0 0
C1 15.7398  35.5015   97.9132     28.8   28.8   52.2 -999.9  229    3.3 0 0 0
C1 15.7408  35.5015   97.9151     28.8   29.3   51.8 -999.9  241    3.8 0 0 0
C1 15.7418  35.5015   97.9171     28.6   29.1   52.4 -999.9  243    3.5 0 0 0
C1 15.7428  35.5015   97.9190     28.6   28.6   52.2 -999.9  226    2.6 0 0 0
C1 15.7505  35.5015   97.9210     28.8   28.9   52.5 -999.9  250    3.0 0 0 0
C1 15.7515  35.5015   97.9230     29.1   28.6   52.6 -999.9  237    3.9 0 0 0
C1 15.7525  35.5015   97.9249     28.9   28.9   52.3 -999.9  259    4.1 0 0 0
C1 15.7535  35.5014   97.9268     28.9   28.9   51.9 -999.9  242    3.8 0 0 0
C1 15.7545  35.5014   97.9287     28.9   28.9   52.0 -999.9  260    4.2 0 0 0
C1 15.7555  35.5014   97.9307     28.9   28.6   51.8 -999.9  242    5.1 0 0 0
C1 15.7565  35.5014   97.9326     28.7   29.2   52.0 -999.9  239    4.9 0 0 0
C1 15.7575  35.5014   97.9346     28.7   28.8   52.5 -999.9  249    4.5 0 0 0
C1 15.7585  35.5013   97.9365     28.7   28.6   52.9 -999.9  264    3.8 0 0 0
C1 15.7595  35.5013   97.9384     28.7   29.2   52.9 -999.9  252    3.8 0 0 0
C1 15.7672  35.5013   97.9404     28.5   29.1   53.6 -999.9  221    4.6 0 0 0
C1 15.7682  35.5013   97.9423     28.4   28.9   53.0 -999.9  231    4.6 0 0 0
C1 15.7692  35.5012   97.9442     28.3   28.7   52.5 -999.9  228    4.4 0 0 0
C1 15.7702  35.5012   97.9461     28.2   29.0   53.0 -999.9  241    3.0 0 0 0
C1 15.7712  35.5012   97.9480     28.4   28.7   53.0 -999.9  235    4.0 0 0 0
C1 15.7722  35.5012   97.9497     28.3   28.7   54.0 -999.9  243    4.5 0 0 0
C1 15.7732  35.5011   97.9514     28.3   28.4   53.4 -999.9  220    2.7 0 0 0
C1 15.7742  35.5013   97.9533     28.3   28.9   52.5 -999.9  235    3.9 0 0 0
C1 15.7752  35.5015   97.9551     28.2   29.1   53.6 -999.9  256    3.1 0 0 0
C1 15.7762  35.5020   97.9570     28.0   28.2   55.0 -999.9  232    3.5 0 0 0
C1 15.7838  35.5026   97.9588     27.9   28.3   53.9 -999.9  239    4.8 0 0 0
C1 15.7848  35.5033   97.9606     27.8   29.0   54.5 -999.9  233    4.1 0 0 0
C1 15.7858  35.5040   97.9625     27.9   28.9   53.7 -999.9  233    5.2 0 0 0
C1 15.7868  35.5047   97.9643     28.0   28.2   53.0 -999.9  234    6.0 0 0 0
C1 15.7878  35.5054   97.9661     28.0   28.4   53.1 -999.9  224    6.2 0 0 0
C1 15.7888  35.5061   97.9679     27.9   28.4   54.5 -999.9  244    4.0 0 0 0
C1 15.7898  35.5068   97.9698     27.9   29.1   55.1 -999.9  241    4.3 0 0 0
C1 15.7908  35.5075   97.9716     28.1   28.6   53.7 -999.9  220    5.0 0 0 0
C1 15.7918  35.5082   97.9734     28.2   28.3   54.8 -999.9  226    2.3 0 0 0
C1 15.7928  35.5089   97.9752     28.3   28.3   55.1 -999.9  229    4.3 0 0 0
C1 15.8005  35.5096   97.9771     28.3   28.7   54.2 -999.9  239    4.2 0 0 0
C1 15.8015  35.5103   97.9789     28.3   28.6   54.8 -999.9  226    4.3 0 0 0
C1 15.8025  35.5109   97.9809     28.3   28.3   55.4 -999.9  212    5.7 0 0 0
C1 15.8035  35.5114   97.9829     28.4   28.4   55.1 -999.9  220    4.3 0 0 0
C1 15.8045  35.5118   97.9849     28.6   28.3   54.5 -999.9  220    5.0 0 0 0
C1 15.8055  35.5121   97.9869     28.6   28.6   55.0 -999.9  221    1.8 0 0 0
C1 15.8065  35.5125   97.9890     28.8   28.5   56.0 -999.9  204    2.1 0 0 0
C1 15.8075  35.5128   97.9912     28.9   28.9   56.4 -999.9  231    3.3 0 0 0
C1 15.8085  35.5132   97.9932     28.8   28.8   55.2 -999.9  232    5.3 0 0 0
C1 15.8095  35.5136   97.9952     28.8   28.8   55.4 -999.9  249    3.6 0 0 0
C1 15.8172  35.5140   97.9972     28.9   28.6   55.1 -999.9  241    4.5 0 0 0
C1 15.8182  35.5145   97.9992     28.8   27.9   55.2 -999.9  234    4.6 0 0 0
C1 15.8192  35.5151   98.0011     28.9   28.3   54.1 -999.9  224    5.8 0 0 0
C1 15.8202  35.5156   98.0031     28.9   28.7   53.0 -999.9  241    5.7 0 0 0
C1 15.8212  35.5162   98.0049     28.8   28.7   52.7 -999.9  246    6.5 0 0 0
C1 15.8222  35.5167   98.0068     28.9   28.8   53.4 -999.9  240    4.8 0 0 0
C1 15.8232  35.5173   98.0086     28.8   28.9   53.3 -999.9  234    6.8 0 0 0
C1 15.8242  35.5180   98.0104     28.8   28.8   54.3 -999.9  240    5.8 0 0 0
C1 15.8252  35.5187   98.0121     28.9   28.7   54.3 -999.9  242    4.9 0 0 0
C1 15.8262  35.5193   98.0139     29.0   28.4   53.0 -999.9  256    4.6 0 0 0
C1 15.8338  35.5200   98.0157     29.1   28.7   52.2 -999.9  243    5.3 0 0 0
C1 15.8348  35.5206   98.0174     29.1   28.8   53.5 -999.9  255    4.0 0 0 0
C1 15.8358  35.5213   98.0192     28.9   28.9   54.2 -999.9  245    6.7 0 0 0
C1 15.8368  35.5219   98.0209     28.8   28.9   54.0 -999.9  251    4.7 0 0 0
C1 15.8378  35.5226   98.0228     28.9   28.5   54.3 -999.9  261    4.1 0 0 0
C1 15.8388  35.5233   98.0246     28.8   29.3   53.4 -999.9  245    6.1 0 0 0
C1 15.8398  35.5239   98.0264     28.9   28.5   52.8 -999.9  251    5.5 0 0 0
C1 15.8408  35.5246   98.0282     28.9   28.7   52.5 -999.9  242    5.4 0 0 0
C1 15.8418  35.5253   98.0300     28.6   28.7   52.4 -999.9  224    7.8 0 0 0
C1 15.8428  35.5259   98.0318     28.8   29.1   53.8 -999.9  243    4.2 0 0 0
C1 15.8505  35.5266   98.0335     28.8   28.7   54.1 -999.9  249    5.7 0 0 0
C1 15.8515  35.5272   98.0353     28.8   29.0   53.7 -999.9  225    4.3 0 0 0
C1 15.8525  35.5279   98.0371     28.7   29.0   55.3 -999.9  236    4.6 0 0 0
C1 15.8535  35.5285   98.0388     29.1   29.3   54.9 -999.9  243    5.3 0 0 0
C1 15.8545  35.5291   98.0406     28.8   28.8   53.5 -999.9  244    6.1 0 0 0
C1 15.8555  35.5296   98.0424     29.1   29.1   53.2 -999.9  241    5.3 0 0 0
C1 15.8565  35.5299   98.0442     29.1   28.9   54.0 -999.9  243    6.1 0 0 0
C1 15.8575  35.5301   98.0461     29.1   29.2   54.4 -999.9  248    4.3 0 0 0
C1 15.8585  35.5302   98.0481     29.0   29.2   52.5 -999.9  248    6.8 0 0 0
C1 15.8595  35.5301   98.0500     29.1   28.7   52.2 -999.9  248    6.5 0 0 0
C1 15.8672  35.5301   98.0519     29.1   28.5   53.2 -999.9  236    4.4 0 0 0
C1 15.8682  35.5301   98.0539     29.1   29.0   52.7 -999.9  243    5.2 0 0 0
C1 15.8692  35.5301   98.0559     29.2   28.8   51.9 -999.9  238    5.1 0 0 0
C1 15.8702  35.5301   98.0578     28.9   29.1   52.5 -999.9  256    5.5 0 0 0
C1 15.8712  35.5301   98.0598     28.9   28.8   51.8 -999.9  249    5.8 0 0 0
C1 15.8722  35.5301   98.0619     29.1   29.1   52.5 -999.9  234    4.8 0 0 0
C1 15.8732  35.5301   98.0639     28.9   28.9   52.6 -999.9  224    5.3 0 0 0
C1 15.8742  35.5301   98.0659     29.1   29.1   52.7 -999.9  236    4.6 0 0 0
C1 15.8752  35.5301   98.0679     29.1   28.7   51.6 -999.9  231    6.1 0 0 0
C1 15.8762  35.5301   98.0700     29.1   29.2   52.4 -999.9  231    6.5 0 0 0
C1 15.8838  35.5301   98.0720     29.1   28.8   51.6 -999.9  234    6.4 0 0 0
C1 15.8848  35.5301   98.0740     29.2   28.8   50.8 -999.9  233    5.2 0 0 0
C1 15.8858  35.5301   98.0760     29.1   29.1   50.1 -999.9  240    6.9 0 0 0
C1 15.8868  35.5301   98.0780     29.2   29.0   51.2 -999.9  247    5.9 0 0 0
C1 15.8878  35.5301   98.0799     29.4   28.8   52.2 -999.9  250    4.2 0 0 0
C1 15.8888  35.5301   98.0819     29.1   28.7   52.1 -999.9  251    5.3 0 0 0
C1 15.8898  35.5301   98.0839     29.1   29.2   51.4 -999.9  228    7.1 0 0 0
C1 15.8908  35.5301   98.0859     29.2   29.0   51.5 -999.9  224    6.5 0 0 0
C1 15.8918  35.5301   98.0879     29.0   28.8   52.5 -999.9  228    6.3 0 0 0
C1 15.8928  35.5301   98.0898     28.9   29.0   53.4 -999.9  233    5.6 0 0 0
C1 15.9005  35.5301   98.0918     28.9   29.1   53.8 -999.9  228    5.5 0 0 0
C1 15.9015  35.5300   98.0938     29.0   29.0   55.7 -999.9  222    5.1 0 0 0
C1 15.9025  35.5299   98.0957     29.1   29.0   52.5 -999.9  225    6.8 0 0 0
C1 15.9035  35.5298   98.0976     29.2   29.0   51.9 -999.9  236    4.6 0 0 0
C1 15.9045  35.5297   98.0996     29.1   29.1   53.4 -999.9  220    5.4 0 0 0
C1 15.9055  35.5296   98.1015     29.1   29.1   53.6 -999.9  234    4.4 0 0 0
C1 15.9065  35.5296   98.1034     29.1   28.9   54.0 -999.9  223    2.6 0 0 0
C1 15.9075  35.5296   98.1053     29.2   28.9   52.8 -999.9  244    2.5 0 0 0
C1 15.9085  35.5296   98.1073     29.2   29.2   52.8 -999.9  239    2.6 0 0 0
C1 15.9095  35.5296   98.1094     29.3   28.8   53.3 -999.9  225    3.4 0 0 0
C1 15.9172  35.5297   98.1114     29.2   29.2   53.1 -999.9  250    2.7 0 0 0
C1 15.9182  35.5299   98.1134     29.3   29.4   52.6 -999.9  238    4.7 0 0 0
C1 15.9192  35.5300   98.1155     29.2   29.2   52.2 -999.9  223    3.1 0 0 0
C1 15.9202  35.5301   98.1176     29.2   29.1   52.3 -999.9  239    1.7 0 0 0
C1 15.9212  35.5301   98.1196     29.2   29.0   51.2 -999.9  226    4.3 0 0 0
C1 15.9222  35.5301   98.1217     29.2   29.1   51.5 -999.9  240    4.5 0 0 0
C1 15.9232  35.5301   98.1237     29.4   29.0   51.5 -999.9  220    3.0 0 0 0
C1 15.9242  35.5301   98.1257     29.3   28.9   50.2 -999.9  226    5.5 0 0 0
C1 15.9252  35.5301   98.1277     29.2   29.1   50.1 -999.9  213    5.8 0 0 0
C1 15.9262  35.5301   98.1297     29.2   29.4   50.0 -999.9  217    4.4 0 0 0
C1 15.9338  35.5301   98.1318     29.4   29.1   49.1 -999.9  205    1.2 0 0 0
C1 15.9348  35.5301   98.1339     29.2   29.2   48.7 -999.9  290    0.3 0 0 0
C1 15.9358  35.5301   98.1360     29.2   28.9   49.9 -999.9  139    3.0 0 0 0
C1 15.9368  35.5302   98.1381     29.3   29.0   50.3 -999.9  144    3.6 0 0 0
C1 15.9378  35.5303   98.1401     29.6   29.6   52.2 -999.9  127    2.4 0 0 0
C1 15.9388  35.5304   98.1422     29.6   29.9   51.4 -999.9  209    1.4 0 0 0
C1 15.9398  35.5306   98.1443     29.4   29.6   51.1 -999.9  266    2.5 0 0 0
C1 15.9408  35.5307   98.1464     29.3   28.9   50.4 -999.9  274    1.8 0 0 0
C1 15.9418  35.5308   98.1485     29.2   29.0   50.7 -999.9  247    2.6 0 0 0
C1 15.9428  35.5310   98.1506     29.2   29.5   50.5 -999.9  234    3.6 0 0 0
C1 15.9505  35.5311   98.1526     29.2   29.2   50.4 -999.9  239    1.9 0 0 0
C1 15.9515  35.5312   98.1547     29.1   29.6   50.8 -999.9  221    3.1 0 0 0
C1 15.9525  35.5312   98.1567     29.2   29.5   51.4 -999.9  211    1.2 0 0 0
C1 15.9535  35.5312   98.1588     29.3   29.2   52.3 -999.9  167    2.6 0 0 0
C1 15.9545  35.5311   98.1609     29.3   29.1   51.9 -999.9  214    2.4 0 0 0
C1 15.9555  35.5311   98.1629     29.3   29.8   52.1 -999.9  191    1.3 0 0 0
C1 15.9565  35.5309   98.1650     29.3   29.4   52.0 -999.9  276    1.9 0 0 0
C1 15.9575  35.5308   98.1671     29.3   29.0   49.9 -999.9  255    2.1 0 0 0
C1 15.9585  35.5306   98.1692     29.2   29.3   50.1 -999.9  257    2.4 0 0 0
C1 15.9595  35.5305   98.1713     29.1   29.4   50.0 -999.9  259    3.6 0 0 0
C1 15.9672  35.5303   98.1734     29.2   29.1   48.7 -999.9  270    3.7 0 0 0
C1 15.9682  35.5302   98.1755     29.2   29.8   49.0 -999.9  266    4.0 0 0 0
C1 15.9692  35.5301   98.1776     29.2   28.8   49.6 -999.9  244    4.3 0 0 0
C1 15.9702  35.5300   98.1796     29.2   28.9   50.0 -999.9  254    3.6 0 0 0
C1 15.9712  35.5299   98.1817     29.3   29.0   50.0 -999.9  228    4.0 0 0 0
C1 15.9722  35.5299   98.1837     29.2   29.4   50.4 -999.9  246    3.4 0 0 0
C1 15.9732  35.5299   98.1857     29.3   29.5   49.6 -999.9  258    3.1 0 0 0
C1 15.9742  35.5299   98.1877     29.2   29.0   49.6 -999.9  249    4.6 0 0 0
C1 15.9752  35.5299   98.1898     29.2   29.3   49.5 -999.9  242    5.5 0 0 0
C1 15.9762  35.5299   98.1918     29.1   29.6   49.9 -999.9  248    4.7 0 0 0
C1 15.9838  35.5299   98.1938     29.2   29.4   51.2 -999.9  251    4.5 0 0 0
C1 15.9848  35.5299   98.1958     29.1   29.3   50.3 -999.9  233    5.1 0 0 0
C1 15.9858  35.5300   98.1977     29.0   29.7   51.1 -999.9  234    2.7 0 0 0
C1 15.9868  35.5300   98.1997     29.1   29.6   51.2 -999.9  244    2.8 0 0 0
C1 15.9878  35.5300   98.2017     28.9   29.5   51.7 -999.9  239    3.3 0 0 0
C1 15.9888  35.5300   98.2037     29.1   29.3   51.4 -999.9  243    3.2 0 0 0
C1 15.9898  35.5300   98.2056     29.0   29.0   51.1 -999.9  235    3.9 0 0 0
C1 15.9908  35.5300   98.2076     28.9   29.6   50.5 -999.9  217    4.4 0 0 0
C1 15.9918  35.5301   98.2095     29.0   29.1   50.5 -999.9  214    3.0 0 0 0
C1 15.9928  35.5301   98.2115     28.9   29.6   51.3 -999.9  216    3.3 0 0 0
C1 16.0005  35.5301   98.2136     28.9   29.6   52.5 -999.9  206    4.4 0 0 0
C1 16.0015  35.5301   98.2156     28.8   29.6   51.6 -999.9  241    4.0 0 0 0
C1 16.0025  35.5301   98.2176     28.8   28.6   51.9 -999.9  233    3.8 0 0 0
C1 16.0035  35.5303   98.2196     28.7   29.3   52.3 -999.9  209    5.5 0 0 0
C1 16.0045  35.5306   98.2217     28.7   29.1   52.5 -999.9  226    3.9 0 0 0
C1 16.0055  35.5309   98.2237     28.6   29.2   52.2 -999.9  235    3.6 0 0 0
C1 16.0065  35.5313   98.2257     29.0   28.6   52.6 -999.9  263    3.4 0 0 0
C1 16.0075  35.5318   98.2277     28.8   29.0   51.3 -999.9  245    4.1 0 0 0
C1 16.0085  35.5322   98.2296     28.7   28.7   51.4 -999.9  225    3.6 0 0 0
C1 16.0095  35.5326   98.2316     28.8   28.6   51.6 -999.9  226    3.1 0 0 0
C1 16.0172  35.5330   98.2336     28.7   29.7   52.0 -999.9  229    2.9 0 0 0
C1 16.0182  35.5335   98.2356     28.7   29.0   52.0 -999.9  243    2.6 0 0 0
C1 16.0192  35.5339   98.2376     28.7   29.1   53.0 -999.9  243    4.0 0 0 0
C1 16.0202  35.5343   98.2396     28.9   28.9   53.4 -999.9  254    3.2 0 0 0
C1 16.0212  35.5347   98.2415     29.0   29.0   51.2 -999.9  245    5.1 0 0 0
C1 16.0222  35.5351   98.2434     28.6   28.7   50.7 -999.9  230    5.5 0 0 0
C1 16.0232  35.5355   98.2454     28.7   28.8   51.7 -999.9  240    3.7 0 0 0
C1 16.0242  35.5359   98.2473     28.8   29.1   52.7 -999.9  226    2.7 0 0 0
C1 16.0252  35.5363   98.2493     28.9   29.1   53.1 -999.9  238    3.0 0 0 0
C1 16.0262  35.5367   98.2513     29.0   28.7   52.0 -999.9  241    4.6 0 0 0
C1 16.0338  35.5371   98.2533     29.1   29.4   52.1 -999.9  225    4.9 0 0 0
C1 16.0348  35.5375   98.2553     29.0   28.9   51.5 -999.9  225    4.3 0 0 0
C1 16.0358  35.5379   98.2574     29.1   29.1   52.0 -999.9  208    4.6 0 0 0
C1 16.0368  35.5383   98.2595     29.0   29.2   51.9 -999.9  162    0.1 0 0 0
C1 16.0378  35.5387   98.2616     28.9   28.6   51.6 -999.9  139    1.6 0 0 0
C1 16.0388  35.5389   98.2638     29.0   28.9   52.7 -999.9  157    1.7 0 1 0
C1 16.0398  35.5389   98.2660     29.1   29.2   51.2 -999.9  210    1.7 0 1 0
C1 16.0408  35.5386   98.2681     29.2   28.8   50.6 -999.9  254    1.2 0 1 0
C1 16.0418  35.5380   98.2701     29.2   29.1   50.1 -999.9  354    0.8 0 1 0
C1 16.0428  35.5372   98.2720     29.3   28.8   51.5 -999.9   45    1.0 0 1 0
C1 16.0505  35.5363   98.2737     29.4   28.9   52.0 -999.9   15    0.3 0 1 0
C1 16.0515  35.5353   98.2754     29.3   29.0   51.4 -999.9  282    2.1 0 0 0
C1 16.0525  35.5343   98.2770     29.3   29.1   51.4 -999.9  307    2.8 0 0 0
C1 16.0535  35.5333   98.2786     29.2   29.3   51.7 -999.9  339    0.8 0 0 0
C1 16.0545  35.5323   98.2802     29.3   29.1   50.0 -999.9  216    1.3 0 0 0
C1 16.0555  35.5313   98.2819     29.3   28.8   49.3 -999.9  277    0.7 0 0 0
C1 16.0565  35.5303   98.2835     29.2   28.6   49.2 -999.9  229    1.6 0 0 0
C1 16.0575  35.5294   98.2850     29.2   29.4   49.6 -999.9  249    2.1 0 0 0
C1 16.0585  35.5284   98.2866     29.2   29.1   48.7 -999.9  259    2.8 0 0 0
C1 16.0595  35.5275   98.2881     29.2   29.1   48.8 -999.9  253    2.8 0 0 0
C1 16.0672  35.5265   98.2897     29.2   29.1   49.9 -999.9  283    2.9 0 0 0
C1 16.0682  35.5256   98.2913     29.3   28.8   51.5 -999.9  306    2.2 0 0 0
C1 16.0692  35.5247   98.2930     29.4   29.3   51.3 -999.9  319    1.3 0 0 0
C1 16.0702  35.5239   98.2948     29.6   29.9   51.1 -999.9  329    0.3 0 0 0
C1 16.0712  35.5232   98.2967     29.3   29.4   50.4 -999.9  303    1.6 0 0 0
C1 16.0722  35.5228   98.2987     29.6   29.4   50.1 -999.9  271    1.0 0 0 0
C1 16.0732  35.5225   98.3006     29.7   29.5   49.6 -999.9  214    2.9 0 0 0
C1 16.0742  35.5224   98.3025     29.7   29.8   49.7 -999.9  222    2.7 0 1 0
C1 16.0752  35.5225   98.3045     29.4   29.4   50.0 -999.9  219    4.1 0 0 0
C1 16.0762  35.5227   98.3065     29.4   29.4   50.4 -999.9  238    6.2 0 0 0
C1 16.0838  35.5231   98.3084     29.4   29.4   50.1 -999.9  264    5.9 0 0 0
C1 16.0848  35.5236   98.3103     29.2   29.1   49.2 -999.9  220    5.3 0 0 0
C1 16.0858  35.5241   98.3122     29.1   29.4   49.8 -999.9  220    6.4 0 0 0
C1 16.0868  35.5246   98.3141     29.2   28.8   50.2 -999.9  227    5.5 0 0 0
C1 16.0878  35.5251   98.3160     29.0   29.6   49.9 -999.9  212    4.5 0 0 0
C1 16.0888  35.5256   98.3179     29.2   29.8   51.1 -999.9  207    1.9 0 0 0
C1 16.0898  35.5261   98.3198     29.3   29.2   51.0 -999.9  216    3.6 0 0 0
C1 16.0908  35.5266   98.3217     29.3   28.9   50.9 -999.9  256    3.3 0 0 0
C1 16.0918  35.5270   98.3234     29.6   29.7   50.4 -999.9  234    3.6 0 0 0
C1 16.0928  35.5274   98.3251     29.4   29.5   49.6 -999.9  221    4.2 0 0 0
C1 16.1005  35.5279   98.3269     29.3   29.3   49.9 -999.9  228    3.9 0 0 0
C1 16.1015  35.5284   98.3288     29.2   29.2   50.5 -999.9  221    3.6 0 0 0
C1 16.1025  35.5287   98.3308     29.2   29.2   50.4 -999.9  226    3.3 0 0 0
C1 16.1035  35.5289   98.3328     29.2   29.2   49.1 -999.9  254    3.4 0 0 0
C1 16.1045  35.5291   98.3348     29.4   29.5   49.8 -999.9  240    5.8 0 0 0
C1 16.1055  35.5291   98.3368     29.2   29.5   49.7 -999.9  253    4.3 0 0 0
C1 16.1065  35.5291   98.3387     29.2   29.2   49.6 -999.9  249    4.9 0 0 0
C1 16.1075  35.5291   98.3407     29.2   29.6   48.8 -999.9  249    5.2 0 0 0
C1 16.1085  35.5291   98.3426     29.1   29.5   49.5 -999.9  231    3.8 0 0 0
C1 16.1095  35.5292   98.3446     28.9   29.6   50.0 -999.9  236    5.3 0 0 0
C1 16.1172  35.5292   98.3465     29.1   29.8   50.6 -999.9  246    3.6 0 0 0
C1 16.1182  35.5292   98.3485     29.2   29.6   50.9 -999.9  218    3.5 0 0 0
C1 16.1192  35.5292   98.3504     29.0   29.0   51.0 -999.9  223    4.9 0 0 0
C1 16.1202  35.5292   98.3524     29.2   29.2   52.1 -999.9  207    2.1 0 0 0
C1 16.1212  35.5291   98.3545     29.3   29.1   50.2 -999.9  249    2.9 0 0 0
C1 16.1222  35.5291   98.3565     29.3   29.7   50.4 -999.9  252    4.5 0 0 0
C1 16.1232  35.5291   98.3585     29.3   29.5   50.0 -999.9  229    5.5 0 0 0
C1 16.1242  35.5291   98.3606     29.1   29.6   50.2 -999.9  214    4.4 0 0 0
C1 16.1252  35.5291   98.3627     29.2   29.3   51.4 -999.9  236    3.6 0 0 0
C1 16.1262  35.5291   98.3647     29.4   29.2   51.2 -999.9  230    3.4 0 0 0
C1 16.1338  35.5291   98.3667     29.3   29.1   50.2 -999.9  225    3.5 0 0 0
C1 16.1348  35.5291   98.3688     29.2   29.5   50.2 -999.9  253    3.7 0 0 0
C1 16.1358  35.5291   98.3708     29.3   29.2   49.2 -999.9  247    5.0 0 0 0
C1 16.1368  35.5291   98.3727     29.2   29.4   48.9 -999.9  226    5.6 0 0 0
C1 16.1378  35.5291   98.3747     29.2   29.0   49.5 -999.9  224    4.4 0 0 0
C1 16.1388  35.5291   98.3767     29.1   29.2   49.8 -999.9  225    4.3 0 0 0
C1 16.1398  35.5290   98.3787     29.1   29.6   50.7 -999.9  213    2.7 0 0 0
C1 16.1408  35.5290   98.3806     29.2   29.1   50.4 -999.9  234    5.1 0 0 0
C1 16.1418  35.5290   98.3825     29.1   29.7   50.0 -999.9  221    5.6 0 0 0
C1 16.1428  35.5290   98.3845     29.0   29.4   49.7 -999.9  215    4.4 0 0 0
C1 16.1505  35.5290   98.3864     29.1   28.9   50.1 -999.9  218    3.5 0 0 0
C1 16.1515  35.5290   98.3884     29.1   29.2   49.9 -999.9  213    4.0 0 0 0
C1 16.1525  35.5290   98.3904     29.2   29.2   49.7 -999.9  228    4.1 0 0 0
C1 16.1535  35.5290   98.3925     29.2   29.4   49.2 -999.9  241    4.6 0 0 0
C1 16.1545  35.5291   98.3946     29.2   29.5   48.9 -999.9  232    5.0 0 0 0
C1 16.1555  35.5292   98.3967     29.0   28.8   49.5 -999.9  240    3.7 0 0 0
C1 16.1565  35.5293   98.3988     29.3   29.0   48.9 -999.9  234    6.2 0 0 0
C1 16.1575  35.5293   98.4008     28.9   29.2   48.5 -999.9  245    5.7 0 0 0
C1 16.1585  35.5293   98.4028     28.9   29.5   48.7 -999.9  240    5.7 0 0 0
C1 16.1595  35.5292   98.4048     29.2   28.6   49.1 -999.9  232    5.6 0 0 0
C1 16.1672  35.5291   98.4067     29.1   29.1   50.0 -999.9  251    4.4 0 0 0
C1 16.1682  35.5290   98.4086     29.2   29.2   39.2 -999.9  232    6.1 1 0 0
C1 16.1692  35.5289   98.4106     28.9   28.9   49.3 -999.9  250    4.6 0 0 0
C1 16.1702  35.5289   98.4126     29.1   29.7   48.7 -999.9  253    4.5 0 0 0
C1 16.1712  35.5289   98.4146     28.9   29.2   48.8 -999.9  234    5.2 0 0 0
C1 16.1722  35.5289   98.4165     28.9   29.1   49.3 -999.9  222    4.8 0 0 0
C1 16.1732  35.5289   98.4185     29.0   29.0   50.5 -999.9  209    4.2 0 0 0
C1 16.1742  35.5289   98.4205     29.3   29.5   50.6 -999.9  222    2.2 0 0 0
C1 16.1752  35.5289   98.4226     29.2   29.0   51.0 -999.9  205    2.5 0 0 0
C1 16.1762  35.5290   98.4246     29.2   29.0   51.7 -999.9  184    3.3 0 0 0
C1 16.1838  35.5290   98.4266     29.4   29.6   51.9 -999.9  213    4.8 0 0 0
C1 16.1848  35.5290   98.4286     29.1   29.4   50.6 -999.9  219    5.9 0 0 0
C1 16.1858  35.5290   98.4304     29.1   28.9   51.1 -999.9  217    4.0 0 0 0
C1 16.1868  35.5290   98.4324     29.0   29.3   51.3 -999.9  207    3.6 0 0 0
C1 16.1878  35.5291   98.4343     29.0   29.6   51.0 -999.9  197    3.1 0 0 0
C1 16.1888  35.5291   98.4363     28.9   29.1   52.0 -999.9  212    3.0 0 0 0
C1 16.1898  35.5292   98.4383     29.1   29.2   52.8 -999.9  204    4.3 0 0 0
C1 16.1908  35.5292   98.4403     29.2   28.9   50.6 -999.9  220    4.4 0 0 0
C1 16.1918  35.5293   98.4423     29.2   29.4   49.6 -999.9  225    5.0 0 0 0
C1 16.1928  35.5294   98.4444     29.2   29.1   49.8 -999.9  238    4.9 0 0 0
C1 16.2005  35.5295   98.4464     29.2   29.2   49.9 -999.9  234    5.8 0 0 0
C1 16.2015  35.5295   98.4484     29.4   28.9   50.9 -999.9  233    4.2 0 0 0
C1 16.2025  35.5295   98.4504     29.3   29.8   49.8 -999.9  218    4.1 0 0 0
C1 16.2035  35.5295   98.4524     29.2   29.3   50.5 -999.9  226    3.6 0 0 0
C1 16.2045  35.5294   98.4544     29.4   29.5   50.5 -999.9  223    4.7 0 0 0
C1 16.2055  35.5294   98.4565     29.3   29.0   49.9 -999.9  233    4.7 0 0 0
C1 16.2065  35.5294   98.4584     29.5   29.1   49.6 -999.9  235    6.2 0 0 0
C1 16.2075  35.5295   98.4604     29.5   29.6   51.3 -999.9  233    4.4 0 0 0
C1 16.2085  35.5295   98.4624     29.3   29.2   50.4 -999.9  233    5.2 0 0 0
C1 16.2095  35.5295   98.4644     29.2   29.4   50.0 -999.9  244    4.0 0 0 0
C1 16.2172  35.5295   98.4665     29.1   29.1   50.0 -999.9  238    3.6 0 0 0
C1 16.2182  35.5296   98.4685     29.5   29.3   50.4 -999.9  232    5.0 0 0 0
C1 16.2192  35.5296   98.4706     29.6   28.9   50.3 -999.9  238    5.1 0 0 0
C1 16.2202  35.5296   98.4726     29.6   28.6   50.4 -999.9  255    4.3 0 0 0
C1 16.2212  35.5296   98.4747     29.6   29.6   50.5 -999.9  242    3.4 0 0 0
C1 16.2222  35.5296   98.4768     29.5   29.1   49.9 -999.9  246    4.6 0 0 0
C1 16.2232  35.5297   98.4789     29.3   29.3   50.8 -999.9  218    4.0 0 0 0
C1 16.2242  35.5297   98.4811     29.2   29.3   50.6 -999.9  241    3.0 0 0 0
C1 16.2252  35.5296   98.4831     29.5   29.5   52.1 -999.9  217    4.5 0 0 0
C1 16.2262  35.5297   98.4852     29.5   29.6   51.8 -999.9  243    4.4 0 0 0
C1 16.2338  35.5297   98.4871     29.3   29.2   52.2 -999.9  245    4.5 0 0 0
C1 16.2348  35.5297   98.4891     29.3   29.8   50.7 -999.9  233    4.3 0 0 0
C1 16.2358  35.5297   98.4911     29.2   29.2   51.0 -999.9  231    3.6 0 0 0
C1 16.2368  35.5297   98.4931     29.2   29.0   50.6 -999.9  238    4.2 0 0 0
C1 16.2378  35.5297   98.4951     29.2   29.3   50.1 -999.9  238    3.6 0 0 0
C1 16.2388  35.5297   98.4972     29.3   29.8   50.9 -999.9  247    2.8 0 0 0
C1 16.2398  35.5297   98.4993     29.3   29.4   51.1 -999.9  245    2.9 0 0 0
C1 16.2408  35.5297   98.5015     29.2   29.4   51.1 -999.9  263    2.2 0 0 0
C1 16.2418  35.5297   98.5036     29.2   29.4   51.8 -999.9  237    3.5 0 0 0
C1 16.2428  35.5297   98.5057     29.2   30.0   52.3 -999.9  249    3.0 0 0 0
C1 16.2505  35.5297   98.5078     29.2   29.2   51.2 -999.9  244    3.5 0 0 0
C1 16.2515  35.5297   98.5098     29.2   29.0   51.6 -999.9  234    4.1 0 0 0
C1 16.2525  35.5297   98.5118     29.2   29.2   52.1 -999.9  231    5.3 0 0 0
C1 16.2535  35.5297   98.5138     29.3   29.4   51.3 -999.9  221    5.9 0 0 0
C1 16.2545  35.5297   98.5157     29.2   29.4   50.8 -999.9  223    4.7 0 0 0
C1 16.2555  35.5297   98.5176     29.1   29.2   51.2 -999.9  214    4.7 0 0 0
C1 16.2565  35.5297   98.5196     29.3   29.1   50.4 -999.9  228    4.2 0 0 0
C1 16.2575  35.5297   98.5216     29.5   29.2   50.6 -999.9  243    5.5 0 0 0
C1 16.2585  35.5299   98.5237     29.4   29.2   50.2 -999.9  249    4.5 0 0 0
C1 16.2595  35.5300   98.5257     29.4   29.3   49.5 -999.9  247    4.6 0 0 0
C1 16.2672  35.5303   98.5277     29.4   29.1   50.2 -999.9  232    5.4 0 0 0
C1 16.2682  35.5306   98.5297     29.6   29.6   51.8 -999.9  252    3.4 0 0 0
C1 16.2692  35.5309   98.5317     29.6   29.9   51.4 -999.9  244    5.1 0 0 0
C1 16.2702  35.5313   98.5336     29.5   29.1   50.2 -999.9  250    5.2 0 0 0
C1 16.2712  35.5318   98.5355     29.3   29.6   50.5 -999.9  238    4.1 0 0 0
C1 16.2722  35.5322   98.5374     29.3   29.1   50.3 -999.9  231    6.0 0 0 0
C1 16.2732  35.5327   98.5393     29.4   29.7   51.3 -999.9  229    6.2 0 0 0
C1 16.2742  35.5331   98.5412     29.4   29.4   49.7 -999.9  235    5.8 0 0 0
C1 16.2752  35.5336   98.5432     29.3   29.2   49.5 -999.9  234    4.6 0 0 0
C1 16.2762  35.5341   98.5451     29.4   29.3   49.4 -999.9  222    5.4 0 0 0
C1 16.2838  35.5346   98.5471     29.5   29.5   49.5 -999.9  216    4.8 0 0 0
C1 16.2848  35.5350   98.5491     29.3   29.4   50.5 -999.9  210    5.5 0 0 0
C1 16.2858  35.5353   98.5511     29.3   29.8   50.4 -999.9  221    6.8 0 0 0
C1 16.2868  35.5356   98.5531     29.5   29.5   49.4 -999.9  248    4.8 0 0 0
C1 16.2878  35.5358   98.5550     29.5   29.6   49.0 -999.9  224    7.0 0 0 0
C1 16.2888  35.5359   98.5570     29.3   29.3   48.3 -999.9  210    6.3 0 0 0
C1 16.2898  35.5360   98.5590     29.4   29.7   48.4 -999.9  221    4.4 0 0 0
C1 16.2908  35.5361   98.5610     29.7   29.1   50.5 -999.9  223    4.6 0 0 0
C1 16.2918  35.5360   98.5629     29.7   29.5   50.2 -999.9  217    6.0 0 0 0
C1 16.2928  35.5360   98.5649     29.8   29.9   50.5 -999.9  225    4.3 0 0 0
C1 16.3005  35.5361   98.5668     29.9   29.3   50.1 -999.9  221    6.2 0 0 0
C1 16.3015  35.5361   98.5687     29.9   29.8   50.3 -999.9  224    5.4 0 0 0
C1 16.3025  35.5361   98.5706     29.7   29.3   49.7 -999.9  224    5.5 0 0 0
C1 16.3035  35.5361   98.5725     29.6   29.4   49.9 -999.9  216    5.4 0 0 0
C1 16.3045  35.5361   98.5745     29.5   29.4   48.2 -999.9  223    5.0 0 0 0
C1 16.3055  35.5361   98.5766     29.3   29.7   48.8 -999.9  223    4.1 0 0 0
C1 16.3065  35.5361   98.5786     29.3   30.1   49.2 -999.9  244    4.2 0 0 0
C1 16.3075  35.5361   98.5806     29.4   29.8   49.4 -999.9  226    4.6 0 0 0
C1 16.3085  35.5362   98.5827     29.6   29.4   50.1 -999.9  220    5.3 0 0 0
C1 16.3095  35.5362   98.5847     29.7   29.7   49.5 -999.9  216    5.9 0 0 0
C1 16.3172  35.5362   98.5868     29.6   29.7   48.7 -999.9  231    6.1 0 0 0
C1 16.3182  35.5362   98.5888     29.6   29.7   49.1 -999.9  217    5.4 0 0 0
C1 16.3192  35.5363   98.5908     29.6   29.7   49.0 -999.9  211    5.9 0 0 0
C1 16.3202  35.5363   98.5928     29.7   29.5   49.2 -999.9  224    5.2 0 0 0
C1 16.3212  35.5363   98.5949     29.7   29.2   50.5 -999.9  242    4.4 0 0 0
C1 16.3222  35.5364   98.5969     29.6   29.6   49.2 -999.9  262    4.9 0 0 0
C1 16.3232  35.5364   98.5988     29.4   29.9   50.3 -999.9  235    4.8 0 0 0
C1 16.3242  35.5364   98.6009     29.3   29.8   50.0 -999.9  232    4.3 0 0 0
C1 16.3252  35.5365   98.6028     29.5   29.9   50.7 -999.9  251    5.0 0 0 0
C1 16.3262  35.5365   98.6047     29.6   29.5   50.5 -999.9  233    6.5 0 0 0
C1 16.3338  35.5365   98.6067     29.7   29.6   50.1 -999.9  260    4.2 0 0 0
C1 16.3348  35.5365   98.6086     29.6   28.9   49.3 -999.9  250    5.3 0 0 0
C1 16.3358  35.5366   98.6105     29.5   29.9   49.2 -999.9  219    5.8 0 0 0
C1 16.3368  35.5366   98.6125     29.2   29.8   49.8 -999.9  208    4.0 0 0 0
C1 16.3378  35.5366   98.6146     29.3   29.4   50.8 -999.9  247    2.8 0 0 0
C1 16.3388  35.5366   98.6166     29.5   29.5   49.4 -999.9  242    4.1 0 0 0
C1 16.3398  35.5367   98.6186     29.2   29.9   48.6 -999.9  212    4.8 0 0 0
C1 16.3408  35.5367   98.6206     29.4   29.4   49.2 -999.9  218    3.6 0 0 0
C1 16.3418  35.5367   98.6227     29.5   29.8   50.2 -999.9  216    4.4 0 0 0
C1 16.3428  35.5367   98.6247     29.5   29.6   50.7 -999.9  235    4.5 0 0 0
C1 16.3505  35.5367   98.6267     29.4   29.4   49.1 -999.9  242    4.6 0 0 0
C1 16.3515  35.5367   98.6287     29.2   29.5   48.6 -999.9  237    5.7 0 0 0
C1 16.3525  35.5367   98.6307     29.2   29.6   49.0 -999.9  251    5.6 0 0 0
C1 16.3535  35.5367   98.6327     29.5   30.1   50.4 -999.9  236    3.3 0 0 0
C1 16.3545  35.5367   98.6348     29.3   29.5   50.1 -999.9  232    5.1 0 0 0
C1 16.3555  35.5367   98.6368     29.2   29.6   50.0 -999.9  213    4.1 0 0 0
C1 16.3565  35.5367   98.6389     29.2   29.4   50.9 -999.9  211    2.8 0 0 0
C1 16.3575  35.5367   98.6410     29.4   29.5   50.3 -999.9  216    5.4 0 0 0
C1 16.3585  35.5367   98.6430     29.2   29.2   50.6 -999.9  213    3.7 0 0 0
C1 16.3595  35.5367   98.6451     29.4   29.1   52.1 -999.9  193    3.7 0 0 0
C1 16.3672  35.5367   98.6471     29.5   29.6   52.0 -999.9  226    2.8 0 0 0
C1 16.3682  35.5367   98.6491     29.5   29.1   51.8 -999.9  251    3.8 0 0 0
C1 16.3692  35.5367   98.6510     29.7   29.6   52.5 -999.9  247    4.2 0 0 0
C1 16.3702  35.5367   98.6529     29.6   29.3   51.4 -999.9  229    5.4 0 0 0
C1 16.3712  35.5367   98.6549     29.4   29.6   49.0 -999.9  198    4.9 0 0 0
C1 16.3722  35.5367   98.6569     29.6   29.5   52.5 -999.9  238    3.8 0 0 0
C1 16.3732  35.5367   98.6588     29.8   29.6   51.1 -999.9  238    5.3 0 0 0
C1 16.3742  35.5367   98.6608     29.7   29.2   51.4 -999.9  238    2.8 0 0 0
C1 16.3752  35.5367   98.6628     29.9   29.4   50.8 -999.9  236    5.8 0 0 0
C1 16.3762  35.5367   98.6647     29.9   29.2   48.9 -999.9  243    5.3 0 0 0
C1 16.3838  35.5367   98.6666     29.9   29.8   48.9 -999.9  252    4.3 0 0 0
C1 16.3848  35.5367   98.6685     29.9   29.4   47.4 -999.9  265    4.5 0 0 0
C1 16.3858  35.5366   98.6705     29.9   29.3   46.5 -999.9  237    6.1 0 0 0
C1 16.3868  35.5366   98.6724     29.7   29.7   45.9 -999.9  251    5.1 0 0 0
C1 16.3878  35.5366   98.6743     29.7   29.5   45.5 -999.9  230    5.6 0 0 0
C1 16.3888  35.5365   98.6763     29.6   29.4   46.6 -999.9  232    5.6 0 0 0
C1 16.3898  35.5361   98.6782     29.6   29.6   47.0 -999.9  220    4.9 0 1 0
C1 16.3908  35.5353   98.6799     29.9   29.8   48.1 -999.9  206    5.2 0 1 0
C1 16.3918  35.5343   98.6814     30.0   29.2   48.3 -999.9  218    6.0 0 1 0
C1 16.3928  35.5332   98.6830     30.0   29.6   46.4 -999.9  223    6.6 0 0 0
C1 16.4005  35.5322   98.6845     30.0   29.6   46.4 -999.9  217    5.6 0 0 0
C1 16.4015  35.5311   98.6860     29.9   29.6   46.2 -999.9  232    5.2 0 0 0
C1 16.4025  35.5301   98.6874     29.9   29.9   45.8 -999.9  224    5.0 0 0 0
C1 16.4035  35.5288   98.6887     29.9   29.8   45.8 -999.9  240    5.7 0 0 0
C1 16.4045  35.5275   98.6899     29.7   30.3   46.4 -999.9  225    4.7 0 0 0
C1 16.4055  35.5262   98.6910     29.8   29.9   46.5 -999.9  240    4.9 0 0 0
C1 16.4065  35.5249   98.6922     29.7   30.1   45.4 -999.9  244    7.3 0 0 0
C1 16.4075  35.5237   98.6936     29.6   29.6   46.7 -999.9  260    4.4 0 1 0
C1 16.4085  35.5228   98.6953     29.6   29.8   46.8 -999.9  252    4.6 0 1 0
C1 16.4095  35.5222   98.6971     29.7   29.7   47.2 -999.9  235    4.7 0 1 0
C1 16.4172  35.5219   98.6991     29.7   29.5   46.8 -999.9  252    5.3 0 1 0
C1 16.4182  35.5219   98.7011     29.7   29.4   47.6 -999.9  223    5.3 0 0 0
C1 16.4192  35.5219   98.7031     29.6   30.1   46.4 -999.9  239    7.3 0 0 0
C1 16.4202  35.5219   98.7052     29.7   29.9   46.3 -999.9  237    4.8 0 0 0
C1 16.4212  35.5219   98.7073     29.9   30.0   47.9 -999.9  231    4.7 0 0 0
C1 16.4222  35.5219   98.7094     29.7   29.8   46.8 -999.9  244    5.3 0 0 0
C1 16.4232  35.5219   98.7115     29.7   29.9   47.8 -999.9  251    5.1 0 0 0
C1 16.4242  35.5218   98.7135     29.5   30.0   47.8 -999.9  231    4.2 0 0 0
C1 16.4252  35.5217   98.7156     29.7   29.6   48.6 -999.9  231    4.9 0 0 0
C1 16.4262  35.5214   98.7176     29.8   29.9   48.5 -999.9  224    6.0 0 0 0
C1 16.4338  35.5211   98.7197     29.6   30.0   48.3 -999.9  227    3.2 0 0 0
C1 16.4348  35.5207   98.7217     29.9   29.5   48.6 -999.9  260    2.8 0 0 0
C1 16.4358  35.5206   98.7238     29.9   29.9   48.6 -999.9  252    3.7 0 0 0
C1 16.4368  35.5206   98.7259     29.9   29.2   50.4 -999.9  248    3.6 0 0 0
C1 16.4378  35.5207   98.7279     29.8   30.1   49.0 -999.9  250    4.6 0 0 0
C1 16.4388  35.5211   98.7299     29.6   29.7   48.9 -999.9  254    4.9 0 0 0
C1 16.4398  35.5214   98.7319     29.6   29.8   48.4 -999.9  259    4.9 0 0 0
C1 16.4408  35.5217   98.7340     29.5   29.4   49.4 -999.9  230    3.9 0 0 0
C1 16.4418  35.5220   98.7361     29.5   29.3   49.4 -999.9  234    2.7 0 0 0
C1 16.4428  35.5221   98.7382     29.5   30.0   49.9 -999.9  232    3.7 0 0 0
C1 16.4505  35.5222   98.7403     29.6   29.8   48.8 -999.9  229    6.4 0 0 0
C1 16.4515  35.5222   98.7425     29.5   29.7   49.0 -999.9  232    3.7 0 0 0
C1 16.4525  35.5222   98.7446     29.7   29.6   49.0 -999.9  248    5.1 0 0 0
C1 16.4535  35.5222   98.7468     29.5   29.7   48.1 -999.9  249    8.3 0 0 0
C1 16.4545  35.5222   98.7489     29.4   29.5   47.8 -999.9  242    6.0 0 0 0
C1 16.4555  35.5222   98.7511     29.4   29.5   48.5 -999.9  237    5.3 0 0 0
C1 16.4565  35.5222   98.7533     29.4   29.5   48.9 -999.9  232    5.9 0 0 0
C1 16.4575  35.5222   98.7554     29.3   29.9   48.6 -999.9  232    5.9 0 0 0
C1 16.4585  35.5222   98.7575     29.2   29.8   48.1 -999.9  230    5.0 0 0 0
C1 16.4595  35.5222   98.7597     29.4   29.6   50.3 -999.9  214    5.7 0 0 0
C1 16.4672  35.5222   98.7619     29.4   29.2   50.8 -999.9  209    3.7 0 0 0
C1 16.4682  35.5222   98.7641     29.4   29.7   50.6 -999.9  208    4.3 0 0 0
C1 16.4692  35.5222   98.7662     29.6   29.6   50.4 -999.9  246    4.1 0 0 0
C1 16.4702  35.5222   98.7684     29.5   29.3   50.0 -999.9  243    5.6 0 0 0
C1 16.4712  35.5221   98.7706     29.5   29.6   49.4 -999.9  221    4.4 0 0 0
C1 16.4722  35.5221   98.7728     29.3   29.9   50.2 -999.9  241    2.6 0 0 0
C1 16.4732  35.5221   98.7750     29.7   29.6   50.9 -999.9  259    3.3 0 0 0
C1 16.4742  35.5221   98.7771     29.7   29.3   51.1 -999.9  268    6.4 0 0 0
C1 16.4752  35.5221   98.7792     29.7   29.5   49.8 -999.9  261    5.5 0 0 0
C1 16.4762  35.5221   98.7813     29.6   29.7   50.6 -999.9  236    5.7 0 0 0
C1 16.4838  35.5221   98.7834     29.7   29.3   50.9 -999.9  236    4.7 0 0 0
C1 16.4848  35.5221   98.7856     29.6   29.9   50.7 -999.9  232    6.2 0 0 0
C1 16.4858  35.5221   98.7877     29.6   30.3   50.1 -999.9  228    4.1 0 0 0
C1 16.4868  35.5221   98.7898     29.6   29.3   50.6 -999.9  240    4.9 0 0 0
C1 16.4878  35.5222   98.7919     29.7   29.6   49.9 -999.9  247    5.9 0 0 0
C1 16.4888  35.5222   98.7940     29.5   29.6   48.7 -999.9  254    6.3 0 0 0
C1 16.4898  35.5222   98.7962     29.5   29.7   49.1 -999.9  249    4.7 0 0 0
C1 16.4908  35.5222   98.7984     29.6   29.4   49.6 -999.9  259    4.2 0 0 0
C1 16.4918  35.5222   98.8006     29.7   29.7   50.0 -999.9  261    4.2 0 0 0
C1 16.4928  35.5222   98.8028     29.8   29.7   50.2 -999.9  244    4.4 0 0 0
C1 16.5005  35.5222   98.8049     29.8   29.7   50.0 -999.9  230    5.5 0 0 0
C1 16.5015  35.5222   98.8071     29.9   30.0   51.6 -999.9  223    4.4 0 0 0
C1 16.5025  35.5222   98.8093     29.7   29.6   51.0 -999.9  230    4.8 0 0 0
C1 16.5035  35.5222   98.8114     29.6   29.8   51.0 -999.9  245    3.8 0 0 0
C1 16.5045  35.5222   98.8136     29.7   29.9   51.0 -999.9  247    3.0 0 0 0
C1 16.5055  35.5223   98.8157     29.6   29.7   49.7 -999.9  265    4.7 0 0 0
C1 16.5065  35.5223   98.8178     29.6   29.9   49.7 -999.9  272    5.6 0 0 0
C1 16.5075  35.5223   98.8200     29.9   29.7   50.3 -999.9  248    4.0 0 0 0
C1 16.5085  35.5223   98.8221     29.7   29.7   50.0 -999.9  230    3.9 0 0 0
C1 16.5095  35.5222   98.8243     29.5   29.4   51.3 -999.9  215    3.6 0 0 0
C1 16.5172  35.5220   98.8264     29.7   29.6   51.2 -999.9  254    3.9 0 0 0
C1 16.5182  35.5217   98.8285     29.6   29.9   51.0 -999.9  214    4.8 0 0 0
C1 16.5192  35.5214   98.8305     29.6   29.9   53.1 -999.9  232    3.4 0 0 0
C1 16.5202  35.5209   98.8325     29.6   29.6   52.5 -999.9  246    3.6 0 0 0
C1 16.5212  35.5204   98.8345     29.7   29.9   51.3 -999.9  252    4.1 0 0 0
C1 16.5222  35.5199   98.8364     29.7   29.7   50.5 -999.9  240    4.6 0 0 0
C1 16.5232  35.5194   98.8383     29.7   29.5   50.1 -999.9  243    4.7 0 0 0
C1 16.5242  35.5189   98.8403     29.5   29.5   50.2 -999.9  252    4.5 0 0 0
C1 16.5252  35.5184   98.8423     29.4   29.7   50.9 -999.9  229    3.5 0 0 0
C1 16.5262  35.5178   98.8443     29.6   29.9   51.9 -999.9  250    3.5 0 0 0
C1 16.5338  35.5173   98.8462     29.5   29.6   50.3 -999.9  240    5.5 0 0 0
C1 16.5348  35.5169   98.8481     29.5   29.4   51.4 -999.9  216    5.2 0 0 0
C1 16.5358  35.5166   98.8500     29.6   29.4   52.9 -999.9  234    3.4 0 0 0
C1 16.5368  35.5163   98.8520     29.4   29.7   53.4 -999.9  211    4.4 0 0 0
C1 16.5378  35.5161   98.8539     29.4   29.9   53.0 -999.9  215    4.8 0 0 0
C1 16.5388  35.5160   98.8559     29.4   29.2   53.7 -999.9  230    4.3 0 0 0
C1 16.5398  35.5160   98.8578     29.6   29.9   53.5 -999.9  222    4.0 0 0 0
C1 16.5408  35.5160   98.8598     29.7   29.6   51.9 -999.9  236    3.7 0 0 0
C1 16.5418  35.5160   98.8618     29.5   29.5   51.8 -999.9  253    5.1 0 0 0
C1 16.5428  35.5160   98.8638     29.7   29.7   51.9 -999.9  242    5.2 0 0 0
C1 16.5505  35.5160   98.8658     29.8   29.4   52.4 -999.9  237    4.5 0 0 0
C1 16.5515  35.5160   98.8679     30.0   29.8   51.7 -999.9  257    5.8 0 0 0
C1 16.5525  35.5160   98.8699     29.8   29.9   50.7 -999.9  249    6.8 0 0 0
C1 16.5535  35.5160   98.8719     29.7   30.0   51.5 -999.9  242    5.3 0 0 0
C1 16.5545  35.5160   98.8739     29.6   29.7   51.1 -999.9  235    5.0 0 0 0
C1 16.5555  35.5160   98.8760     29.6   29.4   51.2 -999.9  226    5.5 0 0 0
C1 16.5565  35.5160   98.8780     29.6   29.8   52.1 -999.9  217    4.2 0 0 0
C1 16.5575  35.5160   98.8800     29.6   29.8   52.2 -999.9  224    5.8 0 0 0
C1 16.5585  35.5159   98.8820     29.6   29.7   51.6 -999.9  226    7.3 0 0 0
C1 16.5595  35.5159   98.8839     29.5   29.7   52.1 -999.9  224    6.0 0 0 0
C1 16.5672  35.5159   98.8859     29.6   29.5   50.9 -999.9  230    5.5 0 0 0
C1 16.5682  35.5159   98.8879     29.4   29.7   50.9 -999.9  230    3.6 0 0 0
C1 16.5692  35.5159   98.8898     29.4   29.6   52.4 -999.9  222    4.0 0 0 0
C1 16.5702  35.5159   98.8918     29.6   30.0   53.2 -999.9  239    4.9 0 0 0
C1 16.5712  35.5159   98.8937     29.6   29.7   52.4 -999.9  226    5.5 0 0 0
C1 16.5722  35.5159   98.8957     29.7   29.9   53.0 -999.9  243    4.1 0 0 0
C1 16.5732  35.5159   98.8977     29.6   29.1   52.4 -999.9  231    4.2 0 0 0
C1 16.5742  35.5159   98.8998     29.5   29.7   52.3 -999.9  240    2.6 0 0 0
C1 16.5752  35.5159   98.9019     29.6   29.8   53.5 -999.9  270    3.5 0 0 0
C1 16.5762  35.5159   98.9040     29.5   29.7   51.4 -999.9  240    5.6 0 0 0
C1 16.5838  35.5159   98.9061     29.3   29.5   51.3 -999.9  257    4.0 0 0 0
C1 16.5848  35.5158   98.9082     29.7   30.1   52.6 -999.9  269    6.0 0 0 0
C1 16.5858  35.5156   98.9102     29.6   29.4   51.2 -999.9  266    6.1 0 0 0
C1 16.5868  35.5153   98.9122     29.5   29.5   50.5 -999.9  270    5.4 0 0 0
C1 16.5878  35.5149   98.9142     29.4   29.9   51.8 -999.9  268    3.9 0 0 0
C1 16.5888  35.5143   98.9161     29.4   29.7   51.8 -999.9  244    3.3 0 0 0
C1 16.5898  35.5137   98.9181     29.6   29.8   52.3 -999.9  232    4.1 0 0 0
C1 16.5908  35.5129   98.9199     29.5   29.7   51.5 -999.9  224    4.4 0 0 0
C1 16.5918  35.5120   98.9218     29.5   29.3   50.5 -999.9  236    4.3 0 0 0
C1 16.5928  35.5112   98.9236     29.4   29.7   51.3 -999.9  210    4.6 0 0 0
C1 16.6005  35.5104   98.9253     29.5   29.9   51.7 -999.9  228    5.2 0 0 0
C1 16.6015  35.5096   98.9271     29.6   29.9   52.2 -999.9  242    4.3 0 0 0
C1 16.6025  35.5087   98.9289     29.7   29.7   51.2 -999.9  240    4.0 0 0 0
C1 16.6035  35.5079   98.9307     29.5   29.8   51.7 -999.9  264    3.9 0 0 0
C1 16.6045  35.5071   98.9325     29.7   29.5   54.1 -999.9  264    3.7 0 0 0
C1 16.6055  35.5063   98.9343     29.8   29.4   53.0 -999.9  243    3.7 0 0 0
C1 16.6065  35.5054   98.9361     29.6   29.6   53.3 -999.9  261    4.0 0 0 0
C1 16.6075  35.5046   98.9380     29.7   29.9   52.9 -999.9  238    3.1 0 0 0
C1 16.6085  35.5038   98.9398     29.8   29.8   53.8 -999.9  239    3.5 0 0 0
C1 16.6095  35.5030   98.9416     29.7   29.3   50.8 -999.9  219    3.4 0 0 0
C1 16.6172  35.5022   98.9433     29.7   29.8   51.3 -999.9  253    2.8 0 0 0
C1 16.6182  35.5014   98.9451     29.6   29.6   54.8 -999.9  276    3.3 0 0 0
C1 16.6192  35.5008   98.9470     29.5   30.0   52.4 -999.9  305    3.7 0 0 0
C1 16.6202  35.5003   98.9489     29.6   29.6   54.7 -999.9  255    1.9 0 0 0
C1 16.6212  35.5001   98.9509     29.8   29.3   52.4 -999.9  222    4.4 0 0 0
C1 16.6222  35.4999   98.9530     30.0   29.7   51.8 -999.9  221    3.3 0 0 0
C1 16.6232  35.5000   98.9550     29.8   29.6   52.6 -999.9  213    3.4 0 0 0
C1 16.6242  35.5002   98.9569     29.9   29.1   53.8 -999.9  229    4.5 0 0 0
C1 16.6252  35.5003   98.9589     30.0   29.7   54.5 -999.9  243    2.6 0 0 0
C1 16.6262  35.5005   98.9608     29.9   29.8   52.0 -999.9  254    4.1 0 0 0
C1 16.6338  35.5006   98.9628     29.9   29.3   51.1 -999.9  241    4.9 0 0 0
C1 16.6348  35.5006   98.9647     29.8   30.3   51.8 -999.9  253    3.4 0 0 0
C1 16.6358  35.5006   98.9667     29.7   29.9   52.8 -999.9  247    3.1 0 0 0
C1 16.6368  35.5005   98.9687     29.7   30.2   50.9 -999.9  238    4.2 0 0 0
C1 16.6378  35.5003   98.9707     29.6   29.6   51.4 -999.9  239    3.7 0 0 0
C1 16.6388  35.5000   98.9727     29.5   29.6   51.6 -999.9  218    4.1 0 0 0
C1 16.6398  35.4996   98.9747     29.6   29.5   52.3 -999.9  201    3.6 0 0 0
C1 16.6408  35.4992   98.9767     29.7   29.4   51.8 -999.9  203    3.2 0 0 0
C1 16.6418  35.4988   98.9787     29.7   29.9   51.4 -999.9  227    2.9 0 0 0
C1 16.6428  35.4984   98.9808     29.6   30.0   52.2 -999.9  240    4.4 0 0 0
C1 16.6505  35.4980   98.9828     29.9   29.9   51.8 -999.9  275    4.8 0 0 0
C1 16.6515  35.4977   98.9848     29.9   30.0   52.7 -999.9  245    3.7 0 0 0
C1 16.6525  35.4973   98.9868     29.9   29.8   52.4 -999.9  254    3.3 0 0 0
C1 16.6535  35.4969   98.9887     29.8   29.9   52.3 -999.9  293    5.4 0 0 0
C1 16.6545  35.4965   98.9907     29.9   29.7   52.0 -999.9  257    5.1 0 0 0
C1 16.6555  35.4962   98.9926     29.6   29.5   50.1 -999.9  255    6.1 0 0 0
C1 16.6565  35.4957   98.9945     29.7   30.0   51.5 -999.9  265    3.4 0 0 0
C1 16.6575  35.4952   98.9964     29.7   30.3   52.2 -999.9  263    3.7 0 0 0
C1 16.6585  35.4946   98.9983     29.7   29.9   51.8 -999.9  258    5.2 0 0 0
C1 16.6595  35.4938   99.0001     29.6   29.9   53.0 -999.9  270    5.0 0 0 0
C1 16.6672  35.4930   99.0018     29.5   29.5   53.9 -999.9  270    4.6 0 0 0
C1 16.6682  35.4921   99.0035     29.4   30.0   54.1 -999.9  267    5.0 0 0 0
C1 16.6692  35.4911   99.0052     29.4   30.1   53.5 -999.9  272    3.2 0 0 0
C1 16.6702  35.4900   99.0067     29.4   30.0   53.7 -999.9  244    3.4 0 0 0
C1 16.6712  35.4888   99.0082     29.5   29.9   54.1 -999.9  257    4.1 0 0 0
C1 16.6722  35.4877   99.0097     29.6   29.4   54.9 -999.9  271    4.5 0 0 0
C1 16.6732  35.4865   99.0111     29.6   29.7   53.2 -999.9  266    4.8 0 0 0
C1 16.6742  35.4855   99.0127     29.4   29.8   53.2 -999.9  262    2.8 0 0 0
C1 16.6752  35.4845   99.0144     29.6   29.5   53.6 -999.9  247    4.1 0 0 0
C1 16.6762  35.4836   99.0161     29.6   29.8   53.6 -999.9  269    4.1 0 0 0
C1 16.6838  35.4828   99.0180     29.4   29.7   53.3 -999.9  262    4.1 0 0 0
C1 16.6848  35.4821   99.0198     29.5   29.8   53.1 -999.9  226    4.4 0 0 0
C1 16.6858  35.4815   99.0216     29.4   29.6   52.7 -999.9  250    3.3 0 0 0
C1 16.6868  35.4810   99.0235     29.5   29.9   52.9 -999.9  241    2.8 0 0 0
C1 16.6878  35.4806   99.0254     29.7   29.5   53.1 -999.9  262    2.9 0 0 0
C1 16.6888  35.4803   99.0273     29.5   29.9   52.0 -999.9  269    4.1 0 0 0
C1 16.6898  35.4801   99.0293     29.4   30.2   52.5 -999.9  278    3.6 0 0 0
C1 16.6908  35.4800   99.0313     29.6   29.8   53.5 -999.9  256    2.8 0 0 0
C1 16.6918  35.4800   99.0334     29.7   29.7   53.3 -999.9  268    3.5 0 0 0
C1 16.6928  35.4800   99.0354     29.6   29.4   52.9 -999.9  262    5.5 0 0 0
C1 16.7005  35.4800   99.0375     29.4   29.4   52.1 -999.9  265    5.3 0 0 0
C1 16.7015  35.4800   99.0395     29.3   29.6   53.5 -999.9  273    3.9 0 0 0
C1 16.7025  35.4800   99.0415     29.4   29.1   53.7 -999.9  274    3.8 0 0 0
C1 16.7035  35.4800   99.0436     29.4   29.9   51.6 -999.9  278    5.0 0 0 0
C1 16.7045  35.4800   99.0456     29.5   29.8   53.0 -999.9  247    5.0 0 0 0
C1 16.7055  35.4800   99.0476     29.3   29.7   53.0 -999.9  227    5.2 0 0 0
C1 16.7065  35.4801   99.0496     29.3   29.7   53.0 -999.9  228    3.8 0 0 0
C1 16.7075  35.4801   99.0517     29.2   29.5   52.6 -999.9  225    3.2 0 0 0
C1 16.7085  35.4801   99.0538     29.3   29.9   53.5 -999.9  269    3.4 0 0 0
C1 16.7095  35.4801   99.0558     29.2   30.0   51.9 -999.9  247    4.6 0 0 0
C1 16.7172  35.4801   99.0579     29.4   30.0   52.9 -999.9  245    2.9 0 0 0
C1 16.7182  35.4801   99.0600     29.6   29.5   53.6 -999.9  244    4.4 0 0 0
C1 16.7192  35.4801   99.0621     29.4   29.4   53.1 -999.9  248    4.2 0 0 0
C1 16.7202  35.4801   99.0642     29.6   29.2   54.2 -999.9  250    3.1 0 0 0
C1 16.7212  35.4802   99.0663     29.8   29.6   54.3 -999.9  254    4.4 0 0 0
C1 16.7222  35.4802   99.0683     29.4   29.2   53.4 -999.9  255    4.7 0 0 0
C1 16.7232  35.4802   99.0704     29.5   29.6   54.0 -999.9  227    4.1 0 0 0
C1 16.7242  35.4802   99.0725     29.6   29.4   54.3 -999.9  241    3.7 0 0 0
C1 16.7252  35.4802   99.0746     29.6   29.7   53.9 -999.9  247    4.1 0 0 0
C1 16.7262  35.4802   99.0766     29.6   29.3   53.5 -999.9  250    4.6 0 0 0
C1 16.7338  35.4802   99.0786     29.7   29.7   53.3 -999.9  231    5.3 0 0 0
C1 16.7348  35.4802   99.0807     29.7   29.6   55.2 -999.9  246    3.2 0 0 0
C1 16.7358  35.4802   99.0827     29.6   29.8   56.4 -999.9  232    4.5 0 0 0
C1 16.7368  35.4802   99.0847     29.7   29.7   55.2 -999.9  212    5.7 0 0 0
C1 16.7378  35.4802   99.0867     29.5   29.7   56.5 -999.9  219    4.0 0 0 0
C1 16.7388  35.4802   99.0888     29.6   29.9   54.1 -999.9  219    6.0 0 0 0
C1 16.7398  35.4801   99.0908     29.4   29.5   54.8 -999.9  226    4.1 0 0 0
C1 16.7408  35.4801   99.0928     29.5   29.2   53.4 -999.9  235    5.7 0 0 0
C1 16.7418  35.4801   99.0948     29.5   29.8   54.9 -999.9  224    4.1 0 0 0
C1 16.7428  35.4801   99.0969     29.6   29.5   54.3 -999.9  217    6.1 0 0 0
C1 16.7505  35.4801   99.0989     29.5   29.8   53.4 -999.9  225    4.5 0 0 0
C1 16.7515  35.4800   99.1010     29.4   29.5   54.2 -999.9  227    5.5 0 0 0
C1 16.7525  35.4800   99.1030     29.2   29.7   53.8 -999.9  218    6.2 0 0 0
C1 16.7535  35.4800   99.1050     29.2   29.6   53.8 -999.9  210    6.4 0 0 0
C1 16.7545  35.4800   99.1070     29.2   29.4   55.2 -999.9  227    3.6 0 0 0
C1 16.7555  35.4800   99.1090     29.4   29.7   54.6 -999.9  246    3.0 0 0 0
C1 16.7565  35.4799   99.1110     29.6   29.4   54.1 -999.9  245    3.4 0 0 0
C1 16.7575  35.4797   99.1130     29.6   29.8   53.0 -999.9  240    4.7 0 0 0
C1 16.7585  35.4794   99.1150     29.6   29.7   52.6 -999.9  228    4.7 0 0 0
C1 16.7595  35.4788   99.1169     29.7   29.3   53.8 -999.9  223    4.0 0 0 0
C1 16.7672  35.4781   99.1187     29.7   29.8   52.8 -999.9  199    5.5 0 0 0
C1 16.7682  35.4773   99.1205     29.7   29.6   53.9 -999.9  245    3.5 0 0 0
C1 16.7692  35.4766   99.1223     29.7   29.9   53.1 -999.9  212    3.0 0 0 0
C1 16.7702  35.4758   99.1241     29.8   29.5   52.9 -999.9  240    3.0 0 0 0
C1 16.7712  35.4750   99.1259     29.9   29.2   53.3 -999.9  279    3.2 0 0 0
C1 16.7722  35.4742   99.1277     29.9   30.0   52.3 -999.9  276    2.8 0 0 0
C1 16.7732  35.4735   99.1295     30.0   29.5   53.0 -999.9  235    2.3 0 0 0
C1 16.7742  35.4727   99.1313     29.9   29.6   52.1 -999.9  241    3.3 0 0 0
C1 16.7752  35.4719   99.1332     29.9   29.2   51.6 -999.9  229    3.5 0 0 0
C1 16.7762  35.4710   99.1349     29.8   29.7   51.4 -999.9  236    2.8 0 0 0
C1 16.7838  35.4700   99.1366     29.7   29.5   51.5 -999.9  269    0.8 0 0 0
C1 16.7848  35.4689   99.1382     30.0   30.1   52.5 -999.9  206    2.3 0 0 0
C1 16.7858  35.4679   99.1398     30.0   29.6   51.9 -999.9  209    4.2 0 0 0
C1 16.7868  35.4667   99.1412     30.0   29.3   51.9 -999.9  219    4.8 0 0 0
C1 16.7878  35.4655   99.1426     30.0   29.7   51.2 -999.9  232    4.5 0 0 0
C1 16.7888  35.4642   99.1440     29.9   29.6   50.8 -999.9  206    4.5 0 0 0
C1 16.7898  35.4630   99.1454     29.9   30.3   51.2 -999.9  215    4.0 0 0 0
C1 16.7908  35.4618   99.1468     29.9   29.8   50.9 -999.9  238    4.5 0 0 0
C1 16.7918  35.4606   99.1482     29.9   29.7   51.8 -999.9  260    3.9 0 0 0
C1 16.7928  35.4594   99.1496     29.8   29.9   51.5 -999.9  251    3.0 0 0 0
C1 16.8005  35.4582   99.1510     29.8   29.4   52.3 -999.9  205    2.0 0 0 0
C1 16.8015  35.4570   99.1524     29.9   29.7   51.8 -999.9  226    3.3 0 0 0
C1 16.8025  35.4558   99.1538     29.9   29.9   51.4 -999.9  241    3.1 0 0 0
C1 16.8035  35.4545   99.1552     29.9   30.2   51.7 -999.9  240    1.3 0 0 0
C1 16.8045  35.4533   99.1566     29.9   30.3   51.7 -999.9  218    3.1 0 0 0
C1 16.8055  35.4521   99.1579     29.9   29.9   51.9 -999.9  229    2.8 0 0 0
C1 16.8065  35.4509   99.1593     30.0   30.1   51.5 -999.9  236    3.6 0 0 0
C1 16.8075  35.4498   99.1607     30.0   30.2   51.1 -999.9  249    3.5 0 0 0
C1 16.8085  35.4487   99.1622     30.0   29.8   50.9 -999.9  232    2.4 0 0 0
C1 16.8095  35.4476   99.1637     30.0   29.6   50.7 -999.9  253    3.8 0 0 0
C1 16.8172  35.4466   99.1653     30.0   30.5   51.4 -999.9  243    4.0 0 0 0
C1 16.8182  35.4457   99.1670     30.1   30.2   51.2 -999.9  222    4.6 0 0 0
C1 16.8192  35.4448   99.1688     30.0   29.8   51.8 -999.9  244    4.6 0 0 0
C1 16.8202  35.4440   99.1705     30.1   29.8   51.3 -999.9  247    3.3 0 0 0
C1 16.8212  35.4434   99.1723     30.0   30.3   52.3 -999.9  229    4.9 0 0 0
C1 16.8222  35.4428   99.1741     29.9   29.9   52.2 -999.9  217    5.5 0 0 0
C1 16.8232  35.4422   99.1759     29.9   29.9   53.0 -999.9  221    4.9 0 0 0
C1 16.8242  35.4418   99.1779     29.9   29.9   54.8 -999.9  230    3.2 0 0 0
C1 16.8252  35.4414   99.1798     30.0   30.5   52.8 -999.9  238    3.3 0 0 0
C1 16.8262  35.4410   99.1818     29.8   29.8   51.5 -999.9  238    4.7 0 0 0
C1 16.8338  35.4406   99.1838     29.7   29.7   52.7 -999.9  213    3.6 0 0 0
C1 16.8348  35.4402   99.1858     29.6   29.9   53.7 -999.9  222    3.6 0 0 0
C1 16.8358  35.4397   99.1877     29.8   29.2   54.4 -999.9  218    4.5 0 0 0
C1 16.8368  35.4392   99.1897     30.0   30.1   54.2 -999.9  209    5.1 0 0 0
C1 16.8378  35.4386   99.1916     29.9   30.4   54.6 -999.9  208    4.5 0 0 0
C1 16.8388  35.4378   99.1935     29.9   29.4   53.5 -999.9  217    5.3 0 0 0
C1 16.8398  35.4371   99.1953     29.8   30.0   52.4 -999.9  235    4.5 0 0 0
C1 16.8408  35.4363   99.1971     29.7   29.7   52.3 -999.9  229    3.4 0 0 0
C1 16.8418  35.4353   99.1988     29.8   30.0   53.0 -999.9  215    3.2 0 0 0
C1 16.8428  35.4343   99.2005     29.8   29.7   52.6 -999.9  221    6.0 0 0 0
C1 16.8505  35.4334   99.2021     29.8   29.4   52.6 -999.9  207    5.8 0 0 0
C1 16.8515  35.4324   99.2037     29.9   29.8   52.2 -999.9  220    4.2 0 0 0
C1 16.8525  35.4314   99.2053     29.8   29.5   52.5 -999.9  213    3.9 0 0 0
C1 16.8535  35.4304   99.2070     29.8   29.9   52.5 -999.9  200    3.6 0 0 0
C1 16.8545  35.4294   99.2087     29.8   30.2   52.7 -999.9  217    4.4 0 0 0
C1 16.8555  35.4284   99.2104     29.6   29.4   53.4 -999.9  210    3.7 0 0 0
C1 16.8565  35.4274   99.2120     29.8   29.5   53.0 -999.9  218    3.4 0 0 0
C1 16.8575  35.4264   99.2138     29.6   29.8   52.6 -999.9  209    2.5 0 0 0
C1 16.8585  35.4255   99.2155     29.6   30.2   53.2 -999.9  217    4.2 0 0 0
C1 16.8595  35.4247   99.2174     29.3   30.2   53.1 -999.9  215    4.4 0 0 0
C1 16.8672  35.4240   99.2193     29.3   29.7   53.5 -999.9  235    2.5 0 0 0
C1 16.8682  35.4233   99.2212     29.2   30.0   54.0 -999.9  215    3.3 0 0 0
C1 16.8692  35.4229   99.2232     29.2   29.3   53.1 -999.9  251    3.4 0 0 0
C1 16.8702  35.4225   99.2252     29.1   29.9   53.7 -999.9  226    2.4 0 0 0
C1 16.8712  35.4222   99.2273     29.2   29.6   53.6 -999.9  243    3.6 0 0 0
C1 16.8722  35.4220   99.2293     29.3   29.6   53.9 -999.9  215    5.1 0 0 0
C1 16.8732  35.4219   99.2313     29.1   29.8   54.1 -999.9  229    3.3 0 0 0
C1 16.8742  35.4219   99.2333     29.1   29.8   53.4 -999.9  222    6.3 0 0 0
C1 16.8752  35.4219   99.2352     29.1   29.8   54.3 -999.9  217    4.7 0 0 0
C1 16.8762  35.4219   99.2370     29.2   29.7   54.0 -999.9  239    6.6 0 0 0
C1 16.8838  35.4219   99.2387     29.2   30.4   54.2 -999.9  235    5.2 0 0 0
C1 16.8848  35.4219   99.2404     29.1   29.8   53.8 -999.9  228    4.2 0 0 0
C1 16.8858  35.4219   99.2421     29.1   29.3   54.0 -999.9  230    3.3 0 0 0
C1 16.8868  35.4219   99.2439     29.1   29.9   53.3 -999.9  228    4.7 0 0 0
C1 16.8878  35.4219   99.2458     29.1   29.3   54.4 -999.9  210    3.3 0 0 0
C1 16.8888  35.4219   99.2477     29.0   29.5   54.5 -999.9  213    5.8 0 0 0
C1 16.8898  35.4219   99.2496     29.1   29.7   53.8 -999.9  221    3.7 0 0 0
C1 16.8908  35.4219   99.2515     29.1   29.4   55.2 -999.9  210    3.6 0 0 0
C1 16.8918  35.4219   99.2533     29.0   29.6   54.6 -999.9  240    4.1 0 0 0
C1 16.8928  35.4218   99.2551     29.1   29.4   54.9 -999.9  234    4.2 0 0 0
C1 16.9005  35.4218   99.2569     29.1   29.9   54.4 -999.9  224    5.5 0 0 0
C1 16.9015  35.4218   99.2585     29.0   29.8   54.4 -999.9  237    6.1 0 0 0
C1 16.9025  35.4218   99.2601     29.0   29.3   54.9 -999.9  229    5.2 0 0 0
C1 16.9035  35.4218   99.2617     28.9   29.6   55.2 -999.9  207    4.9 0 0 0
C1 16.9045  35.4219   99.2633     28.7   29.3   55.1 -999.9  209    4.2 0 0 0
C1 16.9055  35.4221   99.2650     28.7   29.6   54.5 -999.9  206    5.4 0 0 0
C1 16.9065  35.4225   99.2667     28.7   29.2   55.0 -999.9  208    4.3 0 0 0
C1 16.9075  35.4230   99.2685     28.7   29.4   55.7 -999.9  205    5.9 0 0 0
C1 16.9085  35.4236   99.2702     28.7   29.0   55.0 -999.9  220    4.9 0 0 0
C1 16.9095  35.4242   99.2719     28.6   29.5   55.2 -999.9  232    4.1 0 0 0
C1 16.9172  35.4248   99.2737     28.7   29.2   55.1 -999.9  229    3.8 0 0 0
C1 16.9182  35.4254   99.2754     28.6   28.9   54.9 -999.9  205    6.4 0 0 0
C1 16.9192  35.4259   99.2773     28.6   29.3   55.2 -999.9  212    4.0 0 0 0
C1 16.9202  35.4262   99.2791     28.5   29.3   55.0 -999.9  203    7.1 0 0 0
C1 16.9212  35.4264   99.2810     28.5   29.3   55.2 -999.9  188    5.0 0 0 0
C1 16.9222  35.4266   99.2829     28.5   29.3   55.8 -999.9  198    4.0 0 0 0
C1 16.9232  35.4266   99.2849     28.6   29.2   56.5 -999.9  201    3.0 0 0 0
C1 16.9242  35.4265   99.2868     28.5   29.6   57.3 -999.9  228    3.1 0 0 0
C1 16.9252  35.4263   99.2887     28.6   28.6   56.5 -999.9  206    6.2 0 0 0
C1 16.9262  35.4260   99.2906     28.6   29.0   56.2 -999.9  203    5.4 0 0 0
C1 16.9338  35.4256   99.2925     28.5   28.9   56.2 -999.9  226    6.5 0 0 0
C1 16.9348  35.4251   99.2942     28.6   28.9   55.8 -999.9  235    5.0 0 0 0
C1 16.9358  35.4246   99.2959     28.6   28.8   55.7 -999.9  219    4.9 0 0 0
C1 16.9368  35.4239   99.2976     28.5   29.1   55.8 -999.9  207    4.4 0 0 0
C1 16.9378  35.4232   99.2993     28.6   28.7   55.5 -999.9  202    5.5 0 0 0
C1 16.9388  35.4226   99.3010     28.5   28.8   56.1 -999.9  215    4.3 0 0 0
C1 16.9398  35.4222   99.3028     28.5   29.2   56.1 -999.9  233    5.1 0 0 0
C1 16.9408  35.4219   99.3046     28.6   29.4   55.1 -999.9  220    4.8 0 0 0
C1 16.9418  35.4217   99.3065     28.5   28.8   55.7 -999.9  203    4.9 0 0 0
C1 16.9428  35.4217   99.3084     28.6   29.2   56.5 -999.9  216    6.8 0 0 0
C1 16.9505  35.4217   99.3103     28.6   28.8   55.8 -999.9  213    7.1 0 0 0
C1 16.9515  35.4217   99.3123     28.4   29.1   55.9 -999.9  206    4.3 0 0 0
C1 16.9525  35.4217   99.3143     28.5   29.1   57.0 -999.9  192    3.1 0 0 0
C1 16.9535  35.4217   99.3163     28.6   28.9   56.4 -999.9  202    5.2 0 0 0
C1 16.9545  35.4217   99.3183     28.5   28.8   55.8 -999.9  219    4.5 0 0 0
C1 16.9555  35.4217   99.3204     28.5   29.2   57.0 -999.9  208    2.2 0 0 0
C1 16.9565  35.4217   99.3224     28.5   29.0   58.0 -999.9  196    3.6 0 0 0
C1 16.9575  35.4217   99.3244     28.6   28.6   56.5 -999.9  239    4.5 0 0 0
C1 16.9585  35.4217   99.3264     28.6   29.0   56.0 -999.9  224    5.0 0 0 0
C1 16.9595  35.4217   99.3284     28.6   28.8   56.2 -999.9  224    4.2 0 0 0
C1 16.9672  35.4217   99.3304     28.5   28.4   57.0 -999.9  207    4.1 0 0 0
C1 16.9682  35.4217   99.3324     28.5   29.2   56.9 -999.9  220    4.7 0 0 0
C1 16.9692  35.4217   99.3345     28.4   29.1   56.8 -999.9  215    4.9 0 0 0
C1 16.9702  35.4217   99.3366     28.5   28.6   56.9 -999.9  203    5.0 0 0 0
C1 16.9712  35.4216   99.3386     28.5   28.9   56.7 -999.9  211    5.4 0 0 0
C1 16.9722  35.4216   99.3406     28.4   28.6   58.2 -999.9  213    5.0 0 0 0
C1 16.9732  35.4216   99.3425     28.4   28.9   58.0 -999.9  231    3.3 0 0 0
C1 16.9742  35.4216   99.3445     28.4   28.5   57.4 -999.9  232    3.4 0 0 0
C1 16.9752  35.4216   99.3465     28.3   28.9   56.8 -999.9  242    4.4 0 0 0
C1 16.9762  35.4216   99.3484     28.4   28.6   56.2 -999.9  210    6.0 0 0 0
C1 16.9838  35.4216   99.3505     28.3   28.8   56.4 -999.9  202    5.6 0 0 0
C1 16.9848  35.4216   99.3525     28.4   29.0   57.8 -999.9  222    4.0 0 0 0
C1 16.9858  35.4216   99.3545     28.3   28.4   57.7 -999.9  242    3.8 0 0 0
C1 16.9868  35.4216   99.3565     28.1   28.3   57.8 -999.9  246    3.7 0 0 0
C1 16.9878  35.4216   99.3585     28.2   28.5   57.2 -999.9  232    4.3 0 0 0
C1 16.9888  35.4216   99.3605     28.2   28.6   57.1 -999.9  226    5.0 0 0 0
C1 16.9898  35.4215   99.3625     28.2   28.6   57.6 -999.9  226    5.1 0 0 0
C1 16.9908  35.4212   99.3644     28.2   27.9   57.9 -999.9  206    4.2 0 0 0
C1 16.9918  35.4207   99.3663     28.0   28.4   57.9 -999.9  206    4.1 0 0 0
C1 16.9928  35.4201   99.3682     28.1   28.3   58.0 -999.9  224    2.7 0 0 0
C1 17.0005  35.4193   99.3700     28.2   28.7   56.7 -999.9  208    4.3 0 0 0
C1 17.0015  35.4184   99.3716     28.4   28.9   57.3 -999.9  223    3.9 0 0 0
C1 17.0025  35.4173   99.3731     28.3   28.1   57.2 -999.9  196    3.8 0 0 0
C1 17.0035  35.4161   99.3746     28.4   28.7   57.8 -999.9  220    2.1 0 0 0
C1 17.0045  35.4148   99.3759     28.3   28.7   58.1 -999.9  237    3.7 0 0 0
C1 17.0055  35.4135   99.3772     28.0   28.5   57.0 -999.9  228    4.5 0 0 0
C1 17.0065  35.4123   99.3785     28.0   28.6   58.5 -999.9  231    3.2 0 0 0
C1 17.0075  35.4110   99.3797     28.2   28.6   58.1 -999.9  240    4.2 0 0 0
C1 17.0085  35.4098   99.3810     28.3   28.8   58.3 -999.9  239    4.1 0 0 0
C1 17.0095  35.4085   99.3823     28.1   28.2   58.3 -999.9  206    3.6 0 0 0
C1 17.0172  35.4073   99.3835     28.4   28.5   57.3 -999.9  233    4.5 0 0 0
C1 17.0182  35.4061   99.3848     28.4   28.8   57.4 -999.9  202    4.3 0 0 0
C1 17.0192  35.4048   99.3860     28.4   28.6   58.5 -999.9  188    5.3 0 0 0
C1 17.0202  35.4036   99.3873     28.4   28.3   58.0 -999.9  202    5.2 0 0 0
C1 17.0212  35.4023   99.3886     28.4   28.4   57.9 -999.9  188    5.1 0 0 0
C1 17.0222  35.4011   99.3898     28.4   29.1   58.5 -999.9  178    3.9 0 0 0
C1 17.0232  35.3998   99.3911     28.5   28.5   58.9 -999.9  231    5.4 0 0 0
C1 17.0242  35.3986   99.3924     28.5   28.3   58.2 -999.9  230    4.1 0 0 0
C1 17.0252  35.3973   99.3937     28.4   28.6   56.8 -999.9  216    5.6 0 0 0
C1 17.0262  35.3961   99.3950     28.4   28.9   57.7 -999.9  218    4.6 0 0 0
C1 17.0338  35.3948   99.3962     28.6   28.2   58.6 -999.9  204    3.6 0 0 0
C1 17.0348  35.3936   99.3975     28.6   28.4   58.2 -999.9  202    4.7 0 0 0
C1 17.0358  35.3923   99.3987     28.6   28.6   56.8 -999.9  230    6.2 0 0 0
C1 17.0368  35.3911   99.4000     28.6   28.1   56.9 -999.9  208    4.0 0 0 0
C1 17.0378  35.3899   99.4013     28.5   29.0   57.3 -999.9  212    4.1 0 0 0
C1 17.0388  35.3889   99.4028     28.7   28.7   57.7 -999.9  215    3.5 0 0 0
C1 17.0398  35.3880   99.4044     28.7   28.4   57.5 -999.9  217    5.3 0 0 0
C1 17.0408  35.3872   99.4061     28.6   28.3   57.6 -999.9  215    4.8 0 0 0
C1 17.0418  35.3865   99.4080     28.6   28.3   57.1 -999.9  213    4.9 0 0 0
C1 17.0428  35.3861   99.4100     28.6   28.8   56.9 -999.9  222    5.2 0 0 0
C1 17.0505  35.3858   99.4119     28.5   28.6   56.9 -999.9  205    6.8 0 0 0
C1 17.0515  35.3856   99.4140     28.5   28.5   57.5 -999.9  208    5.5 0 0 0
C1 17.0525  35.3856   99.4160     28.3   29.0   57.0 -999.9  220    5.6 0 0 0
C1 17.0535  35.3856   99.4180     28.4   28.6   57.7 -999.9  196    4.7 0 0 0
C1 17.0545  35.3856   99.4200     28.4   28.6   58.1 -999.9  206    4.9 0 0 0
C1 17.0555  35.3856   99.4221     28.5   28.7   58.6 -999.9  196    5.1 0 0 0
C1 17.0565  35.3856   99.4241     28.5   28.9   59.3 -999.9  220    4.3 0 0 0
C1 17.0575  35.3856   99.4261     28.5   28.8   57.7 -999.9  224    4.8 0 0 0
C1 17.0585  35.3856   99.4282     28.3   28.6   57.0 -999.9  221    5.1 0 0 0
C1 17.0595  35.3857   99.4302     28.2   28.5   57.3 -999.9  229    5.5 0 0 0
C1 17.0672  35.3857   99.4322     28.0   28.5   57.2 -999.9  222    5.6 0 0 0
C1 17.0682  35.3857   99.4342     28.4   29.0   57.4 -999.9  219    5.9 0 0 0
C1 17.0692  35.3857   99.4362     28.2   28.6   57.6 -999.9  220    5.6 0 0 0
C1 17.0702  35.3857   99.4381     28.2   28.4   57.2 -999.9  210    6.1 0 0 0
C1 17.0712  35.3858   99.4400     28.2   28.9   57.7 -999.9  220    4.4 0 0 0
C1 17.0722  35.3858   99.4419     28.2   28.8   57.4 -999.9  217    5.5 0 0 0
C1 17.0732  35.3859   99.4438     28.1   28.6   57.7 -999.9  206    5.6 0 0 0
C1 17.0742  35.3860   99.4457     28.0   28.3   57.3 -999.9  205    4.6 0 0 0
C1 17.0752  35.3861   99.4476     28.0   28.6   57.4 -999.9  197    6.8 0 0 0
C1 17.0762  35.3863   99.4495     28.0   28.1   57.9 -999.9  201    4.6 0 0 0
C1 17.0838  35.3864   99.4514     28.0   28.4   57.9 -999.9  180    4.5 0 0 0
C1 17.0848  35.3865   99.4534     28.0   28.7   57.7 -999.9  189    5.8 0 0 0
C1 17.0858  35.3865   99.4553     27.9   28.8   57.8 -999.9  194    4.3 0 0 0
C1 17.0868  35.3865   99.4574     28.0   28.0   57.8 -999.9  187    4.1 0 0 0
C1 17.0878  35.3865   99.4594     27.9   28.8   58.4 -999.9  219    4.0 0 0 0
C1 17.0888  35.3864   99.4614     27.9   28.6   58.1 -999.9  203    3.4 0 0 0
C1 17.0898  35.3863   99.4634     27.9   28.5   59.7 -999.9  202    5.5 0 0 0
C1 17.0908  35.3862   99.4654     27.7   28.2   58.0 -999.9  214    6.9 0 0 0
C1 17.0918  35.3861   99.4674     27.7   28.0   57.6 -999.9  200    6.3 0 0 0
C1 17.0928  35.3860   99.4694     27.7   28.3   57.4 -999.9  196    5.9 0 0 0
C1 17.1005  35.3859   99.4715     27.7   28.6   58.3 -999.9  201    6.3 0 0 0
C1 17.1015  35.3859   99.4735     27.6   28.3   57.7 -999.9  197    6.8 0 0 0
C1 17.1025  35.3858   99.4755     27.6   28.2   58.6 -999.9  198    7.1 0 0 0
C1 17.1035  35.3858   99.4775     27.5   28.2   58.4 -999.9  215    4.6 0 0 0
C1 17.1045  35.3858   99.4796     27.5   28.7   59.1 -999.9  201    6.9 0 0 0
C1 17.1055  35.3858   99.4816     27.5   27.9   58.6 -999.9  196    6.4 0 0 0
C1 17.1065  35.3858   99.4837     27.6   28.6   59.1 -999.9  221    5.0 0 0 0
C1 17.1075  35.3858   99.4857     27.5   28.2   58.9 -999.9  223    4.8 0 0 0
C1 17.1085  35.3858   99.4878     27.5   27.9   60.0 -999.9  216    1.8 0 0 0
C1 17.1095  35.3858   99.4898     27.3   28.2   60.3 -999.9  214    5.2 0 0 0
C1 17.1172  35.3858   99.4918     27.4   28.0   59.1 -999.9  215    5.4 0 0 0
C1 17.1182  35.3859   99.4938     27.4   28.2   58.7 -999.9  218    4.9 0 0 0
C1 17.1192  35.3859   99.4959     27.6   27.8   59.5 -999.9  205    2.6 0 0 0
C1 17.1202  35.3859   99.4980     27.5   28.0   59.7 -999.9  196    2.4 0 0 0
C1 17.1212  35.3859   99.5001     27.7   27.7   59.4 -999.9  198    5.5 0 0 0
C1 17.1222  35.3859   99.5022     27.4   28.0   59.0 -999.9  215    5.3 0 0 0
C1 17.1232  35.3859   99.5043     27.5   28.0   59.3 -999.9  210    5.8 0 0 0
C1 17.1242  35.3859   99.5063     27.4   28.1   59.5 -999.9  211    3.3 0 0 0
C1 17.1252  35.3859   99.5082     27.3   27.9   59.7 -999.9  218    4.7 0 0 0
C1 17.1262  35.3858   99.5102     27.3   27.6   59.2 -999.9  209    5.9 0 0 0
C1 17.1338  35.3854   99.5121     27.3   28.2   60.1 -999.9  200    5.0 0 1 0
C1 17.1348  35.3847   99.5138     27.3   27.6   60.1 -999.9  202    4.9 0 1 0
C1 17.1358  35.3839   99.5155     27.3   27.4   59.9 -999.9  201    5.9 0 0 0
C1 17.1368  35.3830   99.5172     27.3   27.6   59.2 -999.9  213    6.0 0 0 0
C1 17.1378  35.3820   99.5189     27.7   28.5   59.8 -999.9  222    4.5 0 0 0
C1 17.1388  35.3811   99.5206     27.2   27.8   58.8 -999.9  223    5.6 0 0 0
C1 17.1398  35.3802   99.5223     27.4   27.6   58.7 -999.9  217    6.2 0 0 0
C1 17.1408  35.3793   99.5240     27.6   27.9   59.5 -999.9  229    4.8 0 0 0
C1 17.1418  35.3783   99.5257     27.5   27.3   59.1 -999.9  228    5.7 0 0 0
C1 17.1428  35.3774   99.5274     27.4   27.6   58.9 -999.9  215    4.9 0 0 0
C1 17.1505  35.3765   99.5290     27.4   27.9   59.2 -999.9  205    4.5 0 0 0
C1 17.1515  35.3756   99.5307     27.5   27.8   59.3 -999.9  205    5.7 0 0 0
C1 17.1525  35.3747   99.5323     27.4   27.6   59.8 -999.9  222    3.1 0 0 0
C1 17.1535  35.3738   99.5340     27.5   27.9   60.3 -999.9  192    4.2 0 0 0
C1 17.1545  35.3729   99.5357     27.6   27.9   59.8 -999.9  208    4.4 0 0 0
C1 17.1555  35.3720   99.5374     27.6   28.1   59.6 -999.9  205    4.7 0 0 0
C1 17.1565  35.3711   99.5390     27.6   27.9   60.0 -999.9  208    4.6 0 0 0
C1 17.1575  35.3702   99.5407     27.7   28.1   60.8 -999.9  207    3.9 0 0 0
C1 17.1585  35.3693   99.5424     27.5   27.8   61.3 -999.9  216    3.9 0 0 0
C1 17.1595  35.3683   99.5440     27.8   27.6   61.3 -999.9  225    3.7 0 0 0
C1 17.1672  35.3672   99.5455     27.7   27.8   60.2 -999.9  212    5.4 0 0 0
C1 17.1682  35.3662   99.5470     27.9   27.6   60.1 -999.9  219    3.3 0 0 0
C1 17.1692  35.3650   99.5486     27.9   27.6   60.3 -999.9  197    3.3 0 0 0
C1 17.1702  35.3640   99.5501     28.0   27.6   60.5 -999.9  230    4.9 0 0 0
C1 17.1712  35.3629   99.5516     27.9   27.8   60.5 -999.9  234    3.8 0 0 0
C1 17.1722  35.3618   99.5530     27.7   27.7   59.8 -999.9  228    4.2 0 0 0
C1 17.1732  35.3608   99.5546     27.7   27.8   59.2 -999.9  227    4.5 0 0 0
C1 17.1742  35.3597   99.5561     27.7   27.9   59.5 -999.9  234    3.4 0 0 0
C1 17.1752  35.3586   99.5576     27.7   27.6   59.5 -999.9  234    3.6 0 0 0
C1 17.1762  35.3575   99.5591     27.7   28.1   59.6 -999.9  234    3.8 0 0 0
C1 17.1838  35.3564   99.5607     27.8   27.8   61.1 -999.9  237    3.5 0 0 0
C1 17.1848  35.3555   99.5623     27.7   28.1   60.4 -999.9  214    4.0 0 0 0
C1 17.1858  35.3546   99.5639     27.9   27.9   61.0 -999.9  205    3.9 0 0 0
C1 17.1868  35.3536   99.5656     28.0   27.9   61.5 -999.9  231    4.0 0 0 0
C1 17.1878  35.3527   99.5673     27.8   27.5   61.2 -999.9  213    4.9 0 0 0
C1 17.1888  35.3518   99.5689     28.0   28.2   61.1 -999.9  213    5.3 0 0 0
C1 17.1898  35.3509   99.5706     27.9   27.4   60.7 -999.9  219    4.4 0 0 0
C1 17.1908  35.3500   99.5722     27.8   28.1   61.0 -999.9  207    3.9 0 0 0
C1 17.1918  35.3491   99.5739     27.7   28.2   61.7 -999.9  206    3.3 0 0 0
C1 17.1928  35.3482   99.5756     27.7   27.7   61.9 -999.9  218    2.2 0 0 0
C1 17.2005  35.3473   99.5773     27.8   27.9   60.9 -999.9  228    3.3 0 0 0
C1 17.2015  35.3464   99.5790     27.7   28.1   61.1 -999.9  209    3.3 0 0 0
C1 17.2025  35.3454   99.5808     27.9   27.9   61.8 -999.9  204    3.2 0 0 0
C1 17.2035  35.3445   99.5825     27.6   28.0   61.4 -999.9  220    4.3 0 0 0
C1 17.2045  35.3436   99.5841     27.8   27.7   61.1 -999.9  220    5.3 0 0 0
C1 17.2055  35.3427   99.5857     27.7   28.0   61.0 -999.9  223    4.9 0 0 0
C1 17.2065  35.3419   99.5873     27.8   27.8   60.1 -999.9  210    5.8 0 0 0
C1 17.2075  35.3410   99.5889     27.7   27.7   59.9 -999.9  213    4.6 0 0 0
C1 17.2085  35.3401   99.5906     27.9   27.7   60.0 -999.9  211    5.2 0 0 0
C1 17.2095  35.3391   99.5921     27.8   28.0   60.5 -999.9  207    5.4 0 0 0
C1 17.2172  35.3381   99.5936     27.8   27.9   60.5 -999.9  206    4.1 0 0 0
C1 17.2182  35.3370   99.5951     27.9   27.9   60.3 -999.9  204    4.4 0 0 0
C1 17.2192  35.3359   99.5965     27.8   27.2   60.5 -999.9  202    4.8 0 0 0
C1 17.2202  35.3347   99.5978     27.8   27.7   60.8 -999.9  191    4.3 0 0 0
C1 17.2212  35.3334   99.5990     27.9   28.0   60.7 -999.9  197    4.6 0 0 0
C1 17.2222  35.3320   99.6002     27.9   28.2   60.5 -999.9  210    4.2 0 0 0
C1 17.2232  35.3306   99.6014     27.9   27.9   60.4 -999.9  199    5.1 0 0 0
C1 17.2242  35.3292   99.6026     27.9   27.7   61.0 -999.9  195    4.5 0 0 0
C1 17.2252  35.3278   99.6038     27.9   28.0   61.0 -999.9  204    4.5 0 0 0
C1 17.2262  35.3264   99.6050     27.8   28.4   60.2 -999.9  201    5.7 0 0 0
C1 17.2338  35.3250   99.6061     27.7   27.7   60.3 -999.9  184    5.0 0 0 0
C1 17.2348  35.3237   99.6073     27.9   27.7   61.2 -999.9  205    5.5 0 0 0
C1 17.2358  35.3223   99.6084     27.9   27.8   60.9 -999.9  185    5.2 0 0 0
C1 17.2368  35.3210   99.6095     27.9   28.0   60.5 -999.9  210    4.6 0 0 0
C1 17.2378  35.3195   99.6105     27.9   28.0   59.4 -999.9  198    5.2 0 0 0
C1 17.2388  35.3181   99.6114     28.0   27.6   59.7 -999.9  203    5.4 0 0 0
C1 17.2398  35.3167   99.6122     27.9   28.2   59.0 -999.9  195    5.3 0 0 0
C1 17.2408  35.3152   99.6130     27.9   28.1   59.6 -999.9  210    4.4 0 0 0
C1 17.2418  35.3136   99.6137     27.9   27.9   59.9 -999.9  200    4.4 0 0 0
C1 17.2428  35.3120   99.6143     27.8   28.2   60.3 -999.9  207    3.9 0 0 0
C1 17.2505  35.3104   99.6148     27.6   28.1   61.5 -999.9  216    3.6 0 0 0
C1 17.2515  35.3088   99.6153     27.6   27.9   61.4 -999.9  206    4.4 0 0 0
C1 17.2525  35.3073   99.6158     27.6   27.9   61.1 -999.9  204    3.6 0 0 0
C1 17.2535  35.3057   99.6163     27.6   27.7   61.0 -999.9  217    3.0 0 0 0
C1 17.2545  35.3041   99.6168     27.5   27.7   61.3 -999.9  219    2.8 0 0 0
C1 17.2555  35.3026   99.6172     27.6   27.7   61.1 -999.9  214    4.0 0 0 0
C1 17.2565  35.3010   99.6177     27.6   27.7   61.5 -999.9  233    3.4 0 0 0
C1 17.2575  35.2994   99.6182     27.5   27.8   62.5 -999.9  244    4.0 0 0 0
C1 17.2585  35.2979   99.6187     27.6   27.9   62.4 -999.9  236    3.2 0 0 0
C1 17.2595  35.2963   99.6192     27.6   27.8   61.0 -999.9  209    3.4 0 0 0
C1 17.2672  35.2946   99.6197     27.7   28.0   61.5 -999.9  204    3.3 0 0 0
C1 17.2682  35.2929   99.6202     27.5   27.8   60.9 -999.9  200    3.9 0 0 0
C1 17.2692  35.2913   99.6207     27.7   28.0   60.9 -999.9  214    3.6 0 0 0
C1 17.2702  35.2897   99.6212     27.6   28.0   61.0 -999.9  204    4.4 0 0 0
C1 17.2712  35.2881   99.6217     27.6   27.9   60.9 -999.9  209    3.9 0 0 0
C1 17.2722  35.2865   99.6222     27.4   27.7   60.3 -999.9  213    4.1 0 0 0
C1 17.2732  35.2849   99.6227     27.5   27.8   60.6 -999.9  217    2.8 0 0 0
C1 17.2742  35.2833   99.6232     27.5   28.1   61.3 -999.9  228    2.8 0 0 0
C1 17.2752  35.2817   99.6237     27.5   28.0   61.7 -999.9  234    4.1 0 0 0
C1 17.2762  35.2801   99.6242     27.6   28.1   62.2 -999.9  220    3.0 0 0 0
C1 17.2838  35.2785   99.6247     27.6   28.2   61.7 -999.9  205    3.9 0 0 0
C1 17.2848  35.2770   99.6254     27.6   28.1   61.3 -999.9  218    3.8 0 0 0
C1 17.2858  35.2756   99.6262     27.8   27.6   61.5 -999.9  223    3.8 0 0 0
C1 17.2868  35.2741   99.6271     27.6   27.4   60.7 -999.9  228    5.5 0 0 0
C1 17.2878  35.2728   99.6281     27.5   28.1   60.8 -999.9  214    4.3 0 0 0
C1 17.2888  35.2715   99.6292     27.6   27.8   60.6 -999.9  195    3.7 0 0 0
C1 17.2898  35.2702   99.6305     27.6   28.2   61.1 -999.9  196    3.4 0 0 0
C1 17.2908  35.2690   99.6318     27.5   28.0   60.5 -999.9  195    4.1 0 0 0
C1 17.2918  35.2679   99.6332     27.6   27.4   61.3 -999.9  186    2.2 0 0 0
C1 17.2928  35.2669   99.6348     27.5   27.8   61.6 -999.9  187    2.6 0 0 0
C1 17.3005  35.2660   99.6364     27.4   27.7   61.2 -999.9  191    3.7 0 0 0
C1 17.3015  35.2651   99.6381     27.5   27.8   61.9 -999.9  173    2.2 0 0 0
C1 17.3025  35.2643   99.6399     27.6   27.2   61.3 -999.9  200    4.6 0 0 0
C1 17.3035  35.2637   99.6417     27.7   27.6   62.3 -999.9  221    2.3 0 0 0
C1 17.3045  35.2631   99.6436     27.8   27.6   62.5 -999.9  203    2.6 0 0 0
C1 17.3055  35.2627   99.6455     27.6   27.4   61.6 -999.9  208    2.4 0 0 0
C1 17.3065  35.2624   99.6474     27.5   27.8   61.6 -999.9  208    3.0 0 0 0
C1 17.3075  35.2621   99.6494     27.4   27.6   61.7 -999.9  209    2.4 0 0 0
C1 17.3085  35.2621   99.6513     27.5   27.6   61.7 -999.9  224    2.8 0 0 0
C1 17.3095  35.2620   99.6533     27.4   27.6   61.5 -999.9  220    4.1 0 0 0
C1 17.3172  35.2620   99.6552     27.2   28.0   61.1 -999.9  214    5.3 0 0 0
C1 17.3182  35.2620   99.6571     27.2   27.6   61.0 -999.9  218    5.2 0 0 0
C1 17.3192  35.2620   99.6590     27.3   27.6   61.3 -999.9  216    3.4 0 0 0
C1 17.3202  35.2620   99.6610     27.4   28.1   61.5 -999.9  204    4.1 0 0 0
C1 17.3212  35.2620   99.6629     27.1   27.4   61.7 -999.9  221    5.7 0 0 0
C1 17.3222  35.2620   99.6648     27.2   28.0   61.6 -999.9  244    5.0 0 0 0
C1 17.3232  35.2620   99.6667     27.2   27.4   61.9 -999.9  237    3.5 0 0 0
C1 17.3242  35.2620   99.6686     27.2   27.8   61.9 -999.9  152    0.8 0 0 0
C1 17.3252  35.2620   99.6706     27.3   27.3   62.0 -999.9   40    1.3 0 0 0
C1 17.3262  35.2620   99.6725     27.2   28.0   61.6 -999.9  150    1.3 0 0 0
C1 17.3338  35.2620   99.6745     27.2   27.6   61.8 -999.9  152    4.8 0 0 0
C1 17.3348  35.2620   99.6765     27.2   27.4   62.3 -999.9  144    3.5 0 0 0
C1 17.3358  35.2620   99.6785     27.1   27.5   62.3 -999.9  108    1.8 0 0 0
C1 17.3368  35.2620   99.6805     27.2   27.5   62.4 -999.9  171    2.9 0 0 0
C1 17.3378  35.2620   99.6825     27.1   27.3   62.5 -999.9  220    5.3 0 0 0
C1 17.3388  35.2620   99.6844     27.2   27.7   63.1 -999.9  172    4.1 0 0 0
C1 17.3398  35.2620   99.6865     27.1   27.3   62.5 -999.9  186    4.7 0 0 0
C1 17.3408  35.2621   99.6885     27.0   27.3   62.3 -999.9  185    2.1 0 0 0
C1 17.3418  35.2621   99.6906     27.1   27.2   62.6 -999.9  179    4.5 0 0 0
C1 17.3428  35.2621   99.6926     27.1   27.3   63.2 -999.9  176    3.5 0 0 0
C1 17.3505  35.2621   99.6947     27.1   27.5   63.5 -999.9  185    2.1 0 0 0
C1 17.3515  35.2621   99.6968     27.1   27.6   63.1 -999.9  207    4.7 0 0 0
C1 17.3525  35.2621   99.6988     27.0   27.6   63.1 -999.9  199    2.8 0 0 0
C1 17.3535  35.2621   99.7009     27.1   27.5   63.4 -999.9  179    2.2 0 0 0
C1 17.3545  35.2620   99.7029     27.0   27.3   63.7 -999.9  192    3.5 0 0 0
C1 17.3555  35.2619   99.7049     27.0   27.6   63.7 -999.9  155    1.5 0 0 0
C1 17.3565  35.2618   99.7070     27.0   27.4   63.6 -999.9  179    2.0 0 0 0
C1 17.3575  35.2616   99.7090     27.0   27.0   63.4 -999.9  202    1.4 0 0 0
C1 17.3585  35.2613   99.7109     27.1   27.6   63.3 -999.9  261    0.5 0 0 0
C1 17.3595  35.2610   99.7129     27.0   26.8   63.3 -999.9  205    1.8 0 0 0
C1 17.3672  35.2607   99.7149     27.0   27.3   63.7 -999.9  215    0.6 0 0 0
C1 17.3682  35.2603   99.7169     27.0   27.4   63.2 -999.9  200    3.8 0 0 0
C1 17.3692  35.2599   99.7188     27.1   27.4   63.0 -999.9  219    3.3 0 0 0
C1 17.3702  35.2595   99.7207     26.8   26.9   63.0 -999.9  224    2.1 0 0 0
C1 17.3712  35.2589   99.7226     26.9   27.3   63.2 -999.9  164    2.4 0 0 0
C1 17.3722  35.2584   99.7245     26.9   27.3   63.7 -999.9  157    0.6 0 0 0
C1 17.3732  35.2578   99.7264     26.8   27.6   63.5 -999.9  186    1.5 0 0 0
C1 17.3742  35.2571   99.7282     26.7   27.1   63.8 -999.9  185    2.3 0 0 0
C1 17.3752  35.2564   99.7300     26.9   27.3   63.7 -999.9  188    3.2 0 0 0
C1 17.3762  35.2557   99.7318     26.9   27.1   63.3 -999.9  201    3.1 0 0 0
C1 17.3838  35.2550   99.7336     26.7   27.3   63.2 -999.9  195    2.9 0 0 0
C1 17.3848  35.2542   99.7353     26.7   27.6   63.1 -999.9  219    1.9 0 0 0
C1 17.3858  35.2533   99.7370     26.7   27.2   63.0 -999.9  214    2.7 0 0 0
C1 17.3868  35.2525   99.7387     26.7   27.6   63.1 -999.9  214    2.1 0 0 0
C1 17.3878  35.2516   99.7404     26.7   26.9   63.2 -999.9  232    2.6 0 0 0
C1 17.3888  35.2507   99.7420     26.6   27.2   63.2 -999.9  222    2.1 0 0 0
C1 17.3898  35.2497   99.7436     26.7   27.0   63.4 -999.9  202    1.9 0 0 0
C1 17.3908  35.2488   99.7453     26.6   27.1   63.2 -999.9  236    1.9 0 0 0
C1 17.3918  35.2479   99.7469     26.7   27.5   63.8 -999.9  200    3.0 0 0 0
C1 17.3928  35.2470   99.7486     26.7   27.0   64.2 -999.9  193    1.6 0 0 0
C1 17.4005  35.2461   99.7502     26.6   27.4   63.8 -999.9  227    1.3 0 0 0
C1 17.4015  35.2451   99.7519     26.7   27.1   63.6 -999.9  210    2.2 0 0 0
C1 17.4025  35.2442   99.7536     26.8   26.8   63.7 -999.9  204    1.7 0 0 0
C1 17.4035  35.2433   99.7552     26.6   27.3   63.8 -999.9  215    2.6 0 0 0
C1 17.4045  35.2424   99.7569     26.7   26.9   64.2 -999.9  220    1.6 0 0 0
C1 17.4055  35.2415   99.7585     26.7   27.0   64.3 -999.9  230    2.7 0 0 0
C1 17.4065  35.2406   99.7601     26.6   26.9   64.0 -999.9  196    2.3 0 0 0
C1 17.4075  35.2397   99.7618     26.5   27.2   63.7 -999.9  203    3.0 0 0 0
C1 17.4085  35.2388   99.7634     26.6   27.2   64.2 -999.9  227    2.8 0 0 0
C1 17.4095  35.2379   99.7650     26.6   26.9   64.2 -999.9  223    2.2 0 0 0
C1 17.4172  35.2370   99.7667     26.6   26.5   64.0 -999.9  227    1.7 0 0 0
C1 17.4182  35.2361   99.7684     26.5   27.0   64.5 -999.9  212    1.7 0 0 0
C1 17.4192  35.2352   99.7700     26.6   26.8   64.9 -999.9  198    1.4 0 0 0
C1 17.4202  35.2344   99.7718     26.6   26.6   64.6 -999.9  198    2.5 0 0 0
C1 17.4212  35.2337   99.7735     26.6   26.8   64.4 -999.9  218    2.8 0 0 0
C1 17.4222  35.2331   99.7753     26.5   27.0   64.5 -999.9  232    2.5 0 0 0
C1 17.4232  35.2325   99.7771     26.4   26.9   64.9 -999.9  212    3.6 0 0 0
C1 17.4242  35.2320   99.7789     26.3   27.3   65.3 -999.9  209    3.2 0 0 0
C1 17.4252  35.2315   99.7808     26.4   26.4   64.8 -999.9  209    3.5 0 0 0
C1 17.4262  35.2311   99.7827     26.2   26.9   64.7 -999.9  203    3.6 0 0 0
C1 17.4338  35.2308   99.7845     26.2   26.7   64.7 -999.9  208    4.3 0 0 0
C1 17.4348  35.2305   99.7864     26.2   26.8   65.1 -999.9  218    2.9 0 0 0
C1 17.4358  35.2303   99.7883     26.1   26.9   64.9 -999.9  195    4.7 0 0 0
C1 17.4368  35.2301   99.7902     26.1   26.5   65.7 -999.9  211    2.8 0 0 0
C1 17.4378  35.2300   99.7920     26.1   26.7   65.6 -999.9  211    4.1 0 0 0
C1 17.4388  35.2300   99.7939     26.1   26.5   65.5 -999.9  209    3.3 0 0 0
C1 17.4398  35.2300   99.7959     26.2   27.3   65.6 -999.9  220    3.0 0 0 0
C1 17.4408  35.2300   99.7978     25.9   26.6   65.3 -999.9  198    2.8 0 0 0
C1 17.4418  35.2300   99.7999     26.1   27.0   65.8 -999.9  204    4.1 0 0 0
C1 17.4428  35.2300   99.8020     26.1   26.8   66.2 -999.9  215    4.6 0 0 0
C1 17.4505  35.2300   99.8041     26.0   26.6   66.7 -999.9  195    2.8 0 0 0
C1 17.4515  35.2300   99.8061     26.1   26.4   66.4 -999.9  201    2.9 0 0 0
C1 17.4525  35.2300   99.8082     26.0   26.6   66.1 -999.9  205    3.7 0 0 0
C1 17.4535  35.2300   99.8103     26.1   26.8   66.3 -999.9  216    2.6 0 0 0
C1 17.4545  35.2300   99.8123     26.1   26.3   66.6 -999.9  201    3.3 0 0 0
C1 17.4555  35.2299   99.8144     25.9   26.8   66.6 -999.9  199    4.7 0 0 0
C1 17.4565  35.2298   99.8163     25.8   26.8   66.4 -999.9  204    5.0 0 0 0
C1 17.4575  35.2296   99.8183     25.9   26.8   66.5 -999.9  211    4.6 0 0 0
C1 17.4585  35.2295   99.8203     25.8   26.2   66.7 -999.9  202    1.3 0 0 0
C1 17.4595  35.2293   99.8223     25.9   26.6   66.8 -999.9  191    3.5 0 0 0
C1 17.4672  35.2291   99.8243     25.8   26.4   67.1 -999.9  206    2.9 0 0 0
C1 17.4682  35.2289   99.8263     25.9   26.4   66.7 -999.9  208    2.2 0 0 0
C1 17.4692  35.2287   99.8282     26.0   26.8   66.3 -999.9  224    2.9 0 0 0
C1 17.4702  35.2285   99.8302     26.0   26.8   66.3 -999.9  215    3.6 0 0 0
C1 17.4712  35.2282   99.8321     25.9   26.0   66.7 -999.9  213    3.6 0 0 0
C1 17.4722  35.2280   99.8340     25.8   26.6   66.8 -999.9  212    5.0 0 0 0
C1 17.4732  35.2278   99.8359     25.9   26.3   66.6 -999.9  198    5.1 0 0 0
C1 17.4742  35.2277   99.8378     25.9   26.0   66.9 -999.9  191    4.1 0 0 0
C1 17.4752  35.2275   99.8397     25.7   26.0   66.6 -999.9  191    5.2 0 0 0
C1 17.4762  35.2273   99.8417     25.9   26.3   67.0 -999.9  204    2.8 0 0 0
C1 17.4838  35.2271   99.8438     25.8   26.3   67.8 -999.9  179    2.9 0 0 0
C1 17.4848  35.2269   99.8458     25.7   26.5   67.2 -999.9  207    4.2 0 0 0
C1 17.4858  35.2268   99.8478     25.7   26.4   66.8 -999.9  211    4.3 0 0 0
C1 17.4868  35.2266   99.8498     25.7   26.1   67.2 -999.9  210    2.9 0 0 0
C1 17.4878  35.2266   99.8518     25.8   26.3   67.1 -999.9  212    3.2 0 0 0
C1 17.4888  35.2265   99.8538     25.8   25.8   67.1 -999.9  199    3.9 0 0 0
C1 17.4898  35.2265   99.8558     25.7   26.1   66.7 -999.9  200    3.1 0 0 0
C1 17.4908  35.2264   99.8578     25.6   26.0   66.5 -999.9  219    3.1 0 0 0
C1 17.4918  35.2265   99.8598     25.7   26.2   66.8 -999.9  203    2.9 0 0 0
C1 17.4928  35.2265   99.8619     25.6   26.5   67.1 -999.9  208    3.6 0 0 0
C1 17.5005  35.2265   99.8638     25.4   25.9   67.4 -999.9  211    3.9 0 0 0
C1 17.5015  35.2265   99.8658     25.6   26.5   67.6 -999.9  205    4.2 0 0 0
C1 17.5025  35.2265   99.8678     25.4   26.3   67.5 -999.9  198    4.4 0 0 0
C1 17.5035  35.2265   99.8698     25.6   26.0   67.8 -999.9  198    3.8 0 0 0
C1 17.5045  35.2266   99.8718     25.6   25.8   68.0 -999.9  191    5.2 0 0 0
C1 17.5055  35.2266   99.8738     25.6   26.1   67.7 -999.9  189    4.4 0 0 0
C1 17.5065  35.2266   99.8758     25.4   26.0   67.8 -999.9  203    4.2 0 0 0
C1 17.5075  35.2266   99.8778     25.5   26.1   67.8 -999.9  206    3.9 0 0 0
C1 17.5085  35.2266   99.8798     25.6   26.2   67.8 -999.9  207    3.1 0 0 0
C1 17.5095  35.2266   99.8818     25.4   26.2   67.5 -999.9  210    4.4 0 0 0
C1 17.5172  35.2266   99.8838     25.7   26.3   67.6 -999.9  198    4.6 0 0 0
C1 17.5182  35.2267   99.8857     25.6   26.3   68.3 -999.9  209    3.4 0 0 0
C1 17.5192  35.2267   99.8877     25.6   25.7   68.1 -999.9  201    5.1 0 0 0
C1 17.5202  35.2267   99.8897     25.6   25.9   68.4 -999.9  196    4.0 0 0 0
C1 17.5212  35.2267   99.8916     25.5   25.9   68.6 -999.9  198    3.3 0 0 0
C1 17.5222  35.2267   99.8936     25.4   25.7   68.8 -999.9  205    3.2 0 0 0
C1 17.5232  35.2267   99.8955     25.4   25.8   68.8 -999.9  206    3.8 0 0 0
C1 17.5242  35.2267   99.8974     25.6   26.0   69.2 -999.9  201    3.5 0 0 0
C1 17.5252  35.2267   99.8993     25.5   25.7   69.3 -999.9  192    3.4 0 0 0
C1 17.5262  35.2268   99.9013     25.4   26.1   69.7 -999.9  199    3.2 0 0 0
C1 17.5338  35.2267   99.9033     25.4   26.1   69.1 -999.9  213    2.4 0 0 0
C1 17.5348  35.2267   99.9053     25.5   26.0   69.7 -999.9  199    3.7 0 0 0
C1 17.5358  35.2267   99.9073     25.3   25.7   69.5 -999.9  214    3.5 0 0 0
C1 17.5368  35.2268   99.9094     25.4   25.4   69.4 -999.9  202    2.7 0 0 0
C1 17.5378  35.2268   99.9114     25.4   25.9   68.9 -999.9  206    3.4 0 0 0
C1 17.5388  35.2268   99.9135     25.6   25.6   68.8 -999.9  212    3.9 0 0 0
C1 17.5398  35.2268   99.9155     25.6   25.9   69.0 -999.9  205    6.0 0 0 0
C1 17.5408  35.2270   99.9176     25.6   25.6   68.8 -999.9  205    5.2 0 0 0
C1 17.5418  35.2271   99.9197     25.6   25.7   68.7 -999.9  209    5.9 0 0 0
C1 17.5428  35.2273   99.9217     25.7   25.7   69.0 -999.9  210    4.9 0 0 0
C1 17.5505  35.2275   99.9238     25.7   25.9   68.9 -999.9  221    2.4 0 0 0
C1 17.5515  35.2278   99.9258     25.4   26.0   69.1 -999.9  231    3.6 0 0 0
C1 17.5525  35.2282   99.9278     25.6   25.7   69.2 -999.9  206    4.2 0 0 0
C1 17.5535  35.2286   99.9298     25.7   26.1   69.6 -999.9  211    4.5 0 0 0
C1 17.5545  35.2290   99.9318     25.4   25.6   69.7 -999.9  211    5.7 0 0 0
C1 17.5555  35.2294   99.9338     25.7   26.1   69.5 -999.9  206    5.7 0 0 0
C1 17.5565  35.2298   99.9358     25.6   25.5   69.7 -999.9  215    5.0 0 0 0
C1 17.5575  35.2301   99.9378     25.5   25.6   69.5 -999.9  210    6.2 0 0 0
C1 17.5585  35.2305   99.9397     25.6   25.8   69.3 -999.9  212    3.0 0 0 0
C1 17.5595  35.2309   99.9417     25.5   25.8   69.4 -999.9  204    1.7 0 0 0
C1 17.5672  35.2312   99.9437     25.6   25.7   69.7 -999.9  185    1.4 0 0 0
C1 17.5682  35.2315   99.9456     25.7   25.8   69.7 -999.9  230    4.3 0 0 0
C1 17.5692  35.2318   99.9474     25.7   25.8   69.8 -999.9  208    3.9 0 0 0
C1 17.5702  35.2319   99.9493     25.6   25.9   69.5 -999.9  200    3.4 0 0 0
C1 17.5712  35.2321   99.9512     25.6   25.9   69.4 -999.9  184    2.3 0 0 0
C1 17.5722  35.2322   99.9532     25.5   26.1   69.7 -999.9  189    2.0 0 0 0
C1 17.5732  35.2322   99.9551     25.6   25.8   69.5 -999.9  217    3.6 0 0 0
C1 17.5742  35.2322   99.9570     25.6   25.8   69.1 -999.9  210    6.4 0 0 0
C1 17.5752  35.2321   99.9589     25.6   25.9   69.2 -999.9  206    6.3 0 0 0
C1 17.5762  35.2320   99.9608     25.6   25.8   69.0 -999.9  203    6.1 0 0 0
C1 17.5838  35.2318   99.9627     25.6   25.8   68.9 -999.9  203    7.0 0 0 0
C1 17.5848  35.2316   99.9646     25.6   26.2   69.0 -999.9  204    6.1 0 0 0
C1 17.5858  35.2313   99.9664     25.6   26.0   68.8 -999.9  198    5.4 0 0 0
C1 17.5868  35.2310   99.9683     25.6   26.2   68.7 -999.9  203    6.1 0 0 0
C1 17.5878  35.2308   99.9702     25.4   25.8   68.8 -999.9  199    5.8 0 0 0
C1 17.5888  35.2305   99.9722     25.6   25.6   68.7 -999.9  198    6.1 0 0 0
C1 17.5898  35.2302   99.9741     25.6   25.9   68.9 -999.9  197    6.1 0 0 0
C1 17.5908  35.2299   99.9760     25.7   25.8   69.0 -999.9  196    6.0 0 0 0
C1 17.5918  35.2297   99.9780     25.5   25.9   69.0 -999.9  194    5.8 0 0 0
C1 17.5928  35.2294   99.9800     25.5   25.6   68.7 -999.9  217    4.6 0 0 0
C1 17.6005  35.2291   99.9820     25.6   25.7   68.8 -999.9  202    4.7 0 0 0
C1 17.6015  35.2288   99.9840     25.6   26.0   68.8 -999.9  201    5.6 0 0 0
C1 17.6025  35.2285   99.9861     25.5   25.5   69.3 -999.9  204    3.8 0 0 0
C1 17.6035  35.2282   99.9881     25.6   25.7   68.8 -999.9  202    5.5 0 0 0
C1 17.6045  35.2280   99.9901     25.4   25.9   68.9 -999.9  195    5.8 0 0 0
C1 17.6055  35.2277   99.9921     25.4   25.7   69.2 -999.9  190    6.4 0 0 0
C1 17.6065  35.2275   99.9941     25.4   25.6   69.2 -999.9  205    5.1 0 0 0
C1 17.6075  35.2273   99.9960     25.3   25.8   69.7 -999.9  197    5.2 0 0 0
C1 17.6085  35.2272   99.9980     25.4   25.6   70.0 -999.9  197    5.8 0 0 0
C1 17.6095  35.2271   99.9999     25.4   25.6   70.3 -999.9  207    4.7 0 0 0
C1 17.6172  35.2270  100.0019     25.2   25.7   69.6 -999.9  200    5.3 0 0 0
C1 17.6182  35.2270  100.0038     25.2   25.5   69.7 -999.9  189    5.6 0 0 0
C1 17.6192  35.2270  100.0058     25.2   26.0   69.6 -999.9  193    5.5 0 0 0
C1 17.6202  35.2270  100.0079     25.2   25.9   69.5 -999.9  181    5.2 0 0 0
C1 17.6212  35.2270  100.0099     25.3   25.3   69.8 -999.9  201    4.0 0 0 0
C1 17.6222  35.2270  100.0120     25.2   25.8   70.3 -999.9  250    1.9 0 0 0
C1 17.6232  35.2270  100.0140     25.3   26.0   70.3 -999.9  212    2.4 0 0 0
C1 17.6242  35.2270  100.0160     25.3   25.3   70.7 -999.9  234    1.7 0 0 0
C1 17.6252  35.2270  100.0181     25.2   25.6   70.3 -999.9  197    1.8 0 0 0
C1 17.6262  35.2270  100.0201     25.3   25.5   69.8 -999.9  228    1.4 0 0 0
C1 17.6338  35.2270  100.0222     25.2   25.5   70.0 -999.9  218    2.9 0 0 0
C1 17.6348  35.2270  100.0242     25.2   25.5   70.4 -999.9  208    3.7 0 0 0
C1 17.6358  35.2270  100.0262     25.3   25.9   70.5 -999.9  203    3.2 0 0 0
C1 17.6368  35.2270  100.0282     25.2   25.4   70.9 -999.9  190    3.7 0 0 0
C1 17.6378  35.2270  100.0302     25.1   25.5   70.5 -999.9  198    2.8 0 0 0
C1 17.6388  35.2270  100.0322     25.2   25.4   70.5 -999.9  208    3.5 0 0 0
C1 17.6398  35.2270  100.0343     25.1   25.5   69.7 -999.9  197    4.0 0 0 0
C1 17.6408  35.2270  100.0363     25.2   25.5   70.3 -999.9  199    4.5 0 0 0
C1 17.6418  35.2270  100.0383     25.2   25.5   70.7 -999.9  198    4.9 0 0 0
C1 17.6428  35.2270  100.0403     25.3   25.6   70.9 -999.9  187    4.5 0 0 0
C1 17.6505  35.2270  100.0424     25.2   25.7   70.7 -999.9  200    3.5 0 0 0
C1 17.6515  35.2270  100.0445     25.2   25.8   70.8 -999.9  193    2.5 0 0 0
C1 17.6525  35.2270  100.0466     25.2   25.4   71.0 -999.9  224    2.7 0 0 0
C1 17.6535  35.2270  100.0486     25.1   25.4   70.7 -999.9  212    4.8 0 0 0
C1 17.6545  35.2270  100.0506     25.1   25.7   70.4 -999.9  194    5.3 0 0 0
C1 17.6555  35.2270  100.0526     25.2   25.6   70.8 -999.9  197    3.7 0 0 0
C1 17.6565  35.2270  100.0547     25.1   25.4   71.2 -999.9  198    3.1 0 0 0
C1 17.6575  35.2270  100.0567     25.2   25.4   70.8 -999.9  208    3.0 0 0 0
C1 17.6585  35.2270  100.0587     25.2   25.4   70.9 -999.9  224    3.3 0 0 0
C1 17.6595  35.2270  100.0608     25.2   25.4   70.6 -999.9  196    4.0 0 0 0
C1 17.6672  35.2270  100.0628     25.1   25.7   70.6 -999.9  203    4.3 0 0 0
C1 17.6682  35.2270  100.0648     25.2   25.6   70.4 -999.9  185    5.2 0 0 0
C1 17.6692  35.2270  100.0668     25.2   25.5   70.7 -999.9  183    4.0 0 0 0
C1 17.6702  35.2270  100.0689     25.1   25.6   71.2 -999.9  196    3.6 0 0 0
C1 17.6712  35.2270  100.0709     25.2   25.1   71.1 -999.9  194    3.3 0 0 0
C1 17.6722  35.2270  100.0729     25.2   25.3   71.1 -999.9  213    2.5 0 0 0
C1 17.6732  35.2270  100.0749     25.2   25.6   71.5 -999.9  189    3.9 0 0 0
C1 17.6742  35.2270  100.0769     25.2   25.4   71.2 -999.9  189    2.7 0 0 0
C1 17.6752  35.2270  100.0789     25.0   25.7   71.2 -999.9  193    4.0 0 0 0
C1 17.6762  35.2270  100.0809     25.2   25.7   70.7 -999.9  185    4.1 0 0 0
C1 17.6838  35.2269  100.0829     25.2   25.2   71.1 -999.9  173    1.2 0 0 0
C1 17.6848  35.2269  100.0849     25.2   25.1   70.9 -999.9  193    2.7 0 0 0
C1 17.6858  35.2269  100.0869     25.2   25.3   70.6 -999.9  206    3.9 0 0 0
C1 17.6868  35.2269  100.0889     25.2   25.7   70.9 -999.9  194    4.2 0 0 0
C1 17.6878  35.2269  100.0909     25.1   25.7   70.8 -999.9  198    3.2 0 0 0
C1 17.6888  35.2269  100.0929     25.1   25.1   70.9 -999.9  223    3.8 0 0 0
C1 17.6898  35.2269  100.0949     25.1   25.2   71.4 -999.9  206    3.1 0 0 0
C1 17.6908  35.2269  100.0969     25.0   25.9   71.3 -999.9  196    2.5 0 0 0
C1 17.6918  35.2269  100.0989     25.2   25.6   71.3 -999.9  220    2.8 0 0 0
C1 17.6928  35.2269  100.1009     25.1   25.1   71.3 -999.9  207    3.3 0 0 0
C1 17.7005  35.2269  100.1029     25.0   25.3   70.8 -999.9  212    4.0 0 0 0
C1 17.7015  35.2269  100.1049     25.1   25.8   70.6 -999.9  215    3.7 0 0 0
C1 17.7025  35.2269  100.1069     24.9   25.4   70.5 -999.9  197    2.9 0 0 0
C1 17.7035  35.2269  100.1090     25.0   25.1   70.5 -999.9  232    3.6 0 0 0
C1 17.7045  35.2269  100.1110     25.1   25.6   71.0 -999.9  231    4.2 0 0 0
C1 17.7055  35.2268  100.1129     24.9   25.2   71.1 -999.9  229    3.3 0 0 0
C1 17.7065  35.2268  100.1149     25.0   24.9   71.0 -999.9  206    3.7 0 0 0
C1 17.7075  35.2268  100.1169     24.9   25.3   71.3 -999.9  206    3.9 0 0 0
C1 17.7085  35.2268  100.1188     25.0   25.2   71.4 -999.9  192    3.5 0 0 0
C1 17.7095  35.2268  100.1208     24.9   25.2   71.5 -999.9  204    2.9 0 0 0
C1 17.7172  35.2268  100.1229     24.9   25.1   71.9 -999.9  207    3.5 0 0 0
C1 17.7182  35.2268  100.1249     24.9   25.1   71.7 -999.9  222    2.9 0 0 0
C1 17.7192  35.2268  100.1269     24.8   25.1   71.8 -999.9  211    3.3 0 0 0
C1 17.7202  35.2268  100.1288     24.7   25.1   71.5 -999.9  212    3.4 0 0 0
C1 17.7212  35.2268  100.1308     24.7   25.2   71.9 -999.9  202    4.1 0 0 0
C1 17.7222  35.2268  100.1328     24.8   24.8   71.9 -999.9  206    3.2 0 0 0
C1 17.7232  35.2268  100.1348     24.7   25.3   72.3 -999.9  234    2.3 0 0 0
C1 17.7242  35.2268  100.1368     24.7   25.3   72.5 -999.9  219    3.2 0 0 0
C1 17.7252  35.2268  100.1389     24.7   25.2   72.5 -999.9  183    2.2 0 0 0
C1 17.7262  35.2268  100.1409     24.7   25.4   72.2 -999.9  208    1.5 0 0 0
C1 17.7338  35.2268  100.1429     24.6   24.5   72.1 -999.9  201    3.0 0 0 0
C1 17.7348  35.2268  100.1450     24.6   25.0   72.2 -999.9  176    2.1 0 0 0
C1 17.7358  35.2268  100.1470     24.7   25.4   72.3 -999.9  215    2.9 0 0 0
C1 17.7368  35.2268  100.1490     24.7   25.1   72.4 -999.9  206    4.6 0 0 0
C1 17.7378  35.2268  100.1510     24.7   24.9   72.8 -999.9  203    3.6 0 0 0
C1 17.7388  35.2268  100.1530     24.8   24.8   72.5 -999.9  217    6.0 0 0 0
C1 17.7398  35.2268  100.1549     24.7   25.2   72.4 -999.9  200    5.3 0 0 0
C1 17.7408  35.2268  100.1569     24.7   25.2   72.7 -999.9  192    5.1 0 0 0
C1 17.7418  35.2268  100.1589     24.7   25.2   72.7 -999.9  204    3.9 0 0 0
C1 17.7428  35.2268  100.1609     24.6   25.0   72.5 -999.9  203    5.8 0 0 0
C1 17.7505  35.2268  100.1629     24.6   25.3   72.7 -999.9  211    4.3 0 0 0
C1 17.7515  35.2268  100.1649     24.6   25.5   73.0 -999.9  204    3.1 0 0 0
C1 17.7525  35.2268  100.1669     24.6   24.6   72.6 -999.9  200    5.1 0 0 0
C1 17.7535  35.2268  100.1689     24.6   25.0   72.4 -999.9  196    5.2 0 0 0
C1 17.7545  35.2268  100.1710     24.5   25.1   72.3 -999.9  201    4.2 0 0 0
C1 17.7555  35.2268  100.1730     24.6   25.2   72.4 -999.9  193    5.1 0 0 0
C1 17.7565  35.2268  100.1750     24.6   24.8   72.5 -999.9  199    4.3 0 0 0
C1 17.7575  35.2268  100.1771     24.6   25.1   72.4 -999.9  179    3.4 0 0 0
C1 17.7585  35.2268  100.1791     24.6   25.1   73.0 -999.9  191    3.8 0 0 0
C1 17.7595  35.2268  100.1812     24.4   25.2   73.0 -999.9  188    5.1 0 0 0
C1 17.7672  35.2269  100.1833     24.4   25.1   73.0 -999.9  194    3.1 0 0 0
C1 17.7682  35.2269  100.1853     24.3   24.9   73.1 -999.9  189    3.0 0 0 0
C1 17.7692  35.2269  100.1874     24.3   24.8   73.1 -999.9  186    4.5 0 0 0
C1 17.7702  35.2269  100.1895     24.4   24.6   73.0 -999.9  182    4.2 0 0 0
C1 17.7712  35.2269  100.1915     24.3   24.8   73.0 -999.9  201    4.5 0 0 0
C1 17.7722  35.2269  100.1935     24.3   24.9   73.2 -999.9  195    4.6 0 0 0
C1 17.7732  35.2269  100.1954     24.3   25.2   73.5 -999.9  182    3.2 0 0 0
C1 17.7742  35.2270  100.1975     24.2   24.6   73.5 -999.9  181    4.0 0 0 0
C1 17.7752  35.2270  100.1995     24.2   25.1   73.5 -999.9  197    3.9 0 0 0
C1 17.7762  35.2270  100.2015     24.3   24.6   73.7 -999.9  214    2.7 0 0 0
C1 17.7838  35.2270  100.2035     24.4   24.9   73.8 -999.9  208    3.4 0 0 0
C1 17.7848  35.2270  100.2055     24.2   24.7   73.9 -999.9  193    3.7 0 0 0
C1 17.7858  35.2270  100.2075     24.3   25.1   73.7 -999.9  194    4.0 0 0 0
C1 17.7868  35.2270  100.2096     24.3   24.3   73.9 -999.9  183    4.2 0 0 0
C1 17.7878  35.2270  100.2117     24.3   24.9   74.2 -999.9  184    5.2 0 0 0
C1 17.7888  35.2270  100.2138     24.1   24.5   74.5 -999.9  195    3.8 0 0 0
C1 17.7898  35.2270  100.2158     24.3   24.3   74.5 -999.9  190    4.1 0 0 0
C1 17.7908  35.2270  100.2178     24.2   24.6   74.7 -999.9  199    4.1 0 0 0
C1 17.7918  35.2271  100.2197     24.2   24.6   75.2 -999.9  216    4.8 0 0 0
C1 17.7928  35.2273  100.2215     24.3   24.7   75.1 -999.9  182    5.8 0 0 0
C1 17.8005  35.2276  100.2234     24.3   24.6   74.9 -999.9  197    3.7 0 0 0
C1 17.8015  35.2281  100.2253     24.3   24.6   73.5 -999.9  204    4.0 0 0 0
C1 17.8025  35.2285  100.2272     24.3   24.7   72.2 -999.9  215    2.2 0 0 0
C1 17.8035  35.2289  100.2291     24.3   24.5   72.1 -999.9  177    1.9 0 0 0
C1 17.8045  35.2294  100.2310     24.3   25.0   72.6 -999.9  200    3.2 0 0 0
C1 17.8055  35.2298  100.2330     24.4   24.7   72.5 -999.9  203    3.0 0 0 0
C1 17.8065  35.2302  100.2348     24.4   24.8   72.5 -999.9  214    3.3 0 0 0
C1 17.8075  35.2306  100.2367     24.3   24.9   72.8 -999.9  198    4.0 0 0 0
C1 17.8085  35.2311  100.2385     24.3   24.4   72.8 -999.9  219    4.0 0 0 0
C1 17.8095  35.2314  100.2403     24.3   24.8   73.1 -999.9  219    4.2 0 0 0
C1 17.8172  35.2316  100.2420     24.4   24.6   73.2 -999.9  227    6.0 0 0 0
C1 17.8182  35.2318  100.2434     24.3   24.2   72.9 -999.9  254    7.6 0 1 0
C1 17.8192  35.2320  100.2442     24.3   24.2   73.2 -999.9  232    5.0 0 1 0
C1 17.8202  35.2320  100.2451     24.2   24.6   73.2 -999.9  171    2.8 0 0 0
C1 17.8212  35.2320  100.2458     24.1   24.6   72.8 -999.9  268    9.3 0 1 0
C1 17.8222  35.2323  100.2460     24.1   24.5   72.8 -999.9  241    3.8 0 0 0
C1 17.8232  35.2323  100.2462     24.1   24.6   73.0 -999.9  227    6.6 0 1 0
C1 17.8242  35.2323  100.2462     24.1   24.7   72.9 -999.9  203    3.9 0 0 0
C1 17.8252  35.2323  100.2462     24.1   24.6   72.8 -999.9  204    3.5 0 0 0
C1 17.8262  35.2323  100.2462     24.1   24.4   72.7 -999.9  213    3.1 0 0 0
C1 17.8338  35.2323  100.2462     24.1   24.4   72.7 -999.9  202    2.8 0 0 0
C1 17.8348  35.2323  100.2462     24.1   24.5   72.9 -999.9  207    2.9 0 0 0
C1 17.8358  35.2323  100.2462     24.1   24.3   73.0 -999.9  203    1.8 0 0 0
C1 17.8368  35.2323  100.2461     24.0   24.5   72.9 -999.9  211    2.9 0 0 0
C1 17.8378  35.2323  100.2461     24.0   24.6   73.1 -999.9  223    2.9 0 0 0
C1 17.8388  35.2323  100.2461     24.0   24.4   73.1 -999.9  226    3.0 0 0 0
C1 17.8398  35.2323  100.2461     23.9   24.5   73.0 -999.9  223    2.7 0 0 0
C1 17.8408  35.2323  100.2461     24.0   24.4   73.0 -999.9  215    2.4 0 0 0
C1 17.8418  35.2323  100.2461     24.1   24.6   72.9 -999.9  220    2.6 0 0 0
C1 17.8428  35.2323  100.2461     23.9   24.6   73.0 -999.9  218    3.2 0 0 0
C1 17.8505  35.2323  100.2461     23.9   24.5   72.7 -999.9  211    2.5 0 0 0
C1 17.8515  35.2323  100.2461     23.9   24.6   72.7 -999.9  221    2.5 0 0 0
C1 17.8525  35.2323  100.2461     23.9   24.2   72.5 -999.9  207    3.2 0 0 0
C1 17.8535  35.2323  100.2461     23.9   24.5   72.6 -999.9  205    2.9 0 0 0
C1 17.8545  35.2323  100.2461     23.9   24.6   73.0 -999.9  206    2.7 0 0 0
C1 17.8555  35.2323  100.2461     23.9   24.9   73.3 -999.9  200    2.0 0 0 0
C1 17.8565  35.2323  100.2461     23.9   24.3   73.2 -999.9  212    1.5 0 0 0
C1 17.8575  35.2323  100.2461     23.9   24.4   73.4 -999.9  192    1.6 0 0 0
C1 17.8585  35.2323  100.2461     23.9   24.2   73.3 -999.9  201    2.1 0 0 0
C1 17.8595  35.2323  100.2461     23.9   24.3   73.7 -999.9  190    1.8 0 0 0
C1 17.8672  35.2323  100.2460     23.9   24.6   73.9 -999.9  197    1.5 0 0 0
C1 17.8682  35.2323  100.2460     23.9   24.3   73.6 -999.9  178    1.4 0 0 0
C1 17.8692  35.2323  100.2460     23.9   24.5   73.9 -999.9  180    1.6 0 0 0
C1 17.8702  35.2323  100.2460     23.9   24.4   73.7 -999.9  177    1.7 0 0 0
C1 17.8712  35.2323  100.2460     23.9   24.4   73.4 -999.9  189    1.9 0 0 0
C1 17.8722  35.2323  100.2460     23.9   24.6   73.5 -999.9  209    1.8 0 0 0
C1 17.8732  35.2323  100.2460     23.9   24.1   73.6 -999.9  217    2.1 0 0 0
C1 17.8742  35.2323  100.2460     23.9   24.5   73.5 -999.9  219    1.8 0 0 0
C1 17.8752  35.2323  100.2460     23.9   24.0   73.8 -999.9  205    1.6 0 0 0
C1 17.8762  35.2323  100.2460     23.9   24.6   73.9 -999.9  204    2.2 0 0 0
C1 17.8838  35.2323  100.2460     23.9   24.4   73.5 -999.9  194    2.6 0 0 0
C1 17.8848  35.2323  100.2460     23.9   24.5   73.7 -999.9  197    2.4 0 0 0
C1 17.8858  35.2323  100.2460     23.9   24.6   73.8 -999.9  198    2.2 0 0 0
C1 17.8868  35.2323  100.2460     23.9   24.3   74.0 -999.9  192    1.7 0 0 0
C1 17.8878  35.2323  100.2460     23.9   24.5   74.0 -999.9  193    1.7 0 0 0
C1 17.8888  35.2323  100.2460     23.9   24.5   73.9 -999.9  201    2.2 0 0 0
C1 17.8898  35.2322  100.2460     23.9   24.3   74.1 -999.9  198    2.5 0 0 0
C1 17.8908  35.2322  100.2460     23.9   24.4   73.8 -999.9  203    2.2 0 0 0
C1 17.8918  35.2322  100.2460     23.9   24.5   73.9 -999.9  197    2.5 0 0 0
C1 17.8928  35.2322  100.2460     23.9   24.3   74.1 -999.9  192    2.3 0 0 0
C1 17.9005  35.2323  100.2461     23.9   24.3   73.8 -999.9  199    2.0 0 0 0
C1 17.9015  35.2323  100.2461     23.9   24.4   74.3 -999.9  217    1.9 0 0 0
C1 17.9025  35.2323  100.2461     23.9   24.4   74.0 -999.9  202    2.1 0 0 0
C1 17.9035  35.2323  100.2461     23.9   24.4   74.4 -999.9  189    2.2 0 0 0
C1 17.9045  35.2323  100.2461     23.8   24.1   74.1 -999.9  190    2.6 0 0 0
C1 17.9055  35.2323  100.2462     23.8   23.8   73.9 -999.9  188    2.9 0 0 0
C1 17.9065  35.2323  100.2462     23.8   24.4   73.8 -999.9  190    2.3 0 0 0
C1 17.9075  35.2323  100.2463     23.8   24.1   74.1 -999.9  191    1.8 0 0 0
C1 17.9085  35.2323  100.2463     23.8   24.0   74.3 -999.9  194    1.8 0 0 0
C1 17.9095  35.2323  100.2463     23.8   24.1   74.4 -999.9  195    1.8 0 0 0
C1 17.9172  35.2323  100.2462     23.8   24.2   74.4 -999.9  186    2.3 0 0 0
C1 17.9182  35.2323  100.2462     23.8   23.8   74.3 -999.9  180    2.1 0 0 0
C1 17.9192  35.2323  100.2462     23.8   24.1   74.7 -999.9  184    1.6 0 0 0
C1 17.9202  35.2323  100.2462     23.8   24.2   74.4 -999.9  195    1.6 0 0 0
C1 17.9212  35.2323  100.2463     23.8   24.4   74.9 -999.9  165    1.4 0 0 0
C1 17.9222  35.2321  100.2464     23.8   24.1   74.6 -999.9   23    1.9 0 1 0
C1 17.9232  35.2320  100.2464     23.8   24.1   74.3 -999.9  180    6.5 0 1 0
C1 17.9242  35.2319  100.2467     23.8   23.9   74.2 -999.9   77    4.0 0 1 0
C1 17.9252  35.2318  100.2474     23.8   23.9   74.2 -999.9  111    3.4 0 1 0
C1 17.9262  35.2317  100.2483     23.8   24.4   74.1 -999.9  217    2.7 0 0 0
C1 17.9338  35.2317  100.2488     23.8   23.9   74.1 -999.9  254    9.4 0 1 0
C1 17.9348  35.2317  100.2490     23.8   24.2   73.9 -999.9  142    3.7 0 0 0
C1 17.9358  35.2312  100.2491     23.8   24.0   73.9 -999.9   11    4.9 0 1 0
C1 17.9368  35.2304  100.2491     23.9   24.2   74.0 -999.9  309    1.2 0 0 0
C1 17.9378  35.2298  100.2491     23.9   24.1   73.9 -999.9  188    5.9 0 1 0
C1 17.9388  35.2293  100.2491     23.9   24.1   73.9 -999.9  206    2.7 0 0 0
C1 17.9398  35.2289  100.2491     23.9   24.1   73.9 -999.9  188    6.4 0 1 0
C1 17.9408  35.2288  100.2492     23.9   24.1   74.0 -999.9  198    5.7 0 1 0
C1 17.9418  35.2288  100.2493     23.9   24.2   74.1 -999.9  199    0.9 0 0 0
C1 17.9428  35.2288  100.2494     24.1   24.3   74.1 -999.9  251    2.9 0 0 0
C1 17.9505  35.2288  100.2496     24.0   24.0   74.0 -999.9  110    1.7 0 1 0
C1 17.9515  35.2288  100.2496     23.9   24.1   74.0 -999.9  185    4.2 0 1 0
C1 17.9525  35.2288  100.2496     23.9   24.1   74.2 -999.9  185    1.9 0 0 0
C1 17.9535  35.2287  100.2496     23.9   24.1   74.1 -999.9   19    1.9 0 0 0
C1 17.9545  35.2285  100.2495     23.9   24.5   74.2 -999.9  146    0.4 0 1 0
C1 17.9555  35.2285  100.2495     23.9   23.9   74.0 -999.9  164    4.0 0 0 0
C1 17.9565  35.2285  100.2495     23.9   24.1   74.0 -999.9  167    1.1 0 0 0
C1 17.9575  35.2285  100.2495     23.9   24.1   74.1 -999.9  177    0.7 0 0 0
C1 17.9585  35.2285  100.2495     23.9   24.1   74.2 -999.9  182    0.5 0 0 0
C1 17.9595  35.2285  100.2495     23.9   24.3   74.1 -999.9  225    0.6 0 0 0
C1 17.9672  35.2285  100.2495     23.9   24.1   74.1 -999.9  241    1.1 0 0 0
C1 17.9682  35.2285  100.2495     23.8   24.2   74.0 -999.9  234    1.6 0 0 0
C1 17.9692  35.2285  100.2495     23.8   24.1   74.1 -999.9  213    1.2 0 0 0
C1 17.9702  35.2285  100.2495     23.8   24.2   74.1 -999.9  215    1.0 0 0 0
C1 17.9712  35.2285  100.2495     23.9   24.3   74.3 -999.9  220    0.7 0 0 0
C1 17.9722  35.2285  100.2495     23.9   24.1   74.2 -999.9  240    1.1 0 0 0
C1 17.9732  35.2285  100.2495     23.8   24.3   74.2 -999.9  233    1.2 0 0 0
C1 17.9742  35.2285  100.2495     23.8   24.1   74.2 -999.9  188    1.1 0 0 0
C1 17.9752  35.2285  100.2495     23.9   24.2   74.2 -999.9  209    0.8 0 0 0
C1 17.9762  35.2285  100.2495     23.8   24.1   74.1 -999.9  202    1.1 0 0 0
C1 17.9838  35.2285  100.2495     23.9   24.2   74.2 -999.9  217    0.9 0 0 0
C1 17.9848  35.2285  100.2495     23.9   24.4   74.5 -999.9  219    0.8 0 0 0
C1 17.9858  35.2285  100.2495     23.9   24.3   74.3 -999.9  250    1.0 0 0 0
C1 17.9868  35.2285  100.2495     23.9   24.1   74.3 -999.9  222    1.3 0 0 0
C1 17.9878  35.2285  100.2496     23.9   23.9   74.2 -999.9  228    1.4 0 0 0
C1 17.9888  35.2285  100.2496     23.9   23.7   74.2 -999.9  229    1.0 0 0 0
C1 17.9898  35.2285  100.2496     23.9   24.2   74.1 -999.9  183    0.8 0 0 0
C1 17.9908  35.2285  100.2496     23.9   24.0   74.2 -999.9  168    1.4 0 0 0
C1 17.9918  35.2285  100.2496     23.8   23.9   74.4 -999.9  192    1.0 0 0 0
C1 17.9928  35.2285  100.2496     23.9   23.8   74.4 -999.9  194    1.0 0 0 0
C1 18.0005  35.2285  100.2496     23.9   24.0   74.3 -999.9  190    0.8 0 0 0
C1 18.0015  35.2285  100.2496     23.8   24.1   74.3 -999.9  188    0.7 0 0 0
C1 18.0025  35.2285  100.2497     23.8   24.1   74.3 -999.9  189    0.4 0 0 0
C1 18.0035  35.2285  100.2497     23.8   24.0   74.4 -999.9  217    0.3 0 0 0
C1 18.0045  35.2285  100.2497     23.8   24.3   74.4 -999.9  246    1.0 0 0 0
C1 18.0055  35.2285  100.2497     23.8   24.1   74.2 -999.9  224    1.6 0 0 0
C1 18.0065  35.2285  100.2497     23.8   24.1   74.3 -999.9  205    1.4 0 0 0
C1 18.0075  35.2285  100.2497     23.8   24.2   74.3 -999.9  231    1.4 0 0 0
C1 18.0085  35.2285  100.2497     23.8   24.1   74.3 -999.9  220    1.0 0 0 0
C1 18.0095  35.2285  100.2498     23.8   24.1   74.4 -999.9  218    0.5 0 0 0
C1 18.0172  35.2285  100.2498     23.8   24.4   74.5 -999.9  186    0.5 0 0 0
C1 18.0182  35.2285  100.2498     23.9   24.1   74.5 -999.9  184    0.6 0 0 0
C1 18.0192  35.2285  100.2498     23.9   23.7   74.5 -999.9  219    0.8 0 0 0
C1 18.0202  35.2285  100.2498     23.9   24.3   74.6 -999.9  214    0.8 0 0 0
C1 18.0212  35.2285  100.2498     23.9   24.0   74.7 -999.9  145    0.4 0 0 0
C1 18.0222  35.2286  100.2498     24.0   23.9   74.3 -999.9  184    0.1 0 0 0
C1 18.0232  35.2286  100.2498     23.9   24.3   74.3 -999.9  231    1.1 0 0 0
C1 18.0242  35.2286  100.2499     23.8   24.4   74.5 -999.9  210    2.0 0 0 0
C1 18.0252  35.2286  100.2499     23.8   23.9   74.3 -999.9  236    1.1 0 0 0
C1 18.0262  35.2286  100.2499     23.9   24.3   74.5 -999.9  233    1.1 0 0 0
C1 18.0338  35.2286  100.2499     23.9   24.2   74.5 -999.9  229    1.8 0 0 0
C1 18.0348  35.2286  100.2499     23.9   23.8   74.4 -999.9  213    1.7 0 0 0
C1 18.0358  35.2286  100.2499     23.9   23.8   74.4 -999.9  216    1.5 0 0 0
C1 18.0368  35.2286  100.2499     23.9   24.2   74.6 -999.9  200    1.0 0 0 0
C1 18.0378  35.2286  100.2499     23.8   24.0   74.5 -999.9  194    1.2 0 0 0
C1 18.0388  35.2286  100.2499     23.8   24.4   74.5 -999.9  190    1.0 0 0 0
C1 18.0398  35.2286  100.2499     23.9   24.0   74.6 -999.9  183    0.7 0 0 0
C1 18.0408  35.2286  100.2499     23.9   24.2   74.7 -999.9  177    0.3 0 0 0
C1 18.0418  35.2286  100.2499     24.0   24.1   74.7 -999.9  177    0.2 0 0 0
C1 18.0428  35.2286  100.2498     24.1   24.1   74.7 -999.9  192    0.1 0 0 0
C1 18.0505  35.2286  100.2498     24.1   24.3   74.8 -999.9  224    0.5 0 0 0
C1 18.0515  35.2286  100.2498     23.9   24.0   74.7 -999.9  225    0.9 0 0 0
C1 18.0525  35.2286  100.2498     23.9   24.4   74.7 -999.9  238    1.3 0 0 0
C1 18.0535  35.2286  100.2498     23.8   24.0   74.5 -999.9  235    1.0 0 0 0
C1 18.0545  35.2286  100.2498     23.8   24.2   74.6 -999.9  230    1.2 0 0 0
C1 18.0555  35.2285  100.2498     23.8   23.9   74.6 -999.9  232    1.4 0 0 0
C1 18.0565  35.2285  100.2498     23.8   24.1   74.6 -999.9  207    0.8 0 0 0
C1 18.0575  35.2285  100.2497     23.8   24.3   74.5 -999.9  195    1.1 0 0 0
C1 18.0585  35.2285  100.2497     23.8   23.9   74.5 -999.9  221    1.0 0 0 0
C1 18.0595  35.2285  100.2497     23.8   24.2   74.7 -999.9  205    1.0 0 0 0
C1 18.0672  35.2285  100.2497     23.8   23.9   74.8 -999.9  193    0.8 0 0 0
C1 18.0682  35.2285  100.2497     23.8   24.2   74.9 -999.9  184    0.3 0 0 0
C1 18.0692  35.2285  100.2497     23.8   24.2   75.0 -999.9  191    0.5 0 0 0
C1 18.0702  35.2285  100.2497     23.8   24.3   75.0 -999.9  214    1.3 0 0 0
C1 18.0712  35.2285  100.2497     23.9   24.2   74.9 -999.9  228    1.1 0 0 0
C1 18.0722  35.2285  100.2497     23.9   24.3   75.1 -999.9  230    0.9 0 0 0
C1 18.0732  35.2285  100.2497     23.9   24.2   75.0 -999.9  227    1.2 0 0 0
C1 18.0742  35.2285  100.2497     23.8   24.0   75.0 -999.9  219    1.1 0 0 0
C1 18.0752  35.2284  100.2497     23.8   24.0   74.9 -999.9  219    1.0 0 0 0
C1 18.0762  35.2284  100.2497     23.8   24.1   74.9 -999.9  218    0.8 0 0 0
C1 18.0838  35.2284  100.2497     23.9   24.4   74.9 -999.9  222    0.5 0 0 0
C1 18.0848  35.2284  100.2497     24.1   24.1   75.0 -999.9  226    0.8 0 0 0
C1 18.0858  35.2284  100.2497     24.3   24.3   75.1 -999.9  207    0.4 0 0 0
C1 18.0868  35.2284  100.2497     24.2   24.1   75.1 -999.9  210    0.4 0 0 0
C1 18.0878  35.2284  100.2497     24.0   24.3   75.0 -999.9  212    0.6 0 0 0
C1 18.0888  35.2284  100.2497     23.9   23.9   75.0 -999.9  218    1.0 0 0 0
C1 18.0898  35.2284  100.2497     23.9   24.0   75.1 -999.9  227    1.0 0 0 0
C1 18.0908  35.2284  100.2497     23.9   24.0   75.1 -999.9  220    0.5 0 0 0
C1 18.0918  35.2284  100.2497     23.8   24.2   75.1 -999.9  224    0.6 0 0 0
C1 18.0928  35.2284  100.2498     23.9   24.0   75.0 -999.9  223    0.5 0 0 0
C1 18.1005  35.2284  100.2498     23.9   24.4   75.2 -999.9  223    0.4 0 0 0
C1 18.1015  35.2284  100.2498     23.9   24.0   75.0 -999.9  223    0.7 0 0 0
C1 18.1025  35.2284  100.2498     23.9   24.3   75.0 -999.9  220    0.4 0 0 0
C1 18.1035  35.2284  100.2498     23.8   24.1   75.0 -999.9  221    0.3 0 0 0
C1 18.1045  35.2284  100.2498     23.8   24.4   75.1 -999.9  224    0.4 0 0 0
C1 18.1055  35.2284  100.2499     23.8   24.4   75.2 -999.9  224    0.5 0 0 0
C1 18.1065  35.2284  100.2499     23.8   24.2   75.1 -999.9  224    0.3 0 0 0
C1 18.1075  35.2284  100.2499     23.8   24.0   75.1 -999.9  223    0.2 0 0 0
C1 18.1085  35.2284  100.2499     23.8   24.2   75.2 -999.9  225    0.4 0 0 0
C1 18.1095  35.2284  100.2499     24.3   24.2   75.3 -999.9  218    0.4 0 0 0
C1 18.1172  35.2284  100.2499     24.7   24.3   75.4 -999.9  204    0.1 0 0 0
C1 18.1182  35.2284  100.2499     24.8   24.0   75.2 -999.9  200    0.3 0 0 0
C1 18.1192  35.2284  100.2499     24.6   24.2   75.3 -999.9  194    0.3 0 0 0
C1 18.1202  35.2284  100.2499     24.6   23.7   75.2 -999.9  201    0.1 0 0 0
C1 18.1212  35.2284  100.2499     24.5   24.4   75.3 -999.9  203    0.5 0 0 0
C1 18.1222  35.2284  100.2499     24.3   24.3   75.2 -999.9  189    0.9 0 0 0
C1 18.1232  35.2284  100.2499     24.7   24.1   75.1 -999.9  225    0.8 0 0 0
C1 18.1242  35.2284  100.2499     24.7   23.9   75.0 -999.9  176    0.6 0 0 0
C1 18.1252  35.2284  100.2499     24.5   24.1   74.9 -999.9  185    0.5 0 0 0
C1 18.1262  35.2284  100.2499     24.4   24.5   74.9 -999.9  179    0.3 0 0 0
C1 18.1338  35.2284  100.2499     24.3   24.2   74.8 -999.9  177    0.2 0 0 0
C1 18.1348  35.2284  100.2499     24.3   24.1   74.7 -999.9  169    0.2 0 0 0
C1 18.1358  35.2284  100.2499     24.2   24.6   74.7 -999.9  159    0.2 0 0 0
C1 18.1368  35.2284  100.2498     24.2   24.5   74.6 -999.9  159    0.3 0 0 0
C1 18.1378  35.2284  100.2498     24.1   24.4   74.6 -999.9  161    0.3 0 0 0
C1 18.1388  35.2284  100.2498     24.0   24.2   74.6 -999.9  155    0.1 0 0 0
C1 18.1398  35.2284  100.2498     24.1   24.3   74.7 -999.9  132    0.3 0 0 0
C1 18.1408  35.2284  100.2498     24.1   24.0   74.7 -999.9  123    0.9 0 0 0
C1 18.1418  35.2283  100.2498     24.2   24.3   74.8 -999.9  146    0.9 0 0 0
C1 18.1428  35.2283  100.2497     24.4   23.9   74.5 -999.9  185    0.3 0 0 0
C1 18.1505  35.2283  100.2497     24.7   24.2   74.4 -999.9  210    0.4 0 0 0
C1 18.1515  35.2283  100.2497     24.6   23.9   74.5 -999.9  112    0.6 0 0 0
C1 18.1525  35.2283  100.2497     24.6   24.7   74.6 -999.9  125    1.4 0 0 0
C1 18.1535  35.2283  100.2496     24.3   24.3   74.4 -999.9  141    1.5 0 0 0
C1 18.1545  35.2283  100.2496     24.3   24.3   74.3 -999.9  129    1.1 0 0 0
C1 18.1555  35.2283  100.2496     24.3   24.4   74.4 -999.9  131    0.6 0 0 0
C1 18.1565  35.2283  100.2496     24.4   24.3   74.3 -999.9  117    0.2 0 0 0
C1 18.1575  35.2283  100.2496     24.3   24.4   74.3 -999.9  287    1.8 0 0 0
C1 18.1585  35.2283  100.2493     24.3   24.3   74.2 -999.9  261    2.1 0 0 0
C1 18.1595  35.2283  100.2492     24.2   24.5   74.3 -999.9  146    3.5 0 1 0
C1 18.1672  35.2283  100.2492     24.1   24.4   74.4 -999.9  173    1.5 0 0 0
C1 18.1683  35.2283  100.2492     23.9   24.4   74.3 -999.9  187    1.2 0 0 0
C1 18.1692  35.2283  100.2489     23.9   24.5   74.4 -999.9  215    4.2 0 1 0
C1 18.1702  35.2288  100.2489     23.9   24.1   74.1 -999.9  179    8.0 0 1 0
C1 18.1712  35.2296  100.2489     23.9   24.6   74.0 -999.9  180    5.9 0 1 0
C1 18.1722  35.2304  100.2489     23.9   24.3   74.1 -999.9  192    2.4 0 0 0
C1 18.1732  35.2311  100.2489     24.1   24.2   74.0 -999.9  352    3.6 0 1 0
C1 18.1742  35.2314  100.2490     24.1   24.5   74.0 -999.9  259    2.0 0 1 0
C1 18.1752  35.2315  100.2497     23.9   24.6   74.1 -999.9   96    7.0 0 1 0
C1 18.1762  35.2312  100.2507     23.9   24.6   74.4 -999.9   99    3.4 0 1 0
C1 18.1838  35.2308  100.2519     23.9   24.0   74.6 -999.9  114    2.0 0 0 0
C1 18.1848  35.2305  100.2529     23.9   24.1   74.9 -999.9  198    2.7 0 0 0
C1 18.1858  35.2302  100.2541     23.8   24.3   64.0 -999.9  103    3.7 0 1 0
C1 18.1868  35.2300  100.2556     23.8   24.4   75.2 -999.9  103    4.2 0 1 0
C1 18.1878  35.2297  100.2574     23.8   24.1   75.2 -999.9  128    2.6 0 0 0
C1 18.1888  35.2295  100.2592     23.9   24.3   75.3 -999.9  149    2.5 0 0 0
C1 18.1898  35.2293  100.2612     23.9   24.2   75.2 -999.9  175    3.2 0 0 0
C1 18.1908  35.2291  100.2631     23.8   24.5   65.5 -999.9  208    1.5 0 0 0
C1 18.1918  35.2288  100.2651     23.9   23.9   64.1 -999.9  184    3.2 0 0 0
C1 18.1928  35.2286  100.2670     23.8   24.4   75.3 -999.9  190    2.8 0 0 0
C1 18.2005  35.2283  100.2689     23.9   24.2   75.5 -999.9  200    3.3 0 0 0
C1 18.2015  35.2281  100.2708     23.8   24.6   75.1 -999.9  161    2.3 0 0 0
C1 18.2025  35.2278  100.2728     23.8   24.3   75.3 -999.9  176    2.3 0 0 0
C1 18.2035  35.2276  100.2748     23.8   24.1   75.2 -999.9  179    3.6 0 0 0
C1 18.2045  35.2273  100.2768     23.7   24.1   75.5 -999.9  167    3.8 0 0 0
C1 18.2055  35.2271  100.2788     23.7   24.2   75.2 -999.9  166    2.6 0 0 0
C1 18.2065  35.2269  100.2809     23.8   24.1   74.8 -999.9  192    2.7 0 0 0
C1 18.2075  35.2269  100.2829     23.8   24.0   75.0 -999.9  192    2.4 0 0 0
C1 18.2085  35.2269  100.2851     23.7   24.5   75.3 -999.9  163    2.7 0 0 0
C1 18.2095  35.2269  100.2872     23.6   23.9   75.1 -999.9  166    2.5 0 0 0
C1 18.2172  35.2269  100.2894     23.8   24.2   75.5 -999.9  180    3.1 0 0 0
C1 18.2182  35.2269  100.2915     23.7   24.5   75.7 -999.9  175    2.5 0 0 0
C1 18.2192  35.2270  100.2936     23.8   24.1   75.3 -999.9  167    3.0 0 0 0
C1 18.2202  35.2270  100.2957     23.8   24.3   75.2 -999.9  165    2.9 0 0 0
C1 18.2212  35.2270  100.2978     23.8   23.8   75.4 -999.9  152    4.7 0 0 0
C1 18.2222  35.2270  100.2998     23.9   23.8   75.3 -999.9  104    2.8 0 0 0
C1 18.2232  35.2270  100.3019     23.8   24.1   75.3 -999.9  138    3.4 0 0 0
C1 18.2242  35.2270  100.3040     23.8   23.9   75.4 -999.9  187    3.3 0 0 0
C1 18.2252  35.2271  100.3060     23.7   24.2   75.4 -999.9  176    2.4 0 0 0
C1 18.2262  35.2271  100.3081     23.6   24.6   75.1 -999.9  168    2.6 0 0 0
C1 18.2338  35.2271  100.3102     23.7   23.9   74.7 -999.9  194    4.0 0 0 0
C1 18.2348  35.2271  100.3122     23.6   23.9   74.7 -999.9  225    1.6 0 0 0
C1 18.2358  35.2271  100.3142     23.7   24.3   74.8 -999.9  157    1.8 0 0 0
C1 18.2368  35.2271  100.3163     23.7   23.7   75.1 -999.9  168    1.6 0 0 0
C1 18.2378  35.2271  100.3183     23.6   23.8   74.9 -999.9  175    2.1 0 0 0
C1 18.2388  35.2271  100.3204     23.6   24.1   75.0 -999.9  166    2.6 0 0 0
C1 18.2398  35.2271  100.3225     23.7   24.1   74.7 -999.9  166    1.3 0 0 0
C1 18.2408  35.2271  100.3245     23.7   23.8   74.6 -999.9  159    1.7 0 0 0
C1 18.2418  35.2271  100.3266     23.8   24.2   74.8 -999.9  156    2.6 0 0 0
C1 18.2428  35.2271  100.3287     23.7   23.9   59.6 -999.9  174    2.6 0 0 0
C1 18.2505  35.2271  100.3307     23.8   24.4   74.8 -999.9  209    1.0 0 0 0
C1 18.2515  35.2271  100.3327     23.7   23.9   74.6 -999.9  202    2.0 0 0 0
C1 18.2525  35.2271  100.3346     23.8   23.9   75.1 -999.9  186    1.6 0 0 0
C1 18.2535  35.2270  100.3366     23.8   24.1   75.4 -999.9  121    1.0 0 0 0
C1 18.2545  35.2270  100.3385     23.6   23.8   75.1 -999.9  149    1.1 0 0 0
C1 18.2555  35.2270  100.3405     23.7   24.0   74.3 -999.9  170    1.4 0 0 0
C1 18.2565  35.2270  100.3425     23.5   24.2   74.5 -999.9  196    2.1 0 0 0
C1 18.2575  35.2270  100.3445     23.5   24.0   74.1 -999.9  219    1.4 0 0 0
C1 18.2585  35.2270  100.3465     23.4   23.7   73.7 -999.9  225    1.2 0 0 0
C1 18.2595  35.2270  100.3485     23.4   23.6   73.3 -999.9  185    1.7 0 0 0
C1 18.2672  35.2271  100.3505     23.4   23.8   73.4 -999.9  222    1.3 0 0 0
C1 18.2682  35.2272  100.3525     23.4   23.8   73.4 -999.9  267    1.9 0 0 0
C1 18.2692  35.2276  100.3545     23.4   24.0   73.2 -999.9  232    2.2 0 1 0
C1 18.2702  35.2281  100.3564     23.4   24.2   73.4 -999.9  228    1.5 0 0 0
C1 18.2712  35.2282  100.3584     23.4   24.1   73.3 -999.9  215    1.8 0 0 0
C1 18.2722  35.2284  100.3603     23.4   23.5   73.0 -999.9  211    2.2 0 0 0
C1 18.2732  35.2285  100.3623     23.4   23.8   72.9 -999.9  213    1.7 0 0 0
C1 18.2742  35.2287  100.3643     23.4   23.8   72.6 -999.9  224    1.8 0 0 0
C1 18.2752  35.2289  100.3663     23.4   23.7   72.6 -999.9  232    1.9 0 0 0
C1 18.2762  35.2290  100.3682     23.3   23.7   72.9 -999.9  239    1.7 0 0 0
C1 18.2838  35.2292  100.3701     23.4   23.4   73.3 -999.9  229    0.7 0 0 0
C1 18.2848  35.2293  100.3721     23.4   23.7   73.4 -999.9  220    0.6 0 0 0
C1 18.2858  35.2295  100.3740     23.4   23.6   73.7 -999.9  230    0.3 0 0 0
C1 18.2868  35.2294  100.3760     23.3   23.5   74.0 -999.9   78    0.6 0 1 0
C1 18.2878  35.2290  100.3779     23.5   23.9   74.2 -999.9  170    1.0 0 1 0
C1 18.2888  35.2284  100.3798     23.5   23.6   74.5 -999.9  123    0.6 0 1 0
C1 18.2898  35.2278  100.3816     23.4   24.0   74.7 -999.9  229    0.7 0 0 0
C1 18.2908  35.2272  100.3833     23.3   23.7   74.8 -999.9  244    0.6 0 0 0
C1 18.2918  35.2270  100.3851     23.4   24.1   74.7 -999.9  135    1.0 0 1 0
C1 18.2928  35.2270  100.3871     23.4   23.8   74.3 -999.9  182    1.1 0 0 0
C1 18.3005  35.2270  100.3891     23.4   23.3   74.5 -999.9  203    0.8 0 0 0
C1 18.3015  35.2270  100.3912     23.3   23.9   74.6 -999.9  191    0.8 0 0 0
C1 18.3025  35.2270  100.3932     23.3   23.7   74.6 -999.9  237    0.9 0 0 0
C1 18.3035  35.2270  100.3953     23.2   23.9   74.6 -999.9  224    1.2 0 0 0
C1 18.3045  35.2270  100.3973     23.2   24.0   73.8 -999.9  235    2.4 0 0 0
C1 18.3055  35.2270  100.3992     23.2   23.4   73.5 -999.9  255    2.2 0 0 0
C1 18.3065  35.2271  100.4012     23.3   23.7   73.3 -999.9  243    1.9 0 0 0
C1 18.3075  35.2271  100.4032     23.2   23.7   73.6 -999.9  244    1.3 0 0 0
C1 18.3085  35.2271  100.4052     23.2   23.6   73.7 -999.9  264    0.9 0 0 0
C1 18.3095  35.2272  100.4072     23.2   23.8   73.5 -999.9  221    1.3 0 0 0
C1 18.3172  35.2272  100.4091     23.2   23.5   73.2 -999.9  233    1.8 0 0 0
C1 18.3182  35.2272  100.4111     23.2   23.6   73.3 -999.9  207    1.1 0 0 0
C1 18.3192  35.2272  100.4131     23.2   23.7   73.2 -999.9  200    1.5 0 0 0
C1 18.3202  35.2272  100.4150     23.1   23.1   73.0 -999.9  232    0.8 0 0 0
C1 18.3212  35.2272  100.4171     23.2   23.5   73.1 -999.9  137    0.6 0 0 0
C1 18.3222  35.2272  100.4191     23.1   23.4   73.0 -999.9  285    1.0 0 0 0
C1 18.3232  35.2272  100.4212     23.2   23.5   72.6 -999.9  243    1.0 0 0 0
C1 18.3242  35.2271  100.4232     23.1   23.4   72.6 -999.9  229    1.0 0 0 0
C1 18.3252  35.2271  100.4252     23.2   23.7   72.5 -999.9  214    1.9 0 0 0
C1 18.3262  35.2272  100.4272     23.1   23.5   72.5 -999.9  224    1.2 0 0 0
C1 18.3338  35.2272  100.4292     23.2   23.6   72.6 -999.9  206    1.6 0 0 0
C1 18.3348  35.2272  100.4312     23.1   23.5   72.9 -999.9  186    1.3 0 0 0
C1 18.3358  35.2272  100.4332     23.1   23.1   73.2 -999.9  232    0.5 0 0 0
C1 18.3368  35.2272  100.4353     23.1   23.4   73.3 -999.9  174    2.2 0 0 0
C1 18.3378  35.2272  100.4374     23.0   23.4   73.5 -999.9  213    2.0 0 0 0
C1 18.3388  35.2272  100.4395     23.1   23.3   73.8 -999.9  209    2.3 0 0 0
C1 18.3398  35.2272  100.4416     23.1   23.5   74.2 -999.9  249    1.6 0 0 0
C1 18.3408  35.2272  100.4436     23.0   23.2   74.5 -999.9  225    2.5 0 0 0
C1 18.3418  35.2272  100.4457     22.9   23.6   74.4 -999.9  236    1.7 0 0 0
C1 18.3428  35.2272  100.4477     22.9   23.1   74.1 -999.9  247    1.3 0 0 0
C1 18.3505  35.2271  100.4498     22.7   23.5   74.1 -999.9  196    2.4 0 0 0
C1 18.3515  35.2271  100.4518     22.6   23.5   73.9 -999.9  223    2.2 0 0 0
C1 18.3525  35.2271  100.4539     22.6   23.6   73.7 -999.9  224    1.9 0 0 0
C1 18.3535  35.2271  100.4559     22.8   23.4   73.3 -999.9  226    2.0 0 0 0
C1 18.3545  35.2271  100.4580     22.6   23.4   73.3 -999.9  216    2.4 0 0 0
C1 18.3555  35.2272  100.4600     22.8   23.0   73.7 -999.9  220    2.0 0 0 0
C1 18.3565  35.2272  100.4619     22.6   23.3   74.2 -999.9  203    2.0 0 0 0
C1 18.3575  35.2272  100.4639     22.6   23.6   74.7 -999.9  195    1.4 0 0 0
C1 18.3585  35.2272  100.4658     22.6   22.9   74.8 -999.9  214    1.5 0 0 0
C1 18.3595  35.2272  100.4678     22.6   22.5   74.6 -999.9  194    2.4 0 0 0
C1 18.3672  35.2272  100.4697     22.6   23.3   74.3 -999.9  217    1.1 0 0 0
C1 18.3682  35.2272  100.4716     22.6   22.9   74.4 -999.9  178    1.5 0 0 0
C1 18.3692  35.2272  100.4736     22.7   23.4   74.3 -999.9  192    1.7 0 0 0
C1 18.3702  35.2272  100.4754     22.4   23.4   73.6 -999.9  201    2.8 0 0 0
C1 18.3712  35.2272  100.4774     22.5   23.0   73.0 -999.9  168    1.4 0 0 0
C1 18.3722  35.2271  100.4793     22.5   23.0   72.9 -999.9  230    1.3 0 0 0
C1 18.3732  35.2271  100.4812     22.6   23.0   73.2 -999.9  187    1.2 0 0 0
C1 18.3742  35.2271  100.4831     22.5   23.2   73.4 -999.9  192    1.3 0 0 0
C1 18.3752  35.2271  100.4851     22.6   23.1   73.6 -999.9  197    1.6 0 0 0
C1 18.3762  35.2271  100.4870     22.5   23.3   44.6 -999.9  203    0.8 1 0 0
C1 18.3838  35.2271  100.4890     22.6   23.5   73.5 -999.9  215    1.0 0 0 0
C1 18.3848  35.2271  100.4909     22.4   22.8   73.5 -999.9  184    2.8 0 0 0
C1 18.3858  35.2271  100.4929     22.5   22.8   73.5 -999.9  194    1.2 0 0 0
C1 18.3868  35.2271  100.4949     22.5   23.0   73.8 -999.9  236    0.6 0 0 0
C1 18.3878  35.2271  100.4968     22.5   22.8   73.7 -999.9  170    0.7 0 0 0
C1 18.3888  35.2272  100.4988     22.4   22.8   74.0 -999.9  177    0.6 0 0 0
C1 18.3898  35.2272  100.5008     22.5   22.9   73.9 -999.9  187    0.5 0 0 0
C1 18.3908  35.2272  100.5028     22.5   22.8   74.0 -999.9  183    1.3 0 0 0
C1 18.3918  35.2272  100.5048     22.6   23.2   73.6 -999.9  196    0.9 0 0 0
C1 18.3928  35.2272  100.5068     22.5   22.9   73.7 -999.9  187    1.7 0 0 0
C1 18.4005  35.2272  100.5088     22.5   23.1   73.6 -999.9  176    2.1 0 0 0
C1 18.4015  35.2272  100.5108     22.5   23.0   73.4 -999.9  182    1.8 0 0 0
C1 18.4025  35.2272  100.5128     22.5   22.6   73.9 -999.9  204    1.2 0 0 0
C1 18.4035  35.2272  100.5147     22.4   22.9   73.4 -999.9  207    2.3 0 0 0
C1 18.4045  35.2272  100.5167     22.4   22.8   73.5 -999.9  207    2.1 0 0 0
C1 18.4055  35.2273  100.5187     22.3   23.0   73.5 -999.9  217    1.7 0 0 0
C1 18.4065  35.2273  100.5207     22.3   22.7   73.3 -999.9  194    2.6 0 0 0
C1 18.4075  35.2273  100.5226     22.4   23.0   73.4 -999.9  202    2.6 0 0 0
C1 18.4085  35.2273  100.5245     22.3   22.8   73.5 -999.9  202    2.4 0 0 0
C1 18.4095  35.2273  100.5264     22.3   22.9   73.4 -999.9  224    2.5 0 0 0
C1 18.4172  35.2272  100.5284     22.3   22.8   73.0 -999.9  204    2.4 0 0 0
C1 18.4182  35.2271  100.5303     22.0   22.5   73.2 -999.9  201    2.1 0 0 0
C1 18.4192  35.2270  100.5322     22.0   22.8   73.0 -999.9  192    3.2 0 0 0
C1 18.4202  35.2269  100.5342     22.0   23.0   73.2 -999.9  182    2.7 0 0 0
C1 18.4212  35.2269  100.5361     22.0   22.5   73.3 -999.9  193    3.5 0 0 0
C1 18.4222  35.2269  100.5381     22.1   22.7   73.8 -999.9  186    2.4 0 0 0
C1 18.4232  35.2269  100.5400     22.0   22.7   73.8 -999.9  171    2.6 0 0 0
C1 18.4242  35.2269  100.5420     21.8   22.7   73.7 -999.9  175    2.7 0 0 0
C1 18.4252  35.2269  100.5440     21.8   22.7   74.0 -999.9  193    3.0 0 0 0
C1 18.4262  35.2269  100.5460     21.9   22.8   73.8 -999.9  195    3.2 0 0 0
C1 18.4338  35.2269  100.5480     22.0   22.9   74.2 -999.9  195    4.1 0 0 0
C1 18.4348  35.2269  100.5500     21.9   22.5   73.5 -999.9  199    4.1 0 0 0
C1 18.4358  35.2269  100.5520     21.9   22.3   73.6 -999.9  213    3.0 0 0 0
C1 18.4368  35.2269  100.5540     21.8   22.7   72.3 -999.9  197    4.2 0 0 0
C1 18.4378  35.2268  100.5559     22.0   22.4   71.2 -999.9  197    4.6 0 0 0
C1 18.4388  35.2268  100.5579     21.9   22.6   72.0 -999.9  210    3.0 0 0 0
C1 18.4398  35.2268  100.5598     21.8   22.5   71.9 -999.9  193    3.1 0 0 0
C1 18.4408  35.2268  100.5617     21.8   22.6   70.9 -999.9  182    4.5 0 0 0
C1 18.4418  35.2268  100.5636     21.6   22.1   70.2 -999.9  179    3.0 0 0 0
C1 18.4428  35.2268  100.5655     21.8   22.3   70.2 -999.9  163    3.5 0 0 0
C1 18.4505  35.2268  100.5675     21.6   22.5   69.9 -999.9  175    2.1 0 0 0
C1 18.4515  35.2268  100.5695     21.6   22.6   70.4 -999.9  177    2.8 0 0 0
C1 18.4525  35.2267  100.5715     21.6   22.4   70.5 -999.9  159    2.0 0 0 0
C1 18.4535  35.2267  100.5735     21.8   22.1   70.8 -999.9  178    1.9 0 0 0
C1 18.4545  35.2267  100.5755     21.7   22.5   71.3 -999.9  184    2.2 0 0 0
C1 18.4555  35.2267  100.5775     21.6   22.1   68.9 -999.9  198    3.1 0 0 0
C1 18.4565  35.2266  100.5794     21.8   22.1   67.9 -999.9  203    2.9 0 0 0
C1 18.4575  35.2266  100.5814     21.7   22.1   67.4 -999.9  177    2.4 0 0 0
C1 18.4585  35.2266  100.5834     21.7   22.5   67.7 -999.9  167    2.9 0 0 0
C1 18.4595  35.2266  100.5854     21.7   22.2   67.6 -999.9  171    2.3 0 0 0
C1 18.4672  35.2266  100.5874     21.7   22.0   67.0 -999.9  178    2.6 0 0 0
C1 18.4682  35.2265  100.5894     21.7   22.4   67.4 -999.9  183    3.0 0 0 0
C1 18.4692  35.2266  100.5914     21.8   22.2   68.5 -999.9  166    3.0 0 0 0
C1 18.4702  35.2267  100.5934     21.7   22.0   67.8 -999.9  182    2.6 0 0 0
C1 18.4712  35.2268  100.5953     21.6   21.6   66.6 -999.9  180    3.2 0 0 0
C1 18.4722  35.2268  100.5973     21.6   21.6   67.5 -999.9  149    2.2 0 0 0
C1 18.4732  35.2269  100.5993     21.6   22.5   69.4 -999.9  171    1.9 0 0 0
C1 18.4742  35.2269  100.6012     21.6   21.9   70.7 -999.9  174    2.3 0 0 0
C1 18.4752  35.2269  100.6032     21.5   22.1   68.0 -999.9  171    3.1 0 0 0
C1 18.4762  35.2269  100.6052     21.4   22.0   66.1 -999.9  179    3.5 0 0 0
C1 18.4838  35.2269  100.6072     21.5   22.4   65.1 -999.9  178    2.8 0 0 0
C1 18.4848  35.2269  100.6091     21.3   22.2   65.3 -999.9  169    2.8 0 0 0
C1 18.4858  35.2269  100.6111     21.4   22.2   65.4 -999.9  167    2.7 0 0 0
C1 18.4868  35.2269  100.6130     21.4   21.8   65.3 -999.9  166    4.3 0 0 0
C1 18.4878  35.2270  100.6149     21.2   21.8   66.5 -999.9  179    2.9 0 0 0
C1 18.4888  35.2272  100.6168     21.2   22.0   67.2 -999.9  186    3.1 0 0 0
C1 18.4898  35.2274  100.6186     21.2   22.0   68.1 -999.9  170    4.6 0 0 0
C1 18.4908  35.2277  100.6205     21.1   21.8   68.7 -999.9  174    4.0 0 0 0
C1 18.4918  35.2279  100.6224     21.2   21.6   67.1 -999.9  170    4.6 0 0 0
C1 18.4928  35.2282  100.6243     21.1   21.8   66.1 -999.9  179    4.3 0 0 0
C1 18.5005  35.2284  100.6263     21.2   22.1   66.4 -999.9  176    2.3 0 0 0
C1 18.5015  35.2287  100.6282     21.2   21.6   67.0 -999.9  118    1.3 0 0 0
C1 18.5025  35.2289  100.6302     21.2   21.9   66.9 -999.9  181    3.2 0 0 0
C1 18.5035  35.2290  100.6321     21.1   21.8   66.7 -999.9  164    1.8 0 1 0
C1 18.5045  35.2289  100.6341     21.1   21.7   68.4 -999.9  168    3.9 0 0 0
C1 18.5055  35.2285  100.6360     21.2   21.4   69.6 -999.9  166    2.7 0 0 0
C1 18.5065  35.2280  100.6380     21.1   21.7   67.0 -999.9  169    4.4 0 0 0
C1 18.5075  35.2274  100.6398     21.1   21.4   65.4 -999.9  172    3.6 0 0 0
C1 18.5085  35.2268  100.6416     21.1   21.7   65.8 -999.9  178    3.2 0 0 0
C1 18.5095  35.2263  100.6435     21.1   21.6   65.7 -999.9  168    2.3 0 0 0
C1 18.5172  35.2257  100.6453     21.1   21.4   65.6 -999.9  153    4.3 0 0 0
C1 18.5182  35.2251  100.6472     21.2   21.4   65.8 -999.9  164    2.7 0 0 0
C1 18.5192  35.2245  100.6489     21.1   21.5   64.7 -999.9  161    4.2 0 0 0
C1 18.5202  35.2240  100.6507     21.2   21.6   64.5 -999.9  156    2.7 0 0 0
C1 18.5212  35.2234  100.6525     21.1   21.4   63.8 -999.9  121    2.8 0 0 0
C1 18.5222  35.2228  100.6543     21.1   21.2   63.7 -999.9  145    1.8 0 0 0
C1 18.5232  35.2222  100.6562     21.2   21.6   44.7 -999.9  139    3.7 0 0 0
C1 18.5242  35.2216  100.6581     21.2   21.8   64.4 -999.9  163    3.1 0 0 0
C1 18.5252  35.2210  100.6599     21.1   21.4   64.4 -999.9  173    4.1 0 0 0
C1 18.5262  35.2204  100.6618     21.0   21.7   64.6 -999.9  172    2.6 0 0 0
C1 18.5338  35.2198  100.6637     21.1   21.7   64.4 -999.9  166    3.6 0 0 0
C1 18.5348  35.2193  100.6656     21.2   21.2   64.2 -999.9  167    6.0 0 0 0
C1 18.5358  35.2186  100.6675     21.1   21.6   63.7 -999.9  163    5.5 0 0 0
C1 18.5368  35.2180  100.6693     21.1   21.6   63.0 -999.9  173    4.8 0 0 0
C1 18.5378  35.2176  100.6713     21.1   21.9   62.7 -999.9  173    6.4 0 0 0
C1 18.5388  35.2173  100.6732     21.1   21.9   62.4 -999.9  177    5.6 0 0 0
C1 18.5398  35.2171  100.6752     21.2   21.6   62.8 -999.9  182    6.5 0 0 0
C1 18.5408  35.2169  100.6771     21.1   21.6   63.4 -999.9  173    3.9 0 0 0
C1 18.5418  35.2167  100.6791     21.1   21.4   63.7 -999.9  173    4.6 0 0 0
C1 18.5428  35.2165  100.6811     21.0   21.5   64.0 -999.9  176    4.9 0 0 0
C1 18.5505  35.2163  100.6831     21.0   21.7   63.5 -999.9  175    7.3 0 0 0
C1 18.5515  35.2161  100.6851     21.1   21.3   61.2 -999.9  183    7.8 0 0 0
C1 18.5525  35.2160  100.6870     21.2   21.4   60.5 -999.9  176    7.7 0 0 0
C1 18.5535  35.2158  100.6890     20.7   21.5   59.8 -999.9  184    4.2 0 0 0
C1 18.5545  35.2156  100.6911     21.1   21.5   59.6 -999.9  174    3.6 0 0 0
C1 18.5555  35.2154  100.6931     21.2   21.3   59.6 -999.9  156    3.7 0 0 0
C1 18.5565  35.2152  100.6951     21.1   21.5   59.9 -999.9  176    6.7 0 0 0
C1 18.5575  35.2151  100.6971     21.1   21.5   60.2 -999.9  187    5.0 0 0 0
C1 18.5585  35.2149  100.6990     21.1   21.5   60.5 -999.9  180    5.7 0 0 0
C1 18.5595  35.2147  100.7009     21.0   21.2   60.9 -999.9  184    5.6 0 0 0
C1 18.5672  35.2146  100.7028     21.0   21.4   61.0 -999.9  172    7.5 0 0 0
C1 18.5682  35.2144  100.7047     21.1   21.5   62.0 -999.9  178    5.4 0 0 0
C1 18.5692  35.2142  100.7066     21.1   21.7   62.5 -999.9  186    4.8 0 0 0
C1 18.5702  35.2141  100.7085     21.0   21.1   63.1 -999.9  180    6.2 0 0 0
C1 18.5712  35.2139  100.7104     21.0   21.4   63.2 -999.9  190    6.1 0 0 0
C1 18.5722  35.2137  100.7123     21.1   21.4   61.7 -999.9  185    6.1 0 0 0
C1 18.5732  35.2136  100.7142     21.1   21.2   61.3 -999.9  180    4.7 0 0 0
C1 18.5742  35.2134  100.7161     21.1   21.6   61.4 -999.9  179    4.9 0 0 0
C1 18.5752  35.2132  100.7181     21.0   21.6   62.5 -999.9  177    5.6 0 0 0
C1 18.5762  35.2132  100.7201     21.1   21.3   61.7 -999.9  193    5.2 0 1 0
C1 18.5838  35.2135  100.7220     21.0   21.1   61.5 -999.9  181    3.0 0 1 0
C1 18.5848  35.2139  100.7239     21.0   21.2   60.4 -999.9  183    5.3 0 0 0
C1 18.5858  35.2144  100.7258     21.0   21.2   60.4 -999.9  182    6.0 0 0 0
C1 18.5868  35.2149  100.7278     20.9   21.4   60.2 -999.9  181    4.8 0 0 0
C1 18.5878  35.2151  100.7298     20.9   21.6   60.0 -999.9  169    5.5 0 1 0
C1 18.5888  35.2152  100.7318     20.9   21.2   59.9 -999.9  181    2.3 0 0 0
C1 18.5898  35.2152  100.7337     21.0   21.3   60.3 -999.9  201    3.3 0 0 0
C1 18.5908  35.2152  100.7357     21.0   21.1   60.4 -999.9  179    3.3 0 0 0
C1 18.5918  35.2152  100.7377     21.0   21.6   61.4 -999.9  176    4.1 0 0 0
C1 18.5928  35.2152  100.7397     20.9   21.2   60.5 -999.9  172    5.0 0 0 0
C1 18.6005  35.2150  100.7417     21.1   21.0   59.1 -999.9  167    4.4 0 1 0
C1 18.6015  35.2146  100.7436     20.9   21.2   58.5 -999.9  175    6.9 0 0 0
C1 18.6025  35.2141  100.7454     20.7   21.5   59.0 -999.9  171    7.1 0 0 0
C1 18.6035  35.2137  100.7473     20.7   21.2   59.1 -999.9  172    6.5 0 0 0
C1 18.6045  35.2133  100.7492     20.7   21.1   59.4 -999.9  176    6.0 0 0 0
C1 18.6055  35.2129  100.7510     20.7   21.5   60.6 -999.9  178    4.2 0 0 0
C1 18.6065  35.2127  100.7530     20.6   21.1   61.4 -999.9  180    5.3 0 0 0
C1 18.6075  35.2126  100.7549     20.6   21.2   62.5 -999.9  188    5.2 0 0 0
C1 18.6085  35.2127  100.7569     20.6   21.3   62.8 -999.9  187    5.4 0 0 0
C1 18.6095  35.2130  100.7588     20.6   20.9   62.6 -999.9  191    5.0 0 0 0
C1 18.6172  35.2135  100.7608     20.6   21.5   62.1 -999.9  181    5.4 0 0 0
C1 18.6182  35.2140  100.7627     20.6   21.8   61.5 -999.9  165    4.4 0 0 0
C1 18.6192  35.2145  100.7647     20.6   21.2   62.1 -999.9  179    4.5 0 0 0
C1 18.6202  35.2150  100.7666     20.4   21.3   61.0 -999.9  179    5.4 0 0 0
C1 18.6212  35.2152  100.7686     20.5   20.9   60.6 -999.9  163    4.9 0 1 0
C1 18.6222  35.2150  100.7706     20.4   21.4   60.7 -999.9  159    3.9 0 1 0
C1 18.6232  35.2145  100.7725     20.4   21.2   60.7 -999.9  169    4.7 0 1 0
C1 18.6242  35.2137  100.7743     20.4   21.1   61.0 -999.9  165    2.9 0 1 0
C1 18.6252  35.2126  100.7758     20.4   21.0   61.0 -999.9  150    5.7 0 1 0
C1 18.6262  35.2114  100.7770     20.4   21.1   61.1 -999.9  157    4.1 0 1 0
C1 18.6338  35.2101  100.7782     20.3   20.9   61.3 -999.9  162    5.2 0 0 0
C1 18.6348  35.2088  100.7795     20.2   21.0   61.3 -999.9  165    4.6 0 0 0
C1 18.6358  35.2077  100.7810     20.4   21.1   61.9 -999.9  154    5.1 0 0 0
C1 18.6368  35.2066  100.7826     20.2   20.6   62.3 -999.9  170    4.7 0 0 0
C1 18.6378  35.2057  100.7843     20.1   20.8   62.5 -999.9  157    4.9 0 0 0
C1 18.6388  35.2049  100.7861     20.2   20.7   62.2 -999.9  156    6.7 0 0 0
C1 18.6398  35.2042  100.7879     20.2   20.9   62.5 -999.9  157    2.5 0 0 0
C1 18.6408  35.2034  100.7898     20.2   20.9   62.6 -999.9  154    4.0 0 0 0
C1 18.6418  35.2027  100.7916     20.1   20.6   62.7 -999.9  152    6.2 0 0 0
C1 18.6428  35.2019  100.7934     20.2   21.1   63.1 -999.9  152    6.0 0 0 0
C1 18.6505  35.2009  100.7950     20.2   20.9   63.5 -999.9  145    4.4 0 0 0
C1 18.6515  35.1998  100.7965     20.1   21.0   63.8 -999.9  150    3.4 0 0 0
C1 18.6525  35.1986  100.7979     20.2   20.7   63.7 -999.9  158    3.5 0 0 0
C1 18.6535  35.1975  100.7994     20.2   20.6   63.7 -999.9  172    1.8 0 0 0
C1 18.6545  35.1963  100.8008     20.1   20.7   63.9 -999.9  161    4.4 0 0 0
C1 18.6555  35.1951  100.8022     20.0   20.3   64.0 -999.9  174    3.4 0 0 0
C1 18.6565  35.1939  100.8036     20.1   20.6   64.1 -999.9  160    5.0 0 0 0
C1 18.6575  35.1928  100.8050     20.2   20.6   64.6 -999.9  153    5.6 0 0 0
C1 18.6585  35.1917  100.8063     20.0   20.6   64.8 -999.9  160    5.2 0 0 0
C1 18.6595  35.1906  100.8077     20.0   20.7   64.8 -999.9  155    5.8 0 0 0
C1 18.6672  35.1896  100.8092     20.0   20.8   65.2 -999.9  163    4.7 0 0 0
C1 18.6682  35.1887  100.8109     19.9   20.6   65.4 -999.9  154    4.6 0 0 0
C1 18.6692  35.1878  100.8125     19.9   20.4   65.8 -999.9  161    3.5 0 0 0
C1 18.6702  35.1869  100.8142     19.9   20.7   65.8 -999.9  153    3.2 0 0 0
C1 18.6712  35.1860  100.8159     19.9   20.5   65.7 -999.9  151    4.3 0 0 0
C1 18.6722  35.1852  100.8176     19.7   20.7   65.7 -999.9  158    3.0 0 0 0
C1 18.6732  35.1842  100.8193     19.9   20.6   66.5 -999.9  151    3.4 0 0 0
C1 18.6742  35.1833  100.8210     19.8   20.4   66.8 -999.9  157    3.5 0 0 0
C1 18.6752  35.1824  100.8227     19.8   20.3   66.6 -999.9  158    3.8 0 0 0
C1 18.6762  35.1816  100.8244     19.9   20.2   66.7 -999.9  159    5.0 0 0 0
C1 18.6838  35.1808  100.8262     19.9   20.3   66.3 -999.9  165    3.7 0 0 0
C1 18.6848  35.1802  100.8281     19.8   20.2   66.9 -999.9  161    4.5 0 0 0
C1 18.6858  35.1798  100.8301     19.8   20.6   67.3 -999.9  171    5.1 0 0 0
C1 18.6868  35.1795  100.8321     19.9   20.3   67.3 -999.9  172    4.8 0 0 0
C1 18.6878  35.1795  100.8342     19.9   20.3   67.0 -999.9  170    5.9 0 0 0
C1 18.6888  35.1796  100.8363     19.8   20.0   67.1 -999.9  167    3.9 0 0 0
C1 18.6898  35.1799  100.8383     19.9   20.6   68.0 -999.9  201    4.0 0 0 0
C1 18.6908  35.1803  100.8403     19.7   20.3   68.4 -999.9  181    4.0 0 0 0
C1 18.6918  35.1806  100.8423     19.9   20.1   68.6 -999.9  171    3.6 0 0 0
C1 18.6928  35.1810  100.8443     19.9   20.6   68.7 -999.9  184    3.4 0 0 0
C1 18.7005  35.1813  100.8462     19.7   20.3   69.1 -999.9  175    4.1 0 0 0
C1 18.7015  35.1816  100.8481     19.8   20.2   68.7 -999.9  183    3.6 0 0 0
C1 18.7025  35.1819  100.8500     19.6   20.2   68.7 -999.9  177    3.8 0 0 0
C1 18.7035  35.1822  100.8519     19.8   20.1   68.7 -999.9  161    4.5 0 0 0
C1 18.7045  35.1825  100.8539     19.6   20.2   68.9 -999.9  166    3.4 0 0 0
C1 18.7055  35.1828  100.8559     19.7   20.5   68.8 -999.9  179    5.2 0 0 0
C1 18.7065  35.1830  100.8579     19.7   19.6   68.9 -999.9  166    4.2 0 0 0
C1 18.7075  35.1833  100.8598     19.7   20.2   69.3 -999.9  179    4.2 0 0 0
C1 18.7085  35.1836  100.8618     19.7   20.4   69.0 -999.9  171    5.7 0 0 0
C1 18.7095  35.1838  100.8638     19.6   19.8   68.7 -999.9  162    5.2 0 0 0
C1 18.7172  35.1838  100.8657     19.6   20.4   69.2 -999.9  180    4.2 0 0 0
C1 18.7182  35.1836  100.8676     19.4   20.2   69.1 -999.9  159    3.7 0 0 0
C1 18.7192  35.1833  100.8695     19.7   20.1   38.1 -999.9  155    3.3 1 0 0
C1 18.7202  35.1829  100.8713     19.6   20.3   49.0 -999.9  130    3.5 0 0 0
C1 18.7212  35.1823  100.8731     19.5   20.4   69.9 -999.9  142    3.7 0 0 0
C1 18.7222  35.1816  100.8750     19.6   20.1   70.0 -999.9  145    4.5 0 0 0
C1 18.7232  35.1809  100.8768     19.6   20.1   64.1 -999.9  141    4.9 0 0 0
C1 18.7242  35.1802  100.8787     19.6   20.3   55.0 -999.9  131    3.8 1 0 0
C1 18.7252  35.1796  100.8806     19.6   20.1   63.3 -999.9  141    4.5 0 0 0
C1 18.7262  35.1792  100.8826     19.7   20.0   68.9 -999.9  144    3.4 0 0 0
C1 18.7338  35.1790  100.8847     19.7   19.8   69.2 -999.9  145    4.6 0 0 0
C1 18.7348  35.1790  100.8867     19.6   20.3   69.4 -999.9  154    4.3 0 0 0
C1 18.7358  35.1790  100.8888     19.6   19.8   69.7 -999.9  155    3.5 0 0 0
C1 18.7368  35.1790  100.8907     19.7   20.3   70.0 -999.9  155    2.8 0 0 0
C1 18.7378  35.1791  100.8927     19.6   19.9   70.2 -999.9  147    4.4 0 0 0
C1 18.7388  35.1793  100.8947     19.6   19.8   70.3 -999.9  161    3.3 0 0 0
C1 18.7398  35.1797  100.8966     19.5   19.8   70.5 -999.9  157    3.5 0 0 0
C1 18.7408  35.1802  100.8984     19.4   19.8   71.0 -999.9  140    4.1 0 0 0
C1 18.7418  35.1808  100.9002     19.5   19.8   71.1 -999.9  143    3.9 0 0 0
C1 18.7428  35.1814  100.9019     19.5   20.0   71.3 -999.9  159    3.8 0 0 0
C1 18.7505  35.1822  100.9035     19.4   19.7   71.2 -999.9  149    3.0 0 0 0
C1 18.7515  35.1828  100.9049     19.4   20.1   71.5 -999.9  157    2.6 0 1 0
C1 18.7527  35.1834  100.9064     19.4   20.1   72.0 -999.9  179    2.2 0 1 0
C1 18.7535  35.1839  100.9072     19.3   19.6   72.2 -999.9  186    1.7 0 1 0
C1 18.7545  35.1839  100.9080     19.2   19.7   72.1 -999.9  195    5.9 0 1 0
C1 18.7555  35.1839  100.9083     19.2   20.0   72.2 -999.9  174    6.9 0 1 0
C1 18.7565  35.1842  100.9090     19.2   20.1   72.4 -999.9  115   10.0 0 1 0
C1 18.7575  35.1842  100.9098     19.1   20.2   72.7 -999.9  185    3.7 0 1 0
C1 18.7585  35.1844  100.9099     19.1   20.0   72.5 -999.9  285    4.4 0 1 0
C1 18.7595  35.1844  100.9100     19.1   19.9   72.5 -999.9  176    2.5 0 0 0
C1 18.7672  35.1844  100.9100     18.9   19.3   72.5 -999.9  128    4.9 0 0 0
C1 18.7682  35.1844  100.9100     19.1   20.0   72.9 -999.9  125    4.3 0 0 0
C1 18.7692  35.1844  100.9100     18.8   19.6   51.2 -999.9  341    4.9 0 0 0
C1 18.7702  35.1844  100.9100     18.9   19.7   72.7 -999.9  124    5.4 0 0 0
C1 18.7712  35.1844  100.9100     18.6   19.9   51.7 -999.9  353    5.2 0 0 0
C1 18.7722  35.1844  100.9100     19.1   19.6   72.7 -999.9  122    5.1 0 0 0
C1 18.7732  35.1844  100.9100     19.5   19.6   72.7 -999.9  123    4.8 0 0 0
C1 18.7742  35.1844  100.9100     18.6   19.9   73.1 -999.9  130    4.2 0 0 0
C1 18.7752  35.1844  100.9100     19.2   19.5   73.2 -999.9  122    4.0 0 0 0
C1 18.7762  35.1844  100.9100     18.9   19.8   73.1 -999.9  123    4.8 0 0 0
C1 18.7838  35.1844  100.9100     18.9   19.8   73.2 -999.9  133    3.8 0 0 0
C1 18.7848  35.1844  100.9100     18.8   19.6   73.6 -999.9  131    3.8 0 0 0
C1 18.7858  35.1845  100.9101     18.4   19.3   73.3 -999.9  124    4.5 0 0 0
C1 18.7868  35.1845  100.9101     18.8   19.8   73.0 -999.9  127    5.1 0 0 0
C1 18.7878  35.1845  100.9101     18.8   19.8   72.6 -999.9  127    5.2 0 0 0
C1 18.7888  35.1845  100.9101     18.8   19.4   72.9 -999.9  138    4.5 0 0 0
C1 18.7898  35.1845  100.9101     18.4   19.9   73.7 -999.9  121    4.2 0 0 0
C1 18.7908  35.1845  100.9101     18.7   19.5   73.6 -999.9  125    4.0 0 0 0
C1 18.7918  35.1845  100.9101     18.8   19.7   73.5 -999.9  128    4.3 0 0 0
C1 18.7928  35.1845  100.9101     18.6   19.6   73.5 -999.9  122    4.6 0 0 0
C1 18.8005  35.1845  100.9101     18.7   19.7   73.5 -999.9  126    4.4 0 0 0
C1 18.8015  35.1846  100.9101     18.8   19.8   73.6 -999.9  127    4.5 0 0 0
C1 18.8025  35.1846  100.9101     18.6   19.4   74.1 -999.9  124    3.4 0 0 0
C1 18.8035  35.1846  100.9101     18.9   19.3   73.7 -999.9  123    4.4 0 0 0
C1 18.8045  35.1846  100.9101     18.7   19.7   73.5 -999.9  130    4.6 0 0 0
C1 18.8055  35.1846  100.9101     18.7   19.5   73.2 -999.9  127    4.3 0 0 0
C1 18.8065  35.1846  100.9102     19.1   19.6   73.3 -999.9  127    4.9 0 0 0
C1 18.8075  35.1846  100.9102     19.1   19.5   73.6 -999.9  133    4.4 0 0 0
C1 18.8085  35.1847  100.9102     19.4   19.4   73.6 -999.9  133    4.3 0 0 0
C1 18.8095  35.1847  100.9102     19.2   19.4   73.1 -999.9  126    5.0 0 0 0
C1 18.8172  35.1847  100.9102     19.2   19.6   72.8 -999.9  140    5.1 0 0 0
C1 18.8182  35.1847  100.9102     19.4   19.3   73.1 -999.9  137    4.3 0 0 0
C1 18.8192  35.1847  100.9102     19.4   19.5   73.6 -999.9  125    4.3 0 0 0
C1 18.8202  35.1848  100.9102     19.3   19.5   73.3 -999.9  126    4.4 0 0 0
C1 18.8212  35.1848  100.9102     19.1   19.8   73.3 -999.9  125    4.0 0 0 0
C1 18.8222  35.1848  100.9102     19.2   19.5   73.4 -999.9  131    4.3 0 0 0
C1 18.8232  35.1848  100.9102     19.4   19.5   73.8 -999.9  131    3.5 0 0 0
C1 18.8242  35.1848  100.9102     19.1   19.8   73.5 -999.9  127    5.2 0 0 0
C1 18.8252  35.1848  100.9102     19.3   19.2   73.1 -999.9  125    4.9 0 0 0
C1 18.8262  35.1849  100.9102     18.9   19.3   73.1 -999.9  125    4.6 0 0 0
C1 18.8338  35.1849  100.9102     19.2   19.5   73.4 -999.9  127    4.3 0 0 0
C1 18.8348  35.1849  100.9102     19.2   19.3   72.9 -999.9  127    4.8 0 0 0
C1 18.8358  35.1849  100.9102     19.3   19.6   72.9 -999.9  136    5.3 0 0 0
C1 18.8368  35.1849  100.9102     19.1   19.6   73.1 -999.9  135    4.7 0 0 0
C1 18.8378  35.1849  100.9102     19.2   19.2   73.2 -999.9  134    4.1 0 0 0
C1 18.8388  35.1849  100.9102     19.2   19.3   73.3 -999.9  127    4.3 0 0 0
C1 18.8398  35.1849  100.9102     18.9   19.4   73.1 -999.9  124    5.2 0 0 0
C1 18.8408  35.1849  100.9102     19.0   19.1   73.1 -999.9  135    4.7 0 0 0
C1 18.8418  35.1848  100.9102     19.1   19.2   73.3 -999.9  146    5.2 0 0 0
C1 18.8428  35.1846  100.9104     18.9   19.1   73.5 -999.9  112    5.1 0 1 0
C1 18.8505  35.1844  100.9112     18.9   19.3   73.5 -999.9   92    8.0 0 1 0
C1 18.8515  35.1842  100.9123     18.9   19.3   73.3 -999.9  130    5.7 0 0 0
C1 18.8525  35.1841  100.9133     18.9   19.0   73.2 -999.9  122    5.4 0 0 0
C1 18.8535  35.1838  100.9145     18.9   19.6   73.2 -999.9  117    7.6 0 1 0
C1 18.8545  35.1838  100.9160     18.9   19.7   73.0 -999.9  122    8.1 0 1 0
C1 18.8555  35.1837  100.9177     19.0   19.4   72.6 -999.9  122    7.1 0 0 0
C1 18.8565  35.1837  100.9195     19.0   19.1   72.7 -999.9  124    7.2 0 0 0
C1 18.8575  35.1837  100.9215     19.1   19.3   72.3 -999.9  112    5.9 0 0 0
C1 18.8585  35.1837  100.9235     19.2   19.5   72.4 -999.9  119    5.7 0 0 0
C1 18.8595  35.1837  100.9256     19.2   19.3   72.5 -999.9  117    5.6 0 0 0
C1 18.8672  35.1837  100.9278     19.1   19.3   72.5 -999.9  122    6.1 0 0 0
C1 18.8682  35.1837  100.9299     19.2   19.2   72.4 -999.9  122    6.6 0 0 0
C1 18.8692  35.1837  100.9321     19.2   19.1   72.6 -999.9  121    6.0 0 0 0
C1 18.8702  35.1837  100.9342     19.2   19.2   72.7 -999.9  131    4.9 0 0 0
C1 18.8712  35.1837  100.9362     19.2   19.2   72.6 -999.9  120    6.0 0 0 0
C1 18.8722  35.1837  100.9383     19.2   19.2   72.7 -999.9  124    5.7 0 0 0
C1 18.8732  35.1836  100.9403     19.5   19.3   73.5 -999.9  121    5.1 0 0 0
C1 18.8742  35.1836  100.9424     19.2   20.1   74.1 -999.9  130    6.7 0 0 0
C1 18.8752  35.1836  100.9445     19.2   19.3   73.9 -999.9  127    6.2 0 0 0
C1 18.8762  35.1836  100.9466     19.2   19.6   74.0 -999.9  123    6.2 0 0 0
C1 18.8838  35.1836  100.9487     19.2   19.2   74.3 -999.9  120    5.8 0 0 0
C1 18.8848  35.1836  100.9508     19.2   19.2   74.3 -999.9  122    6.0 0 0 0
C1 18.8858  35.1836  100.9530     19.2   19.5   73.9 -999.9  116    5.8 0 0 0
C1 18.8868  35.1836  100.9551     19.2   19.7   73.6 -999.9  112    5.1 0 0 0
C1 18.8878  35.1836  100.9572     19.3   19.3   73.7 -999.9  123    5.1 0 0 0
C1 18.8888  35.1836  100.9593     19.3   19.1   74.0 -999.9  125    5.8 0 0 0
C1 18.8898  35.1836  100.9614     19.3   19.5   74.3 -999.9  124    5.4 0 0 0
C1 18.8908  35.1836  100.9635     19.2   19.7   74.2 -999.9  134    4.9 0 0 0
C1 18.8918  35.1836  100.9656     19.2   19.5   74.1 -999.9  127    4.9 0 0 0
C1 18.8928  35.1836  100.9677     19.3   19.3   73.9 -999.9  147    4.6 0 0 0
C1 18.9005  35.1836  100.9698     19.4   19.6   74.2 -999.9  149    3.7 0 0 0
C1 18.9015  35.1836  100.9719     19.4   19.6   74.5 -999.9  123    3.3 0 0 0
C1 18.9025  35.1835  100.9740     19.3   19.8   74.5 -999.9  149    2.8 0 0 0
C1 18.9035  35.1833  100.9760     19.4   19.5   74.2 -999.9  156    4.0 0 0 0
C1 18.9045  35.1830  100.9780     19.5   19.3   73.9 -999.9  144    2.7 0 0 0
C1 18.9055  35.1827  100.9800     19.5   19.0   72.9 -999.9  155    3.5 0 0 0
C1 18.9065  35.1824  100.9820     19.7   19.5   72.3 -999.9  135    5.1 0 0 0
C1 18.9075  35.1821  100.9840     19.7   19.5   71.9 -999.9  131    4.3 0 0 0
C1 18.9085  35.1818  100.9860     19.7   19.4   71.7 -999.9  132    3.8 0 0 0
C1 18.9095  35.1817  100.9879     19.7   19.3   71.9 -999.9  142    4.6 0 0 0
C1 18.9172  35.1818  100.9900     19.9   19.4   71.7 -999.9  135    4.5 0 0 0
C1 18.9182  35.1820  100.9920     19.9   19.9   71.7 -999.9  144    3.9 0 0 0
C1 18.9192  35.1822  100.9939     19.8   19.9   72.4 -999.9  139    4.8 0 0 0
C1 18.9202  35.1823  100.9960     19.7   19.7   73.7 -999.9  135    3.9 0 0 0
C1 18.9212  35.1825  100.9980     19.9   19.6   74.0 -999.9  153    4.2 0 0 0
C1 18.9222  35.1827  101.0001     19.8   19.9   74.1 -999.9  139    4.6 0 0 0
C1 18.9232  35.1829  101.0021     19.7   20.0   73.6 -999.9  133    4.0 0 0 0
C1 18.9242  35.1831  101.0042     19.9   19.8   73.3 -999.9  138    5.6 0 0 0
C1 18.9252  35.1833  101.0063     19.7   19.6   73.0 -999.9  132    2.5 0 0 0
C1 18.9262  35.1834  101.0083     19.7   19.5   72.9 -999.9  142    4.6 0 0 0
C1 18.9338  35.1836  101.0103     19.8   20.1   72.2 -999.9  127    4.4 0 0 0
C1 18.9348  35.1838  101.0123     19.7   19.7   71.8 -999.9  131    5.3 0 0 0
C1 18.9358  35.1841  101.0143     19.7   19.4   71.3 -999.9  122    4.4 0 0 0
C1 18.9368  35.1844  101.0163     19.8   20.1   71.6 -999.9  135    4.9 0 0 0
C1 18.9378  35.1848  101.0183     19.9   20.0   71.2 -999.9  134    4.5 0 0 0
C1 18.9388  35.1851  101.0202     19.8   19.5   71.6 -999.9  142    5.0 0 0 0
C1 18.9398  35.1854  101.0222     19.9   19.8   72.2 -999.9  141    4.7 0 0 0
C1 18.9408  35.1858  101.0242     19.7   19.7   72.2 -999.9  140    6.2 0 0 0
C1 18.9418  35.1861  101.0262     19.9   19.7   71.7 -999.9  132    5.5 0 0 0
C1 18.9428  35.1865  101.0282     19.9   19.8   71.3 -999.9  120    4.6 0 0 0
C1 18.9505  35.1868  101.0303     19.8   20.1   71.5 -999.9  147    4.6 0 0 0
C1 18.9515  35.1872  101.0323     19.8   19.9   71.9 -999.9  140    3.8 0 0 0
C1 18.9525  35.1875  101.0344     19.8   19.6   71.9 -999.9  133    3.6 0 0 0
C1 18.9535  35.1879  101.0365     19.9   19.9   72.5 -999.9  153    4.9 0 0 0
C1 18.9545  35.1882  101.0386     19.7   20.0   72.0 -999.9  139    4.5 0 0 0
C1 18.9555  35.1886  101.0406     19.8   19.7   72.0 -999.9  139    3.7 0 0 0
C1 18.9565  35.1890  101.0427     19.7   19.8   72.0 -999.9  126    4.0 0 0 0
C1 18.9575  35.1893  101.0447     19.8   20.0   72.2 -999.9  132    5.1 0 0 0
C1 18.9585  35.1897  101.0468     19.7   19.9   72.0 -999.9  135    4.5 0 0 0
C1 18.9595  35.1901  101.0489     19.7   19.8   72.2 -999.9  130    4.3 0 0 0
C1 18.9672  35.1904  101.0510     19.9   19.6   71.8 -999.9  138    4.0 0 0 0
C1 18.9682  35.1908  101.0530     19.8   19.9   72.0 -999.9  145    5.2 0 0 0
C1 18.9692  35.1912  101.0551     19.8   19.9   71.9 -999.9  135    5.4 0 0 0
C1 18.9702  35.1916  101.0572     19.7   19.9   71.7 -999.9  140    5.1 0 0 0
C1 18.9712  35.1919  101.0593     19.8   19.5   71.6 -999.9  152    4.9 0 0 0
C1 18.9722  35.1923  101.0613     19.9   20.0   72.0 -999.9  145    4.1 0 0 0
C1 18.9732  35.1927  101.0634     19.7   19.5   72.2 -999.9  140    5.2 0 0 0
C1 18.9742  35.1931  101.0655     19.7   19.9   72.3 -999.9  137    4.5 0 0 0
C1 18.9752  35.1935  101.0675     19.6   19.6   72.3 -999.9  141    5.6 0 0 0
C1 18.9762  35.1938  101.0696     19.8   19.7   72.4 -999.9  141    5.0 0 0 0
C1 18.9838  35.1942  101.0717     19.7   19.9   72.4 -999.9  138    4.5 0 0 0
C1 18.9848  35.1946  101.0737     19.8   20.0   72.5 -999.9  137    4.6 0 0 0
C1 18.9858  35.1950  101.0757     19.7   20.1   72.6 -999.9  139    5.9 0 0 0
C1 18.9868  35.1954  101.0777     19.7   20.2   72.3 -999.9  136    6.5 0 0 0
C1 18.9878  35.1960  101.0797     19.7   19.7   72.0 -999.9  136    6.4 0 0 0
C1 18.9888  35.1968  101.0816     19.8   20.1   71.8 -999.9  138    6.2 0 0 0
C1 18.9898  35.1977  101.0833     19.7   20.1   71.8 -999.9  134    5.8 0 0 0
C1 18.9908  35.1988  101.0849     19.7   20.1   71.6 -999.9  128    6.1 0 0 0
C1 18.9918  35.2000  101.0864     20.0   20.2   71.3 -999.9  126    7.7 0 0 0
C1 18.9928  35.2012  101.0878     19.7   19.8   71.2 -999.9  131    7.0 0 0 0
C1 19.0005  35.2024  101.0892     19.8   19.9   71.4 -999.9  132    5.3 0 0 0
C1 19.0015  35.2037  101.0907     19.7   20.0   71.1 -999.9  129    6.9 0 0 0
C1 19.0025  35.2049  101.0922     19.9   20.0   70.9 -999.9  134    8.0 0 0 0
C1 19.0035  35.2061  101.0937     19.9   19.8   71.1 -999.9  124    6.3 0 0 0
C1 19.0045  35.2072  101.0953     19.7   19.8   70.9 -999.9  122    7.2 0 0 0
C1 19.0055  35.2082  101.0970     19.9   19.7   70.4 -999.9  129    8.5 0 0 0
C1 19.0065  35.2092  101.0987     19.9   19.9   70.4 -999.9  125    7.9 0 0 0
C1 19.0075  35.2101  101.1004     19.9   20.4   70.8 -999.9  121    7.3 0 0 0
C1 19.0085  35.2110  101.1020     19.9   19.8   70.6 -999.9  124    7.0 0 0 0
C1 19.0095  35.2120  101.1036     19.9   19.8   70.7 -999.9  124    7.1 0 0 0
C1 19.0172  35.2127  101.1053     19.9   20.0   71.0 -999.9  126    6.4 0 0 0
C1 19.0182  35.2134  101.1072     19.9   20.0   70.8 -999.9  113    6.2 0 0 0
C1 19.0192  35.2138  101.1091     19.9   20.0   70.7 -999.9  126    4.3 0 0 0
C1 19.0202  35.2140  101.1110     20.0   20.4   70.7 -999.9  123    6.0 0 0 0
C1 19.0212  35.2140  101.1128     19.9   20.5   70.6 -999.9  124    6.0 0 0 0
C1 19.0222  35.2138  101.1148     20.0   20.0   70.7 -999.9  133    7.3 0 0 0
C1 19.0232  35.2135  101.1167     19.9   20.0   70.6 -999.9  136    6.9 0 0 0
C1 19.0242  35.2131  101.1186     20.0   19.8   70.6 -999.9  131    5.9 0 0 0
C1 19.0252  35.2127  101.1206     19.9   19.9   70.3 -999.9  139    7.9 0 0 0
C1 19.0262  35.2124  101.1226     20.0   19.9   70.4 -999.9  139    7.2 0 0 0
C1 19.0338  35.2120  101.1245     19.9   19.7   70.5 -999.9  137    7.3 0 0 0
C1 19.0348  35.2117  101.1265     19.9   20.4   70.4 -999.9  131    6.6 0 0 0
C1 19.0358  35.2113  101.1285     20.0   20.3   70.4 -999.9  136    5.7 0 0 0
C1 19.0368  35.2109  101.1304     20.0   20.1   70.7 -999.9  135    6.5 0 0 0
C1 19.0378  35.2106  101.1324     20.0   20.2   70.8 -999.9  141    7.3 0 0 0
C1 19.0388  35.2102  101.1343     19.9   19.8   71.1 -999.9  133    6.8 0 0 0
C1 19.0398  35.2098  101.1363     19.7   19.9   71.3 -999.9  135    6.7 0 0 0
C1 19.0408  35.2094  101.1383     19.9   20.3   71.0 -999.9  146    6.3 0 0 0
C1 19.0418  35.2091  101.1402     19.9   20.1   71.1 -999.9  140    8.4 0 0 0
C1 19.0428  35.2087  101.1421     19.8   20.1   71.2 -999.9  133    7.4 0 0 0
C1 19.0505  35.2084  101.1440     19.8   20.1   71.2 -999.9  143    5.9 0 0 0
C1 19.0515  35.2082  101.1459     19.9   20.0   71.2 -999.9  136    6.7 0 0 0
C1 19.0525  35.2080  101.1479     19.7   20.0   71.3 -999.9  132    5.3 0 0 0
C1 19.0535  35.2080  101.1499     19.8   19.9   71.2 -999.9  137    5.5 0 0 0
C1 19.0545  35.2080  101.1519     19.9   19.9   71.1 -999.9  140    7.0 0 0 0
C1 19.0555  35.2080  101.1539     19.7   19.8   71.2 -999.9  133    5.8 0 0 0
C1 19.0565  35.2079  101.1559     19.8   20.1   70.9 -999.9  123    6.7 0 0 0
C1 19.0575  35.2079  101.1579     19.8   20.2   71.0 -999.9  133    7.5 0 0 0
C1 19.0585  35.2079  101.1599     19.9   20.1   71.2 -999.9  131    6.1 0 0 0
C1 19.0595  35.2079  101.1619     19.8   19.9   71.4 -999.9  123    3.7 0 0 0
C1 19.0672  35.2079  101.1639     19.9   20.1   71.2 -999.9  135    3.9 0 0 0
C1 19.0682  35.2079  101.1658     19.9   20.0   71.2 -999.9  131    5.4 0 0 0
C1 19.0692  35.2079  101.1677     19.9   20.4   70.8 -999.9  137    6.7 0 0 0
C1 19.0702  35.2079  101.1696     20.0   20.2   70.7 -999.9  132    5.0 0 0 0
C1 19.0712  35.2079  101.1715     20.0   20.3   70.9 -999.9  119    6.7 0 0 0
C1 19.0722  35.2078  101.1736     20.0   20.0   70.6 -999.9  135    6.9 0 0 0
C1 19.0732  35.2078  101.1757     20.1   20.3   70.0 -999.9  134    5.8 0 0 0
C1 19.0742  35.2079  101.1778     20.0   19.9   70.0 -999.9  139    7.8 0 0 0
C1 19.0752  35.2079  101.1799     20.2   19.9   69.8 -999.9  144    7.5 0 0 0
C1 19.0762  35.2079  101.1821     20.0   20.2   69.5 -999.9  134    4.8 0 0 0
C1 19.0838  35.2079  101.1842     20.2   20.2   69.3 -999.9  138    7.0 0 0 0
C1 19.0848  35.2079  101.1864     20.1   20.2   69.0 -999.9  138    7.1 0 0 0
C1 19.0858  35.2079  101.1886     20.0   20.1   69.1 -999.9  139    6.4 0 0 0
C1 19.0868  35.2078  101.1908     20.1   20.5   69.1 -999.9  134    6.3 0 0 0
C1 19.0878  35.2078  101.1929     20.2   20.4   69.4 -999.9  149    4.3 0 0 0
C1 19.0888  35.2078  101.1948     20.2   20.2   69.6 -999.9  168    4.2 0 0 0
C1 19.0898  35.2079  101.1966     20.1   20.0   69.3 -999.9  167    5.0 0 0 0
C1 19.0908  35.2082  101.1981     20.1   20.1   69.0 -999.9  227    3.0 0 1 0
C1 19.0918  35.2082  101.1993     20.1   20.4   69.1 -999.9  158    4.1 0 1 0
C1 19.0928  35.2082  101.2005     20.1   20.7   69.3 -999.9  161    4.7 0 0 0
C1 19.1005  35.2082  101.2012     20.1   20.5   69.4 -999.9  236    8.4 0 1 0
C1 19.1015  35.2082  101.2013     20.1   20.2   69.6 -999.9  167    5.1 0 1 0
C1 19.1025  35.2082  101.2013     20.0   20.4   69.5 -999.9  139    4.3 0 0 0
C1 19.1035  35.2082  101.2013     19.9   20.5   69.2 -999.9  128    4.7 0 0 0
C1 19.1045  35.2082  101.2013     19.9   20.3   69.3 -999.9  125    3.8 0 0 0
C1 19.1055  35.2082  101.2013     19.9   20.3   69.5 -999.9  132    3.8 0 0 0
C1 19.1065  35.2082  101.2013     19.9   20.2   69.7 -999.9  120    3.0 0 0 0
C1 19.1075  35.2082  101.2013     19.9   20.0   69.8 -999.9  129    3.4 0 0 0
C1 19.1085  35.2082  101.2013     19.9   20.2   69.5 -999.9  139    4.7 0 0 0
C1 19.1095  35.2082  101.2013     19.9   20.0   69.2 -999.9  122    5.1 0 0 0
C1 19.1172  35.2082  101.2013     19.9   20.1   69.4 -999.9  127    4.0 0 0 0
C1 19.1182  35.2082  101.2013     19.9   20.3   69.6 -999.9  127    3.4 0 0 0
C1 19.1192  35.2081  101.2014     19.9   20.3   70.0 -999.9  132    3.2 0 0 0
C1 19.1202  35.2081  101.2014     19.9   20.3   69.5 -999.9  131    3.7 0 0 0
C1 19.1212  35.2081  101.2014     19.9   20.3   69.3 -999.9  125    3.8 0 0 0
C1 19.1222  35.2081  101.2014     19.9   20.1   69.5 -999.9  131    3.6 0 0 0
C1 19.1232  35.2081  101.2014     19.9   20.3   69.5 -999.9  141    4.4 0 0 0
C1 19.1242  35.2081  101.2014     19.9   20.4   69.3 -999.9  125    4.4 0 0 0
C1 19.1252  35.2081  101.2014     19.9   20.3   69.1 -999.9  133    4.3 0 0 0
C1 19.1262  35.2081  101.2014     19.9   20.5   69.3 -999.9  115    4.1 0 0 0
C1 19.1338  35.2081  101.2014     19.9   20.4   69.3 -999.9  120    5.9 0 0 0
C1 19.1348  35.2081  101.2013     19.9   20.2   69.1 -999.9  119    4.4 0 0 0
C1 19.1358  35.2081  101.2013     19.9   20.5   69.4 -999.9  125    3.6 0 0 0
C1 19.1368  35.2081  101.2013     19.9   20.1   69.6 -999.9  127    3.5 0 0 0
C1 19.1378  35.2081  101.2013     19.9   20.4   69.5 -999.9  118    3.9 0 0 0
C1 19.1388  35.2081  101.2013     19.9   20.0   69.3 -999.9  126    3.5 0 0 0
C1 19.1398  35.2081  101.2013     19.9   20.5   70.0 -999.9  123    2.9 0 0 0
C1 19.1408  35.2081  101.2013     19.9   20.1   69.9 -999.9  113    2.6 0 0 0
C1 19.1418  35.2081  101.2012     19.9   20.0   69.8 -999.9  122    2.8 0 0 0
C1 19.1428  35.2081  101.2012     19.9   20.1   69.8 -999.9  110    3.5 0 0 0
C1 19.1505  35.2081  101.2012     19.9   20.1   69.7 -999.9  134    4.0 0 0 0
C1 19.1515  35.2081  101.2012     19.9   20.5   69.2 -999.9  123    4.1 0 0 0
C1 19.1525  35.2081  101.2012     19.9   20.2   69.3 -999.9  128    3.7 0 0 0
C1 19.1535  35.2081  101.2011     19.9   20.2   69.1 -999.9  140    5.2 0 0 0
C1 19.1545  35.2081  101.2011     19.9   20.2   69.1 -999.9  134    4.7 0 0 0
C1 19.1555  35.2081  101.2011     19.9   20.4   69.4 -999.9  136    4.7 0 0 0
C1 19.1565  35.2081  101.2011     19.9   20.4   69.4 -999.9  135    5.4 0 0 0
C1 19.1575  35.2081  101.2010     19.9   20.2   69.6 -999.9  121    3.8 0 0 0
C1 19.1585  35.2081  101.2010     19.9   20.3   69.9 -999.9  117    3.1 0 0 0
C1 19.1595  35.2081  101.2010     19.9   20.4   69.6 -999.9  126    4.2 0 0 0
C1 19.1672  35.2081  101.2010     20.0   20.1   69.7 -999.9  113    3.7 0 0 0
C1 19.1682  35.2081  101.2010     20.1   20.4   70.0 -999.9  135    3.6 0 0 0
C1 19.1692  35.2081  101.2010     20.0   20.1   69.5 -999.9  137    4.1 0 0 0
C1 19.1702  35.2081  101.2009     19.9   20.1   69.6 -999.9  122    4.4 0 0 0
C1 19.1712  35.2081  101.2009     19.9   20.3   69.7 -999.9  130    3.7 0 0 0
C1 19.1722  35.2081  101.2009     19.9   20.1   69.6 -999.9  135    3.0 0 0 0
C1 19.1732  35.2081  101.2009     19.9   20.4   69.8 -999.9  122    4.8 0 0 0
C1 19.1742  35.2081  101.2009     19.9   20.2   69.6 -999.9  118    5.9 0 0 0
C1 19.1752  35.2081  101.2009     19.9   20.1   69.3 -999.9  113    5.6 0 0 0
C1 19.1762  35.2081  101.2009     19.9   20.2   69.6 -999.9  122    4.3 0 0 0
C1 19.1838  35.2081  101.2009     19.9   20.4   69.7 -999.9  140    4.2 0 0 0
C1 19.1848  35.2081  101.2009     19.9   20.1   69.6 -999.9  125    5.0 0 0 0
C1 19.1858  35.2080  101.2009     19.9   20.2   69.4 -999.9  128    4.8 0 0 0
C1 19.1868  35.2080  101.2009     19.9   20.1   69.5 -999.9  124    4.7 0 0 0
C1 19.1878  35.2080  101.2009     19.9   20.1   69.8 -999.9  146    3.2 0 0 0
C1 19.1888  35.2080  101.2009     19.9   20.0   69.8 -999.9  139    3.4 0 0 0
C1 19.1898  35.2080  101.2009     19.9   20.3   70.2 -999.9  137    3.6 0 0 0
C1 19.1908  35.2080  101.2009     19.9   20.0   69.9 -999.9  130    4.0 0 0 0
C1 19.1918  35.2080  101.2009     19.9   20.0   69.7 -999.9  139    3.7 0 0 0
C1 19.1928  35.2080  101.2009     19.9   19.9   69.8 -999.9  137    3.4 0 0 0
C1 19.2005  35.2080  101.2009     19.9   20.2   70.0 -999.9  139    4.2 0 0 0
C1 19.2015  35.2080  101.2009     19.9   20.2   69.8 -999.9  132    5.0 0 0 0
C1 19.2025  35.2080  101.2009     19.9   20.1   69.7 -999.9  132    5.5 0 0 0
C1 19.2035  35.2080  101.2009     19.9   20.1   69.8 -999.9  140    4.9 0 0 0
C1 19.2045  35.2081  101.2010     19.9   20.5   69.8 -999.9  136    4.7 0 0 0
C1 19.2055  35.2081  101.2010     19.9   20.3   69.7 -999.9  142    4.5 0 0 0
C1 19.2065  35.2081  101.2010     19.9   19.9   69.8 -999.9  154    3.6 0 0 0
C1 19.2075  35.2081  101.2010     19.9   20.3   70.1 -999.9  162    3.5 0 0 0
C1 19.2085  35.2081  101.2010     19.9   20.3   69.8 -999.9  163    4.0 0 0 0
C1 19.2095  35.2081  101.2011     19.9   20.3   69.7 -999.9  158    4.1 0 0 0
C1 19.2172  35.2081  101.2011     19.9   19.9   69.5 -999.9  147    4.2 0 0 0
C1 19.2182  35.2081  101.2013     19.9   20.1   69.8 -999.9  127    7.0 0 1 0
C1 19.2192  35.2081  101.2017     19.9   20.3   70.0 -999.9  116    5.0 0 0 0
C1 19.2202  35.2081  101.2024     19.9   20.3   70.2 -999.9  114    5.4 0 0 0
C1 19.2212  35.2079  101.2032     19.9   20.4   69.9 -999.9  159    3.5 0 0 0
C1 19.2222  35.2078  101.2039     19.9   20.1   70.0 -999.9  148    2.8 0 0 0
C1 19.2232  35.2078  101.2048     19.9   20.2   69.9 -999.9  109    6.1 0 1 0
C1 19.2242  35.2078  101.2061     19.9   20.5   69.9 -999.9  119    6.6 0 1 0
C1 19.2252  35.2078  101.2077     20.0   20.1   69.7 -999.9  119    5.0 0 0 0
C1 19.2262  35.2078  101.2093     20.0   20.3   70.0 -999.9  121    4.6 0 0 0
C1 19.2338  35.2078  101.2111     20.0   20.5   70.7 -999.9  150    3.6 0 0 0
C1 19.2348  35.2079  101.2129     20.1   20.1   70.6 -999.9  123    4.0 0 0 0
C1 19.2358  35.2080  101.2147     20.3   19.8   70.3 -999.9  108    4.3 0 0 0
C1 19.2368  35.2082  101.2165     20.3   19.9   70.2 -999.9  125    6.1 0 0 0
C1 19.2378  35.2082  101.2185     20.3   20.2   70.1 -999.9  115    6.7 0 0 0
C1 19.2388  35.2081  101.2204     20.4   20.2   70.1 -999.9  102    4.9 0 0 0
C1 19.2398  35.2080  101.2223     20.4   20.5   70.2 -999.9   69    4.9 0 0 0
C1 19.2408  35.2079  101.2243     20.4   20.2   70.5 -999.9   85    5.5 0 0 0
C1 19.2418  35.2079  101.2262     20.4   20.0   70.5 -999.9   85    5.2 0 0 0
C1 19.2428  35.2079  101.2282     20.4   20.6   70.8 -999.9   72    5.4 0 0 0
C1 19.2505  35.2080  101.2302     20.4   20.6   71.1 -999.9   68    4.4 0 0 0
C1 19.2515  35.2080  101.2323     20.4   20.2   71.9 -999.9   59    4.2 0 0 0
C1 19.2527  35.2080  101.2347     20.4   20.4   72.5 -999.9   64    2.5 0 0 0
C1 19.2535  35.2080  101.2364     20.4   20.4   72.4 -999.9   38    2.9 0 0 0
C1 19.2545  35.2080  101.2384     20.4   20.3   71.4 -999.9   87    2.3 0 0 0
C1 19.2555  35.2080  101.2404     20.4   20.2   70.9 -999.9   75    3.2 0 0 0
C1 19.2565  35.2080  101.2424     20.4   20.5   70.6 -999.9   90    4.9 0 0 0
C1 19.2575  35.2080  101.2445     20.5   20.4   69.0 -999.9   53    5.4 0 0 0
C1 19.2585  35.2080  101.2465     20.5   19.9   67.9 -999.9   69    5.2 0 0 0
C1 19.2595  35.2081  101.2486     20.8   20.3   66.8 -999.9   97    7.6 0 0 0
C1 19.2672  35.2081  101.2506     20.8   20.4   66.6 -999.9   99    6.2 0 0 0
C1 19.2682  35.2081  101.2527     20.8   20.5   66.7 -999.9  101    5.6 0 0 0
C1 19.2692  35.2081  101.2548     21.0   20.5   66.5 -999.9   97    5.2 0 0 0
C1 19.2702  35.2081  101.2569     21.1   20.1   66.0 -999.9   95    4.9 0 0 0
C1 19.2712  35.2081  101.2589     21.1   20.5   66.0 -999.9  107    6.0 0 0 0
C1 19.2722  35.2081  101.2610     21.1   21.0   66.0 -999.9  109    6.5 0 0 0
C1 19.2732  35.2081  101.2631     21.1   20.2   66.0 -999.9   90    6.3 0 0 0
C1 19.2742  35.2081  101.2651     21.2   20.6   65.9 -999.9  103    6.5 0 0 0
C1 19.2752  35.2081  101.2672     21.1   20.8   65.5 -999.9  115    6.6 0 0 0
C1 19.2762  35.2081  101.2694     21.2   20.8   64.8 -999.9   95    5.5 0 0 0
C1 19.2838  35.2081  101.2715     21.2   20.8   64.4 -999.9   97    5.5 0 0 0
C1 19.2848  35.2081  101.2736     21.2   21.1   64.3 -999.9  122    6.7 0 0 0
C1 19.2858  35.2081  101.2758     21.1   21.0   64.0 -999.9  123    6.0 0 0 0
C1 19.2868  35.2081  101.2779     21.1   20.8   63.8 -999.9  104    5.2 0 0 0
C1 19.2878  35.2082  101.2801     21.1   20.8   63.6 -999.9  118    4.8 0 0 0
C1 19.2888  35.2082  101.2822     21.1   21.2   63.3 -999.9  133    4.1 0 0 0
C1 19.2898  35.2082  101.2842     21.2   21.0   63.2 -999.9  122    4.9 0 0 0
C1 19.2908  35.2082  101.2862     21.3   20.8   63.4 -999.9  112    4.8 0 0 0
C1 19.2918  35.2082  101.2883     21.1   21.1   63.7 -999.9  102    3.9 0 0 0
C1 19.2928  35.2082  101.2904     21.3   21.0   63.5 -999.9  124    5.0 0 0 0
C1 19.3005  35.2082  101.2925     21.1   20.9   62.7 -999.9  102    4.2 0 0 0
C1 19.3015  35.2082  101.2946     21.4   21.0   61.9 -999.9  134    4.9 0 0 0
C1 19.3025  35.2082  101.2967     21.4   21.1   61.9 -999.9  110    4.1 0 0 0
C1 19.3035  35.2081  101.2988     21.5   21.4   62.1 -999.9  115    4.4 0 0 0
C1 19.3045  35.2081  101.3009     21.4   21.3   61.6 -999.9  108    4.5 0 0 0
C1 19.3055  35.2081  101.3030     21.4   20.5   61.4 -999.9  116    4.8 0 0 0
C1 19.3065  35.2081  101.3050     21.5   21.0   61.2 -999.9  112    4.8 0 0 0
C1 19.3075  35.2081  101.3071     21.6   21.4   60.5 -999.9   98    4.1 0 0 0
C1 19.3085  35.2080  101.3093     21.6   21.2   60.2 -999.9  115    5.5 0 0 0
C1 19.3095  35.2080  101.3114     21.6   21.3   60.4 -999.9  100    4.6 0 0 0
C1 19.3172  35.2080  101.3135     21.6   21.2   60.2 -999.9   99    5.0 0 0 0
C1 19.3182  35.2080  101.3156     21.6   21.0   60.0 -999.9   96    4.5 0 0 0
C1 19.3192  35.2079  101.3177     21.8   21.6   59.9 -999.9   96    4.6 0 0 0
C1 19.3202  35.2079  101.3197     21.8   21.6   60.0 -999.9  111    6.3 0 0 0
C1 19.3212  35.2079  101.3217     21.8   21.1   59.6 -999.9   67    5.0 0 0 0
C1 19.3222  35.2079  101.3238     21.8   21.2   59.3 -999.9  114    5.3 0 0 0
C1 19.3232  35.2078  101.3259     21.8   21.5   59.1 -999.9  113    5.2 0 0 0
C1 19.3242  35.2078  101.3279     21.8   21.2   59.6 -999.9  109    4.7 0 0 0
C1 19.3252  35.2078  101.3300     21.8   22.0   59.5 -999.9  113    5.4 0 0 0
C1 19.3262  35.2077  101.3321     21.9   21.5   59.0 -999.9  110    5.1 0 0 0
C1 19.3338  35.2077  101.3341     21.8   21.5   58.9 -999.9  110    4.3 0 0 0
C1 19.3348  35.2077  101.3362     21.8   21.3   58.6 -999.9   99    4.9 0 0 0
C1 19.3358  35.2077  101.3382     21.9   21.3   58.5 -999.9   94    5.7 0 0 0
C1 19.3368  35.2077  101.3403     21.9   21.3   58.3 -999.9  119    6.8 0 0 0
C1 19.3378  35.2076  101.3423     21.9   21.6   58.0 -999.9  106    5.9 0 0 0
C1 19.3388  35.2076  101.3444     22.1   21.6   57.8 -999.9   91    5.7 0 0 0
C1 19.3398  35.2076  101.3466     22.0   21.9   57.9 -999.9  112    5.8 0 0 0
C1 19.3408  35.2076  101.3487     22.1   21.8   57.8 -999.9   96    6.8 0 0 0
C1 19.3418  35.2076  101.3509     22.1   21.9   58.1 -999.9   97    6.7 0 0 0
C1 19.3428  35.2076  101.3531     22.1   21.9   58.0 -999.9   89    7.3 0 0 0
C1 19.3505  35.2076  101.3553     22.3   21.7   57.6 -999.9   97    6.8 0 0 0
C1 19.3515  35.2077  101.3574     22.3   21.6   57.7 -999.9  100    6.8 0 0 0
C1 19.3525  35.2079  101.3595     22.3   22.1   57.5 -999.9   98    7.7 0 0 0
C1 19.3535  35.2084  101.3616     22.3   22.1   58.3 -999.9  105    7.2 0 0 0
C1 19.3545  35.2090  101.3636     22.3   22.1   58.5 -999.9  104    7.1 0 0 0
C1 19.3555  35.2098  101.3655     22.1   21.9   58.8 -999.9  109    4.9 0 0 0
C1 19.3565  35.2106  101.3675     22.1   22.2   59.3 -999.9  107    5.1 0 0 0
C1 19.3575  35.2114  101.3695     22.0   22.0   59.0 -999.9   94    4.9 0 0 0
C1 19.3585  35.2121  101.3714     22.0   22.4   58.9 -999.9   94    4.9 0 0 0
C1 19.3595  35.2129  101.3732     21.9   22.5   59.1 -999.9   91    5.0 0 0 0
C1 19.3672  35.2136  101.3751     22.0   22.1   60.0 -999.9   80    4.9 0 0 0
C1 19.3682  35.2144  101.3769     21.9   22.4   60.5 -999.9   92    5.1 0 0 0
C1 19.3692  35.2151  101.3788     21.9   21.8   61.0 -999.9  101    6.1 0 0 0
C1 19.3702  35.2159  101.3807     21.8   21.9   61.4 -999.9   97    5.9 0 0 0
C1 19.3712  35.2166  101.3826     21.8   22.1   61.6 -999.9  106    5.9 0 0 0
C1 19.3722  35.2174  101.3845     21.9   21.9   61.7 -999.9  117    7.3 0 0 0
C1 19.3732  35.2182  101.3865     21.8   22.0   61.7 -999.9  108    6.9 0 0 0
C1 19.3742  35.2190  101.3884     21.9   22.1   64.0 -999.9   81    5.8 0 0 0
C1 19.3752  35.2197  101.3903     21.8   22.0   64.2 -999.9   94    5.1 0 0 0
C1 19.3762  35.2205  101.3922     21.6   21.9   64.0 -999.9   85    6.0 0 0 0
C1 19.3838  35.2210  101.3942     21.7   22.0   63.7 -999.9  131    6.5 0 0 0
C1 19.3848  35.2214  101.3963     21.6   22.3   64.7 -999.9   98    7.6 0 0 0
C1 19.3858  35.2216  101.3983     21.5   21.9   63.5 -999.9   81    6.9 0 0 0
C1 19.3868  35.2216  101.4003     21.1   22.1   63.0 -999.9   86    5.7 0 0 0
C1 19.3878  35.2216  101.4024     20.9   22.1   63.3 -999.9   71    4.4 0 0 0
C1 19.3888  35.2216  101.4044     20.8   21.7   63.1 -999.9   56    5.3 0 0 0
C1 19.3898  35.2216  101.4064     20.8   22.0   63.3 -999.9   69    3.9 0 0 0
C1 19.3908  35.2216  101.4084     20.5   21.9   63.6 -999.9   55    5.2 0 0 0
C1 19.3918  35.2216  101.4104     20.8   21.8   63.7 -999.9   59    5.3 0 0 0
C1 19.3928  35.2216  101.4124     20.4   21.2   64.2 -999.9   94    5.8 0 0 0
C1 19.4005  35.2215  101.4144     20.5   21.6   64.6 -999.9   94    8.4 0 0 0
C1 19.4015  35.2215  101.4164     20.5   22.0   65.2 -999.9   92   10.8 0 0 0
C1 19.4025  35.2214  101.4185     20.6   21.8   65.9 -999.9   89    8.5 0 0 0
C1 19.4035  35.2214  101.4206     20.5   21.7   65.6 -999.9   96    8.6 0 0 0
C1 19.4045  35.2214  101.4226     20.7   21.3   65.5 -999.9  107    9.4 0 0 0
C1 19.4055  35.2214  101.4247     20.6   21.2   65.1 -999.9   90    8.5 0 0 0
C1 19.4065  35.2214  101.4267     20.6   21.3   65.2 -999.9   94    8.3 0 0 0
C1 19.4075  35.2213  101.4287     20.6   21.6   65.6 -999.9   95    5.3 0 0 0
C1 19.4085  35.2213  101.4308     20.4   21.7   65.5 -999.9   94    7.2 0 0 0
C1 19.4095  35.2213  101.4328     20.4   21.6   66.0 -999.9   74    6.5 0 0 0
C1 19.4172  35.2213  101.4347     20.5   21.6   66.4 -999.9   79    7.9 0 0 0
C1 19.4182  35.2213  101.4367     20.4   21.1   66.1 -999.9   98    8.2 0 0 0
C1 19.4193  35.2213  101.4390     20.5   21.4   65.8 -999.9   89    4.6 0 0 0
C1 19.4202  35.2213  101.4406     20.5   21.6   65.3 -999.9   98    8.6 0 0 0
C1 19.4212  35.2213  101.4426     20.4   21.0   65.7 -999.9   80    7.7 0 0 0
C1 19.4222  35.2213  101.4446     20.5   21.3   65.7 -999.9   84    8.2 0 0 0
C1 19.4232  35.2213  101.4467     20.6   21.5   65.7 -999.9   75    9.1 0 0 0
C1 19.4242  35.2213  101.4487     20.8   20.9   65.7 -999.9  101    8.8 0 0 0
C1 19.4252  35.2213  101.4506     20.9   21.0   65.8 -999.9   82    7.9 0 0 0
C1 19.4262  35.2213  101.4526     21.0   21.1   65.7 -999.9   95    8.7 0 0 0
C1 19.4338  35.2213  101.4546     21.0   21.4   65.3 -999.9   82    7.4 0 0 0
C1 19.4348  35.2213  101.4566     21.0   21.1   65.0 -999.9  110    7.9 0 0 0
C1 19.4358  35.2213  101.4586     21.0   21.4   65.3 -999.9  105    7.3 0 0 0
C1 19.4368  35.2213  101.4606     21.0   21.1   64.9 -999.9   91    9.1 0 0 0
C1 19.4378  35.2213  101.4627     21.1   21.3   65.8 -999.9   99    8.5 0 0 0
C1 19.4388  35.2213  101.4647     21.2   21.0   65.9 -999.9   87    9.7 0 0 0
C1 19.4398  35.2214  101.4668     21.2   21.4   65.0 -999.9   87   10.6 0 0 0
C1 19.4408  35.2214  101.4688     21.2   21.2   64.1 -999.9   93   10.3 0 0 0
C1 19.4418  35.2214  101.4708     21.4   21.0   64.1 -999.9   95    9.7 0 0 0
C1 19.4428  35.2214  101.4729     21.5   21.2   64.8 -999.9   90   10.4 0 0 0
C1 19.4505  35.2214  101.4750     21.5   21.4   66.0 -999.9   97    8.6 0 0 0
C1 19.4515  35.2214  101.4770     21.6   21.6   66.3 -999.9  104    7.8 0 0 0
C1 19.4525  35.2214  101.4791     21.7   21.1   66.4 -999.9   90    7.9 0 0 0
C1 19.4535  35.2214  101.4812     21.6   21.4   66.5 -999.9  100    8.4 0 0 0
C1 19.4545  35.2215  101.4832     21.8   21.4   66.3 -999.9   99    8.5 0 0 0
C1 19.4555  35.2215  101.4853     21.8   21.2   66.2 -999.9   84    9.5 0 0 0
C1 19.4565  35.2215  101.4873     21.8   21.7   66.1 -999.9   98    8.8 0 0 0
C1 19.4575  35.2215  101.4893     21.8   21.6   66.6 -999.9   97    9.4 0 0 0
C1 19.4585  35.2216  101.4913     21.8   21.3   66.1 -999.9   93   10.0 0 0 0
C1 19.4595  35.2216  101.4933     21.8   21.4   66.6 -999.9   93    9.0 0 0 0
C1 19.4672  35.2216  101.4953     21.8   21.4   67.9 -999.9   95    8.4 0 0 0
C1 19.4682  35.2216  101.4973     21.8   21.3   67.8 -999.9   97    9.0 0 0 0
C1 19.4692  35.2216  101.4993     21.9   21.8   67.9 -999.9   88    8.1 0 0 0
C1 19.4702  35.2216  101.5013     21.8   21.4   67.1 -999.9   98    9.0 0 0 0
C1 19.4712  35.2216  101.5034     21.8   21.6   67.3 -999.9   98    9.1 0 0 0
C1 19.4722  35.2216  101.5053     21.9   21.5   67.4 -999.9   91    8.1 0 0 0
C1 19.4732  35.2216  101.5072     21.9   21.8   67.4 -999.9   99    9.1 0 0 0
C1 19.4742  35.2216  101.5092     21.9   21.9   67.9 -999.9   89    7.0 0 0 0
C1 19.4752  35.2216  101.5112     22.0   21.8   68.0 -999.9   99    5.6 0 0 0
C1 19.4762  35.2216  101.5132     22.0   21.6   67.5 -999.9   95    7.5 0 0 0
C1 19.4838  35.2216  101.5153     22.0   21.6   67.6 -999.9   82    8.6 0 0 0
C1 19.4848  35.2216  101.5173     21.9   21.4   67.4 -999.9   92    8.2 0 0 0
C1 19.4858  35.2216  101.5194     21.9   21.9   66.7 -999.9   80    8.3 0 0 0
C1 19.4868  35.2216  101.5215     21.9   21.6   67.6 -999.9   87    5.9 0 0 0
C1 19.4878  35.2216  101.5236     21.9   21.4   67.8 -999.9   83    6.5 0 0 0
C1 19.4888  35.2215  101.5256     22.0   21.5   68.0 -999.9   83    7.7 0 0 0
C1 19.4898  35.2215  101.5277     22.0   21.8   68.2 -999.9   90    7.5 0 0 0
C1 19.4908  35.2215  101.5297     22.1   22.0   68.2 -999.9   86    8.2 0 0 0
C1 19.4918  35.2215  101.5317     22.1   22.1   67.7 -999.9   80    9.0 0 0 0
C1 19.4928  35.2215  101.5338     22.2   21.8   67.8 -999.9   91    7.8 0 0 0
C1 19.5005  35.2214  101.5357     22.3   22.1   67.1 -999.9   91   10.7 0 0 0
C1 19.5015  35.2214  101.5378     22.4   22.2   67.9 -999.9   86    9.4 0 0 0
C1 19.5025  35.2214  101.5399     22.5   22.2   68.0 -999.9   92    8.9 0 0 0
C1 19.5035  35.2214  101.5420     22.5   21.9   67.1 -999.9   90    8.3 0 0 0
C1 19.5045  35.2214  101.5442     22.5   22.2   67.2 -999.9   90    7.4 0 0 0
C1 19.5055  35.2214  101.5463     22.5   22.1   67.3 -999.9   78    5.2 0 0 0
C1 19.5065  35.2213  101.5484     22.5   22.2   67.0 -999.9   71    6.8 0 0 0
C1 19.5075  35.2213  101.5504     22.5   22.1   66.8 -999.9   71    5.2 0 0 0
C1 19.5085  35.2213  101.5525     22.3   22.0   66.4 -999.9   71    7.4 0 0 0
C1 19.5095  35.2213  101.5546     22.3   22.0   65.8 -999.9   83    6.4 0 0 0
C1 19.5172  35.2212  101.5567     22.3   22.1   66.5 -999.9   60    6.0 0 0 0
C1 19.5182  35.2212  101.5588     22.3   21.9   66.5 -999.9   65    6.1 0 0 0
C1 19.5192  35.2212  101.5609     22.3   22.3   66.2 -999.9   65    5.7 0 0 0
C1 19.5202  35.2212  101.5630     22.3   22.0   65.0 -999.9   74    7.0 0 0 0
C1 19.5212  35.2211  101.5651     22.3   22.3   65.3 -999.9   80    7.1 0 0 0
C1 19.5222  35.2211  101.5672     22.3   22.5   65.1 -999.9   52    8.5 0 0 0
C1 19.5232  35.2211  101.5693     22.5   22.2   65.4 -999.9   60   10.9 0 0 0
C1 19.5242  35.2210  101.5714     22.5   22.0   65.0 -999.9   88    9.0 0 0 0
C1 19.5252  35.2210  101.5736     22.6   22.2   65.3 -999.9   81   10.0 0 0 0
C1 19.5262  35.2210  101.5757     22.6   22.2   65.1 -999.9   89    7.5 0 0 0
C1 19.5338  35.2209  101.5779     22.5   22.3   64.8 -999.9   72    6.8 0 0 0
C1 19.5348  35.2209  101.5801     22.6   22.3   64.9 -999.9   63    6.1 0 0 0
C1 19.5358  35.2209  101.5823     22.5   21.9   63.5 -999.9   82    8.2 0 0 0
C1 19.5368  35.2209  101.5845     22.4   22.4   63.5 -999.9   86    8.3 0 0 0
C1 19.5378  35.2209  101.5867     22.4   22.5   63.7 -999.9   92    9.5 0 0 0
C1 19.5388  35.2210  101.5889     22.5   22.3   65.0 -999.9   93    9.4 0 0 0
C1 19.5398  35.2210  101.5911     22.8   22.3   66.2 -999.9   77    7.7 0 0 0
C1 19.5408  35.2210  101.5933     22.9   22.1   65.9 -999.9   76    8.2 0 0 0
C1 19.5418  35.2210  101.5955     22.9   22.7   65.3 -999.9   75    7.9 0 0 0
C1 19.5428  35.2210  101.5976     22.6   22.6   64.8 -999.9   77    8.6 0 0 0
C1 19.5505  35.2207  101.5997     22.6   22.2   64.6 -999.9   77    9.0 0 1 0
C1 19.5515  35.2200  101.6017     22.6   22.6   65.0 -999.9   83    9.2 0 1 0
C1 19.5525  35.2190  101.6035     22.6   22.2   64.5 -999.9   84    9.5 0 1 0
C1 19.5535  35.2178  101.6051     22.5   22.5   65.0 -999.9   88    8.4 0 0 0
C1 19.5545  35.2166  101.6067     22.6   22.4   64.8 -999.9   88    8.7 0 0 0
C1 19.5555  35.2154  101.6082     22.6   22.4   65.0 -999.9   77    9.2 0 0 0
C1 19.5565  35.2143  101.6098     22.6   22.7   64.7 -999.9   77    8.6 0 0 0
C1 19.5575  35.2131  101.6114     22.6   22.8   64.7 -999.9   71    7.9 0 0 0
C1 19.5585  35.2120  101.6129     22.5   22.4   64.7 -999.9   76    7.5 0 0 0
C1 19.5595  35.2108  101.6145     22.5   22.3   64.9 -999.9   91    4.9 0 0 0
C1 19.5672  35.2097  101.6160     22.6   22.3   64.6 -999.9   96    6.8 0 0 0
C1 19.5682  35.2086  101.6176     22.6   22.7   64.8 -999.9   82    6.5 0 0 0
C1 19.5692  35.2077  101.6193     22.5   22.4   64.8 -999.9  103    8.3 0 1 0
C1 19.5702  35.2071  101.6213     22.5   22.8   65.0 -999.9   85    7.1 0 1 0
C1 19.5712  35.2069  101.6235     22.6   22.9   65.1 -999.9   92    8.5 0 1 0
C1 19.5722  35.2069  101.6256     22.7   22.4   65.4 -999.9   85    8.2 0 0 0
C1 19.5732  35.2069  101.6278     22.8   22.7   65.0 -999.9   94    9.0 0 0 0
C1 19.5742  35.2069  101.6299     22.8   22.4   64.9 -999.9   79    9.7 0 0 0
C1 19.5752  35.2069  101.6321     22.8   22.5   64.8 -999.9   95   10.2 0 0 0
C1 19.5762  35.2069  101.6342     22.9   22.4   64.7 -999.9   91    9.1 0 0 0
C1 19.5838  35.2069  101.6364     23.0   22.7   65.5 -999.9   84    9.5 0 0 0
C1 19.5848  35.2069  101.6386     23.1   23.2   65.7 -999.9   95   10.3 0 0 0
C1 19.5858  35.2069  101.6407     23.1   23.0   65.7 -999.9   87    9.5 0 0 0
C1 19.5868  35.2069  101.6429     23.1   22.6   65.5 -999.9   89   10.0 0 0 0
C1 19.5878  35.2069  101.6451     23.1   22.8   64.9 -999.9   94   10.7 0 0 0
C1 19.5888  35.2069  101.6472     23.1   23.1   31.2 -999.9   86   10.9 1 0 0
C1 19.5898  35.2069  101.6493     23.1   22.8   65.0 -999.9   91   11.2 0 0 0
C1 19.5908  35.2069  101.6514     23.1   22.6   64.9 -999.9   83   11.1 0 0 0
C1 19.5918  35.2069  101.6534     23.2   22.9   64.7 -999.9   87   12.6 0 0 0
C1 19.5928  35.2069  101.6555     23.1   22.9   64.7 -999.9   93   10.3 0 0 0
C1 19.6005  35.2068  101.6575     23.1   22.8   65.1 -999.9   86   10.1 0 0 0
C1 19.6015  35.2066  101.6595     23.1   22.8   65.1 -999.9   86    8.9 0 0 0
C1 19.6025  35.2063  101.6614     23.1   22.8   66.0 -999.9   91    5.0 0 0 0
C1 19.6035  35.2060  101.6633     23.0   23.0   65.8 -999.9   95    6.4 0 0 0
C1 19.6045  35.2057  101.6653     23.0   23.0   66.2 -999.9   89    6.8 0 0 0
C1 19.6055  35.2054  101.6674     23.1   23.4   66.8 -999.9   91    6.5 0 0 0
C1 19.6065  35.2052  101.6694     23.1   22.8   66.8 -999.9   89    5.6 0 0 0
C1 19.6075  35.2049  101.6715     23.1   23.1   67.3 -999.9  116    7.1 0 0 0
C1 19.6085  35.2046  101.6735     23.1   22.7   67.3 -999.9  107    7.7 0 0 0
C1 19.6095  35.2043  101.6755     23.1   23.1   67.0 -999.9  105    6.8 0 0 0
C1 19.6172  35.2040  101.6775     23.1   23.1   66.8 -999.9   91    8.7 0 0 0
C1 19.6182  35.2036  101.6795     23.1   22.8   66.5 -999.9   79    8.8 0 1 0
C1 19.6192  35.2028  101.6813     23.1   23.2   66.1 -999.9   72    6.9 0 1 0
C1 19.6202  35.2017  101.6829     23.0   22.8   65.6 -999.9   63    6.8 0 1 0
C1 19.6212  35.2005  101.6844     23.0   23.0   65.8 -999.9   75    5.2 0 0 0
C1 19.6222  35.1993  101.6858     22.8   22.8   65.3 -999.9   81    5.4 0 0 0
C1 19.6232  35.1980  101.6874     22.6   22.7   65.2 -999.9   77    6.2 0 0 0
C1 19.6242  35.1967  101.6890     22.6   22.6   65.5 -999.9   90    5.9 0 0 0
C1 19.6252  35.1955  101.6905     22.6   23.2   66.2 -999.9   97    5.0 0 0 0
C1 19.6262  35.1943  101.6920     22.6   23.0   66.2 -999.9   93    3.6 0 0 0
C1 19.6338  35.1935  101.6937     22.6   23.0   66.7 -999.9  107    7.0 0 1 0
C1 19.6348  35.1929  101.6955     22.7   23.2   66.9 -999.9   74    6.8 0 1 0
C1 19.6358  35.1927  101.6975     23.0   23.0   67.0 -999.9   80    8.2 0 1 0
C1 19.6368  35.1927  101.6995     23.1   22.9   67.4 -999.9   87    7.6 0 0 0
C1 19.6378  35.1927  101.7015     23.1   22.9   67.2 -999.9   90    8.6 0 0 0
C1 19.6388  35.1928  101.7035     23.1   23.4   66.8 -999.9   93    9.3 0 0 0
C1 19.6398  35.1928  101.7053     23.1   22.9   67.2 -999.9   82    7.9 0 0 0
C1 19.6408  35.1928  101.7072     23.0   22.9   67.6 -999.9   88   10.0 0 0 0
C1 19.6418  35.1928  101.7091     23.0   22.8   67.8 -999.9   97    8.8 0 0 0
C1 19.6428  35.1928  101.7110     23.1   22.9   67.5 -999.9   89    9.1 0 0 0
C1 19.6505  35.1929  101.7129     23.1   23.1   66.9 -999.9   78    6.4 0 0 0
C1 19.6515  35.1930  101.7147     23.0   23.1   66.1 -999.9   91    5.6 0 0 0
C1 19.6525  35.1930  101.7165     23.0   22.7   66.1 -999.9   59    5.2 0 0 0
C1 19.6535  35.1930  101.7184     22.9   22.8   66.3 -999.9   61    6.3 0 0 0
C1 19.6545  35.1930  101.7203     22.9   23.8   66.6 -999.9   57    5.5 0 0 0
C1 19.6555  35.1930  101.7222     22.9   23.1   65.9 -999.9   66    4.7 0 0 0
C1 19.6565  35.1930  101.7241     22.8   22.8   65.8 -999.9   91    5.0 0 0 0
C1 19.6575  35.1929  101.7260     22.8   23.0   65.2 -999.9   92    6.0 0 0 0
C1 19.6585  35.1929  101.7279     22.9   23.2   65.2 -999.9   47    5.1 0 0 0
C1 19.6595  35.1929  101.7297     22.8   23.0   65.1 -999.9   44    6.2 0 0 0
C1 19.6672  35.1929  101.7315     22.6   23.1   64.8 -999.9   51    6.2 0 0 0
C1 19.6682  35.1928  101.7333     22.6   23.3   64.8 -999.9   49    7.0 0 0 0
C1 19.6692  35.1928  101.7352     22.6   23.0   64.1 -999.9   64    7.0 0 0 0
C1 19.6702  35.1928  101.7370     22.4   22.8   64.5 -999.9   66    7.8 0 0 0
C1 19.6712  35.1928  101.7388     22.4   23.0   64.4 -999.9   50    9.8 0 0 0
C1 19.6722  35.1928  101.7407     22.3   22.7   64.8 -999.9   63    8.5 0 0 0
C1 19.6732  35.1927  101.7426     22.4   23.0   64.7 -999.9   42    9.2 0 0 0
C1 19.6742  35.1927  101.7445     22.4   23.1   64.4 -999.9   56    7.7 0 0 0
C1 19.6752  35.1927  101.7465     22.5   23.1   43.6 -999.9   45    7.8 0 0 0
C1 19.6762  35.1927  101.7484     22.5   23.1   43.2 -999.9   55    6.4 0 0 0
C1 19.6838  35.1927  101.7503     22.4   22.7   64.7 -999.9   45    5.5 0 0 0
C1 19.6848  35.1927  101.7521     22.4   22.8   64.1 -999.9   57    5.6 0 0 0
C1 19.6858  35.1927  101.7540     22.3   22.9   62.1 -999.9   51    5.4 0 0 0
C1 19.6868  35.1927  101.7558     22.1   22.7   58.9 -999.9   50    5.4 0 0 0
C1 19.6878  35.1927  101.7576     22.0   22.9   57.3 -999.9   59    4.7 0 0 0
C1 19.6888  35.1926  101.7595     22.0   22.6   57.1 -999.9   60    6.3 0 0 0
C1 19.6898  35.1927  101.7614     21.9   22.5   57.9 -999.9   63    4.5 0 0 0
C1 19.6908  35.1927  101.7633     22.0   22.8   58.9 -999.9   87    3.7 0 0 0
C1 19.6918  35.1927  101.7651     21.9   22.9   59.6 -999.9   28    5.1 0 0 0
C1 19.6928  35.1927  101.7669     21.9   22.9   60.0 -999.9   46    5.1 0 0 0
C1 19.7005  35.1927  101.7686     21.8   22.9   60.0 -999.9   53    7.2 0 0 0
C1 19.7015  35.1927  101.7704     22.4   22.8   60.4 -999.9   66    6.6 0 0 0
C1 19.7025  35.1927  101.7722     21.7   22.7   60.9 -999.9   53    7.5 0 0 0
C1 19.7035  35.1927  101.7739     21.7   22.8   61.5 -999.9   47    8.9 0 0 0
C1 19.7045  35.1927  101.7757     21.8   22.6   61.9 -999.9   59    6.5 0 0 0
C1 19.7055  35.1928  101.7775     21.8   22.6   61.6 -999.9   56    6.3 0 0 0
C1 19.7065  35.1927  101.7792     21.8   23.0   61.2 -999.9   62    6.6 0 0 0
C1 19.7075  35.1927  101.7810     21.7   22.7   60.4 -999.9   56    6.1 0 0 0
C1 19.7085  35.1928  101.7828     21.7   22.4   60.9 -999.9   72    5.5 0 0 0
C1 19.7095  35.1928  101.7846     21.6   22.3   61.1 -999.9   66    7.4 0 0 0
C1 19.7172  35.1928  101.7864     21.6   22.5   60.9 -999.9   55    6.5 0 0 0
C1 19.7182  35.1928  101.7882     21.6   22.3   60.9 -999.9   50    9.1 0 0 0
C1 19.7192  35.1928  101.7901     21.5   22.5   60.5 -999.9   60    6.2 0 0 0
C1 19.7202  35.1929  101.7919     21.5   22.3   61.1 -999.9   68    7.0 0 0 0
C1 19.7212  35.1932  101.7937     21.5   22.3   62.0 -999.9   72    7.5 0 0 0
C1 19.7222  35.1935  101.7955     21.7   22.4   62.6 -999.9   70    5.9 0 0 0
C1 19.7232  35.1937  101.7973     21.8   22.5   62.7 -999.9   96    6.1 0 0 0
C1 19.7242  35.1937  101.7992     21.8   22.3   62.9 -999.9   86    6.8 0 0 0
C1 19.7252  35.1937  101.8011     21.8   22.3   63.2 -999.9   86    6.9 0 0 0
C1 19.7262  35.1937  101.8030     22.0   22.1   63.8 -999.9   84    7.3 0 0 0
C1 19.7338  35.1937  101.8048     21.9   22.3   63.5 -999.9   60    7.1 0 0 0
C1 19.7348  35.1936  101.8066     21.8   22.1   62.9 -999.9   75    8.0 0 0 0
C1 19.7358  35.1936  101.8085     21.8   22.1   62.9 -999.9   85    7.2 0 0 0
C1 19.7368  35.1934  101.8103     21.9   22.1   63.8 -999.9   82    6.9 0 0 0
C1 19.7378  35.1933  101.8122     21.8   22.2   63.7 -999.9   85    7.6 0 0 0
C1 19.7388  35.1931  101.8140     21.8   22.2   64.7 -999.9   72    9.9 0 0 0
C1 19.7398  35.1930  101.8159     21.9   22.6   65.3 -999.9   70    7.9 0 0 0
C1 19.7408  35.1928  101.8177     22.0   22.2   66.0 -999.9   70    7.3 0 0 0
C1 19.7418  35.1927  101.8195     22.1   22.2   65.5 -999.9   87    8.4 0 0 0
C1 19.7428  35.1926  101.8214     22.5   22.3   65.5 -999.9   76    5.9 0 0 0
C1 19.7505  35.1926  101.8232     22.5   22.4   65.1 -999.9   76    3.7 0 0 0
C1 19.7515  35.1925  101.8251     22.4   21.9   65.2 -999.9   63    5.4 0 0 0
C1 19.7525  35.1925  101.8269     22.5   22.2   65.2 -999.9   68    3.6 0 0 0
C1 19.7535  35.1925  101.8287     22.4   22.5   64.6 -999.9   61    4.8 0 0 0
C1 19.7545  35.1925  101.8305     22.5   22.3   65.1 -999.9   85    5.1 0 0 0
C1 19.7555  35.1925  101.8323     22.6   22.6   64.8 -999.9   73    6.0 0 0 0
C1 19.7565  35.1925  101.8336     22.5   22.3   63.7 -999.9  123    1.7 0 1 0
C1 19.7575  35.1933  101.8347     22.6   22.4   64.5 -999.9  127    6.1 0 1 0
C1 19.7585  35.1940  101.8356     22.6   22.7   64.2 -999.9   65    2.1 0 0 0
C1 19.7595  35.1946  101.8367     22.6   22.2   63.7 -999.9   22    3.9 0 1 0
C1 19.7672  35.1944  101.8379     22.6   22.2   63.2 -999.9   66    5.6 0 1 0
C1 19.7682  35.1936  101.8388     22.5   22.2   63.5 -999.9   96    2.6 0 1 0
C1 19.7692  35.1927  101.8392     22.4   22.6   63.7 -999.9   60    2.2 0 1 0
C1 19.7702  35.1920  101.8384     22.5   22.5   64.9 -999.9   13    1.2 0 1 0
C1 19.7712  35.1912  101.8379     22.6   22.5   64.9 -999.9  128    1.8 0 1 0
C1 19.7722  35.1901  101.8379     22.8   22.8   64.1 -999.9   58    2.9 0 1 0
C1 19.7732  35.1889  101.8381     22.9   22.3   64.1 -999.9   32    2.5 0 0 0
C1 19.7742  35.1875  101.8384     22.9   22.8   63.9 -999.9   50    4.2 0 0 0
C1 19.7752  35.1861  101.8384     23.0   22.8   63.7 -999.9   73    2.6 0 0 0
C1 19.7762  35.1848  101.8383     22.9   22.5   63.6 -999.9   62    5.0 0 0 0
C1 19.7838  35.1833  101.8384     22.9   22.7   63.6 -999.9   70    3.2 0 0 0
C1 19.7848  35.1820  101.8389     23.0   22.6   63.8 -999.9   90    5.3 0 1 0
C1 19.7858  35.1808  101.8398     23.1   22.2   63.6 -999.9   86    3.9 0 0 0
C1 19.7868  35.1795  101.8407     23.2   22.6   63.4 -999.9   51    2.0 0 0 0
C1 19.7878  35.1783  101.8416     23.3   22.6   63.1 -999.9   67    3.0 0 0 0
C1 19.7888  35.1774  101.8428     23.4   22.7   62.2 -999.9   88    3.8 0 1 0
C1 19.7898  35.1769  101.8445     23.4   23.0   61.4 -999.9   65    3.9 0 1 0
C1 19.7908  35.1769  101.8462     23.2   22.6   61.0 -999.9   94    5.8 0 1 0
C1 19.7918  35.1769  101.8479     23.2   22.6   60.7 -999.9  104    5.7 0 0 0
C1 19.7928  35.1769  101.8497     23.3   22.5   60.4 -999.9   96    6.7 0 0 0
C1 19.8005  35.1769  101.8515     23.3   22.7   60.6 -999.9   89    6.6 0 0 0
C1 19.8015  35.1767  101.8533     23.5   23.3   60.8 -999.9   86    6.5 0 1 0
C1 19.8025  35.1760  101.8549     23.5   22.7   61.0 -999.9  100    5.9 0 1 0
C1 19.8035  35.1754  101.8564     23.3   22.9   60.9 -999.9   72    6.2 0 0 0
C1 19.8045  35.1747  101.8580     23.5   22.9   61.2 -999.9   66    4.1 0 0 0
C1 19.8055  35.1739  101.8595     23.6   23.3   61.5 -999.9  114    5.3 0 0 0
C1 19.8065  35.1733  101.8611     23.7   23.0   61.0 -999.9   91    2.4 0 0 0
C1 19.8075  35.1726  101.8626     23.8   22.7   60.6 -999.9  112    3.9 0 0 0
C1 19.8085  35.1718  101.8640     23.7   22.9   60.1 -999.9   92    4.0 0 0 0
C1 19.8095  35.1709  101.8653     23.6   23.5   60.5 -999.9  101    4.4 0 0 0
C1 19.8172  35.1700  101.8666     23.4   22.9   60.3 -999.9   65    6.2 0 0 0
C1 19.8182  35.1689  101.8677     23.4   23.2   60.2 -999.9   50    9.3 0 0 0
C1 19.8192  35.1678  101.8688     23.6   23.1   60.3 -999.9   61    3.5 0 0 0
C1 19.8202  35.1666  101.8698     23.8   22.9   60.3 -999.9   81    4.7 0 0 0
C1 19.8212  35.1655  101.8708     23.9   22.9   59.7 -999.9   98    3.4 0 0 0
C1 19.8222  35.1644  101.8718     23.7   22.9   58.7 -999.9   35    3.2 0 0 0
C1 19.8232  35.1632  101.8727     23.7   23.4   58.6 -999.9   55    8.4 0 0 0
C1 19.8242  35.1621  101.8737     23.8   23.6   58.9 -999.9   88    6.7 0 0 0
C1 19.8252  35.1610  101.8747     23.9   23.7   60.4 -999.9   73    2.8 0 0 0
C1 19.8262  35.1598  101.8757     24.5   23.4   64.0 -999.9  106    3.5 0 0 0
C1 19.8338  35.1586  101.8767     24.9   23.2   64.2 -999.9  112    4.4 0 0 0
C1 19.8348  35.1574  101.8777     25.2   23.6   63.8 -999.9  122    5.2 0 0 0
C1 19.8358  35.1562  101.8788     25.2   24.2   64.5 -999.9  131    6.0 0 0 0
C1 19.8368  35.1550  101.8798     25.4   23.9   63.7 -999.9  132    4.7 0 0 0
C1 19.8378  35.1538  101.8809     25.6   23.9   64.0 -999.9  149    4.1 0 0 0
C1 19.8388  35.1525  101.8820     25.5   24.0   62.5 -999.9  129    6.2 0 0 0
C1 19.8398  35.1513  101.8831     25.6   23.9   63.0 -999.9  131    7.8 0 0 0
C1 19.8408  35.1501  101.8841     25.7   23.8   62.4 -999.9  140    3.5 0 0 0
C1 19.8418  35.1489  101.8852     25.7   23.7   61.8 -999.9  134    2.9 0 0 0
C1 19.8428  35.1476  101.8863     25.9   24.3   61.9 -999.9  135    7.6 0 0 0
C1 19.8505  35.1464  101.8873     25.9   24.0   61.6 -999.9  127    7.0 0 0 0
C1 19.8515  35.1452  101.8884     25.9   24.4   62.1 -999.9  112    4.5 0 0 0
C1 19.8525  35.1440  101.8894     25.9   24.6   62.8 -999.9  141    5.0 0 0 0
C1 19.8535  35.1428  101.8905     25.9   24.5   62.6 -999.9  130    5.1 0 0 0
C1 19.8545  35.1416  101.8915     25.9   24.5   61.7 -999.9  114    4.8 0 0 0
C1 19.8555  35.1403  101.8926     25.8   24.6   62.0 -999.9  118    4.8 0 0 0
C1 19.8565  35.1391  101.8936     26.0   24.8   62.3 -999.9  115    5.8 0 0 0
C1 19.8575  35.1379  101.8947     26.0   24.8   62.6 -999.9  124    3.6 0 0 0
C1 19.8585  35.1367  101.8957     26.0   24.8   63.4 -999.9  135    5.2 0 0 0
C1 19.8595  35.1355  101.8968     26.1   24.8   61.8 -999.9  146    5.4 0 0 0
C1 19.8672  35.1343  101.8978     26.1   24.7   59.2 -999.9  159    6.4 0 0 0
C1 19.8682  35.1332  101.8988     26.1   25.2   59.8 -999.9  144    7.7 0 0 0
C1 19.8692  35.1320  101.8998     26.2   24.8   59.4 -999.9  134    6.1 0 0 0
C1 19.8702  35.1308  101.9009     26.3   24.9   59.4 -999.9  133    6.6 0 0 0
C1 19.8712  35.1296  101.9019     26.1   24.6   59.1 -999.9  129    7.2 0 0 0
C1 19.8722  35.1284  101.9029     26.2   25.2   57.9 -999.9  122    6.1 0 0 0
C1 19.8732  35.1271  101.9039     26.3   25.3   59.1 -999.9  121    5.8 0 0 0
C1 19.8742  35.1258  101.9047     26.5   25.6   60.1 -999.9  142    2.4 0 0 0
C1 19.8752  35.1245  101.9056     26.6   25.6   60.2 -999.9  134    4.2 0 0 0
C1 19.8762  35.1231  101.9064     26.5   25.8   58.7 -999.9  145    8.2 0 0 0
C1 19.8838  35.1218  101.9072     26.6   25.6   58.8 -999.9  126    8.2 0 0 0
C1 19.8848  35.1205  101.9080     26.6   25.5   58.7 -999.9  140    5.7 0 0 0
C1 19.8858  35.1192  101.9088     26.6   25.9   58.7 -999.9  147    7.6 0 0 0
C1 19.8868  35.1179  101.9095     26.6   25.7   57.8 -999.9  144    8.5 0 0 0
C1 19.8878  35.1165  101.9101     26.5   26.0   57.0 -999.9  142    6.6 0 0 0
C1 19.8888  35.1151  101.9106     26.5   25.8   58.0 -999.9  138    6.8 0 0 0
C1 19.8898  35.1136  101.9110     26.5   25.9   57.4 -999.9  135    9.2 0 0 0
C1 19.8908  35.1121  101.9113     26.1   25.4   57.0 -999.9  129    9.6 0 0 0
C1 19.8918  35.1106  101.9116     26.3   25.8   57.7 -999.9  138    6.3 0 0 0
C1 19.8928  35.1091  101.9119     26.2   26.1   58.1 -999.9  134    7.1 0 0 0
C1 19.9005  35.1075  101.9123     26.0   26.2   57.9 -999.9  136    5.5 0 0 0
C1 19.9015  35.1059  101.9125     26.0   25.8   58.2 -999.9  128    5.8 0 0 0
C1 19.9025  35.1043  101.9129     25.8   26.2   59.0 -999.9  121    6.1 0 0 0
C1 19.9035  35.1028  101.9132     26.1   25.7   59.5 -999.9  118    6.4 0 0 0
C1 19.9045  35.1012  101.9135     26.1   25.9   59.0 -999.9  143    3.9 0 0 0
C1 19.9055  35.0996  101.9138     26.3   26.0   58.6 -999.9  132    6.5 0 0 0
C1 19.9065  35.0980  101.9141     26.1   25.5   57.9 -999.9  154    5.5 0 0 0
C1 19.9075  35.0964  101.9145     26.4   25.8   58.7 -999.9  123    7.0 0 0 0
C1 19.9085  35.0948  101.9148     26.2   26.5   59.0 -999.9  122    7.2 0 0 0
C1 19.9095  35.0932  101.9151     26.3   26.2   59.5 -999.9  123    6.6 0 0 0
C1 19.9172  35.0917  101.9154     26.4   25.9   57.6 -999.9  122    7.8 0 0 0
C1 19.9182  35.0901  101.9157     26.3   25.9   57.9 -999.9  121    6.6 0 0 0
C1 19.9192  35.0885  101.9160     26.1   25.9   57.2 -999.9  120    8.0 0 0 0
C1 19.9202  35.0869  101.9163     26.2   26.3   57.7 -999.9  117    7.3 0 0 0
C1 19.9212  35.0854  101.9166     26.1   25.8   57.3 -999.9  126    6.3 0 0 0
C1 19.9222  35.0838  101.9169     26.1   26.4   58.2 -999.9  130    7.5 0 0 0
C1 19.9232  35.0823  101.9172     26.1   26.0   58.1 -999.9  142    6.8 0 0 0
C1 19.9242  35.0807  101.9176     26.0   25.9   57.9 -999.9  133    6.8 0 0 0
C1 19.9252  35.0792  101.9179     26.0   25.9   57.5 -999.9  139    5.6 0 0 0
C1 19.9262  35.0776  101.9182     26.0   26.0   58.7 -999.9  131    5.1 0 0 0
C1 19.9338  35.0760  101.9185     26.0   26.0   57.8 -999.9  138    5.9 0 0 0
C1 19.9348  35.0744  101.9189     26.1   26.2   58.4 -999.9  126    7.3 0 0 0
C1 19.9358  35.0729  101.9191     26.2   26.1   57.9 -999.9  130    6.4 0 0 0
C1 19.9368  35.0713  101.9193     26.0   26.3   56.6 -999.9   99    6.2 0 1 0
C1 19.9378  35.0697  101.9193     26.0   25.7   58.7 -999.9  116    4.0 0 0 0
C1 19.9388  35.0680  101.9193     26.0   26.0   58.1 -999.9  142    5.8 0 0 0
C1 19.9398  35.0665  101.9193     26.0   26.4   57.0 -999.9  122    6.2 0 0 0
C1 19.9408  35.0648  101.9193     26.0   26.4   57.8 -999.9  148    3.4 0 0 0
C1 19.9418  35.0632  101.9194     26.0   26.4   57.8 -999.9  131    4.6 0 0 0
C1 19.9428  35.0616  101.9194     26.0   26.1   57.8 -999.9  116    7.3 0 0 0
C1 19.9505  35.0600  101.9194     26.0   26.1   58.0 -999.9  133    5.6 0 0 0
C1 19.9515  35.0583  101.9194     26.1   26.1   57.8 -999.9  132    7.6 0 0 0
C1 19.9525  35.0567  101.9195     26.2   26.3   58.0 -999.9  127    7.3 0 0 0
C1 19.9535  35.0551  101.9195     26.2   26.2   58.2 -999.9  139    5.9 0 0 0
C1 19.9545  35.0535  101.9195     26.2   26.3   57.9 -999.9  156    5.9 0 0 0
C1 19.9555  35.0519  101.9195     26.3   26.2   57.3 -999.9  137    8.5 0 0 0
C1 19.9565  35.0504  101.9195     26.4   26.2   57.6 -999.9  123    9.1 0 0 0
C1 19.9575  35.0488  101.9196     26.4   26.3   58.0 -999.9  132    5.1 0 0 0
C1 19.9585  35.0472  101.9196     26.4   25.9   58.6 -999.9  121    3.9 0 0 0
C1 19.9595  35.0456  101.9196     26.6   26.1   58.8 -999.9  118    5.1 0 0 0
C1 19.9672  35.0440  101.9196     26.6   26.5   58.2 -999.9  108    6.5 0 0 0
C1 19.9682  35.0425  101.9196     26.5   26.3   57.5 -999.9  132    6.5 0 0 0
C1 19.9692  35.0409  101.9196     26.5   26.3   57.2 -999.9  114    7.6 0 0 0
C1 19.9702  35.0393  101.9197     26.5   26.2   58.3 -999.9  129    6.3 0 0 0
C1 19.9712  35.0378  101.9197     26.5   26.1   58.3 -999.9  132    7.2 0 0 0
C1 19.9722  35.0363  101.9197     26.4   26.6   57.7 -999.9  130    7.3 0 0 0
C1 19.9732  35.0347  101.9197     26.4   26.0   56.9 -999.9  120    8.3 0 0 0
C1 19.9742  35.0332  101.9197     26.3   26.2   57.2 -999.9  128    6.1 0 0 0
C1 19.9752  35.0316  101.9197     26.4   26.6   57.3 -999.9  135    7.8 0 0 0
C1 19.9762  35.0301  101.9197     26.4   26.3   57.3 -999.9  142    6.9 0 0 0
C1 19.9838  35.0286  101.9197     26.3   26.6   57.2 -999.9  137    8.0 0 0 0
C1 19.9848  35.0272  101.9197     26.4   26.0   57.8 -999.9  136    7.4 0 0 0
C1 19.9858  35.0257  101.9196     26.4   26.1   58.0 -999.9  134    6.6 0 0 0
C1 19.9868  35.0243  101.9197     26.5   25.9   57.9 -999.9  124    6.0 0 0 0
C1 19.9878  35.0228  101.9197     26.4   26.6   57.0 -999.9  127    4.8 0 0 0
C1 19.9888  35.0212  101.9197     26.5   26.4   56.9 -999.9  130    5.5 0 0 0
C1 19.9898  35.0197  101.9197     26.3   26.6   57.2 -999.9  127    6.2 0 0 0
C1 19.9908  35.0181  101.9197     26.4   26.3   49.5 -999.9  125    5.7 0 0 0
C1 19.9918  35.0165  101.9196     26.6   26.2   35.8 -999.9  144    5.2 1 0 0
C1 19.9928  35.0150  101.9194     26.7   26.2   57.4 -999.9  147    6.4 0 0 0
C1 20.0005  35.0134  101.9194     26.7   26.2   55.6 -999.9  167    5.3 0 0 0
C1 20.0015  35.0118  101.9194     26.5   26.6   56.1 -999.9  134    5.1 0 0 0
C1 20.0025  35.0102  101.9194     26.6   26.5   56.0 -999.9  133    4.5 0 0 0
C1 20.0035  35.0086  101.9194     26.6   26.3   57.5 -999.9  137    3.4 0 0 0
C1 20.0045  35.0070  101.9194     26.9   26.6   57.6 -999.9  140    5.7 0 0 0
C1 20.0055  35.0055  101.9194     27.0   26.7   56.9 -999.9  151    5.5 0 0 0
C1 20.0065  35.0040  101.9194     27.0   26.6   48.3 -999.9  134    4.2 0 0 0
C1 20.0075  35.0025  101.9195     27.1   26.8   56.9 -999.9  155    6.4 0 0 0
C1 20.0085  35.0010  101.9195     27.1   26.8   57.4 -999.9  140    6.2 0 0 0
C1 20.0095  34.9995  101.9194     27.1   26.8   57.6 -999.9  129    3.3 0 0 0
C1 20.0172  34.9979  101.9195     27.0   26.5   57.8 -999.9  150    1.7 0 0 0
C1 20.0182  34.9963  101.9195     27.2   27.1   57.4 -999.9  161    3.6 0 0 0
C1 20.0192  34.9949  101.9195     27.2   27.1   56.6 -999.9  167    6.8 0 0 0
C1 20.0202  34.9937  101.9195     27.2   26.9   56.2 -999.9  163    9.2 0 1 0
C1 20.0212  34.9926  101.9195     27.1   26.3   55.8 -999.9  109    4.2 0 0 0
C1 20.0222  34.9914  101.9195     27.1   26.6   55.9 -999.9  139    4.2 0 0 0
C1 20.0232  34.9902  101.9197     27.0   27.1   56.2 -999.9  131    5.0 0 1 0
C1 20.0242  34.9890  101.9204     27.0   26.7   56.1 -999.9  130    5.7 0 1 0
C1 20.0252  34.9879  101.9212     26.9   26.8   56.1 -999.9  135    3.3 0 0 0
C1 20.0262  34.9871  101.9222     26.8   26.7   56.3 -999.9  142    4.7 0 1 0
C1 20.0338  34.9863  101.9234     26.7   26.9   56.5 -999.9   95    3.0 0 1 0
C1 20.0348  34.9859  101.9249     26.7   27.1   57.0 -999.9  147    4.8 0 1 0
C1 20.0358  34.9855  101.9265     26.6   27.2   56.2 -999.9  148    5.1 0 0 0
C1 20.0368  34.9854  101.9282     26.6   27.1   56.3 -999.9  120    4.7 0 1 0
C1 20.0378  34.9855  101.9300     26.5   27.1   55.9 -999.9  121    4.8 0 0 0
C1 20.0388  34.9855  101.9317     26.6   26.7   56.0 -999.9  139    3.0 0 0 0
C1 20.0398  34.9855  101.9333     26.6   27.2   56.5 -999.9  164    4.1 0 0 0
C1 20.0408  34.9855  101.9350     26.6   26.6   56.3 -999.9  151    6.7 0 0 0
C1 20.0418  34.9855  101.9367     26.5   26.9   55.4 -999.9  128    6.9 0 0 0
C1 20.0428  34.9855  101.9385     26.5   26.6   55.9 -999.9  139    5.0 0 0 0
C1 20.0505  34.9855  101.9402     26.5   26.7   56.1 -999.9  133    3.6 0 0 0
C1 20.0515  34.9855  101.9420     26.5   27.0   56.6 -999.9  149    5.3 0 0 0
C1 20.0525  34.9855  101.9437     26.6   27.0   56.5 -999.9  153    6.6 0 0 0
C1 20.0535  34.9855  101.9455     26.6   27.2   56.3 -999.9  139    6.1 0 0 0
C1 20.0545  34.9855  101.9473     26.9   26.9   55.4 -999.9  145    3.6 0 0 0
C1 20.0555  34.9855  101.9491     26.6   26.6   55.1 -999.9  162    6.2 0 0 0
C1 20.0565  34.9856  101.9510     26.7   26.9   54.9 -999.9  146    6.2 0 0 0
C1 20.0575  34.9856  101.9528     26.6   26.8   55.0 -999.9  151    7.9 0 0 0
C1 20.0585  34.9856  101.9547     26.7   27.1   55.1 -999.9  146    6.3 0 0 0
C1 20.0595  34.9856  101.9565     26.6   26.9   55.3 -999.9  141    9.2 0 0 0
C1 20.0672  34.9856  101.9584     26.7   26.8   55.4 -999.9  128    5.5 0 0 0
C1 20.0682  34.9856  101.9603     26.7   26.8   55.1 -999.9  137    7.9 0 0 0
C1 20.0692  34.9856  101.9622     26.7   26.8   54.9 -999.9  122    6.2 0 0 0
C1 20.0702  34.9856  101.9640     26.7   26.6   55.8 -999.9  161    6.8 0 0 0
C1 20.0712  34.9856  101.9657     26.7   26.5   54.8 -999.9  155    8.6 0 0 0
C1 20.0722  34.9856  101.9675     26.7   26.7   54.8 -999.9  141    8.8 0 0 0
C1 20.0732  34.9856  101.9693     26.6   26.8   54.8 -999.9  139    7.9 0 0 0
C1 20.0742  34.9856  101.9711     26.6   26.5   55.3 -999.9  135    5.8 0 0 0
C1 20.0752  34.9856  101.9729     26.6   26.9   54.9 -999.9  147    7.6 0 0 0
C1 20.0762  34.9856  101.9747     26.5   26.6   54.6 -999.9  141    7.5 0 0 0
C1 20.0838  34.9856  101.9765     26.5   26.7   55.7 -999.9  154    8.1 0 0 0
C1 20.0848  34.9857  101.9783     26.5   26.7   55.2 -999.9  142    7.9 0 0 0
C1 20.0860  34.9857  101.9805     26.5   26.8   55.0 -999.9  140    9.2 0 0 0
C1 20.0868  34.9857  101.9821     26.5   27.2   55.0 -999.9  146    8.4 0 0 0
C1 20.0878  34.9857  101.9839     26.6   27.0   55.8 -999.9  141    8.3 0 0 0
C1 20.0888  34.9857  101.9857     26.6   27.0   56.2 -999.9  134    8.5 0 0 0
C1 20.0898  34.9857  101.9875     26.9   26.3   57.5 -999.9  147    9.4 0 0 0
C1 20.0908  34.9857  101.9893     27.0   26.8   55.9 -999.9  126    7.8 0 0 0
C1 20.0918  34.9854  101.9911     27.0   27.0   57.2 -999.9  127    8.3 0 1 0
C1 20.0928  34.9849  101.9929     27.0   26.5   56.1 -999.9  118    8.3 0 0 0
C1 20.1005  34.9845  101.9947     27.1   26.9   56.9 -999.9  134    7.7 0 0 0
C1 20.1015  34.9841  101.9965     27.1   26.6   56.1 -999.9  129    6.0 0 0 0
C1 20.1025  34.9837  101.9983     27.1   26.5   55.4 -999.9  142    9.3 0 0 0
C1 20.1035  34.9833  102.0001     27.0   27.1   55.8 -999.9  150   10.2 0 0 0
C1 20.1045  34.9828  102.0018     27.0   26.7   55.8 -999.9  146    9.9 0 0 0
C1 20.1055  34.9824  102.0036     27.1   26.6   55.8 -999.9  123    9.4 0 0 0
C1 20.1065  34.9820  102.0054     27.2   27.1   55.2 -999.9  111    8.1 0 0 0
C1 20.1075  34.9816  102.0072     27.1   27.3   55.5 -999.9  123    8.2 0 0 0
C1 20.1085  34.9812  102.0090     27.2   27.3   55.2 -999.9   89    7.2 0 0 0
C1 20.1095  34.9808  102.0107     27.2   27.3   55.1 -999.9  130    5.9 0 0 0
C1 20.1172  34.9804  102.0124     27.1   26.8   55.1 -999.9  135    8.9 0 0 0
C1 20.1182  34.9800  102.0141     27.1   27.1   55.4 -999.9  136    7.8 0 0 0
C1 20.1192  34.9796  102.0159     27.2   27.0   56.0 -999.9  135    7.5 0 0 0
C1 20.1202  34.9791  102.0177     27.2   26.7   55.1 -999.9  135    5.7 0 0 0
C1 20.1212  34.9787  102.0194     27.4   27.2   55.4 -999.9  153    9.0 0 0 0
C1 20.1222  34.9783  102.0211     27.4   27.0   54.2 -999.9  162    5.6 0 0 0
C1 20.1232  34.9779  102.0228     27.4   27.2   53.6 -999.9  165    9.3 0 0 0
C1 20.1242  34.9775  102.0245     27.2   26.8   53.5 -999.9  170    4.7 0 0 0
C1 20.1252  34.9771  102.0262     27.1   27.3   36.2 -999.9  148    8.7 1 0 0
C1 20.1262  34.9767  102.0279     27.1   27.4   53.8 -999.9  138    9.4 0 0 0
C1 20.1338  34.9763  102.0297     27.2   27.1   54.6 -999.9  130    8.8 0 0 0
C1 20.1348  34.9758  102.0315     27.3   27.4   55.3 -999.9  143    9.0 0 0 0
C1 20.1358  34.9754  102.0332     27.2   27.0   53.8 -999.9  146    8.3 0 0 0
C1 20.1368  34.9749  102.0351     27.2   27.0   54.9 -999.9  138    8.6 0 0 0
C1 20.1378  34.9745  102.0369     27.1   27.4   54.6 -999.9  136    8.5 0 0 0
C1 20.1388  34.9741  102.0386     27.1   27.1   54.6 -999.9  125    6.6 0 0 0
C1 20.1398  34.9736  102.0404     27.1   27.5   54.0 -999.9  133    9.7 0 0 0
C1 20.1408  34.9732  102.0422     27.1   27.1   40.7 -999.9  136    7.7 1 0 0
C1 20.1418  34.9727  102.0439     26.6   26.6   40.2 -999.9  136    6.7 1 0 0
C1 20.1428  34.9723  102.0457     27.4   27.2   54.3 -999.9  142    8.0 0 0 0
C1 20.1505  34.9719  102.0475     27.2   27.6   54.3 -999.9  137    7.8 0 0 0
C1 20.1515  34.9714  102.0493     27.2   27.1   54.5 -999.9  136    9.5 0 0 0
C1 20.1525  34.9710  102.0511     27.2   27.6   54.8 -999.9  137    8.2 0 0 0
C1 20.1535  34.9705  102.0530     27.2   26.8   54.8 -999.9  132    8.9 0 0 0
C1 20.1545  34.9701  102.0548     27.2   27.4   54.6 -999.9  125    8.4 0 0 0
C1 20.1555  34.9697  102.0567     27.2   27.3   54.6 -999.9  127    7.3 0 0 0
C1 20.1565  34.9692  102.0586     27.2   27.3   54.6 -999.9  133    9.2 0 0 0
C1 20.1575  34.9688  102.0604     27.2   27.3   55.2 -999.9  132    8.2 0 0 0
C1 20.1585  34.9683  102.0623     27.4   27.1   54.7 -999.9  140    9.4 0 0 0
C1 20.1595  34.9679  102.0641     27.2   27.6   52.5 -999.9  141    7.6 0 0 0
C1 20.1672  34.9675  102.0659     27.1   27.0   52.7 -999.9  143   10.0 0 0 0
C1 20.1682  34.9670  102.0677     27.1   27.0   53.0 -999.9  139    8.7 0 0 0
C1 20.1692  34.9666  102.0695     27.1   27.2   51.6 -999.9  146   10.7 0 0 0
C1 20.1702  34.9662  102.0713     27.1   27.1   51.6 -999.9  139    9.4 0 0 0
C1 20.1712  34.9657  102.0732     27.1   27.1   52.2 -999.9  132    9.4 0 0 0
C1 20.1722  34.9653  102.0751     27.0   27.6   53.0 -999.9  124    7.5 0 0 0
C1 20.1732  34.9649  102.0770     27.1   27.3   51.9 -999.9  142   10.3 0 0 0
C1 20.1742  34.9644  102.0789     27.0   27.0   52.1 -999.9  139    9.9 0 0 0
C1 20.1752  34.9640  102.0808     27.1   27.1   52.6 -999.9  136    8.1 0 0 0
C1 20.1762  34.9636  102.0827     27.1   27.4   53.9 -999.9  132    7.7 0 0 0
C1 20.1838  34.9631  102.0846     27.2   27.4   54.3 -999.9  150    8.4 0 0 0
C1 20.1848  34.9627  102.0865     27.1   27.2   54.8 -999.9  148    8.9 0 0 0
C1 20.1858  34.9623  102.0883     27.1   27.3   55.0 -999.9  155    8.0 0 0 0
C1 20.1868  34.9617  102.0901     27.1   27.4   55.6 -999.9  142    7.3 0 0 0
C1 20.1878  34.9611  102.0918     27.1   27.4   55.6 -999.9  153   10.9 0 0 0
C1 20.1888  34.9603  102.0933     27.1   27.6   54.7 -999.9  152    8.1 0 0 0
C1 20.1898  34.9596  102.0949     27.0   27.5   53.7 -999.9  141    8.0 0 0 0
C1 20.1908  34.9588  102.0966     26.9   26.6   54.0 -999.9  127    6.8 0 0 0
C1 20.1918  34.9581  102.0982     27.0   27.3   55.9 -999.9  127    7.1 0 0 0
C1 20.1928  34.9573  102.0998     27.0   27.3   55.7 -999.9  149    6.2 0 0 0
C1 20.2005  34.9566  102.1013     27.0   27.6   54.1 -999.9  148    7.7 0 0 0
C1 20.2015  34.9559  102.1028     26.9   27.3   55.4 -999.9  133    6.1 0 0 0
C1 20.2025  34.9552  102.1044     26.9   27.1   55.3 -999.9  134    7.5 0 0 0
C1 20.2035  34.9545  102.1059     26.8   26.8   55.0 -999.9  129    7.9 0 0 0
C1 20.2045  34.9538  102.1074     26.9   27.2   56.2 -999.9  141    7.7 0 0 0
C1 20.2055  34.9531  102.1089     27.0   27.4   54.4 -999.9  142    5.2 0 0 0
C1 20.2065  34.9524  102.1105     26.9   27.0   53.0 -999.9  145    6.8 0 0 0
C1 20.2075  34.9517  102.1121     26.8   27.4   53.8 -999.9  151    7.1 0 0 0
C1 20.2085  34.9511  102.1137     26.8   27.1   53.9 -999.9  146    7.6 0 0 0
C1 20.2095  34.9504  102.1154     26.6   27.1   53.9 -999.9  141    6.1 0 0 0
C1 20.2172  34.9496  102.1170     26.6   27.4   54.3 -999.9  134    8.6 0 0 0
C1 20.2182  34.9489  102.1186     26.7   26.9   55.5 -999.9  140    8.7 0 0 0
C1 20.2192  34.9481  102.1202     26.7   27.3   55.7 -999.9  146    7.9 0 0 0
C1 20.2202  34.9474  102.1218     26.7   27.2   55.3 -999.9  143    9.4 0 0 0
C1 20.2212  34.9466  102.1235     26.7   26.6   55.0 -999.9  138    9.8 0 0 0
C1 20.2222  34.9458  102.1251     26.8   26.9   55.2 -999.9  132    9.1 0 0 0
C1 20.2232  34.9450  102.1267     26.9   26.9   56.5 -999.9  138   10.1 0 0 0
C1 20.2242  34.9443  102.1283     26.9   26.7   56.3 -999.9  129    9.8 0 0 0
C1 20.2252  34.9435  102.1299     26.9   26.8   57.1 -999.9  131    9.8 0 0 0
C1 20.2262  34.9427  102.1316     27.0   27.2   56.3 -999.9  143    8.9 0 0 0
C1 20.2338  34.9420  102.1332     27.0   27.2   55.8 -999.9  148    6.6 0 0 0
C1 20.2348  34.9412  102.1348     27.9   27.2   55.5 -999.9  146    8.0 0 0 0
C1 20.2358  34.9404  102.1365     27.1   27.3   56.1 -999.9  147    8.0 0 0 0
C1 20.2368  34.9397  102.1381     27.2   27.1   56.1 -999.9  142    7.0 0 0 0
C1 20.2378  34.9389  102.1398     27.2   26.7   56.5 -999.9  155    7.7 0 0 0
C1 20.2388  34.9381  102.1414     27.1   27.3   54.6 -999.9  149    8.0 0 0 0
C1 20.2398  34.9373  102.1431     27.0   27.1   55.9 -999.9  152    7.6 0 0 0
C1 20.2408  34.9365  102.1447     27.0   26.6   53.7 -999.9  144    8.7 0 0 0
C1 20.2418  34.9358  102.1464     27.1   26.9   54.1 -999.9  139    8.4 0 0 0
C1 20.2428  34.9350  102.1481     27.1   27.4   55.2 -999.9  142    7.2 0 0 0
C1 20.2505  34.9342  102.1498     27.1   27.7   54.7 -999.9  140    9.0 0 0 0
C1 20.2515  34.9333  102.1515     27.1   27.3   55.0 -999.9  132    9.0 0 0 0
C1 20.2525  34.9325  102.1532     27.1   26.8   56.1 -999.9  143    7.1 0 0 0
C1 20.2535  34.9317  102.1549     27.1   26.9   54.9 -999.9  148    9.1 0 0 0
C1 20.2545  34.9309  102.1566     27.1   27.4   54.1 -999.9  144   10.0 0 0 0
C1 20.2555  34.9301  102.1583     27.2   26.8   54.0 -999.9  131   10.2 0 0 0
C1 20.2565  34.9293  102.1601     27.2   27.3   55.2 -999.9  136    9.4 0 0 0
C1 20.2575  34.9285  102.1618     27.2   26.9   50.2 -999.9  147   11.4 0 0 0
C1 20.2585  34.9277  102.1635     27.2   27.2   53.7 -999.9  142    8.7 0 0 0
C1 20.2595  34.9268  102.1653     27.1   27.5   43.8 -999.9  129   10.2 1 0 0
C1 20.2672  34.9260  102.1671     27.2   27.3   55.1 -999.9  132    8.4 0 0 0
C1 20.2682  34.9252  102.1688     27.2   26.9   54.2 -999.9  138    8.0 0 0 0
C1 20.2692  34.9243  102.1705     27.1   27.2   54.3 -999.9  136    9.3 0 0 0
C1 20.2702  34.9235  102.1721     27.1   26.7   54.7 -999.9  151    8.3 0 0 0
C1 20.2712  34.9227  102.1737     27.1   27.0   53.9 -999.9  144   10.4 0 0 0
C1 20.2722  34.9220  102.1753     27.1   26.9   52.8 -999.9  149    7.2 0 0 0
C1 20.2732  34.9212  102.1769     27.1   27.3   53.4 -999.9  139    9.4 0 0 0
C1 20.2742  34.9204  102.1785     27.2   27.0   53.8 -999.9  138    8.4 0 0 0
C1 20.2752  34.9197  102.1801     27.2   27.6   53.8 -999.9  143    8.5 0 0 0
C1 20.2762  34.9189  102.1817     27.3   27.4   53.4 -999.9  138    9.1 0 0 0
C1 20.2838  34.9181  102.1833     27.4   27.3   52.9 -999.9  135   10.0 0 0 0
C1 20.2848  34.9173  102.1849     27.2   27.7   53.1 -999.9  137    7.2 0 0 0
C1 20.2858  34.9166  102.1865     27.2   27.3   52.3 -999.9  131    9.6 0 0 0
C1 20.2868  34.9158  102.1882     27.2   26.9   52.3 -999.9  129   10.1 0 0 0
C1 20.2878  34.9150  102.1898     27.5   27.2   52.5 -999.9  129    7.8 0 0 0
C1 20.2888  34.9142  102.1915     27.4   26.8   52.6 -999.9  117    6.5 0 0 0
C1 20.2898  34.9134  102.1932     27.4   27.4   52.7 -999.9  129    8.3 0 0 0
C1 20.2908  34.9126  102.1949     27.5   27.2   52.6 -999.9  133    9.9 0 0 0
C1 20.2918  34.9118  102.1965     27.5   27.5   52.5 -999.9  133    7.1 0 0 0
C1 20.2928  34.9110  102.1982     27.5   26.6   52.3 -999.9  128    8.9 0 0 0
C1 20.3005  34.9102  102.1998     27.7   27.2   52.4 -999.9  135    9.3 0 0 0
C1 20.3015  34.9094  102.2014     27.5   27.5   50.6 -999.9  146    7.5 0 0 0
C1 20.3025  34.9087  102.2030     27.4   27.1   49.7 -999.9  157    5.6 0 0 0
C1 20.3035  34.9080  102.2045     27.4   27.3   49.6 -999.9  138    5.7 0 0 0
C1 20.3045  34.9072  102.2061     27.4   27.8   50.2 -999.9  139    9.9 0 0 0
C1 20.3055  34.9065  102.2077     27.2   27.5   50.2 -999.9  133    8.2 0 0 0
C1 20.3065  34.9057  102.2094     27.4   27.5   50.7 -999.9  138    9.5 0 0 0
C1 20.3075  34.9049  102.2110     27.3   27.5   50.7 -999.9  129    6.7 0 0 0
C1 20.3085  34.9041  102.2127     27.2   27.4   50.6 -999.9  150    6.3 0 0 0
C1 20.3095  34.9034  102.2143     27.2   27.2   50.6 -999.9  137    7.2 0 0 0
C1 20.3172  34.9026  102.2159     27.1   27.7   51.1 -999.9  131    7.2 0 0 0
C1 20.3182  34.9018  102.2175     27.1   27.5   52.0 -999.9  130    8.9 0 0 0
C1 20.3192  34.9010  102.2191     27.1   27.2   52.4 -999.9  130    7.2 0 0 0
C1 20.3202  34.9003  102.2207     27.1   27.5   54.0 -999.9  133    9.2 0 0 0
C1 20.3212  34.8995  102.2223     27.1   27.3   53.2 -999.9  136    9.9 0 0 0
C1 20.3222  34.8988  102.2239     27.1   27.4   53.4 -999.9  138    8.5 0 0 0
C1 20.3232  34.8980  102.2255     27.1   27.5   53.0 -999.9  129    8.9 0 0 0
C1 20.3242  34.8972  102.2272     27.0   27.8   53.5 -999.9  132    8.6 0 0 0
C1 20.3252  34.8965  102.2288     27.0   27.6   53.5 -999.9  124    8.9 0 0 0
C1 20.3262  34.8957  102.2305     27.0   27.3   53.4 -999.9  131    9.7 0 0 0
C1 20.3338  34.8949  102.2321     26.9   26.9   53.3 -999.9  129    8.3 0 0 0
C1 20.3348  34.8941  102.2337     27.0   27.2   53.4 -999.9  136   10.2 0 0 0
C1 20.3358  34.8934  102.2353     27.1   27.2   51.0 -999.9  140    8.1 0 0 0
C1 20.3368  34.8926  102.2369     27.0   27.4   50.9 -999.9  136    8.1 0 0 0
C1 20.3378  34.8918  102.2386     27.0   27.1   51.7 -999.9  130    9.2 0 0 0
C1 20.3388  34.8910  102.2402     27.0   27.2   52.3 -999.9  123    6.6 0 0 0
C1 20.3398  34.8902  102.2419     27.0   27.4   52.7 -999.9  136    8.3 0 0 0
C1 20.3408  34.8894  102.2435     27.2   27.3   51.8 -999.9  151    6.4 0 0 0
C1 20.3418  34.8886  102.2451     27.2   27.7   52.1 -999.9  139    5.8 0 0 0
C1 20.3428  34.8879  102.2468     27.2   27.3   52.2 -999.9  145    7.6 0 0 0
C1 20.3505  34.8871  102.2484     27.3   27.2   51.9 -999.9  139    6.4 0 0 0
C1 20.3515  34.8863  102.2501     27.4   27.2   52.5 -999.9  136    8.2 0 0 0
C1 20.3525  34.8855  102.2517     27.2   27.1   52.6 -999.9  123    6.1 0 0 0
C1 20.3535  34.8847  102.2533     27.4   27.4   53.3 -999.9  144    5.7 0 0 0
C1 20.3545  34.8840  102.2549     27.3   27.5   53.0 -999.9  149    9.5 0 0 0
C1 20.3555  34.8832  102.2565     27.2   27.6   52.7 -999.9  135    8.4 0 0 0
C1 20.3565  34.8824  102.2581     27.1   27.7   52.2 -999.9  141    9.0 0 0 0
C1 20.3575  34.8817  102.2596     27.1   27.4   52.8 -999.9  138    8.6 0 0 0
C1 20.3585  34.8809  102.2612     27.1   26.9   52.8 -999.9  130   10.1 0 0 0
C1 20.3595  34.8802  102.2628     27.1   27.3   54.2 -999.9  139    7.5 0 0 0
C1 20.3672  34.8794  102.2644     27.1   27.5   53.8 -999.9  139    7.6 0 0 0
C1 20.3682  34.8787  102.2660     27.1   27.6   54.2 -999.9  135    9.1 0 0 0
C1 20.3692  34.8779  102.2676     27.0   27.6   54.0 -999.9  131   10.4 0 0 0
C1 20.3702  34.8772  102.2692     27.1   26.9   55.5 -999.9  130    8.6 0 0 0
C1 20.3712  34.8764  102.2708     27.1   27.2   55.2 -999.9  133    8.7 0 0 0
C1 20.3722  34.8757  102.2724     27.1   27.2   54.8 -999.9  128    8.1 0 0 0
C1 20.3732  34.8749  102.2741     27.1   27.2   54.5 -999.9  133    9.0 0 0 0
C1 20.3742  34.8742  102.2757     27.2   27.2   54.8 -999.9  138    9.1 0 0 0
C1 20.3752  34.8734  102.2773     27.4   27.0   55.0 -999.9  141    9.2 0 0 0
C1 20.3762  34.8727  102.2789     27.3   27.4   54.7 -999.9  135    8.7 0 0 0
C1 20.3838  34.8719  102.2805     27.2   27.4   53.5 -999.9  123    9.2 0 0 0
C1 20.3848  34.8712  102.2821     27.2   27.4   53.9 -999.9  115    6.2 0 0 0
C1 20.3858  34.8704  102.2838     27.3   27.2   53.3 -999.9  130    7.6 0 0 0
C1 20.3868  34.8696  102.2854     27.3   27.4   53.4 -999.9  114    2.3 0 0 0
C1 20.3878  34.8688  102.2871     27.1   27.3   54.5 -999.9  131    4.0 0 0 0
C1 20.3888  34.8680  102.2887     27.2   27.2   54.4 -999.9  137    4.2 0 0 0
C1 20.3898  34.8673  102.2904     27.1   27.7   54.2 -999.9  120    2.4 0 0 0
C1 20.3908  34.8665  102.2920     27.1   28.0   53.1 -999.9  106    3.0 0 0 0
C1 20.3918  34.8657  102.2936     27.2   27.0   53.0 -999.9  131    2.4 0 0 0
C1 20.3928  34.8650  102.2952     27.2   27.6   52.9 -999.9  125    5.3 0 0 0
C1 20.4005  34.8642  102.2968     27.1   27.4   54.0 -999.9  120    7.2 0 0 0
C1 20.4015  34.8635  102.2984     27.1   27.5   54.9 -999.9  127    7.4 0 0 0
C1 20.4025  34.8627  102.3000     27.1   27.2   54.7 -999.9  133    5.4 0 0 0
C1 20.4035  34.8620  102.3016     27.1   27.0   54.7 -999.9  141    7.1 0 0 0
C1 20.4045  34.8612  102.3032     27.1   27.3   54.5 -999.9  130    9.7 0 0 0
C1 20.4055  34.8605  102.3047     27.2   27.4   55.2 -999.9  130    7.9 0 0 0
C1 20.4065  34.8597  102.3062     27.2   27.4   54.8 -999.9  136   13.5 0 0 0
C1 20.4075  34.8590  102.3078     27.2   27.1   54.4 -999.9  137   10.4 0 0 0
C1 20.4085  34.8582  102.3093     27.1   27.6   53.8 -999.9  126    9.6 0 0 0
C1 20.4095  34.8574  102.3109     27.3   27.3   53.8 -999.9  134   10.2 0 0 0
C1 20.4172  34.8567  102.3124     27.3   27.3   53.7 -999.9  125    9.9 0 0 0
C1 20.4182  34.8559  102.3140     27.4   27.6   53.4 -999.9  118    9.5 0 0 0
C1 20.4192  34.8551  102.3156     27.4   27.0   53.1 -999.9  121   11.2 0 0 0
C1 20.4202  34.8543  102.3173     27.5   26.9   53.6 -999.9  118   11.0 0 0 0
C1 20.4212  34.8536  102.3189     27.5   27.1   54.0 -999.9  119    8.0 0 0 0
C1 20.4222  34.8528  102.3205     27.5   27.3   53.8 -999.9  142    7.7 0 0 0
C1 20.4232  34.8521  102.3221     27.6   27.5   52.7 -999.9  140    7.8 0 0 0
C1 20.4242  34.8513  102.3236     27.4   27.3   52.4 -999.9  132    9.2 0 0 0
C1 20.4252  34.8505  102.3252     27.4   27.8   52.8 -999.9  126    8.5 0 0 0
C1 20.4262  34.8498  102.3268     27.6   27.4   54.2 -999.9  132    9.2 0 0 0
C1 20.4338  34.8490  102.3285     27.6   27.6   53.2 -999.9  126    7.2 0 0 0
C1 20.4348  34.8482  102.3301     27.5   27.3   53.2 -999.9  130    4.1 0 0 0
C1 20.4358  34.8474  102.3318     27.5   27.6   52.0 -999.9  139    5.0 0 0 0
C1 20.4368  34.8467  102.3334     27.2   27.2   51.6 -999.9  131    5.6 0 0 0
C1 20.4378  34.8459  102.3350     27.2   26.9   52.1 -999.9  136    7.0 0 0 0
C1 20.4388  34.8451  102.3367     27.1   27.4   51.7 -999.9  133    9.4 0 0 0
C1 20.4398  34.8444  102.3382     27.1   27.3   52.0 -999.9  133    8.1 0 0 0
C1 20.4408  34.8436  102.3398     27.0   27.4   51.9 -999.9  126    8.6 0 0 0
C1 20.4418  34.8428  102.3415     27.0   27.6   51.6 -999.9  125    9.9 0 0 0
C1 20.4428  34.8421  102.3431     26.9   27.6   52.7 -999.9  129    9.0 0 0 0
C1 20.4505  34.8413  102.3447     27.0   27.5   52.5 -999.9  145    5.6 0 0 0
C1 20.4515  34.8406  102.3462     27.0   27.3   52.2 -999.9  149    8.9 0 0 0
C1 20.4525  34.8399  102.3477     27.0   27.2   52.2 -999.9  139   10.1 0 0 0
C1 20.4535  34.8391  102.3493     27.0   27.6   52.7 -999.9  133    8.3 0 0 0
C1 20.4545  34.8384  102.3508     27.0   27.1   53.0 -999.9  132    9.4 0 0 0
C1 20.4555  34.8376  102.3524     27.0   27.2   53.7 -999.9  131    7.1 0 0 0
C1 20.4565  34.8369  102.3540     27.1   27.5   53.5 -999.9  133    8.6 0 0 0
C1 20.4575  34.8362  102.3555     27.1   27.0   53.5 -999.9  126    6.5 0 0 0
C1 20.4585  34.8355  102.3570     27.1   27.5   53.8 -999.9  145    8.3 0 0 0
C1 20.4595  34.8347  102.3585     27.2   27.0   52.9 -999.9  137    9.8 0 0 0
C1 20.4672  34.8340  102.3600     27.2   27.6   52.3 -999.9  141    8.3 0 0 0
C1 20.4682  34.8333  102.3615     27.2   27.6   52.4 -999.9  143    9.4 0 0 0
C1 20.4692  34.8326  102.3629     27.3   27.6   51.7 -999.9  141   11.1 0 0 0
C1 20.4702  34.8319  102.3644     27.2   27.2   51.8 -999.9  140    9.0 0 0 0
C1 20.4712  34.8312  102.3658     27.1   27.6   52.2 -999.9  130    9.2 0 0 0
C1 20.4722  34.8306  102.3672     27.1   27.2   52.2 -999.9  145    9.3 0 0 0
C1 20.4732  34.8299  102.3685     27.1   26.8   52.2 -999.9  146    4.7 0 0 0
C1 20.4742  34.8292  102.3697     27.1   27.3   51.6 -999.9  143    7.2 0 0 0
C1 20.4752  34.8285  102.3709     27.0   27.3   52.0 -999.9  133    5.7 0 0 0
C1 20.4762  34.8280  102.3722     27.1   27.3   51.7 -999.9  126    6.6 0 0 0
C1 20.4838  34.8274  102.3733     27.2   27.3   51.6 -999.9  123    5.9 0 0 0
C1 20.4848  34.8268  102.3745     27.2   27.2   51.8 -999.9  127    8.6 0 0 0
C1 20.4858  34.8263  102.3756     27.2   27.7   51.1 -999.9  124    8.2 0 0 0
C1 20.4868  34.8257  102.3768     27.3   27.4   51.8 -999.9  114    5.6 0 0 0
C1 20.4878  34.8251  102.3779     27.2   27.7   52.2 -999.9  121    4.4 0 0 0
C1 20.4888  34.8246  102.3791     27.3   26.9   52.3 -999.9  131    4.2 0 0 0
C1 20.4898  34.8242  102.3799     27.3   27.4   52.3 -999.9  180    7.1 0 1 0
C1 20.4908  34.8237  102.3807     27.3   27.7   52.7 -999.9   84    6.7 0 1 0
C1 20.4918  34.8233  102.3817     27.2   27.5   53.1 -999.9   94    6.3 0 0 0
C1 20.4928  34.8227  102.3829     27.3   27.4   52.5 -999.9   92    2.8 0 0 0
C1 20.5005  34.8222  102.3839     27.5   27.3   52.5 -999.9  142    4.7 0 0 0
C1 20.5015  34.8217  102.3849     27.5   27.3   53.0 -999.9  140    7.1 0 0 0
C1 20.5025  34.8213  102.3859     27.5   27.1   52.2 -999.9  137    5.8 0 0 0
C1 20.5035  34.8208  102.3870     27.5   27.3   52.4 -999.9  120    4.7 0 0 0
C1 20.5045  34.8203  102.3881     27.5   27.0   53.0 -999.9  140    6.0 0 0 0
C1 20.5055  34.8197  102.3892     27.5   27.4   52.4 -999.9  152    5.7 0 0 0
C1 20.5065  34.8192  102.3902     27.4   27.5   51.8 -999.9  143    5.7 0 0 0
C1 20.5075  34.8188  102.3912     27.4   27.7   52.7 -999.9  148    2.8 0 0 0
C1 20.5085  34.8183  102.3922     27.5   27.4   52.6 -999.9  162    3.6 0 0 0
C1 20.5095  34.8180  102.3929     27.5   27.8   52.0 -999.9  158    7.3 0 1 0
C1 20.5172  34.8176  102.3937     27.5   27.5   51.5 -999.9  119    5.8 0 0 0
C1 20.5182  34.8172  102.3945     27.4   27.3   51.2 -999.9  155    5.7 0 0 0
C1 20.5192  34.8171  102.3949     27.4   27.5   51.8 -999.9  214    8.2 0 1 0
C1 20.5202  34.8170  102.3951     27.4   27.5   51.8 -999.9  158    4.0 0 0 0
C1 20.5212  34.8169  102.3952     27.3   27.7   51.8 -999.9  152    6.2 0 0 0
C1 20.5222  34.8169  102.3952     27.3   27.5   51.7 -999.9  115    6.7 0 0 0
C1 20.5232  34.8158  102.3945     27.3   27.0   37.1 -999.9  346    6.0 0 0 0
C1 20.5242  34.8171  102.3951     27.3   27.6   51.8 -999.9  132    6.6 0 0 0
C1 20.5252  34.8171  102.3951     27.3   27.2   51.9 -999.9  149    6.4 0 0 0
C1 20.5262  34.8171  102.3951     27.3   27.7   50.7 -999.9  149    5.3 0 0 0
C1 20.5338  34.8171  102.3953     27.3   27.5   50.5 -999.9  172    9.3 0 0 0
C1 20.5348  34.8171  102.3952     27.3   27.7   50.9 -999.9  172    8.2 0 0 0
C1 20.5358  34.8170  102.3952     27.4   27.3   50.0 -999.9  161    6.7 0 0 0
C1 20.5368  34.8170  102.3952     27.5   27.6   50.7 -999.9  141    6.1 0 0 0
C1 20.5378  34.8168  102.3953     27.5   27.4   51.2 -999.9  126    3.8 0 1 0
C1 20.5388  34.8165  102.3960     27.7   27.6   50.9 -999.9   88    7.4 0 1 0
C1 20.5398  34.8160  102.3969     27.5   27.3   49.8 -999.9   97    4.1 0 0 0
C1 20.5408  34.8156  102.3978     27.5   27.8   49.9 -999.9   87    4.0 0 0 0
C1 20.5418  34.8152  102.3987     27.6   27.6   50.6 -999.9  120    5.2 0 0 0
C1 20.5428  34.8147  102.3996     27.7   27.8   51.2 -999.9  100    1.3 0 0 0
C1 20.5505  34.8143  102.4005     27.5   27.9   50.4 -999.9  127    0.2 0 0 0
C1 20.5515  34.8138  102.4014     27.8   27.4   50.8 -999.9   23    0.6 0 0 0
C1 20.5525  34.8134  102.4023     27.8   27.3   50.2 -999.9   65    3.5 0 0 0
C1 20.5535  34.8130  102.4032     27.8   27.4   49.9 -999.9   94    2.7 0 0 0
C1 20.5545  34.8126  102.4040     27.9   27.1   50.2 -999.9   76    3.0 0 0 0
C1 20.5555  34.8124  102.4044     27.8   28.0   50.5 -999.9  319    1.9 0 1 0
C1 20.5565  34.8123  102.4046     27.5   27.4   50.1 -999.9  299    3.9 0 0 0
C1 20.5575  34.8122  102.4050     27.5   27.8   49.8 -999.9   20    2.3 0 1 0
C1 20.5585  34.8121  102.4054     27.5   27.9   49.9 -999.9  221    8.8 0 1 0
C1 20.5595  34.8120  102.4055     27.5   27.4   49.8 -999.9  183    4.3 0 1 0
C1 20.5672  34.8120  102.4057     27.6   27.2   49.8 -999.9  126    2.7 0 0 0
C1 20.5682  34.8121  102.4058     27.6   27.4   49.6 -999.9  259    0.8 0 0 0
C1 20.5692  34.8121  102.4058     27.6   27.9   49.2 -999.9  313    0.7 1 0 1
C1 20.5702  34.8121  102.4058     27.6   27.4   50.2 -999.9  110    1.0 0 0 0
C1 20.5712  34.8121  102.4058     27.8   27.5   50.2 -999.9  112    1.8 0 0 0
C1 20.5723  34.8121  102.4058     27.8   27.3   50.4 -999.9   96    1.4 0 0 0
C1 20.5733  34.8121  102.4058     27.8   27.6   50.3 -999.9  121    1.1 0 0 0
C1 20.5743  34.8121  102.4058     27.9   27.6   50.3 -999.9  114    1.7 0 0 0
C1 20.5752  34.8121  102.4058     27.8   27.4   50.3 -999.9  129    2.1 0 0 0
C1 20.5763  34.8121  102.4058     27.8   27.8   50.8 -999.9   87    2.8 0 0 0
C1 20.5838  34.8121  102.4058     27.8   28.2   50.4 -999.9   96    2.7 0 0 0
C1 20.5848  34.8125  102.4059     27.8   27.9   50.6 -999.9  114    3.3 0 0 0
C1 20.5860  34.8122  102.4059     27.9   27.9   51.0 -999.9  122    2.7 0 0 0
C1 20.5868  34.8122  102.4059     27.9   27.6   50.7 -999.9  108    4.6 0 0 0
C1 20.5878  34.8122  102.4059     28.0   27.7   50.3 -999.9  107    6.7 0 0 0
C1 20.5888  34.8122  102.4058     28.0   27.9   50.3 -999.9  127    2.1 0 0 0
C1 20.5898  34.8125  102.4060     28.0   28.1   50.5 -999.9  109    3.5 0 0 0
C1 20.5908  34.8125  102.4060     27.9   28.0   50.4 -999.9  118    1.5 0 0 0
C1 20.5918  34.8124  102.4060     27.8   27.5   50.2 -999.9  116    1.1 0 0 0
C1 20.5928  34.8124  102.4060     27.8   27.8   50.5 -999.9  127    2.7 0 0 0
C1 20.6005  34.8122  102.4059     27.8   28.0   50.2 -999.9  105    2.4 0 0 0
C1 20.6015  34.8122  102.4059     27.8   27.7   50.4 -999.9  109    6.7 0 0 0
C1 20.6025  34.8122  102.4059     27.8   28.1   50.2 -999.9  103    5.6 0 0 0
C1 20.6035  34.8122  102.4059     27.9   27.7   49.6 -999.9   88    5.7 0 0 0
C1 20.6045  34.8122  102.4059     27.9   27.9   49.5 -999.9  108    5.5 0 0 0
C1 20.6055  34.8122  102.4059     27.9   27.9   49.8 -999.9   99    3.4 0 0 0
C1 20.6065  34.8122  102.4059     27.8   27.8   49.9 -999.9  103    4.0 0 0 0
C1 20.6075  34.8122  102.4059     27.8   27.6   49.3 -999.9  127    5.5 0 0 0
C1 20.6085  34.8123  102.4058     27.8   28.0   48.9 -999.9   95    5.0 0 0 0
C1 20.6095  34.8123  102.4057     27.5   27.9   48.6 -999.9  103    4.5 0 0 0
C1 20.6172  34.8122  102.4057     27.5   27.7   48.5 -999.9  120    3.6 0 0 0
C1 20.6182  34.8121  102.4057     27.3   27.9   48.5 -999.9  138    6.1 0 0 0
C1 20.6192  34.8121  102.4057     27.2   28.2   48.8 -999.9  145    5.9 0 0 0
C1 20.6202  34.8121  102.4056     27.1   27.9   48.6 -999.9  139    4.6 0 0 0
C1 20.6212  34.8121  102.4056     27.1   27.9   48.8 -999.9  156    3.0 0 0 0
C1 20.6222  34.8120  102.4056     27.1   27.9   48.7 -999.9  169    5.0 0 0 0
C1 20.6232  34.8120  102.4056     27.1   27.8   48.8 -999.9  145    5.9 0 0 0
C1 20.6242  34.8120  102.4056     27.1   28.0   48.9 -999.9  124    5.5 0 0 0
C1 20.6252  34.8120  102.4055     27.1   27.3   49.0 -999.9  152    5.4 0 0 0
C1 20.6262  34.8119  102.4055     27.1   27.6   49.1 -999.9  142    3.5 0 0 0
C1 20.6338  34.8119  102.4055     27.1   27.7   49.2 -999.9  127    2.3 0 0 0
C1 20.6348  34.8119  102.4055     27.1   27.7   49.3 -999.9  105    3.6 0 0 0
C1 20.6358  34.8119  102.4055     27.1   27.9   49.6 -999.9  153    3.5 0 0 0
C1 20.6368  34.8118  102.4054     27.1   27.7   49.7 -999.9  161    4.2 0 0 0
C1 20.6378  34.8118  102.4054     27.2   27.6   49.6 -999.9  164    2.9 0 0 0
C1 20.6388  34.8118  102.4054     27.3   27.7   49.6 -999.9  142    2.8 0 0 0
C1 20.6398  34.8118  102.4054     27.2   26.9   49.6 -999.9  136    5.1 0 0 0
C1 20.6408  34.8117  102.4054     27.1   27.6   49.6 -999.9  126    4.3 0 0 0
C1 20.6418  34.8117  102.4054     27.1   27.8   49.8 -999.9  136    4.3 0 0 0
C1 20.6428  34.8117  102.4054     27.1   27.9   50.2 -999.9  136    4.9 0 0 0
C1 20.6505  34.8117  102.4053     27.2   27.6   50.5 -999.9  158    4.9 0 0 0
C1 20.6515  34.8117  102.4053     27.3   27.7   50.5 -999.9  162    3.8 0 0 0
C1 20.6525  34.8117  102.4053     27.3   27.9   50.3 -999.9  139    2.7 0 0 0
C1 20.6535  34.8116  102.4053     27.1   27.6   50.0 -999.9  132    2.4 0 0 0
C1 20.6545  34.8116  102.4053     27.1   28.0   50.0 -999.9  139    5.1 0 0 0
C1 20.6555  34.8116  102.4053     27.1   27.6   50.2 -999.9  169    4.0 0 0 0
C1 20.6565  34.8116  102.4053     27.1   27.6   50.8 -999.9  151    5.9 0 0 0
C1 20.6575  34.8116  102.4053     27.1   27.6   50.8 -999.9  163    7.7 0 0 0
C1 20.6585  34.8116  102.4052     27.1   27.7   50.6 -999.9  136    7.5 0 0 0
C1 20.6595  34.8116  102.4052     27.1   27.4   50.3 -999.9  117    4.7 0 0 0
C1 20.6672  34.8115  102.4052     27.1   28.0   50.4 -999.9   96    2.5 0 0 0
C1 20.6682  34.8115  102.4052     27.1   27.6   50.4 -999.9  139    4.4 0 0 0
C1 20.6692  34.8115  102.4052     27.0   27.7   50.5 -999.9  135    5.3 0 0 0
C1 20.6702  34.8115  102.4052     27.0   27.7   50.5 -999.9  152    6.9 0 0 0
C1 20.6712  34.8115  102.4052     27.0   27.8   50.9 -999.9  150    5.8 0 0 0
C1 20.6722  34.8115  102.4052     27.1   27.3   50.9 -999.9  152    4.6 0 0 0
C1 20.6732  34.8115  102.4052     27.1   27.5   50.8 -999.9  179    3.6 0 0 0
C1 20.6742  34.8115  102.4052     27.1   27.7   51.2 -999.9  155    6.2 0 0 0
C1 20.6752  34.8115  102.4051     27.1   27.8   51.2 -999.9  151    6.2 0 0 0
C1 20.6762  34.8115  102.4051     27.1   27.8   51.0 -999.9  127    2.8 0 0 0
C1 20.6838  34.8115  102.4051     27.1   27.7   51.0 -999.9  123    4.5 0 0 0
C1 20.6848  34.8115  102.4052     27.1   27.8   51.0 -999.9   66    5.7 0 0 0
C1 20.6858  34.8115  102.4052     27.1   27.6   50.8 -999.9   93    3.7 0 0 0
C1 20.6868  34.8115  102.4052     27.1   27.8   51.2 -999.9   89    2.3 0 0 0
C1 20.6878  34.8115  102.4052     27.2   27.6   50.9 -999.9  114    1.8 0 0 0
C1 20.6888  34.8115  102.4052     27.3   27.5   51.5 -999.9  172    2.8 0 0 0
C1 20.6898  34.8115  102.4052     27.4   27.4   51.6 -999.9  124    4.0 0 0 0
C1 20.6908  34.8115  102.4052     27.3   27.4   51.7 -999.9  152    3.3 0 0 0
C1 20.6918  34.8115  102.4052     27.3   27.3   51.5 -999.9  121    6.9 0 0 0
C1 20.6928  34.8115  102.4052     27.2   27.6   51.2 -999.9  157    5.5 0 0 0
C1 20.7008  34.8115  102.4053     27.1   27.6   51.0 -999.9  168    5.4 0 0 0
C1 20.7015  34.8115  102.4053     27.1   27.2   51.2 -999.9  155    6.5 0 0 0
C1 20.7025  34.8115  102.4053     27.1   27.4   51.3 -999.9  128    6.4 0 0 0
C1 20.7035  34.8115  102.4053     27.1   27.4   51.3 -999.9  127    6.8 0 0 0
C1 20.7045  34.8115  102.4054     27.1   27.6   51.4 -999.9  140    6.2 0 0 0
C1 20.7055  34.8115  102.4054     27.1   27.3   51.1 -999.9  138    4.7 0 0 0
C1 20.7065  34.8115  102.4054     27.1   27.5   51.0 -999.9  156    4.8 0 0 0
C1 20.7075  34.8115  102.4054     27.1   27.6   51.1 -999.9  150    3.6 0 0 0
C1 20.7085  34.8115  102.4055     27.1   27.4   51.2 -999.9  150    4.7 0 0 0
C1 20.7098  34.8115  102.4055     27.2   27.6   51.5 -999.9  141    5.0 0 0 0
C1 20.7175  34.8115  102.4055     27.3   27.4   51.6 -999.9  149    3.1 0 0 0
C1 20.7182  34.8115  102.4055     27.3   27.3   51.6 -999.9  161    5.0 0 0 0
C1 20.7192  34.8115  102.4056     27.3   27.8   51.4 -999.9  132    5.7 0 0 0
C1 20.7205  34.8115  102.4056     27.4   27.6   51.2 -999.9  132    3.9 0 0 0
C1 20.7212  34.8115  102.4056     27.4   27.7   51.2 -999.9  122    4.3 0 0 0
C1 20.7225  34.8115  102.4056     27.5   27.9   51.2 -999.9   99    3.1 0 0 0
C1 20.7232  34.8115  102.4056     27.5   27.3   51.1 -999.9  138    4.2 0 0 0
C1 20.7245  34.8114  102.4056     27.3   27.2   51.0 -999.9  104    5.7 0 0 0
C1 20.7252  34.8114  102.4056     27.4   27.8   51.2 -999.9  162    3.3 0 0 0
C1 20.7262  34.8114  102.4056     27.5   27.6   51.1 -999.9  154    3.6 0 0 0
C1 20.7342  34.8114  102.4056     27.5   27.6   51.2 -999.9  149    4.5 0 0 0
C1 20.7352  34.8114  102.4056     27.6   27.5   51.3 -999.9  173    4.4 0 0 0
C1 20.7358  34.8114  102.4056     27.5   27.6   51.2 -999.9  163    5.4 0 0 0
C1 20.7372  34.8114  102.4056     27.5   27.2   51.4 -999.9  161    7.0 0 0 0
C1 20.7378  34.8114  102.4056     27.5   27.3   51.3 -999.9  150    4.7 0 0 0
C1 20.7388  34.8114  102.4056     27.6   27.6   51.5 -999.9  156    3.5 0 0 0
C1 20.7398  34.8114  102.4056     27.7   27.6   51.5 -999.9  145    4.1 0 0 0
C1 20.7408  34.8114  102.4056     27.8   27.3   51.4 -999.9  118    2.9 0 0 0
C1 20.7418  34.8114  102.4056     27.8   27.6   51.2 -999.9  162    3.9 0 0 0
C1 20.7428  34.8114  102.4056     27.5   27.7   50.9 -999.9  147    6.7 0 0 0
C1 20.7505  34.8114  102.4056     27.3   27.3   50.6 -999.9  151    8.6 0 0 0
C1 20.7515  34.8114  102.4056     27.2   27.6   51.0 -999.9  121    5.0 0 0 0
C1 20.7527  34.8114  102.4056     27.5   27.8   51.0 -999.9  138    3.0 0 0 0
C1 20.7535  34.8114  102.4056     27.6   27.7   51.1 -999.9  145    4.0 0 0 0
C1 20.7545  34.8114  102.4056     27.8   27.5   51.4 -999.9  139    4.7 0 0 0
C1 20.7555  34.8114  102.4055     27.6   27.6   51.1 -999.9  125    6.6 0 0 0
C1 20.7565  34.8114  102.4055     27.5   27.8   51.2 -999.9  135    5.0 0 0 0
C1 20.7575  34.8114  102.4055     27.5   27.9   51.0 -999.9  115    3.0 0 0 0
C1 20.7585  34.8114  102.4055     27.5   27.6   51.0 -999.9  161    2.4 0 0 0
C1 20.7595  34.8115  102.4055     27.5   27.1   51.3 -999.9  141    3.0 0 0 0
C1 20.7672  34.8115  102.4055     27.6   28.0   51.4 -999.9  142    3.9 0 0 0
C1 20.7682  34.8115  102.4055     27.5   27.7   50.9 -999.9  145    5.8 0 0 0
C1 20.7692  34.8115  102.4055     27.4   27.7   50.9 -999.9  153    7.2 0 0 0
C1 20.7702  34.8116  102.4056     27.5   27.6   51.0 -999.9  129    9.5 0 0 0
C1 20.7712  34.8117  102.4057     27.7   28.0   51.2 -999.9  171    1.7 0 0 0
C1 20.7722  34.8121  102.4057     27.8   27.7   51.1 -999.9  183    9.9 0 1 0
C1 20.7732  34.8129  102.4057     27.7   27.5   50.8 -999.9  168    6.4 0 1 0
C1 20.7742  34.8138  102.4057     27.6   27.7   50.7 -999.9  151    2.6 0 0 0
C1 20.7752  34.8147  102.4058     27.5   27.7   51.3 -999.9  134    3.7 0 0 0
C1 20.7762  34.8156  102.4057     27.5   27.3   51.3 -999.9  127    3.9 0 0 0
C1 20.7838  34.8165  102.4057     27.5   27.9   52.0 -999.9  148    2.4 0 0 0
C1 20.7848  34.8175  102.4057     27.6   27.7   51.9 -999.9  144    3.3 0 0 0
C1 20.7858  34.8185  102.4057     27.6   27.5   51.2 -999.9  172    4.2 0 0 0
C1 20.7868  34.8195  102.4057     27.6   27.6   50.8 -999.9  125    5.0 0 0 0
C1 20.7878  34.8204  102.4057     27.5   27.7   51.1 -999.9  159    3.6 0 0 0
C1 20.7888  34.8213  102.4056     27.6   27.1   51.4 -999.9   70    1.8 0 0 0
C1 20.7898  34.8216  102.4056     27.7   27.6   51.2 -999.9   20    9.3 0 1 0
C1 20.7908  34.8216  102.4056     27.8   27.5   51.2 -999.9  138    4.5 0 0 0
C1 20.7920  34.8216  102.4055     27.8   28.1   50.6 -999.9  136    4.7 0 0 0
C1 20.7928  34.8216  102.4055     27.8   27.7   50.7 -999.9  111    4.9 0 0 0
C1 20.8005  34.8217  102.4055     27.9   28.1   51.0 -999.9  131    2.8 0 0 0
C1 20.8015  34.8217  102.4054     28.0   27.8   50.9 -999.9  138    2.4 0 0 0
C1 20.8025  34.8220  102.4055     28.1   27.7   51.0 -999.9  117    7.6 0 1 0
C1 20.8035  34.8220  102.4061     28.0   27.6   50.8 -999.9  102    7.4 0 1 0
C1 20.8045  34.8220  102.4071     28.1   27.7   51.0 -999.9  114    7.8 0 0 0
C1 20.8055  34.8221  102.4082     28.1   28.3   50.6 -999.9  144    6.5 0 0 0
C1 20.8065  34.8221  102.4094     28.0   27.5   50.7 -999.9  150    3.9 0 0 0
C1 20.8075  34.8221  102.4106     28.1   28.1   51.2 -999.9  149    4.7 0 0 0
C1 20.8085  34.8221  102.4118     28.0   27.8   50.9 -999.9  142    4.6 0 0 0
C1 20.8095  34.8221  102.4131     28.0   28.1   50.3 -999.9  158    8.1 0 0 0
C1 20.8172  34.8222  102.4143     28.0   28.2   51.3 -999.9  124    6.1 0 0 0
C1 20.8182  34.8222  102.4156     28.0   27.8   50.0 -999.9  124    6.5 0 0 0
C1 20.8192  34.8222  102.4169     27.8   28.8   50.0 -999.9  123    6.2 0 0 0
C1 20.8202  34.8223  102.4182     27.9   28.1   49.6 -999.9  132    6.5 0 0 0
C1 20.8212  34.8223  102.4194     27.8   28.0   49.7 -999.9  117    5.1 0 0 0
C1 20.8222  34.8224  102.4206     27.8   27.7   49.6 -999.9  124    5.6 0 0 0
C1 20.8232  34.8225  102.4217     27.8   28.2   50.7 -999.9  145    6.0 0 0 0
C1 20.8242  34.8225  102.4228     27.7   28.2   50.8 -999.9  149    5.3 0 0 0
C1 20.8252  34.8226  102.4239     27.7   27.9   52.4 -999.9  127    3.6 0 0 0
C1 20.8262  34.8226  102.4248     27.8   28.2   52.5 -999.9  193    3.0 0 1 0
C1 20.8338  34.8226  102.4257     27.8   27.7   50.9 -999.9  120    7.3 0 0 0
C1 20.8348  34.8226  102.4270     27.6   27.9   50.8 -999.9  118   10.8 0 1 0
C1 20.8358  34.8226  102.4284     27.5   28.3   50.9 -999.9  113    8.2 0 0 0
C1 20.8368  34.8227  102.4299     27.5   28.1   51.0 -999.9  119    5.7 0 0 0
C1 20.8378  34.8227  102.4314     27.5   28.0   52.0 -999.9  116    7.9 0 0 0
C1 20.8388  34.8227  102.4331     27.5   27.9   51.6 -999.9  110   10.6 0 0 0
C1 20.8398  34.8227  102.4350     27.6   28.1   51.7 -999.9  134   11.5 0 0 0
C1 20.8408  34.8228  102.4369     27.6   27.8   50.6 -999.9  142   10.3 0 0 0
C1 20.8418  34.8228  102.4387     27.5   27.3   50.1 -999.9  133   12.9 0 0 0
C1 20.8428  34.8229  102.4405     27.6   28.6   50.5 -999.9  115   12.6 0 0 0
C1 20.8505  34.8229  102.4424     27.5   28.0   50.8 -999.9  127    9.6 0 0 0
C1 20.8515  34.8229  102.4444     27.5   27.7   51.1 -999.9  131    8.6 0 0 0
C1 20.8525  34.8229  102.4463     27.4   28.0   52.1 -999.9  133    9.7 0 0 0
C1 20.8535  34.8229  102.4482     27.3   27.4   51.6 -999.9  136    9.7 0 0 0
C1 20.8545  34.8229  102.4501     27.4   27.8   51.6 -999.9  136   10.5 0 0 0
C1 20.8555  34.8230  102.4520     27.3   27.8   51.5 -999.9  135    6.1 0 0 0
C1 20.8565  34.8230  102.4539     27.4   27.9   51.2 -999.9  138    5.7 0 0 0
C1 20.8575  34.8230  102.4558     27.4   27.4   51.0 -999.9  134    6.8 0 0 0
C1 20.8585  34.8231  102.4578     27.3   27.7   52.9 -999.9  135   10.0 0 0 0
C1 20.8595  34.8231  102.4597     27.2   27.6   52.2 -999.9  123    7.5 0 0 0
C1 20.8672  34.8231  102.4617     27.4   27.5   53.8 -999.9  130    8.7 0 0 0
C1 20.8682  34.8231  102.4635     27.4   27.8   52.4 -999.9  135    9.3 0 0 0
C1 20.8692  34.8231  102.4654     27.4   27.3   52.0 -999.9  128    8.3 0 0 0
C1 20.8702  34.8231  102.4673     27.4   27.5   52.9 -999.9  124    8.8 0 0 0
C1 20.8712  34.8231  102.4692     27.5   27.9   52.9 -999.9  128   10.5 0 0 0
C1 20.8722  34.8231  102.4710     27.4   27.6   52.7 -999.9  128   10.5 0 0 0
C1 20.8732  34.8231  102.4729     27.5   27.2   52.4 -999.9  122    9.2 0 0 0
C1 20.8742  34.8232  102.4748     27.5   27.6   53.2 -999.9  127    8.5 0 0 0
C1 20.8752  34.8232  102.4767     27.5   27.6   52.9 -999.9  128   10.2 0 0 0
C1 20.8762  34.8232  102.4786     27.5   28.0   52.3 -999.9  130    6.6 0 0 0
C1 20.8838  34.8232  102.4805     27.5   27.9   51.9 -999.9  134   10.0 0 0 0
C1 20.8848  34.8232  102.4823     27.4   27.5   52.1 -999.9  132   11.7 0 0 0
C1 20.8858  34.8232  102.4842     27.5   27.2   51.8 -999.9  132   10.5 0 0 0
C1 20.8868  34.8232  102.4861     27.5   27.6   51.1 -999.9  115    9.3 0 0 0
C1 20.8878  34.8232  102.4879     27.5   27.7   51.7 -999.9  131   13.2 0 0 0
C1 20.8888  34.8233  102.4899     27.6   28.1   51.6 -999.9  124   11.0 0 0 0
C1 20.8898  34.8233  102.4917     27.8   27.6   52.5 -999.9  110    8.0 0 0 0
C1 20.8908  34.8233  102.4936     27.6   27.7   53.9 -999.9  147    8.8 0 0 0
C1 20.8918  34.8233  102.4954     27.7   27.6   53.4 -999.9  145    9.0 0 0 0
C1 20.8928  34.8233  102.4973     27.8   27.4   52.6 -999.9  147   11.9 0 0 0
C1 20.9005  34.8233  102.4991     27.7   27.9   51.3 -999.9  146   11.4 0 0 0
C1 20.9015  34.8233  102.5010     27.7   27.9   50.6 -999.9  147   11.4 0 0 0
C1 20.9025  34.8233  102.5029     27.8   27.3   50.5 -999.9  143   11.1 0 0 0
C1 20.9035  34.8233  102.5048     27.6   28.1   50.2 -999.9  138    9.4 0 0 0
C1 20.9045  34.8233  102.5067     27.5   27.7   50.0 -999.9  138   10.0 0 0 0
C1 20.9055  34.8233  102.5087     27.6   27.7   51.3 -999.9  141    9.1 0 0 0
C1 20.9065  34.8233  102.5105     27.5   27.8   51.7 -999.9  141    8.0 0 0 0
C1 20.9075  34.8233  102.5123     27.4   27.7   52.2 -999.9  135    8.8 0 0 0
C1 20.9085  34.8234  102.5140     27.4   27.4   51.6 -999.9  142   11.9 0 0 0
C1 20.9095  34.8234  102.5159     27.4   27.8   51.3 -999.9  137   10.7 0 0 0
C1 20.9172  34.8234  102.5177     27.3   27.6   51.1 -999.9  118    9.2 0 0 0
C1 20.9182  34.8234  102.5195     27.3   27.3   51.3 -999.9  134    9.1 0 0 0
C1 20.9193  34.8235  102.5217     27.3   27.5   52.0 -999.9  132    9.3 0 0 0
C1 20.9202  34.8235  102.5233     27.3   27.6   51.8 -999.9  130    9.8 0 0 0
C1 20.9212  34.8235  102.5252     27.2   27.9   51.9 -999.9  118    8.9 0 0 0
C1 20.9222  34.8235  102.5270     27.4   27.2   52.7 -999.9  117    6.8 0 0 0
C1 20.9232  34.8235  102.5288     27.5   27.3   52.2 -999.9  133    9.5 0 0 0
C1 20.9242  34.8235  102.5307     27.7   27.6   51.7 -999.9  119    8.3 0 0 0
C1 20.9252  34.8236  102.5326     27.8   27.9   53.1 -999.9  132    6.6 0 0 0
C1 20.9262  34.8236  102.5345     27.5   27.6   53.5 -999.9  136    8.7 0 0 0
C1 20.9338  34.8237  102.5364     27.4   27.5   54.8 -999.9  137    7.4 0 0 0
C1 20.9348  34.8237  102.5383     27.4   27.5   53.9 -999.9  146    7.0 0 0 0
C1 20.9358  34.8237  102.5401     27.1   27.6   52.7 -999.9  156    6.6 0 0 0
C1 20.9368  34.8237  102.5420     27.2   27.4   51.6 -999.9  147    9.3 0 0 0
C1 20.9378  34.8237  102.5438     27.2   27.9   51.2 -999.9  139    8.4 0 0 0
C1 20.9388  34.8238  102.5456     27.3   27.5   51.5 -999.9  143   10.5 0 0 0
C1 20.9398  34.8238  102.5476     27.4   27.2   51.2 -999.9  128   12.2 0 0 0
C1 20.9408  34.8238  102.5495     27.4   27.2   51.7 -999.9  122    7.7 0 0 0
C1 20.9418  34.8239  102.5514     27.4   27.7   52.8 -999.9  150    9.7 0 0 0
C1 20.9428  34.8239  102.5533     27.4   28.0   55.2 -999.9  156    8.9 0 0 0
C1 20.9505  34.8239  102.5552     27.3   27.6   53.7 -999.9  143   10.3 0 0 0
C1 20.9515  34.8240  102.5571     27.1   27.7   52.3 -999.9  127   10.3 0 0 0
C1 20.9525  34.8240  102.5591     27.1   27.1   45.1 -999.9  131   10.4 0 0 0
C1 20.9535  34.8240  102.5610     27.2   27.8   31.0 -999.9  142    9.9 1 0 0
C1 20.9545  34.8240  102.5629     27.3   27.3   52.6 -999.9  128    9.9 0 0 0
C1 20.9555  34.8241  102.5648     27.4   27.8   54.1 -999.9  132   10.0 0 0 0
C1 20.9565  34.8241  102.5667     27.5   27.4   52.6 -999.9  137   11.4 0 0 0
C1 20.9575  34.8241  102.5687     27.5   27.3   52.6 -999.9  139   12.1 0 0 0
C1 20.9585  34.8242  102.5706     27.6   27.7   52.8 -999.9  140    9.6 0 0 0
C1 20.9595  34.8242  102.5725     27.8   27.7   53.1 -999.9  137   10.8 0 0 0
C1 20.9672  34.8242  102.5744     27.8   27.5   53.2 -999.9  140   10.4 0 0 0
C1 20.9682  34.8243  102.5763     27.8   27.8   51.8 -999.9  134    8.3 0 0 0
C1 20.9692  34.8243  102.5782     27.9   27.7   50.9 -999.9  139    9.6 0 0 0
C1 20.9702  34.8243  102.5801     27.8   27.8   50.4 -999.9  138    9.8 0 0 0
C1 20.9712  34.8244  102.5820     27.7   27.6   50.4 -999.9  127    9.0 0 0 0
C1 20.9722  34.8244  102.5839     27.9   27.4   51.1 -999.9  137    9.7 0 0 0
C1 20.9732  34.8244  102.5858     27.8   27.8   51.1 -999.9  123    7.1 0 0 0
C1 20.9742  34.8245  102.5877     27.9   27.2   51.0 -999.9  134    8.7 0 0 0
C1 20.9752  34.8245  102.5896     27.9   27.4   51.3 -999.9  136    7.6 0 0 0
C1 20.9762  34.8245  102.5915     27.9   27.6   51.5 -999.9  145    9.5 0 0 0
C1 20.9838  34.8246  102.5934     27.8   27.8   50.7 -999.9  151   11.5 0 0 0
C1 20.9848  34.8246  102.5953     27.9   28.0   50.4 -999.9  141   10.0 0 0 0
C1 20.9858  34.8246  102.5972     28.0   27.8   50.2 -999.9  133    8.8 0 0 0
C1 20.9868  34.8247  102.5991     28.0   28.1   49.9 -999.9  144   10.2 0 0 0
C1 20.9878  34.8248  102.6010     28.0   28.2   49.0 -999.9  141   11.4 0 0 0
C1 20.9888  34.8251  102.6030     27.9   27.5   49.6 -999.9  124    9.7 0 0 0
C1 20.9898  34.8254  102.6048     27.8   28.0   51.9 -999.9  136    8.5 0 0 0
C1 20.9908  34.8257  102.6066     27.8   27.9   53.4 -999.9  133    7.1 0 0 0
C1 20.9918  34.8259  102.6084     27.6   27.6   53.9 -999.9  145    7.9 0 0 0
C1 20.9928  34.8262  102.6101     27.5   27.6   53.2 -999.9  130    7.5 0 0 0
C1 21.0005  34.8265  102.6119     27.3   27.7   53.1 -999.9  136    7.6 0 0 0
C1 21.0015  34.8267  102.6137     27.3   28.1   51.9 -999.9  130    9.3 0 0 0
C1 21.0025  34.8270  102.6154     27.4   27.9   51.9 -999.9  139    7.9 0 0 0
C1 21.0035  34.8273  102.6171     27.5   27.5   50.6 -999.9  139    9.1 0 0 0
C1 21.0045  34.8276  102.6188     27.5   27.4   50.1 -999.9  135    9.7 0 0 0
C1 21.0055  34.8278  102.6206     27.3   27.5   50.9 -999.9  143    7.1 0 0 0
C1 21.0065  34.8281  102.6222     27.4   27.7   50.2 -999.9  132    9.3 0 0 0
C1 21.0075  34.8283  102.6239     27.3   27.9   50.8 -999.9  128    8.7 0 0 0
C1 21.0085  34.8286  102.6256     27.4   27.6   50.6 -999.9  134   10.4 0 0 0
C1 21.0095  34.8288  102.6274     27.3   28.0   50.2 -999.9  129   11.3 0 0 0
C1 21.0172  34.8288  102.6293     27.3   27.8   50.0 -999.9  123    9.4 0 0 0
C1 21.0182  34.8288  102.6311     27.3   28.1   50.9 -999.9  125    9.1 0 0 0
C1 21.0192  34.8289  102.6330     27.3   27.9   50.5 -999.9  140   11.3 0 0 0
C1 21.0202  34.8289  102.6348     27.2   27.9   50.6 -999.9  135    9.6 0 0 0
C1 21.0212  34.8289  102.6366     27.1   27.4   51.3 -999.9  133   10.2 0 0 0
C1 21.0222  34.8289  102.6385     27.1   27.6   51.4 -999.9  134   10.9 0 0 0
C1 21.0232  34.8289  102.6403     27.1   28.0   51.4 -999.9  130    8.3 0 0 0
C1 21.0242  34.8289  102.6421     27.2   27.6   52.0 -999.9  125    8.1 0 0 0
C1 21.0252  34.8290  102.6439     27.2   27.7   52.3 -999.9  134    8.2 0 0 0
C1 21.0262  34.8290  102.6457     27.5   27.1   52.9 -999.9  133    7.2 0 0 0
C1 21.0338  34.8290  102.6475     27.5   27.6   53.1 -999.9  142   11.1 0 0 0
C1 21.0348  34.8290  102.6492     27.5   27.6   52.4 -999.9  133   11.4 0 0 0
C1 21.0358  34.8291  102.6510     27.5   27.2   52.9 -999.9  125   10.2 0 0 0
C1 21.0368  34.8291  102.6529     27.6   27.9   51.9 -999.9  122    9.0 0 0 0
C1 21.0378  34.8291  102.6547     27.7   27.8   51.5 -999.9  126    8.5 0 0 0
C1 21.0388  34.8291  102.6566     27.7   27.6   51.4 -999.9  138    8.7 0 0 0
C1 21.0398  34.8292  102.6583     27.8   27.4   52.0 -999.9  140    8.8 0 0 0
C1 21.0408  34.8292  102.6600     27.6   27.4   51.6 -999.9  120    7.6 0 0 0
C1 21.0418  34.8292  102.6616     27.6   27.9   52.4 -999.9  126    7.7 0 0 0
C1 21.0428  34.8292  102.6632     27.6   27.8   51.9 -999.9  114    7.8 0 0 0
C1 21.0505  34.8292  102.6649     27.6   27.4   51.1 -999.9  131    7.0 0 0 0
C1 21.0515  34.8293  102.6666     27.6   27.8   50.7 -999.9  121    5.9 0 0 0
C1 21.0525  34.8293  102.6683     27.5   27.9   51.8 -999.9  122    5.1 0 0 0
C1 21.0535  34.8293  102.6701     27.6   27.6   52.7 -999.9  136    6.7 0 0 0
C1 21.0545  34.8293  102.6719     27.6   27.8   52.3 -999.9  134    6.7 0 0 0
C1 21.0555  34.8293  102.6738     27.6   27.3   52.3 -999.9  124    8.0 0 0 0
C1 21.0565  34.8293  102.6757     27.5   27.5   51.2 -999.9  114    8.8 0 0 0
C1 21.0575  34.8293  102.6776     27.5   27.7   51.8 -999.9  130    9.2 0 0 0
C1 21.0585  34.8293  102.6795     27.5   27.4   51.7 -999.9  133   11.4 0 0 0
C1 21.0595  34.8293  102.6814     27.5   27.5   51.2 -999.9  129   11.4 0 0 0
C1 21.0672  34.8294  102.6833     27.4   27.7   50.9 -999.9  115   10.9 0 0 0
C1 21.0682  34.8294  102.6852     27.5   27.8   51.3 -999.9  126   10.2 0 0 0
C1 21.0692  34.8294  102.6870     27.6   27.5   51.1 -999.9  119    9.1 0 0 0
C1 21.0702  34.8295  102.6889     27.6   27.3   51.6 -999.9  125    9.3 0 0 0
C1 21.0712  34.8295  102.6907     27.7   27.9   51.4 -999.9  133    9.4 0 0 0
C1 21.0722  34.8295  102.6926     27.5   27.6   50.9 -999.9  133   11.9 0 0 0
C1 21.0732  34.8296  102.6946     27.6   27.8   50.5 -999.9  126   12.1 0 0 0
C1 21.0742  34.8296  102.6965     27.5   27.6   50.6 -999.9  120   10.6 0 0 0
C1 21.0752  34.8296  102.6985     27.6   27.6   51.4 -999.9  131   12.2 0 0 0
C1 21.0762  34.8297  102.7004     27.4   27.8   51.0 -999.9  127   11.4 0 0 0
C1 21.0838  34.8297  102.7024     27.6   27.1   51.0 -999.9  135   10.8 0 0 0
C1 21.0848  34.8297  102.7044     27.8   27.7   48.4 -999.9  142   12.2 0 0 0
C1 21.0860  34.8297  102.7066     27.9   27.4   48.8 -999.9  137   10.9 0 0 0
C1 21.0868  34.8298  102.7081     28.2   27.6   48.4 -999.9  152   10.8 0 0 0
C1 21.0878  34.8298  102.7099     28.2   28.0   47.1 -999.9  135   11.6 0 0 0
C1 21.0888  34.8298  102.7117     28.1   27.4   47.9 -999.9  133   12.1 0 0 0
C1 21.0898  34.8298  102.7135     28.1   27.9   47.7 -999.9  128   11.9 0 0 0
C1 21.0908  34.8299  102.7155     28.3   27.5   47.5 -999.9  122   14.3 0 0 0
C1 21.0918  34.8299  102.7174     28.4   27.7   48.8 -999.9  133   12.6 0 0 0
C1 21.0928  34.8298  102.7193     28.4   27.7   49.0 -999.9  143   11.9 0 0 0
C1 21.1005  34.8298  102.7211     28.6   27.9   49.2 -999.9  155   10.4 0 0 0
C1 21.1015  34.8298  102.7227     28.5   27.9   47.8 -999.9  150   11.5 0 0 0
C1 21.1025  34.8297  102.7243     28.5   28.2   47.6 -999.9  138    9.4 0 0 0
C1 21.1035  34.8297  102.7259     28.5   28.3   47.4 -999.9  134    9.2 0 0 0
C1 21.1045  34.8297  102.7276     28.6   27.9   47.0 -999.9  131    8.8 0 0 0
C1 21.1055  34.8297  102.7293     28.6   28.0   48.3 -999.9  142    8.8 0 0 0
C1 21.1065  34.8297  102.7310     28.6   28.3   48.1 -999.9  146    8.7 0 0 0
C1 21.1075  34.8296  102.7328     28.7   28.0   47.4 -999.9  139   12.0 0 0 0
C1 21.1085  34.8296  102.7345     28.6   27.8   47.2 -999.9  137    8.6 0 0 0
C1 21.1095  34.8296  102.7363     28.6   28.8   47.6 -999.9  134    8.5 0 0 0
C1 21.1172  34.8296  102.7381     28.6   28.2   47.0 -999.9  141   11.9 0 0 0
C1 21.1182  34.8295  102.7399     28.6   28.1   46.7 -999.9  131    9.1 0 0 0
C1 21.1192  34.8295  102.7417     28.6   28.6   47.0 -999.9  138    9.8 0 0 0
C1 21.1202  34.8295  102.7436     28.5   28.0   46.6 -999.9  140   11.6 0 0 0
C1 21.1212  34.8295  102.7455     28.5   27.9   48.1 -999.9  135    8.1 0 0 0
C1 21.1222  34.8295  102.7473     28.5   28.3   47.2 -999.9  157    9.6 0 0 0
C1 21.1232  34.8295  102.7490     28.4   28.7   47.5 -999.9  143    8.4 0 0 0
C1 21.1242  34.8294  102.7508     28.3   28.2   46.3 -999.9  135    9.9 0 0 0
C1 21.1252  34.8294  102.7526     28.1   28.6   46.8 -999.9  144    8.2 0 0 0
C1 21.1262  34.8294  102.7544     28.2   28.5   46.3 -999.9  141   10.0 0 0 0
C1 21.1338  34.8294  102.7562     28.3   28.5   47.0 -999.9  139   11.7 0 0 0
C1 21.1348  34.8294  102.7581     28.1   28.2   46.4 -999.9  149   11.3 0 0 0
C1 21.1358  34.8294  102.7599     28.0   28.1   46.3 -999.9  140    8.0 0 0 0
C1 21.1368  34.8294  102.7617     27.9   28.2   46.0 -999.9  142   11.1 0 0 0
C1 21.1378  34.8294  102.7636     28.0   28.1   46.0 -999.9  142   11.9 0 0 0
C1 21.1388  34.8294  102.7655     27.9   28.6   46.1 -999.9  147   13.6 0 0 0
C1 21.1398  34.8294  102.7673     27.9   28.2   46.5 -999.9  134   11.4 0 0 0
C1 21.1408  34.8294  102.7691     27.8   28.4   47.0 -999.9  141   10.5 0 0 0
C1 21.1418  34.8294  102.7708     27.9   28.4   46.6 -999.9  158   11.0 0 0 0
C1 21.1428  34.8294  102.7725     27.8   28.0   45.8 -999.9  150   12.9 0 0 0
C1 21.1505  34.8294  102.7743     27.8   28.2   45.5 -999.9  142   13.6 0 0 0
C1 21.1515  34.8294  102.7761     27.8   28.0   47.0 -999.9  147   10.9 0 0 0
C1 21.1525  34.8294  102.7780     27.9   28.0   46.8 -999.9  155   10.1 0 0 0
C1 21.1535  34.8294  102.7798     27.8   28.2   46.0 -999.9  148   10.5 0 0 0
C1 21.1545  34.8294  102.7816     27.9   28.3   46.3 -999.9  154   12.1 0 0 0
C1 21.1555  34.8294  102.7835     27.8   28.0   45.9 -999.9  149   12.2 0 0 0
C1 21.1565  34.8294  102.7854     27.8   28.0   45.7 -999.9  149   11.8 0 0 0
C1 21.1575  34.8294  102.7872     27.9   28.5   46.1 -999.9  155   11.9 0 0 0
C1 21.1585  34.8294  102.7891     27.9   28.2   46.7 -999.9  145   11.3 0 0 0
C1 21.1595  34.8293  102.7909     28.0   27.9   45.8 -999.9  140   11.1 0 0 0
C1 21.1672  34.8293  102.7929     28.0   27.9   46.5 -999.9  135   11.5 0 0 0
C1 21.1682  34.8293  102.7949     28.1   28.1   46.7 -999.9  132   10.9 0 0 0
C1 21.1692  34.8293  102.7969     28.0   27.9   46.6 -999.9  127    9.4 0 0 0
C1 21.1702  34.8293  102.7989     28.0   28.4   46.5 -999.9  133   10.6 0 0 0
C1 21.1712  34.8293  102.8009     28.1   28.0   47.3 -999.9  137   11.3 0 0 0
C1 21.1722  34.8293  102.8028     28.1   28.1   47.7 -999.9  142    8.5 0 0 0
C1 21.1732  34.8293  102.8047     28.3   28.1   48.2 -999.9  139    6.7 0 0 0
C1 21.1742  34.8293  102.8065     28.3   28.6   48.0 -999.9  138    9.0 0 0 0
C1 21.1752  34.8292  102.8084     28.3   27.9   47.2 -999.9  130    8.3 0 0 0
C1 21.1762  34.8292  102.8103     28.2   28.0   47.3 -999.9  138   10.6 0 0 0
C1 21.1838  34.8292  102.8122     28.3   28.3   47.3 -999.9  141   10.4 0 0 0
C1 21.1848  34.8292  102.8140     28.3   28.2   46.4 -999.9  127    6.8 0 0 0
C1 21.1858  34.8292  102.8158     28.3   27.9   47.2 -999.9  113    5.7 0 0 0
C1 21.1868  34.8292  102.8176     28.4   28.7   48.1 -999.9  135    7.2 0 0 0
C1 21.1878  34.8291  102.8194     28.5   28.1   47.8 -999.9  125    8.2 0 0 0
C1 21.1888  34.8291  102.8212     28.6   28.0   48.4 -999.9  130    9.5 0 0 0
C1 21.1898  34.8291  102.8231     28.6   28.2   47.8 -999.9  139   12.0 0 0 0
C1 21.1908  34.8291  102.8250     28.7   27.4   48.1 -999.9  144   10.8 0 0 0
C1 21.1918  34.8291  102.8270     28.7   28.2   47.2 -999.9  144   10.6 0 0 0
C1 21.1928  34.8290  102.8289     28.8   28.5   47.6 -999.9  149    8.9 0 0 0
C1 21.2005  34.8290  102.8307     28.8   28.1   46.3 -999.9  141   10.2 0 0 0
C1 21.2015  34.8290  102.8325     28.8   28.4   46.3 -999.9  145   11.8 0 0 0
C1 21.2025  34.8290  102.8345     28.8   28.7   46.5 -999.9  150   12.6 0 0 0
C1 21.2035  34.8289  102.8364     28.7   28.4   44.9 -999.9  157   10.1 0 0 0
C1 21.2045  34.8289  102.8382     28.7   28.5   45.1 -999.9  157   11.3 0 0 0
C1 21.2055  34.8289  102.8400     28.6   28.9   44.6 -999.9  146   10.5 0 0 0
C1 21.2065  34.8289  102.8420     28.4   28.7   44.0 -999.9  139   13.2 0 0 0
C1 21.2075  34.8289  102.8440     28.3   29.1   44.1 -999.9  127   11.0 0 0 0
C1 21.2085  34.8288  102.8459     28.3   28.4   44.4 -999.9  138   11.1 0 0 0
C1 21.2095  34.8288  102.8477     28.3   28.7   44.4 -999.9  146    9.5 0 0 0
C1 21.2172  34.8288  102.8494     28.2   28.1   45.1 -999.9  140    9.6 0 0 0
C1 21.2182  34.8287  102.8512     28.3   28.0   45.3 -999.9  146    8.9 0 0 0
C1 21.2192  34.8287  102.8530     28.1   28.4   44.9 -999.9  142    9.0 0 0 0
C1 21.2202  34.8287  102.8548     28.3   28.4   45.3 -999.9  150   10.4 0 0 0
C1 21.2212  34.8287  102.8566     28.2   28.2   45.0 -999.9  157   11.6 0 0 0
C1 21.2222  34.8286  102.8584     28.0   28.4   44.7 -999.9  151   11.0 0 0 0
C1 21.2232  34.8286  102.8602     28.0   28.4   44.7 -999.9  143   12.0 0 0 0
C1 21.2242  34.8286  102.8620     28.0   28.4   44.5 -999.9  132   11.0 0 0 0
C1 21.2252  34.8286  102.8639     28.0   28.3   45.2 -999.9  145   12.5 0 0 0
C1 21.2262  34.8285  102.8657     28.0   28.7   45.5 -999.9  138   11.1 0 0 0
C1 21.2338  34.8285  102.8676     28.2   28.3   46.3 -999.9  142   13.2 0 0 0
C1 21.2348  34.8285  102.8694     28.2   28.8   46.4 -999.9  146   12.9 0 0 0
C1 21.2358  34.8284  102.8711     28.1   28.8   46.3 -999.9  146   13.3 0 0 0
C1 21.2368  34.8284  102.8729     28.1   28.1   45.9 -999.9  142   13.0 0 0 0
C1 21.2378  34.8284  102.8747     28.1   28.5   45.6 -999.9  135   11.5 0 0 0
C1 21.2388  34.8284  102.8765     28.2   28.6   46.4 -999.9  131   10.7 0 0 0
C1 21.2398  34.8283  102.8784     28.3   28.3   46.6 -999.9  141   13.5 0 0 0
C1 21.2408  34.8283  102.8803     28.4   28.7   45.9 -999.9  142   10.8 0 0 0
C1 21.2418  34.8283  102.8821     28.5   28.6   46.7 -999.9  140   11.5 0 0 0
C1 21.2428  34.8282  102.8840     28.4   28.4   45.7 -999.9  138   12.7 0 0 0
C1 21.2505  34.8282  102.8859     28.3   28.7   45.3 -999.9  135   14.4 0 0 0
C1 21.2515  34.8282  102.8877     28.3   28.0   45.7 -999.9  141   12.7 0 0 0
C1 21.2525  34.8282  102.8895     28.4   28.2   45.8 -999.9  148   12.0 0 0 0
C1 21.2535  34.8282  102.8912     28.4   28.2   45.9 -999.9  149   12.0 0 0 0
C1 21.2545  34.8282  102.8929     28.4   28.3   45.9 -999.9  147   10.8 0 0 0
C1 21.2555  34.8281  102.8946     28.3   28.4   45.6 -999.9  144    9.8 0 0 0
C1 21.2565  34.8281  102.8964     28.3   28.4   46.0 -999.9  148   11.4 0 0 0
C1 21.2575  34.8281  102.8982     28.3   27.9   44.8 -999.9  151   11.4 0 0 0
C1 21.2585  34.8281  102.9000     28.1   28.1   44.8 -999.9  146   12.2 0 0 0
C1 21.2595  34.8281  102.9018     28.1   28.4   44.7 -999.9  148   10.4 0 0 0
C1 21.2672  34.8281  102.9037     28.2   28.2   44.9 -999.9  144   12.7 0 0 0
C1 21.2682  34.8281  102.9056     28.0   28.4   44.8 -999.9  144    9.1 0 0 0
C1 21.2692  34.8280  102.9075     28.1   28.3   44.6 -999.9  157   12.1 0 0 0
C1 21.2702  34.8280  102.9093     28.1   27.9   44.6 -999.9  151   11.4 0 0 0
C1 21.2712  34.8280  102.9111     28.1   28.5   44.8 -999.9  149   11.7 0 0 0
C1 21.2722  34.8280  102.9129     28.1   28.1   44.9 -999.9  144   10.8 0 0 0
C1 21.2732  34.8280  102.9148     28.1   28.4   44.8 -999.9  142   10.4 0 0 0
C1 21.2742  34.8280  102.9167     28.3   28.8   45.0 -999.9  141   10.4 0 0 0
C1 21.2752  34.8280  102.9185     28.4   28.5   45.3 -999.9  137    9.8 0 0 0
C1 21.2762  34.8280  102.9204     28.7   28.3   45.7 -999.9  145   10.9 0 0 0
C1 21.2838  34.8280  102.9224     28.7   28.2   45.6 -999.9  144   13.5 0 0 0
C1 21.2848  34.8281  102.9243     28.7   28.6   45.9 -999.9  140   10.4 0 0 0
C1 21.2858  34.8280  102.9263     28.6   28.1   45.6 -999.9  147   13.3 0 0 0
C1 21.2868  34.8280  102.9283     28.4   28.5   45.0 -999.9  139   12.9 0 0 0
C1 21.2878  34.8280  102.9302     28.4   28.5   45.0 -999.9  138   14.2 0 0 0
C1 21.2888  34.8280  102.9322     28.5   28.1   45.9 -999.9  142   13.0 0 0 0
C1 21.2898  34.8280  102.9341     28.7   28.7   45.9 -999.9  145   14.0 0 0 0
C1 21.2908  34.8280  102.9360     28.7   28.5   45.7 -999.9  146   10.5 0 0 0
C1 21.2918  34.8280  102.9378     28.7   28.0   44.7 -999.9  149   12.5 0 0 0
C1 21.2928  34.8280  102.9398     28.7   28.3   44.0 -999.9  150   12.5 0 0 0
C1 21.3005  34.8280  102.9416     28.7   28.3   43.9 -999.9  147   12.3 0 0 0
C1 21.3015  34.8280  102.9434     28.7   28.7   43.6 -999.9  133   10.5 0 0 0
C1 21.3025  34.8280  102.9452     28.9   28.6   44.1 -999.9  147    9.8 0 0 0
C1 21.3035  34.8280  102.9470     29.2   28.8   43.0 -999.9  158   10.2 0 0 0
C1 21.3045  34.8280  102.9488     29.2   28.6   42.9 -999.9  162   11.3 0 0 0
C1 21.3055  34.8280  102.9506     29.2   28.4   42.6 -999.9  160   11.7 0 0 0
C1 21.3065  34.8280  102.9524     29.3   28.4   34.7 -999.9  164    9.7 0 0 0
C1 21.3075  34.8280  102.9541     29.3   28.7   28.4 -999.9  155   13.1 0 0 0
C1 21.3085  34.8280  102.9559     29.2   28.5   42.8 -999.9  151   10.4 0 0 0
C1 21.3095  34.8280  102.9578     29.3   28.8   43.1 -999.9  156   12.2 0 0 0
C1 21.3172  34.8279  102.9596     29.2   29.1   42.6 -999.9  150   11.4 0 0 0
C1 21.3182  34.8279  102.9615     29.1   28.4   42.2 -999.9  158   13.9 0 0 0
C1 21.3192  34.8279  102.9633     29.0   28.4   41.2 -999.9  149   14.6 0 0 0
C1 21.3202  34.8279  102.9652     29.0   29.0   42.2 -999.9  151   12.8 0 0 0
C1 21.3212  34.8278  102.9670     29.2   28.9   42.3 -999.9  153   14.4 0 0 0
C1 21.3222  34.8278  102.9689     29.0   28.6   41.9 -999.9  148   14.4 0 0 0
C1 21.3232  34.8278  102.9708     29.2   28.6   42.2 -999.9  149   13.6 0 0 0
C1 21.3242  34.8278  102.9728     29.2   28.8   42.0 -999.9  145   15.5 0 0 0
C1 21.3252  34.8277  102.9748     29.2   29.0   42.2 -999.9  138   13.0 0 0 0
C1 21.3262  34.8277  102.9768     29.2   28.5   42.3 -999.9  148   11.1 0 0 0
C1 21.3338  34.8277  102.9788     29.2   28.0   41.8 -999.9  143   12.3 0 0 0
C1 21.3348  34.8277  102.9810     29.2   29.1   42.1 -999.9  141   11.1 0 0 0
C1 21.3358  34.8276  102.9831     29.2   28.8   41.9 -999.9  152   10.9 0 0 0
C1 21.3368  34.8276  102.9852     29.1   29.4   41.7 -999.9  151   12.0 0 0 0
C1 21.3378  34.8276  102.9873     29.1   29.1   41.7 -999.9  154   11.0 0 0 0
C1 21.3388  34.8276  102.9892     29.0   29.2   41.7 -999.9  157   13.0 0 0 0
C1 21.3398  34.8276  102.9911     28.9   29.0   42.1 -999.9  156   13.4 0 0 0
C1 21.3408  34.8276  102.9930     28.8   29.0   41.9 -999.9  154   11.8 0 0 0
C1 21.3418  34.8276  102.9948     28.8   29.0   42.4 -999.9  155   12.4 0 0 0
C1 21.3428  34.8276  102.9967     28.7   28.8   42.2 -999.9  149   11.8 0 0 0
C1 21.3505  34.8276  102.9986     28.7   29.0   42.5 -999.9  141    9.9 0 0 0
C1 21.3515  34.8276  103.0006     28.8   28.9   42.1 -999.9  153   11.9 0 0 0
C1 21.3525  34.8276  103.0024     28.7   29.4   41.9 -999.9  151   12.9 0 0 0
C1 21.3535  34.8276  103.0043     28.7   28.9   41.7 -999.9  143   10.5 0 0 0
C1 21.3545  34.8276  103.0061     28.7   28.9   42.0 -999.9  139   10.6 0 0 0
C1 21.3555  34.8276  103.0080     28.8   28.9   42.7 -999.9  136    9.8 0 0 0
C1 21.3565  34.8276  103.0099     28.9   28.5   42.8 -999.9  140    8.4 0 0 0
C1 21.3575  34.8276  103.0118     29.1   29.0   42.5 -999.9  143   11.9 0 0 0
C1 21.3585  34.8276  103.0137     29.1   29.0   42.5 -999.9  148   10.8 0 0 0
C1 21.3595  34.8276  103.0156     29.0   28.5   42.5 -999.9  155    9.9 0 0 0
C1 21.3672  34.8276  103.0174     28.8   28.6   42.4 -999.9  166    8.9 0 0 0
C1 21.3682  34.8276  103.0192     28.7   29.4   42.4 -999.9  149   10.7 0 0 0
C1 21.3692  34.8276  103.0209     28.5   28.7   41.9 -999.9  144   10.7 0 0 0
C1 21.3702  34.8276  103.0227     28.6   28.7   42.1 -999.9  148   11.7 0 0 0
C1 21.3712  34.8276  103.0244     28.6   29.1   41.8 -999.9  155   12.9 0 0 0
C1 21.3722  34.8274  103.0260     28.5   29.2   41.7 -999.9  142   14.1 0 0 0
C1 21.3732  34.8271  103.0277     28.6   29.1   41.9 -999.9  136   14.5 0 0 0
C1 21.3742  34.8266  103.0293     28.7   28.8   42.0 -999.9  138    8.9 0 0 0
C1 21.3752  34.8259  103.0309     28.5   29.0   42.0 -999.9  133   12.4 0 1 0
C1 21.3762  34.8251  103.0324     28.4   28.8   42.4 -999.9  137   11.6 0 0 0
C1 21.3838  34.8243  103.0338     28.3   28.9   42.5 -999.9  135   12.6 0 0 0
C1 21.3848  34.8235  103.0352     28.3   29.1   43.1 -999.9  143    8.5 0 0 0
C1 21.3858  34.8227  103.0366     28.4   28.7   42.6 -999.9  148   10.5 0 0 0
C1 21.3868  34.8221  103.0382     28.4   28.9   42.4 -999.9  146   10.7 0 0 0
C1 21.3878  34.8217  103.0400     28.3   28.9   42.9 -999.9  146   12.1 0 1 0
C1 21.3888  34.8215  103.0418     28.2   29.5   43.0 -999.9  143    8.7 0 0 0
C1 21.3898  34.8214  103.0436     28.2   28.4   43.1 -999.9  142    9.5 0 0 0
C1 21.3908  34.8214  103.0455     28.1   28.6   42.6 -999.9  155    8.8 0 0 0
C1 21.3918  34.8214  103.0472     28.1   28.8   42.9 -999.9  140    8.5 0 0 0
C1 21.3928  34.8214  103.0489     28.0   28.6   42.8 -999.9  137    8.6 0 0 0
C1 21.4005  34.8214  103.0507     28.1   28.7   42.9 -999.9  137   10.0 0 0 0
C1 21.4015  34.8214  103.0525     28.0   28.9   42.9 -999.9  128    8.1 0 0 0
C1 21.4025  34.8214  103.0542     28.0   28.3   43.2 -999.9  158    5.1 0 1 0
C1 21.4035  34.8214  103.0553     28.0   28.8   43.5 -999.9  210    7.1 0 1 0
C1 21.4045  34.8212  103.0557     28.0   28.6   43.6 -999.9  119    6.6 0 1 0
C1 21.4055  34.8206  103.0557     28.0   28.4   44.0 -999.9   69    4.0 0 1 0
C1 21.4065  34.8197  103.0557     28.0   28.6   44.2 -999.9   81    5.3 0 1 0
C1 21.4075  34.8186  103.0557     28.0   28.7   44.2 -999.9   99    4.9 0 0 0
C1 21.4085  34.8174  103.0557     28.0   29.0   44.2 -999.9  108    7.0 0 0 0
C1 21.4095  34.8160  103.0557     28.1   28.5   44.0 -999.9  128    6.2 0 0 0
C1 21.4172  34.8146  103.0557     28.1   28.3   44.3 -999.9  119    9.5 0 0 0
C1 21.4182  34.8131  103.0558     28.1   28.5   43.6 -999.9  128    9.6 0 0 0
C1 21.4192  34.8117  103.0557     28.3   29.0   43.4 -999.9  136    9.3 0 0 0
C1 21.4202  34.8102  103.0558     28.2   28.1   42.7 -999.9  149    8.4 0 0 0
C1 21.4212  34.8086  103.0558     28.3   28.2   43.2 -999.9  159    7.1 0 0 0
C1 21.4222  34.8071  103.0558     28.4   28.8   43.3 -999.9  138    8.8 0 0 0
C1 21.4232  34.8056  103.0558     28.6   28.3   43.2 -999.9  149    7.3 0 0 0
C1 21.4242  34.8040  103.0558     28.5   28.6   42.1 -999.9  144    8.0 0 0 0
C1 21.4252  34.8025  103.0558     28.6   28.4   42.0 -999.9  160    7.8 0 0 0
C1 21.4262  34.8009  103.0559     28.6   28.4   41.8 -999.9  141    8.9 0 0 0
C1 21.4338  34.7994  103.0559     28.4   28.7   41.7 -999.9  149    7.7 0 0 0
C1 21.4348  34.7979  103.0559     28.3   28.9   42.2 -999.9  139    8.1 0 0 0
C1 21.4358  34.7964  103.0559     28.3   28.0   28.1 -999.9  148    9.4 1 0 0
C1 21.4368  34.7949  103.0559     28.1   28.3   32.3 -999.9  151   10.5 1 0 0
C1 21.4378  34.7935  103.0559     28.0   28.0   42.4 -999.9  139   11.2 0 0 0
C1 21.4388  34.7920  103.0559     28.1   27.7   42.6 -999.9  151   10.8 0 0 0
C1 21.4398  34.7906  103.0559     27.9   28.7   42.6 -999.9  140    9.5 0 0 0
C1 21.4408  34.7891  103.0559     27.9   28.1   42.7 -999.9  130   10.0 0 0 0
C1 21.4418  34.7875  103.0559     28.0   28.5   42.5 -999.9  128   10.0 0 0 0
C1 21.4428  34.7860  103.0560     27.9   28.3   42.6 -999.9  129    8.7 0 0 0
C1 21.4505  34.7845  103.0560     28.0   28.2   42.5 -999.9  128    9.5 0 0 0
C1 21.4515  34.7829  103.0560     28.0   28.3   42.9 -999.9  129    8.9 0 0 0
C1 21.4525  34.7814  103.0560     28.1   28.1   42.8 -999.9  139    8.2 0 0 0
C1 21.4535  34.7798  103.0560     28.1   28.4   43.2 -999.9  138    7.4 0 0 0
C1 21.4545  34.7783  103.0560     28.2   28.8   43.6 -999.9  133    7.3 0 0 0
C1 21.4555  34.7768  103.0561     28.5   28.6   43.9 -999.9  120    9.6 0 0 0
C1 21.4565  34.7753  103.0561     28.7   28.9   43.3 -999.9  163    9.9 0 0 0
C1 21.4575  34.7738  103.0561     28.8   27.8   43.2 -999.9  141    9.1 0 0 0
C1 21.4585  34.7722  103.0561     28.8   28.2   42.9 -999.9  149    9.6 0 0 0
C1 21.4595  34.7707  103.0561     28.9   28.2   41.5 -999.9  158   11.6 0 0 0
C1 21.4672  34.7692  103.0561     28.8   28.4   41.9 -999.9  143    7.5 0 0 0
C1 21.4682  34.7676  103.0561     28.9   28.2   42.5 -999.9  136    9.9 0 0 0
C1 21.4692  34.7661  103.0561     29.1   28.5   42.1 -999.9  153   10.6 0 0 0
C1 21.4702  34.7647  103.0561     28.9   28.8   41.7 -999.9  157    9.4 0 0 0
C1 21.4712  34.7633  103.0561     28.9   28.5   41.0 -999.9  143    9.6 0 0 0
C1 21.4722  34.7619  103.0561     28.7   28.5   41.3 -999.9  134    8.3 0 0 0
C1 21.4732  34.7605  103.0561     28.8   28.7   41.5 -999.9  148    7.2 0 0 0
C1 21.4742  34.7590  103.0561     28.8   28.8   42.1 -999.9  146    8.8 0 0 0
C1 21.4752  34.7576  103.0561     28.9   28.9   43.2 -999.9  142    7.8 0 0 0
C1 21.4762  34.7561  103.0561     28.9   28.7   42.3 -999.9  137    8.4 0 0 0
C1 21.4838  34.7545  103.0561     29.0   28.7   42.6 -999.9  158    6.7 0 0 0
C1 21.4848  34.7530  103.0561     29.2   28.7   42.1 -999.9  147    7.7 0 0 0
C1 21.4858  34.7514  103.0561     29.3   28.8   42.7 -999.9  143    7.3 0 0 0
C1 21.4868  34.7500  103.0561     29.4   28.4   42.8 -999.9  152   12.2 0 1 0
C1 21.4878  34.7491  103.0561     29.4   28.8   42.2 -999.9  164   19.5 0 1 0
C1 21.4888  34.7485  103.0561     29.2   28.9   41.5 -999.9  148   14.5 0 0 0
C1 21.4898  34.7478  103.0560     29.2   28.9   41.2 -999.9  130    7.7 0 1 0
C1 21.4908  34.7469  103.0560     29.2   29.1   41.3 -999.9  125    9.6 0 1 0
C1 21.4918  34.7458  103.0560     29.2   28.5   40.7 -999.9  131   10.8 0 0 0
C1 21.4928  34.7446  103.0560     29.2   29.0   41.0 -999.9  128   10.2 0 0 0
C1 21.5005  34.7433  103.0560     29.2   28.5   41.0 -999.9  144    7.4 0 0 0
C1 21.5015  34.7420  103.0560     29.4   29.5   41.9 -999.9  124   10.4 0 0 0
C1 21.5025  34.7405  103.0560     29.6   29.1   41.8 -999.9  127    6.6 0 0 0
C1 21.5035  34.7390  103.0560     29.8   29.2   41.4 -999.9  135    6.8 0 0 0
C1 21.5045  34.7375  103.0560     29.7   29.0   40.5 -999.9  143   10.1 0 0 0
C1 21.5055  34.7359  103.0560     29.6   29.1   40.8 -999.9  139    9.9 0 0 0
C1 21.5065  34.7343  103.0560     29.7   29.4   41.4 -999.9  133   10.4 0 0 0
C1 21.5075  34.7328  103.0560     29.5   29.5   40.5 -999.9  135   11.3 0 0 0
C1 21.5085  34.7312  103.0560     29.4   29.3   40.5 -999.9  136    9.5 0 0 0
C1 21.5095  34.7296  103.0560     29.3   29.0   40.6 -999.9  140    7.5 0 0 0
C1 21.5172  34.7283  103.0559     29.4   29.0   40.9 -999.9  148   12.3 0 1 0
C1 21.5182  34.7274  103.0559     29.3   29.2   41.7 -999.9  162   18.2 0 1 0
C1 21.5192  34.7272  103.0559     29.8   29.8   41.4 -999.9  147   20.1 0 1 0
C1 21.5202  34.7272  103.0559     29.8   29.1   33.9 -999.9   65   13.3 0 0 0
C1 21.5212  34.7272  103.0559     29.7   29.3   40.9 -999.9   74   11.8 0 0 0
C1 21.5222  34.7272  103.0560     29.7   29.2   40.5 -999.9  168    9.4 0 0 0
C1 21.5232  34.7272  103.0567     29.4   29.3   40.8 -999.9  141   16.4 0 1 0
C1 21.5242  34.7271  103.0579     29.4   28.9   40.9 -999.9  134   15.9 0 1 0
C1 21.5252  34.7271  103.0593     29.5   29.3   32.4 -999.9  142   15.0 0 0 0
C1 21.5262  34.7271  103.0609     29.3   29.4   40.0 -999.9  142   12.2 0 0 0
C1 21.5338  34.7271  103.0626     29.5   29.5   40.5 -999.9  147   13.5 0 0 0
C1 21.5348  34.7270  103.0644     29.5   29.1   40.2 -999.9  139   12.5 0 0 0
C1 21.5358  34.7270  103.0662     29.4   29.4   40.0 -999.9  140   10.5 0 0 0
C1 21.5368  34.7270  103.0681     29.2   29.7   40.0 -999.9  144   12.0 0 0 0
C1 21.5378  34.7270  103.0699     29.3   29.4   40.3 -999.9  149   12.7 0 0 0
C1 21.5388  34.7269  103.0715     29.3   29.7   40.3 -999.9  160   13.3 0 1 0
C1 21.5398  34.7269  103.0726     29.2   29.3   40.2 -999.9  168   13.5 0 1 0
C1 21.5408  34.7275  103.0732     29.2   29.3   40.5 -999.9  184    8.7 0 1 0
C1 21.5418  34.7285  103.0732     29.2   29.7   40.7 -999.9  151   13.8 0 1 0
C1 21.5428  34.7296  103.0732     29.0   29.2   40.2 -999.9  146   12.4 0 0 0
C1 21.5505  34.7309  103.0732     29.1   28.9   40.6 -999.9  153    8.4 0 0 0
C1 21.5515  34.7321  103.0733     29.1   29.4   41.1 -999.9  131    7.7 0 0 0
C1 21.5525  34.7331  103.0733     29.2   29.1   40.8 -999.9  126    8.9 0 1 0
C1 21.5535  34.7339  103.0736     29.1   29.5   40.5 -999.9   92    9.0 0 1 0
C1 21.5545  34.7340  103.0747     29.1   29.3   40.8 -999.9  106   14.3 0 1 0
C1 21.5555  34.7340  103.0761     29.2   28.7   41.0 -999.9  134   13.7 0 0 0
C1 21.5565  34.7340  103.0776     29.2   30.1   41.0 -999.9  140   14.7 0 0 0
C1 21.5575  34.7340  103.0792     29.2   29.8   40.5 -999.9  135   12.6 0 0 0
C1 21.5585  34.7340  103.0809     29.2   29.5   40.5 -999.9  140   12.6 0 0 0
C1 21.5595  34.7340  103.0826     29.3   29.1   40.5 -999.9  147   11.0 0 0 0
C1 21.5672  34.7340  103.0844     29.3   29.6   40.2 -999.9  160   11.4 0 0 0
C1 21.5682  34.7340  103.0860     29.2   29.5   39.9 -999.9  157   10.6 0 0 0
C1 21.5692  34.7340  103.0877     29.2   29.8   40.6 -999.9  148   13.1 0 0 0
C1 21.5702  34.7340  103.0895     29.2   29.4   40.1 -999.9  153   12.5 0 0 0
C1 21.5712  34.7341  103.0912     29.1   29.5   40.0 -999.9  149   13.0 0 0 0
C1 21.5722  34.7341  103.0930     29.1   29.6   40.0 -999.9  147   13.0 0 0 0
C1 21.5732  34.7341  103.0948     28.9   28.9   40.0 -999.9  144   13.6 0 0 0
C1 21.5742  34.7341  103.0965     28.8   28.8   40.0 -999.9  136   14.1 0 0 0
C1 21.5752  34.7341  103.0984     29.1   29.8   40.2 -999.9  141   14.2 0 0 0
C1 21.5762  34.7341  103.1002     29.2   29.5   40.1 -999.9  147   12.5 0 0 0
C1 21.5838  34.7342  103.1020     29.1   29.4   40.4 -999.9  141   13.0 0 0 0
C1 21.5848  34.7342  103.1039     29.3   29.7   40.3 -999.9  142   12.5 0 0 0
C1 21.5860  34.7342  103.1060     29.3   29.1   40.5 -999.9  144   10.1 0 0 0
C1 21.5868  34.7342  103.1075     29.1   29.2   40.8 -999.9  146   11.1 0 0 0
C1 21.5878  34.7342  103.1093     28.9   29.5   40.8 -999.9  139   10.3 0 0 0
C1 21.5888  34.7342  103.1111     28.9   29.4   41.3 -999.9  136    9.2 0 0 0
C1 21.5898  34.7343  103.1129     28.8   29.1   40.3 -999.9  148   12.0 0 0 0
C1 21.5908  34.7343  103.1148     28.7   29.8   39.1 -999.9  147   10.2 0 0 0
C1 21.5918  34.7343  103.1167     28.7   29.5   39.6 -999.9  161   10.9 0 0 0
C1 21.5928  34.7343  103.1186     28.5   28.8   38.8 -999.9  161   11.5 0 0 0
C1 21.6005  34.7343  103.1205     28.7   29.5   38.9 -999.9  159   10.9 0 0 0
C1 21.6015  34.7343  103.1223     28.6   29.3   38.9 -999.9  149   10.2 0 0 0
C1 21.6025  34.7343  103.1242     28.6   28.9   38.8 -999.9  140   10.3 0 0 0
C1 21.6035  34.7343  103.1261     28.4   29.1   38.7 -999.9  146   12.5 0 0 0
C1 21.6045  34.7343  103.1280     28.6   29.9   38.7 -999.9  146   11.0 0 0 0
C1 21.6055  34.7343  103.1300     28.5   29.0   38.8 -999.9  152    9.9 0 0 0
C1 21.6065  34.7343  103.1319     28.3   29.2   39.2 -999.9  151   10.5 0 0 0
C1 21.6075  34.7343  103.1339     28.3   29.6   39.2 -999.9  153   10.1 0 0 0
C1 21.6085  34.7343  103.1358     28.2   28.8   39.4 -999.9  154    8.4 0 0 0
C1 21.6095  34.7343  103.1377     28.1   29.1   39.3 -999.9  155   10.9 0 0 0
C1 21.6172  34.7343  103.1395     28.1   28.9   39.4 -999.9  146    9.0 0 0 0
C1 21.6182  34.7344  103.1414     28.0   29.1   39.4 -999.9  150   10.4 0 0 0
C1 21.6192  34.7344  103.1433     28.0   28.6   39.5 -999.9  142    9.8 0 0 0
C1 21.6202  34.7344  103.1452     28.0   28.8   39.6 -999.9  138    9.5 0 0 0
C1 21.6212  34.7344  103.1471     28.0   28.8   40.2 -999.9  136    9.5 0 0 0
C1 21.6222  34.7344  103.1490     28.0   28.4   40.5 -999.9  145    9.5 0 0 0
C1 21.6232  34.7344  103.1509     27.9   29.1   41.3 -999.9  150    7.9 0 0 0
C1 21.6242  34.7343  103.1529     28.0   28.9   41.4 -999.9  152   10.0 0 0 0
C1 21.6252  34.7343  103.1548     27.9   28.4   41.4 -999.9  149   11.9 0 0 0
C1 21.6262  34.7343  103.1568     27.8   28.8   41.2 -999.9  148   10.9 0 0 0
C1 21.6338  34.7343  103.1587     28.0   28.2   41.4 -999.9  153    9.0 0 0 0
C1 21.6348  34.7343  103.1607     28.2   28.7   41.7 -999.9  158    9.7 0 0 0
C1 21.6358  34.7343  103.1627     28.0   28.6   41.6 -999.9  159    9.6 0 0 0
C1 21.6368  34.7343  103.1648     28.1   28.5   41.8 -999.9  145   10.4 0 0 0
C1 21.6378  34.7343  103.1668     28.0   28.4   42.8 -999.9  148    9.5 0 0 0
C1 21.6388  34.7344  103.1689     28.0   28.4   42.6 -999.9  151    9.7 0 0 0
C1 21.6398  34.7344  103.1710     28.0   28.7   42.2 -999.9  151   12.0 0 0 0
C1 21.6408  34.7344  103.1730     27.9   28.3   42.6 -999.9  151   10.4 0 0 0
C1 21.6418  34.7344  103.1750     28.0   28.1   42.8 -999.9  144   10.6 0 0 0
C1 21.6428  34.7344  103.1770     28.0   28.1   42.9 -999.9  140   10.4 0 0 0
C1 21.6505  34.7344  103.1790     28.0   28.3   43.2 -999.9  141   11.7 0 0 0
C1 21.6515  34.7345  103.1810     28.0   28.7   42.4 -999.9  141   14.2 0 0 0
C1 21.6525  34.7345  103.1830     28.1   28.3   42.8 -999.9  141   11.7 0 0 0
C1 21.6535  34.7345  103.1851     28.1   28.5   43.0 -999.9  142   12.3 0 0 0
C1 21.6545  34.7345  103.1870     28.2   28.6   43.7 -999.9  146   11.5 0 0 0
C1 21.6555  34.7345  103.1889     28.1   28.7   43.3 -999.9  150   10.1 0 0 0
C1 21.6565  34.7345  103.1908     28.2   28.5   43.8 -999.9  151   11.4 0 0 0
C1 21.6575  34.7345  103.1927     28.2   28.2   43.5 -999.9  145    9.7 0 0 0
C1 21.6585  34.7345  103.1946     28.2   28.6   43.0 -999.9  143    9.7 0 0 0
C1 21.6595  34.7345  103.1966     28.2   28.5   42.7 -999.9  143    9.3 0 0 0
C1 21.6672  34.7345  103.1985     28.3   28.4   42.5 -999.9  147    8.9 0 0 0
C1 21.6682  34.7345  103.2005     28.3   28.7   43.1 -999.9  141    5.5 0 0 0
C1 21.6692  34.7345  103.2024     28.4   28.3   43.0 -999.9  144    7.8 0 0 0
C1 21.6702  34.7345  103.2044     28.3   28.6   43.3 -999.9  152    9.7 0 0 0
C1 21.6712  34.7345  103.2064     28.3   28.0   43.1 -999.9  149   13.4 0 0 0
C1 21.6722  34.7345  103.2084     28.3   28.7   43.3 -999.9  133    9.6 0 0 0
C1 21.6732  34.7345  103.2104     28.4   28.4   43.4 -999.9  144   10.8 0 0 0
C1 21.6742  34.7345  103.2122     28.3   28.4   43.1 -999.9  174    8.7 0 1 0
C1 21.6752  34.7345  103.2134     28.3   28.3   43.0 -999.9  169   10.9 0 1 0
C1 21.6762  34.7345  103.2142     28.3   28.7   14.6 -999.9  163    9.2 1 1 0
C1 21.6838  34.7345  103.2144     28.2   28.1   42.8 -999.9  144    8.1 0 1 0
C1 21.6848  34.7345  103.2145     28.4   28.3   42.8 -999.9  129   11.6 0 0 0
C1 21.6858  34.7345  103.2147     28.4   28.5   42.8 -999.9  107   15.1 0 1 0
C1 21.6868  34.7339  103.2147     28.3   28.3   42.4 -999.9   82    7.0 0 1 0
C1 21.6878  34.7330  103.2147     28.1   28.4   42.3 -999.9  116   10.5 0 1 0
C1 21.6888  34.7319  103.2147     28.1   27.9   42.2 -999.9  128   13.2 0 0 0
C1 21.6898  34.7306  103.2148     28.1   28.3   42.2 -999.9  129   11.0 0 0 0
C1 21.6908  34.7292  103.2148     28.2   28.4   42.2 -999.9  137   11.1 0 0 0
C1 21.6918  34.7277  103.2148     28.2   28.5   42.8 -999.9  140   10.8 0 0 0
C1 21.6928  34.7262  103.2148     28.3   28.6   42.8 -999.9  135   10.7 0 0 0
C1 21.7005  34.7247  103.2148     28.3   28.5   42.7 -999.9  133   11.9 0 0 0
C1 21.7015  34.7232  103.2148     28.3   28.2   42.5 -999.9  130   11.3 0 0 0
C1 21.7025  34.7217  103.2148     28.3   28.6   42.2 -999.9  121   10.7 0 0 0
C1 21.7035  34.7201  103.2149     28.2   28.3   42.8 -999.9  138    9.9 0 0 0
C1 21.7045  34.7185  103.2149     28.3   28.6   42.6 -999.9  129   10.4 0 0 0
C1 21.7055  34.7170  103.2149     28.3   28.3   42.3 -999.9  132    9.7 0 0 0
C1 21.7065  34.7154  103.2149     28.4   28.1   42.5 -999.9  133    9.7 0 0 0
C1 21.7075  34.7139  103.2149     28.6   28.9   42.4 -999.9  128   11.7 0 0 0
C1 21.7085  34.7123  103.2149     28.4   28.3   42.1 -999.9  130   12.2 0 0 0
C1 21.7095  34.7107  103.2149     28.6   28.5   42.3 -999.9  129   11.9 0 0 0
C1 21.7172  34.7092  103.2149     28.4   28.5   42.0 -999.9  128   12.4 0 0 0
C1 21.7182  34.7076  103.2149     28.4   28.3   42.0 -999.9  142   11.1 0 0 0
C1 21.7192  34.7061  103.2149     28.2   28.2   42.0 -999.9  131   12.3 0 0 0
C1 21.7202  34.7046  103.2149     28.3   28.4   42.2 -999.9  132    9.6 0 0 0
C1 21.7212  34.7031  103.2150     28.4   28.1   42.2 -999.9  134   11.7 0 0 0
C1 21.7222  34.7015  103.2150     28.2   28.4   42.2 -999.9  128   10.9 0 0 0
C1 21.7232  34.7000  103.2150     28.2   28.2   42.7 -999.9  140    9.0 0 0 0
C1 21.7242  34.6985  103.2150     28.3   28.6   42.3 -999.9  132   11.4 0 0 0
C1 21.7252  34.6969  103.2150     28.1   28.8   42.2 -999.9  137   10.5 0 0 0
C1 21.7262  34.6954  103.2150     28.3   28.4   42.3 -999.9  135   11.1 0 0 0
C1 21.7338  34.6939  103.2150     28.1   27.8   42.7 -999.9  132    9.2 0 0 0
C1 21.7348  34.6923  103.2151     28.1   28.2   42.5 -999.9  132   12.4 0 0 0
C1 21.7358  34.6908  103.2151     28.2   28.1   42.5 -999.9  140   11.5 0 0 0
C1 21.7368  34.6893  103.2151     28.2   28.2   42.7 -999.9  130   11.5 0 0 0
C1 21.7378  34.6877  103.2150     28.3   28.2   42.9 -999.9  148    8.6 0 0 0
C1 21.7388  34.6861  103.2150     28.4   28.5   42.3 -999.9  129   10.7 0 0 0
C1 21.7398  34.6846  103.2150     28.3   28.2   42.7 -999.9  128    9.8 0 0 0
C1 21.7408  34.6830  103.2150     28.3   28.7   42.6 -999.9  136   10.9 0 0 0
C1 21.7418  34.6814  103.2150     28.2   28.4   42.6 -999.9  126   11.6 0 0 0
C1 21.7428  34.6799  103.2150     28.4   28.6   42.9 -999.9  143   10.3 0 0 0
C1 21.7505  34.6784  103.2149     28.4   28.4   42.8 -999.9  143   10.4 0 0 0
C1 21.7515  34.6769  103.2149     28.4   28.2   43.1 -999.9  143    7.7 0 0 0
C1 21.7527  34.6752  103.2149     28.5   27.9   43.0 -999.9  144    6.0 0 0 0
C1 21.7535  34.6739  103.2149     28.4   29.1   42.8 -999.9  120    7.6 0 0 0
C1 21.7545  34.6723  103.2149     28.3   28.7   43.0 -999.9  140    7.3 0 0 0
C1 21.7555  34.6708  103.2149     28.6   28.8   42.9 -999.9  138    8.6 0 0 0
C1 21.7565  34.6693  103.2148     28.6   28.4   43.0 -999.9  134    8.9 0 0 0
C1 21.7575  34.6679  103.2148     28.6   28.7   42.7 -999.9  136    9.4 0 0 0
C1 21.7585  34.6663  103.2148     28.5   28.2   42.5 -999.9  130    9.1 0 0 0
C1 21.7595  34.6648  103.2148     28.5   28.3   42.3 -999.9  134    9.5 0 0 0
C1 21.7672  34.6633  103.2147     28.6   28.2   42.7 -999.9  130    8.1 0 0 0
C1 21.7682  34.6618  103.2147     28.6   28.9   42.5 -999.9  118    7.5 0 0 0
C1 21.7692  34.6602  103.2147     28.6   28.9   42.1 -999.9  128    8.9 0 0 0
C1 21.7702  34.6587  103.2146     28.6   28.6   41.8 -999.9  134    9.5 0 0 0
C1 21.7712  34.6571  103.2146     28.5   28.4   41.8 -999.9  134   10.8 0 0 0
C1 21.7722  34.6556  103.2146     28.4   28.6   41.6 -999.9  130   10.5 0 0 0
C1 21.7732  34.6541  103.2146     28.4   28.5   41.8 -999.9  131    8.4 0 0 0
C1 21.7742  34.6526  103.2145     28.6   28.5   41.6 -999.9  153    7.4 0 0 0
C1 21.7752  34.6511  103.2145     28.7   28.4   41.0 -999.9  150   10.9 0 0 0
C1 21.7762  34.6496  103.2144     28.7   28.4   41.1 -999.9  139    9.9 0 0 0
C1 21.7838  34.6481  103.2144     28.7   28.6   41.7 -999.9  135    8.4 0 0 0
C1 21.7848  34.6465  103.2144     28.9   28.0   42.0 -999.9  141    9.1 0 0 0
C1 21.7858  34.6450  103.2144     28.8   28.6   41.3 -999.9  149   12.3 0 0 0
C1 21.7868  34.6435  103.2143     29.1   28.9   42.0 -999.9  150    8.5 0 0 0
C1 21.7878  34.6419  103.2143     29.1   28.9   41.5 -999.9  147   10.4 0 0 0
C1 21.7888  34.6404  103.2143     29.2   28.2   41.4 -999.9  158    6.8 0 0 0
C1 21.7898  34.6389  103.2143     29.3   29.1   41.1 -999.9  139    9.8 0 0 0
C1 21.7908  34.6374  103.2143     29.3   28.5   41.4 -999.9  142    8.9 0 0 0
C1 21.7918  34.6359  103.2143     29.6   28.6   40.7 -999.9  149   11.4 0 0 0
C1 21.7928  34.6345  103.2143     29.4   28.9   40.8 -999.9  141   11.8 0 0 0
C1 21.8005  34.6331  103.2142     29.6   29.0   40.6 -999.9  161   12.5 0 0 0
C1 21.8015  34.6319  103.2142     29.3   29.0   40.4 -999.9  149   15.2 0 0 0
C1 21.8025  34.6309  103.2141     29.4   29.1   40.4 -999.9  138   16.6 0 1 0
C1 21.8035  34.6306  103.2141     29.3   29.2   30.4 -999.9  142   20.0 1 1 0
C1 21.8045  34.6306  103.2141     29.2   29.0   33.4 -999.9   73   14.1 0 0 0
C1 21.8055  34.6306  103.2141     29.1   29.0   36.4 -999.9   72   13.1 0 0 0
C1 21.8065  34.6306  103.2141     29.0   29.4   40.2 -999.9  134    8.5 0 0 0
C1 21.8075  34.6306  103.2141     28.9   28.8   40.3 -999.9  130   12.3 0 0 0
C1 21.8085  34.6306  103.2141     28.9   29.1   40.7 -999.9  131   10.1 0 0 0
C1 21.8095  34.6306  103.2141     28.9   28.7   40.4 -999.9  132   12.0 0 0 0
C1 21.8172  34.6306  103.2141     28.8   29.0   40.3 -999.9  132   12.9 0 0 0
C1 21.8182  34.6307  103.2141     28.7   29.2   40.1 -999.9  131   12.7 0 0 0
C1 21.8192  34.6304  103.2141     28.7   28.7   40.3 -999.9  129    6.5 0 1 0
C1 21.8202  34.6298  103.2142     28.7   29.4   40.5 -999.9  120    6.7 0 1 0
C1 21.8212  34.6289  103.2142     28.6   29.2   40.4 -999.9  106    5.9 0 1 0
C1 21.8222  34.6278  103.2142     28.9   28.9   40.1 -999.9  123    7.5 0 0 0
C1 21.8232  34.6265  103.2142     28.7   29.2   40.3 -999.9  127    7.0 0 0 0
C1 21.8242  34.6251  103.2142     28.9   29.1   40.0 -999.9  140    9.3 0 0 0
C1 21.8252  34.6236  103.2143     28.7   28.9   40.2 -999.9  125    9.0 0 0 0
C1 21.8262  34.6221  103.2143     28.9   28.8   40.2 -999.9  134    8.4 0 0 0
C1 21.8338  34.6205  103.2143     28.9   29.0   40.3 -999.9  130    9.8 0 0 0
C1 21.8348  34.6189  103.2143     28.8   28.8   40.2 -999.9  130    9.5 0 0 0
C1 21.8358  34.6173  103.2143     28.8   29.5   40.3 -999.9  140    9.4 0 0 0
C1 21.8368  34.6156  103.2144     29.0   28.5   40.4 -999.9  126    9.9 0 0 0
C1 21.8378  34.6139  103.2144     29.0   28.7   40.4 -999.9  123    8.9 0 0 0
C1 21.8388  34.6121  103.2145     29.1   28.9   40.5 -999.9  130    7.5 0 0 0
C1 21.8398  34.6104  103.2145     29.3   28.9   40.9 -999.9  125    8.9 0 0 0
C1 21.8408  34.6087  103.2146     29.3   29.3   41.0 -999.9  134    9.5 0 0 0
C1 21.8418  34.6071  103.2146     29.1   29.2   41.1 -999.9  144    7.3 0 0 0
C1 21.8428  34.6056  103.2147     29.1   29.0   41.5 -999.9  144    5.5 0 0 0
C1 21.8505  34.6043  103.2147     28.8   29.3   41.7 -999.9  160    7.3 0 1 0
C1 21.8515  34.6037  103.2147     28.7   28.9   41.9 -999.9  204   15.1 0 1 0
C1 21.8525  34.6036  103.2153     28.6   29.1   41.9 -999.9  134    5.1 0 1 0
C1 21.8535  34.6036  103.2163     28.6   29.1   40.6 -999.9  122   10.3 0 1 0
C1 21.8545  34.6036  103.2177     28.7   28.7   39.6 -999.9  125   10.1 0 1 0
C1 21.8555  34.6036  103.2193     28.7   28.5   39.2 -999.9  137   11.0 0 0 0
C1 21.8565  34.6035  103.2211     28.8   28.6   39.4 -999.9  136   11.9 0 0 0
C1 21.8575  34.6035  103.2230     28.8   28.9   39.6 -999.9  132   10.4 0 0 0
C1 21.8585  34.6035  103.2250     29.0   29.0   39.9 -999.9  136   10.7 0 0 0
C1 21.8595  34.6035  103.2270     28.9   28.7   39.8 -999.9  137    9.4 0 0 0
C1 21.8672  34.6035  103.2290     29.1   29.4   40.9 -999.9  145   10.4 0 0 0
C1 21.8682  34.6035  103.2310     28.8   29.4   40.9 -999.9  143    9.3 0 0 0
C1 21.8692  34.6034  103.2330     29.1   28.8   41.8 -999.9  149    8.9 0 0 0
C1 21.8702  34.6034  103.2348     28.8   29.3   42.7 -999.9  169    8.4 0 0 0
C1 21.8712  34.6034  103.2363     28.6   29.5   42.4 -999.9  157   12.2 0 0 0
C1 21.8722  34.6034  103.2379     28.8   29.2   42.5 -999.9  140    8.4 0 0 0
C1 21.8732  34.6034  103.2394     28.7   28.9   41.1 -999.9  151   12.7 0 0 0
C1 21.8742  34.6034  103.2410     28.8   29.3   40.0 -999.9  150   12.6 0 0 0
C1 21.8752  34.6033  103.2425     28.8   28.9   40.0 -999.9  146    8.8 0 0 0
C1 21.8762  34.6033  103.2440     28.7   28.8   41.1 -999.9  142   10.4 0 0 0
C1 21.8838  34.6033  103.2455     28.6   28.7   41.4 -999.9  152    9.0 0 0 0
C1 21.8848  34.6033  103.2471     28.6   28.9   40.2 -999.9  150   11.9 0 0 0
C1 21.8858  34.6033  103.2486     28.8   29.1   40.5 -999.9  152    7.2 0 0 0
C1 21.8868  34.6033  103.2492     28.9   29.4   41.0 -999.9  215   10.8 0 1 0
C1 21.8878  34.6033  103.2493     29.0   29.1   40.6 -999.9  122    8.1 0 1 0
C1 21.8888  34.6034  103.2493     28.2   28.7   40.0 -999.9  147    9.1 0 0 0
C1 21.8898  34.6034  103.2493     29.3   29.0   40.1 -999.9  133   10.7 0 0 0
C1 21.8908  34.6033  103.2493     29.1   29.4   40.1 -999.9   52    9.3 0 0 0
C1 21.8918  34.6033  103.2493     29.6   28.9   41.7 -999.9  131    7.5 0 0 0
C1 21.8928  34.6033  103.2486     29.1   29.1   41.3 -999.9  214    8.9 0 1 0
C1 21.9005  34.6033  103.2475     29.1   29.5   40.1 -999.9  179    7.0 0 1 0
C1 21.9015  34.6034  103.2460     29.1   28.5   40.4 -999.9  171    7.6 0 0 0
C1 21.9025  34.6034  103.2444     29.1   29.2   41.3 -999.9  158    6.6 0 0 0
C1 21.9035  34.6034  103.2427     29.1   29.1   40.4 -999.9  164   10.2 0 0 0
C1 21.9045  34.6034  103.2408     29.0   28.8   40.0 -999.9  165    9.1 0 0 0
C1 21.9055  34.6034  103.2389     28.9   28.5   38.8 -999.9  161    9.6 0 0 0
C1 21.9065  34.6035  103.2369     29.4   29.0   39.0 -999.9  168   12.1 0 0 0
C1 21.9075  34.6035  103.2348     29.2   28.9   39.8 -999.9  161    9.9 0 0 0
C1 21.9085  34.6035  103.2326     29.3   29.0   41.8 -999.9  160    9.7 0 0 0
C1 21.9095  34.6035  103.2305     29.3   29.3   40.4 -999.9  150   10.2 0 0 0
C1 21.9172  34.6035  103.2283     29.5   28.9   41.3 -999.9  151   11.8 0 0 0
C1 21.9182  34.6035  103.2266     29.4   28.7   40.4 -999.9  123   13.8 0 1 0
C1 21.9193  34.6036  103.2249     29.6   29.0   40.5 -999.9  134   11.7 0 0 0
C1 21.9202  34.6036  103.2238     29.7   29.4   40.0 -999.9  142   11.8 0 0 0
C1 21.9212  34.6036  103.2223     29.6   29.5   39.9 -999.9  141    9.3 0 0 0
C1 21.9222  34.6036  103.2207     29.6   29.2   39.7 -999.9  151   10.2 0 0 0
C1 21.9232  34.6036  103.2191     29.4   29.0   39.5 -999.9  142   10.1 0 0 0
C1 21.9242  34.6036  103.2176     29.4   28.7   39.9 -999.9  139    9.2 0 0 0
C1 21.9252  34.6037  103.2162     29.4   29.5   40.0 -999.9  140    9.9 0 0 0
C1 21.9262  34.6037  103.2152     29.4   29.2   39.8 -999.9  133   13.3 0 1 0
C1 21.9338  34.6037  103.2149     29.4   29.3   40.1 -999.9  152   11.0 0 1 0
C1 21.9348  34.6034  103.2145     29.4   29.3   40.7 -999.9  296    4.8 0 1 0
C1 21.9358  34.6027  103.2144     29.4   29.1   41.3 -999.9  304    1.6 0 1 0
C1 21.9368  34.6018  103.2141     29.5   29.3   42.9 -999.9   39    2.3 0 0 0
C1 21.9378  34.6008  103.2141     29.7   29.7   40.5 -999.9  127    4.5 0 0 0
C1 21.9388  34.5995  103.2140     29.7   29.1   39.9 -999.9  136    4.6 0 1 0
C1 21.9398  34.5982  103.2139     29.6   29.2   39.9 -999.9  156    8.6 0 0 0
C1 21.9408  34.5970  103.2138     29.6   29.1   38.8 -999.9  156   13.8 0 1 0
C1 21.9418  34.5965  103.2138     29.7   29.8   37.5 -999.9  162   19.1 0 1 0
C1 21.9428  34.5964  103.2138     29.6   29.3   37.8 -999.9  153   13.5 0 1 0
C1 21.9505  34.5964  103.2138     29.3   29.7   37.6 -999.9  163   10.0 0 0 0
C1 21.9515  34.5963  103.2137     29.3   30.1   37.6 -999.9  154   10.5 0 0 0
C1 21.9525  34.5963  103.2137     29.3   29.3   37.5 -999.9  159    7.7 0 0 0
C1 21.9535  34.5963  103.2137     29.3   29.6   37.5 -999.9  165    8.2 0 0 0
C1 21.9545  34.5963  103.2136     29.2   29.4   37.7 -999.9  151    9.7 0 0 0
C1 21.9555  34.5963  103.2136     29.2   29.1   38.0 -999.9  133    7.4 0 0 0
C1 21.9568  34.5963  103.2135     29.2   29.4   38.6 -999.9  135    7.1 0 0 0
C1 21.9578  34.5963  103.2135     29.2   29.5   38.8 -999.9  141    7.2 0 0 0
C1 21.9588  34.5963  103.2135     29.1   29.7   38.8 -999.9  134    9.4 0 0 0
C1 21.9598  34.5963  103.2135     29.1   29.3   38.8 -999.9  135   10.6 0 0 0
C1 21.9675  34.5963  103.2134     29.1   29.4   38.7 -999.9  133    9.2 0 0 0
C1 21.9685  34.5962  103.2134     29.1   29.7   38.8 -999.9  133    9.3 0 0 0
C1 21.9695  34.5962  103.2134     28.9   29.1   39.1 -999.9  129    7.5 0 0 0
C1 21.9702  34.5962  103.2134     29.1   30.1   39.4 -999.9  131    8.8 0 0 0
C1 21.9712  34.5962  103.2133     29.1   29.2   38.7 -999.9  134    8.9 0 0 0
C1 21.9722  34.5962  103.2133     29.0   28.8   38.2 -999.9  143    9.0 0 0 0
C1 21.9735  34.5962  103.2133     28.9   29.6   38.0 -999.9  139    8.1 0 0 0
C1 21.9742  34.5962  103.2133     28.9   29.6   37.7 -999.9  141    7.9 0 0 0
C1 21.9755  34.5962  103.2132     29.1   29.3   37.3 -999.9  151    7.6 0 0 0
C1 21.9765  34.5962  103.2132     28.8   29.3   37.4 -999.9  139    6.8 0 0 0
C1 21.9838  34.5962  103.2132     28.8   29.4   37.3 -999.9  141    6.3 0 0 0
C1 21.9848  34.5962  103.2132     28.9   29.6   37.2 -999.9  137    7.2 0 0 0
C1 21.9858  34.5962  103.2132     28.8   29.2   36.8 -999.9  141    9.3 0 0 0
C1 21.9868  34.5962  103.2132     28.7   29.2   37.0 -999.9  145    7.8 0 0 0
C1 21.9878  34.5961  103.2131     28.7   29.9   37.1 -999.9  151    8.1 0 0 0
C1 21.9888  34.5961  103.2131     28.7   29.3   37.0 -999.9  150    8.6 0 0 0
C1 21.9898  34.5961  103.2131     28.7   29.1   37.1 -999.9  145    7.4 0 0 0
C1 21.9908  34.5961  103.2131     28.7   29.1   37.2 -999.9  139    8.3 0 0 0
C1 21.9918  34.5961  103.2131     28.7   29.3   37.5 -999.9  144    8.0 0 0 0
C1 21.9928  34.5961  103.2131     28.7   29.3   37.7 -999.9  160    7.9 0 0 0
C1 22.0005  34.5961  103.2131     28.8   28.9   38.0 -999.9  147    8.2 0 0 0
C1 22.0015  34.5961  103.2131     28.8   29.4   38.2 -999.9  140    7.8 0 0 0
C1 22.0025  34.5961  103.2131     28.8   29.2   38.3 -999.9  142    7.8 0 0 0
C1 22.0035  34.5961  103.2131     28.8   29.1   38.4 -999.9  141    8.3 0 0 0
C1 22.0045  34.5961  103.2131     28.9   29.1   38.1 -999.9  143    8.7 0 0 0
C1 22.0055  34.5960  103.2131     28.9   29.0   38.3 -999.9  147    7.6 0 0 0
C1 22.0065  34.5960  103.2131     28.8   29.8   37.9 -999.9  139    8.9 0 0 0
C1 22.0075  34.5960  103.2131     28.8   29.5   38.0 -999.9  145    7.3 0 0 0
C1 22.0085  34.5960  103.2131     28.8   29.1   38.0 -999.9  137    7.4 0 0 0
C1 22.0095  34.5960  103.2131     28.8   29.4   38.1 -999.9  138    7.5 0 0 0
C1 22.0172  34.5960  103.2131     28.7   29.0   38.3 -999.9  146    7.3 0 0 0
C1 22.0182  34.5960  103.2131     28.7   29.0   38.6 -999.9  149    7.4 0 0 0
C1 22.0192  34.5960  103.2131     28.7   29.0   38.7 -999.9  138    7.0 0 0 0
C1 22.0202  34.5960  103.2131     28.8   29.2   39.0 -999.9  134    6.1 0 0 0
C1 22.0212  34.5960  103.2131     28.7   29.0   38.9 -999.9  138    7.6 0 0 0
C1 22.0222  34.5961  103.2131     28.7   29.1   39.0 -999.9  135    9.7 0 0 0
C1 22.0232  34.5961  103.2131     28.7   29.5   39.3 -999.9  134    8.5 0 0 0
C1 22.0242  34.5961  103.2132     28.7   29.0   39.3 -999.9  133    8.1 0 0 0
C1 22.0252  34.5961  103.2132     28.7   28.9   39.1 -999.9  134    9.2 0 0 0
C1 22.0262  34.5961  103.2132     28.7   29.4   39.2 -999.9  136    9.0 0 0 0
C1 22.0338  34.5961  103.2132     28.6   29.2   39.4 -999.9  127    8.3 0 0 0
C1 22.0348  34.5962  103.2132     28.5   29.0   39.5 -999.9  138    7.8 0 0 0
C1 22.0358  34.5962  103.2132     28.6   28.9   39.6 -999.9  135    7.4 0 0 0
C1 22.0368  34.5962  103.2133     28.5   29.1   39.4 -999.9  136    9.2 0 0 0
C1 22.0378  34.5962  103.2133     28.6   29.1   39.4 -999.9  131    8.5 0 0 0
C1 22.0388  34.5962  103.2133     28.6   29.1   39.5 -999.9  128    8.5 0 0 0
C1 22.0398  34.5963  103.2133     28.4   29.0   39.6 -999.9  120    7.8 0 0 0
C1 22.0408  34.5963  103.2133     28.4   28.7   39.2 -999.9  134    8.2 0 0 0
C1 22.0418  34.5963  103.2134     28.3   28.6   39.1 -999.9  133    8.9 0 0 0
C1 22.0428  34.5963  103.2134     28.3   28.8   39.1 -999.9  134    8.5 0 0 0
C1 22.0505  34.5963  103.2134     28.3   28.5   39.2 -999.9  134    8.4 0 0 0
C1 22.0515  34.5964  103.2134     28.4   28.8   39.2 -999.9  135    9.0 0 0 0
C1 22.0525  34.5964  103.2134     28.3   28.6   38.9 -999.9  138   10.8 0 0 0
C1 22.0535  34.5964  103.2134     28.3   28.9   39.1 -999.9  133    9.5 0 0 0
C1 22.0545  34.5964  103.2134     28.4   28.5   39.1 -999.9  143    8.2 0 0 0
C1 22.0555  34.5964  103.2135     28.3   28.7   39.2 -999.9  138    7.6 0 0 0
C1 22.0565  34.5964  103.2135     28.3   28.8   39.2 -999.9  132    7.5 0 0 0
C1 22.0575  34.5964  103.2135     28.4   28.9   39.4 -999.9  129    8.6 0 0 0
C1 22.0585  34.5964  103.2135     28.4   28.3   39.4 -999.9  130    7.7 0 0 0
C1 22.0595  34.5964  103.2135     28.4   28.8   39.4 -999.9  140    8.2 0 0 0
C1 22.0672  34.5964  103.2135     28.3   28.8   39.5 -999.9  137    8.2 0 0 0
C1 22.0682  34.5964  103.2135     28.2   28.9   39.4 -999.9  128    9.9 0 0 0
C1 22.0692  34.5964  103.2135     28.1   27.9   39.4 -999.9  146    8.0 0 0 0
C1 22.0702  34.5964  103.2135     28.2   28.8   39.5 -999.9  138    8.2 0 0 0
C1 22.0712  34.5964  103.2135     28.2   28.9   39.6 -999.9  134    7.8 0 0 0
C1 22.0722  34.5964  103.2135     28.2   28.8   39.6 -999.9  135    8.6 0 0 0
C1 22.0732  34.5964  103.2135     28.0   28.9   39.6 -999.9  133    8.2 0 0 0
C1 22.0742  34.5964  103.2135     28.0   28.3   39.9 -999.9  138    7.3 0 0 0
C1 22.0752  34.5964  103.2135     28.1   28.6   40.0 -999.9  120    8.1 0 0 0
C1 22.0762  34.5964  103.2135     28.2   28.7   40.2 -999.9  136    9.0 0 0 0
C1 22.0842  34.5963  103.2135     28.1   28.6   40.5 -999.9  135    7.5 0 0 0
C1 22.0848  34.5963  103.2135     28.1   28.6   40.4 -999.9  119    9.9 0 0 0
C1 22.0860  34.5963  103.2135     28.1   29.0   40.5 -999.9  136    8.7 0 0 0
C1 22.0868  34.5963  103.2135     28.2   28.8   40.7 -999.9  115    9.3 0 0 0
C1 22.0878  34.5963  103.2135     28.1   28.7   40.6 -999.9  115   10.6 0 0 0
C1 22.0888  34.5963  103.2135     28.0   28.3   40.7 -999.9  112   12.5 0 0 0
C1 22.0898  34.5963  103.2135     28.2   28.6   40.9 -999.9  121    8.4 0 0 0
C1 22.0908  34.5963  103.2135     28.1   28.6   40.9 -999.9  125   11.0 0 0 0
C1 22.0918  34.5963  103.2135     27.9   28.3   41.0 -999.9  127   10.2 0 0 0
C1 22.0928  34.5963  103.2136     28.0   28.8   41.2 -999.9  127    8.5 0 0 0
C1 22.1005  34.5963  103.2136     28.0   28.9   41.4 -999.9  132    8.8 0 0 0
C1 22.1015  34.5963  103.2136     28.0   28.6   41.4 -999.9  134    7.5 0 0 0
C1 22.1025  34.5963  103.2136     27.9   27.7   41.0 -999.9  138    9.2 0 0 0
C1 22.1035  34.5963  103.2136     27.9   28.9   41.3 -999.9  136    8.8 0 0 0
C1 22.1045  34.5963  103.2136     27.8   28.7   41.0 -999.9  138   10.7 0 0 0
C1 22.1055  34.5963  103.2136     27.8   28.0   41.0 -999.9  140    9.6 0 0 0
C1 22.1065  34.5963  103.2136     27.8   28.2   41.1 -999.9  139   11.0 0 0 0
C1 22.1075  34.5964  103.2136     27.9   28.3   41.4 -999.9  145   10.3 0 0 0
C1 22.1085  34.5964  103.2136     27.9   28.7   41.7 -999.9  135    9.3 0 0 0
C1 22.1097  34.5964  103.2137     28.0   28.1   41.7 -999.9  134   10.2 0 0 0
C1 22.1172  34.5964  103.2137     28.0   28.4   41.9 -999.9  141    9.8 0 0 0
C1 22.1182  34.5965  103.2137     28.0   28.4   42.0 -999.9  139    9.3 0 0 0
C1 22.1192  34.5965  103.2137     28.0   28.5   42.2 -999.9  142    8.7 0 0 0
C1 22.1202  34.5965  103.2137     28.0   28.2   42.4 -999.9  132    6.9 0 0 0
C1 22.1212  34.5966  103.2137     28.0   27.6   42.2 -999.9  145    9.2 0 0 0
C1 22.1222  34.5966  103.2137     28.0   28.3   42.3 -999.9  134    9.2 0 0 0
C1 22.1232  34.5966  103.2137     28.0   28.3   42.2 -999.9  128    9.6 0 0 0
C1 22.1242  34.5966  103.2137     28.0   28.4   42.4 -999.9  133    8.6 0 0 0
C1 22.1252  34.5967  103.2137     28.0   28.6   42.7 -999.9  144    8.5 0 0 0
C1 22.1262  34.5967  103.2137     28.1   28.3   42.2 -999.9  143   10.7 0 0 0
C1 22.1338  34.5967  103.2137     27.8   28.6   42.2 -999.9  150   10.8 0 0 0
C1 22.1348  34.5968  103.2137     27.9   28.0   42.2 -999.9  144   10.0 0 0 0
C1 22.1358  34.5968  103.2137     28.0   28.4   42.0 -999.9  137   12.1 0 0 0
C1 22.1368  34.5968  103.2137     27.9   28.4   42.2 -999.9  144   10.0 0 0 0
C1 22.1378  34.5968  103.2137     28.0   28.1   42.0 -999.9  133   12.2 0 0 0
C1 22.1388  34.5969  103.2136     28.0   28.2   41.9 -999.9  138   11.2 0 0 0
C1 22.1398  34.5969  103.2136     27.9   28.2   42.2 -999.9  134    8.9 0 0 0
C1 22.1408  34.5969  103.2136     27.8   28.2   42.0 -999.9  134    9.3 0 0 0
C1 22.1418  34.5969  103.2136     27.9   28.1   42.3 -999.9  136    8.2 0 0 0
C1 22.1428  34.5969  103.2136     27.8   28.2   42.4 -999.9  135    8.9 0 0 0
C1 22.1505  34.5969  103.2136     27.8   28.3   42.4 -999.9  134    9.9 0 0 0
C1 22.1515  34.5969  103.2135     27.8   28.5   42.6 -999.9  134    8.9 0 0 0
C1 22.1525  34.5968  103.2135     27.8   28.0   42.5 -999.9  130    8.7 0 0 0
C1 22.1535  34.5968  103.2135     27.8   28.3   42.6 -999.9  134    9.8 0 0 0
C1 22.1545  34.5968  103.2135     27.8   28.3   42.5 -999.9  141    8.7 0 0 0
C1 22.1555  34.5968  103.2135     27.8   28.2   42.8 -999.9  139    8.0 0 0 0
C1 22.1565  34.5967  103.2135     27.9   28.2   42.3 -999.9  127    9.8 0 0 0
C1 22.1575  34.5967  103.2134     28.0   28.2   42.3 -999.9  130   10.0 0 0 0
C1 22.1585  34.5967  103.2134     27.8   28.0   42.1 -999.9  135    9.1 0 0 0
C1 22.1595  34.5966  103.2134     27.9   28.8   41.9 -999.9  135   10.1 0 0 0
C1 22.1672  34.5966  103.2134     28.0   28.3   41.6 -999.9  133   10.5 0 0 0
C1 22.1682  34.5966  103.2134     28.0   27.8   41.5 -999.9  121    9.9 0 0 0
C1 22.1692  34.5965  103.2133     27.9   28.1   41.5 -999.9  122   10.9 0 0 0
C1 22.1702  34.5965  103.2133     27.8   27.9   41.4 -999.9  136   10.1 0 0 0
C1 22.1712  34.5964  103.2133     27.7   28.2   41.8 -999.9  138    8.5 0 0 0
C1 22.1722  34.5964  103.2133     27.8   28.3   41.7 -999.9  137    8.9 0 0 0
C1 22.1732  34.5964  103.2132     27.8   28.2   41.7 -999.9  135   10.5 0 0 0
C1 22.1742  34.5963  103.2132     27.8   28.4   42.0 -999.9  136   10.7 0 0 0
C1 22.1752  34.5963  103.2132     27.9   28.1   41.8 -999.9  129    9.6 0 0 0
C1 22.1762  34.5963  103.2132     27.8   28.2   41.8 -999.9  132   10.6 0 0 0
C1 22.1838  34.5962  103.2132     27.8   27.8   41.9 -999.9  133   12.2 0 0 0
C1 22.1848  34.5962  103.2131     27.8   28.1   42.2 -999.9  132   10.1 0 0 0
C1 22.1858  34.5962  103.2131     27.9   27.9   42.1 -999.9  127   10.2 0 0 0
C1 22.1868  34.5962  103.2131     27.8   28.3   42.5 -999.9  133    8.7 0 0 0
C1 22.1878  34.5962  103.2131     27.9   28.0   42.5 -999.9  132    8.0 0 0 0
C1 22.1888  34.5962  103.2131     27.8   27.6   42.3 -999.9  137   10.1 0 0 0
C1 22.1898  34.5962  103.2131     27.9   27.9   42.3 -999.9  132   10.6 0 0 0
C1 22.1908  34.5962  103.2131     27.6   27.7   42.0 -999.9  144   12.2 0 0 0
C1 22.1918  34.5962  103.2131     27.9   28.1   42.1 -999.9  136   11.7 0 0 0
C1 22.1928  34.5962  103.2131     27.9   27.6   42.0 -999.9  135   11.2 0 0 0
C1 22.2005  34.5962  103.2131     27.9   28.3   42.3 -999.9  126    9.5 0 0 0
C1 22.2015  34.5962  103.2131     27.9   28.2   42.2 -999.9  137   10.8 0 0 0
C1 22.2025  34.5962  103.2131     27.8   28.2   41.9 -999.9  132   11.3 0 0 0
C1 22.2035  34.5962  103.2131     27.6   28.0   42.0 -999.9  133   10.0 0 0 0
C1 22.2045  34.5962  103.2131     27.5   27.9   41.9 -999.9  129   11.3 0 0 0
C1 22.2055  34.5962  103.2131     27.5   27.9   41.9 -999.9  134   10.8 0 0 0
C1 22.2065  34.5962  103.2131     27.4   27.8   42.0 -999.9  131   11.0 0 0 0
C1 22.2075  34.5963  103.2132     27.4   27.7   41.8 -999.9  143   11.1 0 0 0
C1 22.2085  34.5963  103.2132     27.3   27.8   42.1 -999.9  136    9.2 0 0 0
C1 22.2095  34.5963  103.2132     27.5   28.0   42.1 -999.9  128   10.4 0 0 0
C1 22.2172  34.5963  103.2132     27.5   27.7   42.3 -999.9  136    9.0 0 0 0
C1 22.2182  34.5962  103.2132     27.5   27.8   42.9 -999.9  142    7.9 0 0 0
C1 22.2192  34.5962  103.2133     27.3   27.9   42.6 -999.9  136    9.5 0 0 0
C1 22.2202  34.5963  103.2133     27.3   27.9   43.0 -999.9  129    7.6 0 0 0
C1 22.2212  34.5963  103.2133     27.4   27.6   42.9 -999.9  127    7.9 0 0 0
C1 22.2222  34.5963  103.2134     27.3   27.9   43.0 -999.9  138    9.7 0 0 0
C1 22.2232  34.5963  103.2134     27.3   28.0   42.4 -999.9  131   12.8 0 0 0
C1 22.2242  34.5963  103.2134     27.3   27.7   42.6 -999.9  136   12.1 0 0 0
C1 22.2252  34.5963  103.2134     27.3   27.5   42.8 -999.9  140   12.3 0 0 0
C1 22.2262  34.5963  103.2135     27.3   27.6   42.6 -999.9  137   13.5 0 0 0
C1 22.2338  34.5963  103.2135     27.3   27.7   42.8 -999.9  131   13.4 0 0 0
C1 22.2348  34.5964  103.2135     27.5   27.9   42.9 -999.9  131   12.9 0 0 0
C1 22.2358  34.5964  103.2135     27.4   28.1   43.1 -999.9  124   14.5 0 0 0
C1 22.2368  34.5964  103.2136     27.4   28.1   43.2 -999.9  132   12.7 0 0 0
C1 22.2378  34.5964  103.2136     27.5   28.0   43.7 -999.9  132    9.7 0 0 0
C1 22.2388  34.5964  103.2136     27.5   27.7   43.3 -999.9  150   13.0 0 0 0
C1 22.2398  34.5964  103.2137     27.5   28.1   43.9 -999.9  139   10.9 0 0 0
C1 22.2408  34.5964  103.2137     27.5   28.0   44.1 -999.9  141    9.4 0 0 0
C1 22.2418  34.5964  103.2137     27.5   27.7   43.8 -999.9  129   11.9 0 0 0
C1 22.2428  34.5964  103.2137     27.4   27.6   43.9 -999.9  134   11.7 0 0 0
C1 22.2505  34.5964  103.2137     27.4   28.1   29.6 -999.9  352   10.5 0 0 0
C1 22.2515  34.5965  103.2137     27.4   27.7   43.9 -999.9  130   13.3 0 0 0
C1 22.2527  34.5965  103.2137     27.3   27.4   44.6 -999.9  136   10.2 0 0 0
C1 22.2535  34.5965  103.2137     27.3   27.5   44.0 -999.9  136   12.8 0 0 0
C1 22.2545  34.5965  103.2137     27.1   27.9   44.1 -999.9  133   12.4 0 0 0
C1 22.2555  34.5965  103.2137     27.1   27.5   44.3 -999.9  129   12.1 0 0 0
C1 22.2565  34.5965  103.2137     27.5   27.9   44.6 -999.9  124   10.6 0 0 0
C1 22.2575  34.5966  103.2137     27.2   27.4   45.0 -999.9  129    9.6 0 0 0
C1 22.2585  34.5966  103.2137     27.1   27.6   45.2 -999.9  131   10.1 0 0 0
C1 22.2595  34.5966  103.2137     27.3   27.8   45.2 -999.9  140   10.9 0 0 0
C1 22.2672  34.5966  103.2137     27.1   27.8   44.3 -999.9  131   14.4 0 0 0
C1 22.2682  34.5966  103.2136     27.1   27.6   44.7 -999.9  138   11.7 0 0 0
C1 22.2692  34.5966  103.2136     27.2   27.8   44.9 -999.9  128   11.2 0 0 0
C1 22.2702  34.5966  103.2136     27.1   27.8   44.8 -999.9  130   13.2 0 0 0
C1 22.2712  34.5966  103.2136     27.1   27.6   44.9 -999.9  132   12.1 0 0 0
C1 22.2722  34.5966  103.2136     27.0   27.8   45.6 -999.9  127    9.9 0 0 0
C1 22.2732  34.5966  103.2135     27.0   27.1   46.0 -999.9  133   10.2 0 0 0
C1 22.2742  34.5965  103.2135     27.1   27.9   45.6 -999.9  125   11.0 0 0 0
C1 22.2752  34.5965  103.2135     27.0   27.6   45.6 -999.9  125   11.4 0 0 0
C1 22.2762  34.5965  103.2135     26.9   27.2   45.6 -999.9  116   10.1 0 0 0
C1 22.2838  34.5965  103.2135     26.9   27.6   46.5 -999.9  129   10.1 0 0 0
C1 22.2848  34.5965  103.2135     26.9   27.4   45.7 -999.9  125   10.9 0 0 0
C1 22.2858  34.5964  103.2135     26.9   27.9   46.2 -999.9  128    9.3 0 0 0
C1 22.2868  34.5964  103.2135     26.8   27.7   47.1 -999.9  126    8.7 0 0 0
C1 22.2878  34.5964  103.2135     26.8   27.8   46.7 -999.9  123    9.1 0 0 0
C1 22.2888  34.5964  103.2135     26.9   27.3   47.2 -999.9  130    7.5 0 0 0
C1 22.2898  34.5963  103.2135     26.8   27.5   47.6 -999.9  126    9.8 0 0 0
C1 22.2908  34.5963  103.2135     26.7   27.4   46.8 -999.9  127   10.9 0 0 0
C1 22.2918  34.5963  103.2135     26.6   27.6   46.9 -999.9  120    8.6 0 0 0
C1 22.2928  34.5963  103.2136     26.6   27.6   47.2 -999.9  118    8.9 0 0 0
C1 22.3005  34.5962  103.2136     26.8   27.3   47.2 -999.9  128    9.5 0 0 0
C1 22.3015  34.5962  103.2136     27.0   27.4   47.3 -999.9  132    9.6 0 0 0
C1 22.3025  34.5962  103.2136     26.6   27.4   46.4 -999.9  123   10.2 0 0 0
C1 22.3035  34.5962  103.2137     26.6   27.3   46.8 -999.9  125   10.8 0 0 0
C1 22.3045  34.5962  103.2137     26.6   27.6   47.6 -999.9  126    9.8 0 0 0
C1 22.3055  34.5962  103.2137     26.6   27.5   46.8 -999.9  127   11.4 0 0 0
C1 22.3065  34.5962  103.2138     26.5   27.4   47.6 -999.9  116    8.6 0 0 0
C1 22.3075  34.5962  103.2138     26.5   27.2   47.4 -999.9  130   10.4 0 0 0
C1 22.3085  34.5962  103.2139     26.6   27.3   47.3 -999.9  123    7.9 0 0 0
C1 22.3095  34.5962  103.2139     26.6   27.0   47.4 -999.9  117   10.0 0 0 0
C1 22.3172  34.5962  103.2139     26.5   27.7   47.2 -999.9  123    9.7 0 0 0
C1 22.3182  34.5962  103.2140     26.5   27.6   48.3 -999.9  118    7.8 0 0 0
C1 22.3192  34.5961  103.2140     26.5   27.1   48.0 -999.9  116    8.9 0 0 0
C1 22.3202  34.5959  103.2139     26.4   26.9   47.4 -999.9  133    6.7 0 1 0
C1 22.3212  34.5953  103.2136     26.3   27.1   47.4 -999.9  107    6.7 0 1 0
C1 22.3222  34.5948  103.2130     26.3   27.2   47.4 -999.9  119   10.1 0 1 0
C1 22.3232  34.5943  103.2122     26.4   27.4   48.1 -999.9  105    9.3 0 1 0
C1 22.3242  34.5941  103.2113     26.3   27.1   47.7 -999.9  116   10.2 0 1 0
C1 22.3252  34.5941  103.2103     26.2   27.1   46.7 -999.9  123   11.9 0 0 0
C1 22.3262  34.5941  103.2092     26.4   27.4   47.1 -999.9  126    6.6 0 0 0
C1 22.3338  34.5941  103.2080     26.3   27.1   47.8 -999.9  151    8.2 0 0 0
C1 22.3348  34.5942  103.2066     26.2   27.2   47.3 -999.9  123    8.2 0 0 0
C1 22.3358  34.5942  103.2050     26.1   27.1   47.8 -999.9  143    8.6 0 0 0
C1 22.3368  34.5942  103.2034     26.1   26.9   47.8 -999.9  140    9.6 0 0 0
C1 22.3378  34.5942  103.2017     26.2   26.8   47.4 -999.9  134   11.1 0 0 0
C1 22.3388  34.5942  103.2000     26.4   27.3   47.7 -999.9  137   11.2 0 0 0
C1 22.3398  34.5943  103.1985     26.2   27.0   48.3 -999.9  123   11.8 0 1 0
C1 22.3408  34.5943  103.1975     26.2   26.8   47.9 -999.9  118   15.1 0 1 0
C1 22.3418  34.5942  103.1970     26.4   26.9   47.8 -999.9  149   16.5 0 1 0
C1 22.3428  34.5935  103.1969     26.2   26.8   47.7 -999.9   92    7.6 0 1 0
C1 22.3505  34.5925  103.1969     26.4   26.8   47.8 -999.9  112    7.2 0 1 0
C1 22.3515  34.5913  103.1969     26.4   26.6   47.2 -999.9  130   10.9 0 0 0
C1 22.3525  34.5900  103.1969     26.5   26.8   47.0 -999.9  131   11.8 0 0 0
C1 22.3535  34.5887  103.1969     26.5   26.9   47.1 -999.9  128   11.1 0 0 0
C1 22.3545  34.5873  103.1969     26.5   26.9   47.5 -999.9  127   11.9 0 0 0
C1 22.3555  34.5859  103.1968     26.4   26.9   47.6 -999.9  137   10.0 0 0 0
C1 22.3565  34.5845  103.1968     26.4   26.7   48.4 -999.9  130    8.8 0 0 0
C1 22.3575  34.5829  103.1968     26.4   27.0   48.4 -999.9  124   11.0 0 0 0
C1 22.3585  34.5814  103.1968     26.4   27.0   47.8 -999.9  130   11.5 0 0 0
C1 22.3595  34.5799  103.1968     26.3   26.7   48.0 -999.9  134    9.8 0 0 0
C1 22.3672  34.5784  103.1967     26.2   26.7   48.1 -999.9  124   11.2 0 0 0
C1 22.3682  34.5769  103.1967     26.4   27.0   48.2 -999.9  126   11.2 0 0 0
C1 22.3692  34.5755  103.1966     26.6   26.9   48.1 -999.9  142    9.8 0 0 0
C1 22.3702  34.5740  103.1966     26.4   26.9   48.3 -999.9  139    9.0 0 0 0
C1 22.3712  34.5725  103.1966     26.4   26.9   48.3 -999.9  130   10.9 0 0 0
C1 22.3722  34.5711  103.1966     26.5   26.7   48.3 -999.9  133    9.5 0 0 0
C1 22.3732  34.5697  103.1966     26.4   26.9   48.3 -999.9  133    9.1 0 0 0
C1 22.3742  34.5683  103.1966     26.4   26.4   48.9 -999.9  138    9.0 0 0 0
C1 22.3752  34.5671  103.1966     26.4   27.1   48.6 -999.9  133   10.6 0 0 0
C1 22.3762  34.5658  103.1966     26.4   27.3   49.1 -999.9  129    7.8 0 0 0
C1 22.3838  34.5644  103.1966     26.5   26.7   48.8 -999.9  146    9.0 0 0 0
C1 22.3848  34.5631  103.1966     26.6   27.1   49.7 -999.9  121    6.4 0 0 0
C1 22.3858  34.5617  103.1966     26.5   26.8   49.2 -999.9  137    7.5 0 0 0
C1 22.3868  34.5604  103.1966     26.4   26.8   49.8 -999.9  132    5.7 0 0 0
C1 22.3878  34.5591  103.1966     26.4   26.4   49.6 -999.9  123    8.4 0 0 0
C1 22.3888  34.5578  103.1966     26.5   26.9   48.5 -999.9  129   11.4 0 0 0
C1 22.3898  34.5565  103.1966     26.9   26.5   48.1 -999.9  141   10.4 0 0 0
C1 22.3908  34.5552  103.1966     27.0   27.0   47.9 -999.9  135   11.5 0 0 0
C1 22.3918  34.5540  103.1966     27.1   27.0   47.9 -999.9  138   11.7 0 0 0
C1 22.3928  34.5528  103.1966     26.9   26.7   47.7 -999.9  129   10.7 0 0 0
C1 22.4005  34.5515  103.1966     27.0   26.7   47.2 -999.9  133   11.3 0 0 0
C1 22.4015  34.5503  103.1966     27.1   26.8   46.9 -999.9  133   12.0 0 0 0
C1 22.4025  34.5492  103.1966     27.2   26.9   47.2 -999.9  127   10.3 0 0 0
C1 22.4035  34.5479  103.1966     27.0   26.5   47.3 -999.9  127    8.6 0 0 0
C1 22.4045  34.5467  103.1966     27.0   26.8   47.4 -999.9  127    9.5 0 0 0
C1 22.4055  34.5454  103.1965     27.0   26.7   47.3 -999.9  146    7.3 0 0 0
C1 22.4065  34.5440  103.1965     27.1   26.6   47.6 -999.9  118    9.4 0 0 0
C1 22.4075  34.5427  103.1965     27.0   26.5   47.5 -999.9  123    9.3 0 0 0
C1 22.4085  34.5414  103.1965     27.0   26.7   47.6 -999.9  128    8.3 0 0 0
C1 22.4095  34.5400  103.1965     26.8   26.7   47.8 -999.9  145    8.1 0 0 0
C1 22.4172  34.5387  103.1965     26.7   26.9   47.8 -999.9  133   11.0 0 0 0
C1 22.4182  34.5374  103.1965     26.8   26.9   48.2 -999.9  127    9.0 0 0 0
C1 22.4193  34.5359  103.1965     26.6   27.1   47.0 -999.9  134   10.6 0 0 0
C1 22.4202  34.5348  103.1965     26.8   26.9   47.4 -999.9  127    6.6 0 0 0
C1 22.4212  34.5335  103.1965     26.8   27.0   47.6 -999.9  119    8.7 0 0 0
C1 22.4222  34.5322  103.1965     26.9   27.0   47.4 -999.9  125    7.0 0 0 0
C1 22.4232  34.5309  103.1964     26.8   26.7   47.4 -999.9  120    6.9 0 0 0
C1 22.4242  34.5294  103.1964     27.0   26.5   47.4 -999.9  112    9.2 0 0 0
C1 22.4252  34.5280  103.1964     27.0   26.7   47.6 -999.9  121    9.6 0 0 0
C1 22.4262  34.5265  103.1964     27.1   26.8   47.1 -999.9  125   11.9 0 0 0
C1 22.4338  34.5250  103.1964     27.1   27.4   47.0 -999.9  130   10.2 0 0 0
C1 22.4348  34.5236  103.1963     27.1   26.4   47.2 -999.9  127   10.8 0 0 0
C1 22.4358  34.5222  103.1963     27.3   27.1   46.9 -999.9  123    9.7 0 0 0
C1 22.4368  34.5208  103.1963     27.4   27.2   47.2 -999.9  122    8.6 0 0 0
C1 22.4378  34.5194  103.1963     27.3   27.3   46.8 -999.9  119    7.4 0 0 0
C1 22.4388  34.5179  103.1964     27.3   26.7   47.3 -999.9  132    6.3 0 0 0
C1 22.4398  34.5165  103.1964     27.3   26.9   47.1 -999.9  119    9.2 0 0 0
C1 22.4408  34.5152  103.1964     27.0   26.6   46.7 -999.9  123   14.3 0 0 0
C1 22.4418  34.5139  103.1964     27.1   26.9   46.8 -999.9  130   12.8 0 0 0
C1 22.4428  34.5127  103.1964     27.0   27.0   47.2 -999.9  122   12.0 0 0 0
C1 22.4505  34.5114  103.1965     27.0   27.3   46.5 -999.9  124   13.8 0 0 0
C1 22.4515  34.5101  103.1965     27.0   26.9   46.5 -999.9  121   13.0 0 0 0
C1 22.4525  34.5088  103.1965     27.1   27.3   46.2 -999.9  117   14.3 0 0 0
C1 22.4535  34.5075  103.1965     26.9   26.9   47.0 -999.9  118   10.5 0 0 0
C1 22.4545  34.5061  103.1965     27.0   26.9   47.6 -999.9  115   10.6 0 0 0
C1 22.4555  34.5046  103.1965     27.1   27.3   47.5 -999.9  119   12.7 0 0 0
C1 22.4565  34.5033  103.1965     27.0   27.3   47.2 -999.9  132   13.5 0 0 0
C1 22.4575  34.5020  103.1965     27.0   27.2   47.4 -999.9  138   12.8 0 0 0
C1 22.4585  34.5009  103.1965     27.0   27.2   47.2 -999.9  126   15.7 0 0 0
C1 22.4595  34.4999  103.1965     26.9   27.3   47.9 -999.9  134   12.5 0 0 0
C1 22.4672  34.4992  103.1965     26.8   27.1   48.3 -999.9  140   12.2 0 1 0
C1 22.4682  34.4985  103.1965     26.6   27.4   49.0 -999.9  114    9.1 0 0 0
C1 22.4692  34.4976  103.1965     26.5   27.0   49.5 -999.9  107    9.0 0 0 0
C1 22.4702  34.4967  103.1965     26.4   27.0   49.8 -999.9  114    9.0 0 0 0
C1 22.4712  34.4957  103.1965     26.4   26.9   50.2 -999.9  117    9.6 0 0 0
C1 22.4722  34.4948  103.1965     26.3   26.8   50.7 -999.9  114   10.0 0 0 0
C1 22.4732  34.4937  103.1965     26.1   27.2   51.1 -999.9  107    8.7 0 0 0
C1 22.4742  34.4931  103.1965     26.1   27.1   51.4 -999.9  151   18.9 0 1 0
C1 22.4752  34.4928  103.1965     26.0   27.2   52.1 -999.9  110    7.4 0 0 0
C1 22.4762  34.4921  103.1964     26.0   27.0   51.8 -999.9   87    6.9 0 1 0
C1 22.4838  34.4911  103.1964     25.8   27.3   51.3 -999.9   94   10.2 0 1 0
C1 22.4848  34.4900  103.1964     25.5   26.8   53.4 -999.9  105    8.2 0 0 0
C1 22.4858  34.4887  103.1964     25.4   27.3   52.5 -999.9  109   10.0 0 0 0
C1 22.4868  34.4874  103.1964     25.2   27.1   52.4 -999.9  133    7.5 0 0 0
C1 22.4878  34.4860  103.1964     25.2   26.6   53.2 -999.9  111    8.5 0 0 0
C1 22.4888  34.4847  103.1964     25.1   26.6   53.8 -999.9  115    6.9 0 0 0
C1 22.4898  34.4833  103.1964     25.1   26.6   53.8 -999.9  122    7.7 0 0 0
C1 22.4908  34.4819  103.1963     25.2   26.6   52.7 -999.9  115   11.6 0 0 0
C1 22.4918  34.4806  103.1963     25.2   26.7   54.0 -999.9  126    7.2 0 0 0
C1 22.4928  34.4792  103.1963     25.2   26.4   52.5 -999.9  127   13.2 0 0 0
C1 22.5005  34.4779  103.1963     25.4   26.5   53.4 -999.9  122   12.3 0 0 0
C1 22.5015  34.4765  103.1963     25.2   26.5   53.0 -999.9  124   10.5 0 0 0
C1 22.5025  34.4751  103.1963     25.3   26.8   54.6 -999.9  127   10.6 0 0 0
C1 22.5035  34.4738  103.1963     25.4   26.3   52.7 -999.9  138   10.5 0 0 0
C1 22.5045  34.4725  103.1963     25.4   26.1   53.0 -999.9  129   11.0 0 0 0
C1 22.5055  34.4712  103.1963     25.5   26.5   53.2 -999.9  125   12.0 0 0 0
C1 22.5065  34.4698  103.1963     25.7   26.1   54.1 -999.9  122    9.7 0 0 0
C1 22.5075  34.4684  103.1963     25.8   26.1   53.5 -999.9  128   11.6 0 0 0
C1 22.5085  34.4671  103.1963     25.8   26.1   53.7 -999.9  132   13.3 0 0 0
C1 22.5095  34.4658  103.1963     25.5   26.6   54.7 -999.9  150   11.2 0 0 0
C1 22.5172  34.4647  103.1963     25.4   25.9   54.5 -999.9  142    7.4 0 0 0
C1 22.5182  34.4637  103.1963     25.3   26.4   54.0 -999.9  151   13.1 0 1 0
C1 22.5192  34.4631  103.1963     25.4   26.7   53.5 -999.9  157   12.6 0 1 0
C1 22.5202  34.4629  103.1960     25.3   26.4   55.2 -999.9   79    7.9 0 1 0
C1 22.5212  34.4629  103.1952     25.3   26.2   54.9 -999.9  189    4.3 0 1 0
C1 22.5222  34.4629  103.1942     25.3   25.9   54.5 -999.9  171    6.7 0 0 0
C1 22.5232  34.4629  103.1930     25.2   26.2   54.6 -999.9  155   10.5 0 0 0
C1 22.5242  34.4629  103.1918     25.3   25.9   54.8 -999.9  150    9.3 0 0 0
C1 22.5252  34.4629  103.1904     25.2   26.0   54.9 -999.9  161    8.9 0 0 0
C1 22.5262  34.4629  103.1891     25.2   26.0   54.9 -999.9  154   10.0 0 0 0
C1 22.5338  34.4628  103.1877     25.2   26.0   50.2 -999.9  146    6.8 1 0 0
C1 22.5348  34.4628  103.1862     25.2   26.1   44.8 -999.9  160    5.0 1 0 0
C1 22.5358  34.4628  103.1847     25.3   26.2   54.0 -999.9  170    8.9 0 0 0
C1 22.5368  34.4628  103.1832     25.4   25.6   54.4 -999.9  156    9.6 0 0 0
C1 22.5378  34.4628  103.1817     25.4   25.3   53.5 -999.9  148   10.2 0 0 0
C1 22.5388  34.4628  103.1801     25.5   26.2   54.5 -999.9  149    8.8 0 0 0
C1 22.5398  34.4628  103.1785     25.7   26.2   53.9 -999.9  128    6.6 0 0 0
C1 22.5408  34.4628  103.1769     25.8   26.0   53.1 -999.9  144   11.0 0 0 0
C1 22.5418  34.4628  103.1753     25.9   25.5   53.8 -999.9  140    6.4 0 0 0
C1 22.5428  34.4628  103.1736     25.8   25.8   53.9 -999.9  154    8.3 0 0 0
C1 22.5505  34.4628  103.1719     25.8   26.1   53.0 -999.9  156   11.7 0 0 0
C1 22.5515  34.4628  103.1702     25.8   26.2   52.8 -999.9  126   11.2 0 0 0
C1 22.5525  34.4628  103.1685     25.9   25.9   52.7 -999.9  136    9.6 0 0 0
C1 22.5535  34.4628  103.1669     25.9   25.6   52.7 -999.9  126    9.3 0 0 0
C1 22.5545  34.4628  103.1653     26.0   26.0   52.7 -999.9  126   12.0 0 0 0
C1 22.5555  34.4628  103.1637     26.1   25.9   52.1 -999.9  137   13.0 0 0 0
C1 22.5565  34.4628  103.1622     26.0   26.3   52.7 -999.9  140    9.4 0 0 0
C1 22.5575  34.4629  103.1606     26.1   25.9   52.8 -999.9  133    9.1 0 0 0
C1 22.5585  34.4629  103.1589     26.1   25.5   52.1 -999.9  130   12.8 0 0 0
C1 22.5595  34.4629  103.1574     26.1   26.0   52.4 -999.9  126   11.9 0 0 0
C1 22.5672  34.4629  103.1559     26.4   25.8   52.2 -999.9  130   12.5 0 0 0
C1 22.5682  34.4629  103.1543     26.3   26.2   52.3 -999.9  141   14.1 0 0 0
C1 22.5692  34.4629  103.1528     26.1   25.6   52.9 -999.9  134   12.9 0 0 0
C1 22.5702  34.4629  103.1513     26.1   25.9   52.6 -999.9  149   15.1 0 0 0
C1 22.5712  34.4630  103.1497     26.1   25.8   52.7 -999.9  146   14.0 0 0 0
C1 22.5722  34.4630  103.1480     26.3   25.8   52.0 -999.9  143   15.9 0 0 0
C1 22.5732  34.4630  103.1466     26.3   26.0   51.7 -999.9  132   16.2 0 0 0
C1 22.5742  34.4630  103.1452     26.5   25.9   51.1 -999.9  130   15.9 0 0 0
C1 22.5752  34.4631  103.1439     26.4   25.5   51.0 -999.9  134   16.0 0 0 0
C1 22.5762  34.4631  103.1427     26.6   26.3   51.7 -999.9  144   13.8 0 0 0
C1 22.5838  34.4631  103.1413     26.4   26.2   51.2 -999.9  134   13.8 0 0 0
C1 22.5848  34.4631  103.1400     26.4   26.1   34.0 -999.9  138   13.3 0 0 0
C1 22.5858  34.4631  103.1385     26.5   26.2   50.6 -999.9  145   13.3 0 0 0
C1 22.5868  34.4631  103.1372     26.5   26.4   49.8 -999.9  134   15.8 0 0 0
C1 22.5878  34.4631  103.1358     26.5   25.8   49.7 -999.9  132   15.0 0 0 0
C1 22.5888  34.4631  103.1342     26.6   26.2   50.6 -999.9  146    9.6 0 0 0
C1 22.5898  34.4631  103.1325     26.6   26.3   50.8 -999.9  146   10.4 0 0 0
C1 22.5908  34.4632  103.1309     26.6   26.1   51.0 -999.9  135   14.7 0 0 0
C1 22.5918  34.4631  103.1293     26.7   26.7   50.5 -999.9  137   15.0 0 0 0
C1 22.5928  34.4632  103.1279     26.6   25.9   51.1 -999.9  131   16.0 0 0 0
C1 22.6005  34.4633  103.1268     26.7   26.8   51.0 -999.9  123   15.2 0 1 0
C1 22.6015  34.4639  103.1260     26.2   26.1   50.4 -999.9  113   11.4 0 1 0
C1 22.6025  34.4649  103.1257     26.5   26.1   50.5 -999.9  112   15.0 0 1 0
C1 22.6035  34.4658  103.1257     26.5   26.2   50.3 -999.9  106   12.4 0 1 0
C1 22.6045  34.4660  103.1256     26.3   26.2   51.0 -999.9  111   11.2 0 1 0
C1 22.6055  34.4660  103.1256     26.3   26.1   50.9 -999.9  132   12.8 0 0 0
C1 22.6065  34.4660  103.1256     26.2   26.2   50.7 -999.9  129   13.8 0 0 0
C1 22.6075  34.4660  103.1256     26.3   26.6   51.0 -999.9  128   14.1 0 0 0
C1 22.6085  34.4659  103.1256     26.2   26.4   50.8 -999.9  129   15.3 0 0 0
C1 22.6095  34.4659  103.1256     26.1   26.3   51.4 -999.9  131   13.3 0 0 0
C1 22.6172  34.4659  103.1256     26.1   26.5   50.1 -999.9  129   15.4 0 0 0
C1 22.6182  34.4659  103.1256     26.1   26.3   50.4 -999.9  123   13.6 0 0 0
C1 22.6192  34.4658  103.1256     26.1   26.2   50.5 -999.9  131   13.2 0 0 0
C1 22.6202  34.4658  103.1256     26.1   26.3   50.7 -999.9  125   13.7 0 0 0
C1 22.6212  34.4659  103.1257     26.1   26.0   51.0 -999.9  136   17.8 0 1 0
C1 22.6222  34.4666  103.1257     26.1   26.7   50.3 -999.9  138   16.0 0 1 0
C1 22.6232  34.4676  103.1256     26.3   26.5   49.4 -999.9  141   16.6 0 1 0
C1 22.6242  34.4688  103.1256     26.2   26.4   50.7 -999.9  139   13.8 0 0 0
C1 22.6252  34.4701  103.1256     26.2   26.3   49.9 -999.9  132   18.4 0 0 0
C1 22.6262  34.4714  103.1256     26.1   26.4   51.2 -999.9  133   13.8 0 0 0
C1 22.6338  34.4727  103.1256     26.1   26.1   50.5 -999.9  126   12.1 0 0 0
C1 22.6348  34.4740  103.1256     26.1   26.4   50.6 -999.9  129   13.4 0 0 0
C1 22.6358  34.4752  103.1256     26.1   26.4   50.4 -999.9  126    9.6 0 0 0
C1 22.6368  34.4761  103.1255     26.1   26.3   50.8 -999.9  123   11.3 0 1 0
C1 22.6378  34.4768  103.1248     26.1   26.9   51.3 -999.9  169   10.9 0 1 0
C1 22.6388  34.4772  103.1237     26.0   26.2   51.2 -999.9  168    9.4 0 1 0
C1 22.6398  34.4772  103.1223     26.1   26.8   52.0 -999.9  155    8.8 0 0 0
C1 22.6408  34.4772  103.1207     26.1   26.4   52.0 -999.9  145    7.9 0 0 0
C1 22.6418  34.4772  103.1191     26.2   26.4   50.7 -999.9  140   11.7 0 0 0
C1 22.6428  34.4772  103.1175     26.3   26.4   50.2 -999.9  138   14.5 0 0 0
C1 22.6505  34.4772  103.1158     26.1   26.0   50.3 -999.9  133   13.0 0 0 0
C1 22.6515  34.4772  103.1142     26.2   26.7   50.7 -999.9  135   12.2 0 0 0
C1 22.6525  34.4772  103.1125     26.3   26.2   49.8 -999.9  132   14.0 0 0 0
C1 22.6535  34.4772  103.1109     26.1   26.2   50.2 -999.9  137   12.7 0 0 0
C1 22.6545  34.4772  103.1092     26.0   26.7   50.8 -999.9  136   12.4 0 0 0
C1 22.6555  34.4772  103.1075     26.2   26.7   50.8 -999.9  130   11.8 0 0 0
C1 22.6565  34.4772  103.1059     26.3   25.9   50.8 -999.9  136   11.6 0 0 0
C1 22.6575  34.4772  103.1042     26.0   26.6   51.0 -999.9  139   12.2 0 0 0
C1 22.6585  34.4772  103.1024     26.0   26.1   51.1 -999.9  129   11.4 0 0 0
C1 22.6595  34.4772  103.1007     26.0   26.5   51.4 -999.9  128   10.2 0 0 0
C1 22.6672  34.4772  103.0988     26.1   26.7   51.7 -999.9  137    9.7 0 0 0
C1 22.6682  34.4772  103.0970     26.1   26.3   51.2 -999.9  130   11.8 0 0 0
C1 22.6692  34.4772  103.0953     25.9   26.3   51.8 -999.9  141   12.4 0 0 0
C1 22.6702  34.4772  103.0936     26.1   26.2   51.4 -999.9  133   13.0 0 0 0
C1 22.6712  34.4772  103.0923     26.0   26.3   52.4 -999.9  124   12.9 0 1 0
C1 22.6722  34.4774  103.0912     26.1   26.7   52.4 -999.9  120   12.1 0 1 0
C1 22.6732  34.4782  103.0905     25.8   26.0   52.4 -999.9  105   11.5 0 1 0
C1 22.6742  34.4791  103.0904     24.8   26.6   52.7 -999.9  108   12.3 0 1 0
C1 22.6752  34.4801  103.0904     25.7   26.6   52.6 -999.9  135   12.2 0 0 0
C1 22.6762  34.4813  103.0904     25.6   25.8   52.9 -999.9  134   13.7 0 0 0
C1 22.6838  34.4825  103.0904     25.6   25.8   51.9 -999.9  131   12.9 0 0 0
C1 22.6848  34.4838  103.0904     25.6   26.0   53.3 -999.9  134   13.7 0 0 0
C1 22.6858  34.4851  103.0904     25.6   26.3   52.8 -999.9  129   15.7 0 0 0
C1 22.6868  34.4866  103.0904     25.6   25.9   52.5 -999.9  133   13.4 0 0 0
C1 22.6878  34.4880  103.0904     25.8   26.5   52.7 -999.9  136   13.5 0 0 0
C1 22.6888  34.4896  103.0905     25.7   26.1   53.5 -999.9  128   13.0 0 0 0
C1 22.6898  34.4912  103.0905     25.6   26.5   53.3 -999.9  130   12.3 0 0 0
C1 22.6908  34.4928  103.0905     25.6   26.1   53.4 -999.9  138    9.5 0 0 0
C1 22.6918  34.4945  103.0905     25.4   25.9   53.0 -999.9  125   12.8 0 0 0
C1 22.6928  34.4963  103.0905     25.3   25.9   53.6 -999.9  134    9.4 0 0 0
C1 22.7005  34.4979  103.0905     25.3   25.8   53.6 -999.9  130    9.9 0 0 0
C1 22.7015  34.4996  103.0905     25.3   25.8   53.8 -999.9  125   10.4 0 0 0
C1 22.7025  34.5013  103.0905     25.5   26.1   53.4 -999.9  135    9.5 0 0 0
C1 22.7035  34.5029  103.0906     25.5   26.0   53.6 -999.9  124    9.7 0 0 0
C1 22.7045  34.5046  103.0906     25.5   26.2   53.1 -999.9  126   13.8 0 0 0
C1 22.7055  34.5063  103.0906     25.4   25.8   54.0 -999.9  122    9.7 0 0 0
C1 22.7065  34.5079  103.0906     25.2   26.1   54.2 -999.9  118   14.0 0 0 0
C1 22.7075  34.5095  103.0906     25.1   25.9   54.6 -999.9  124   11.9 0 0 0
C1 22.7085  34.5112  103.0906     24.9   26.2   55.3 -999.9  136    9.6 0 0 0
C1 22.7095  34.5128  103.0906     25.1   25.5   22.7 -999.9  128    9.4 1 0 0
C1 22.7172  34.5144  103.0906     24.9   25.5   18.4 -999.9  125   12.9 1 0 0
C1 22.7182  34.5161  103.0906     25.1   25.9   54.0 -999.9  134    9.6 0 0 0
C1 22.7192  34.5176  103.0906     25.1   25.4   53.7 -999.9  130   10.1 0 0 0
C1 22.7202  34.5191  103.0906     25.1   25.5   35.8 -999.9  108   10.4 0 1 0
C1 22.7212  34.5201  103.0905     25.1   25.8   54.1 -999.9  131    9.9 0 1 0
C1 22.7222  34.5209  103.0896     24.9   25.6   54.6 -999.9  173    9.7 0 1 0
C1 22.7232  34.5210  103.0881     24.9   25.5   54.0 -999.9  149    9.8 0 1 0
C1 22.7242  34.5210  103.0866     24.9   25.3   55.0 -999.9  143   10.4 0 0 0
C1 22.7252  34.5210  103.0848     24.7   26.0   55.4 -999.9  136    9.1 0 0 0
C1 22.7262  34.5210  103.0830     24.7   25.2   54.9 -999.9  130   10.4 0 0 0
C1 22.7338  34.5210  103.0811     24.9   25.7   55.0 -999.9  135   10.8 0 0 0
C1 22.7348  34.5210  103.0792     24.6   25.7   54.9 -999.9  118   10.9 0 0 0
C1 22.7358  34.5210  103.0773     24.8   25.1   54.5 -999.9  129   11.1 0 0 0
C1 22.7368  34.5210  103.0753     24.7   25.8   55.1 -999.9  126   10.0 0 0 0
C1 22.7378  34.5210  103.0734     24.9   25.3   55.1 -999.9  136    9.1 0 0 0
C1 22.7388  34.5210  103.0715     24.7   25.7   55.6 -999.9  126    9.3 0 0 0
C1 22.7398  34.5210  103.0696     24.7   25.4   55.2 -999.9  132   10.1 0 0 0
C1 22.7408  34.5209  103.0678     24.7   25.3   55.0 -999.9  128   12.3 0 0 0
C1 22.7418  34.5209  103.0660     24.8   25.1   54.3 -999.9  134    9.5 0 0 0
C1 22.7428  34.5209  103.0642     25.2   25.4   54.1 -999.9  136   11.8 0 0 0
C1 22.7505  34.5209  103.0623     25.1   25.2   54.1 -999.9  129   11.5 0 0 0
C1 22.7515  34.5209  103.0605     25.2   25.1   54.0 -999.9  122   13.3 0 0 0
C1 22.7527  34.5209  103.0586     25.0   25.5   55.6 -999.9  119   11.1 0 0 0
C1 22.7535  34.5209  103.0574     25.0   25.4   54.2 -999.9  121   15.7 0 1 0
C1 22.7545  34.5209  103.0566     25.2   24.9   55.0 -999.9  117   16.0 0 1 0
C1 22.7555  34.5209  103.0561     24.9   25.3   54.7 -999.9  140   16.6 0 1 0
C1 22.7565  34.5207  103.0561     24.9   25.1   54.7 -999.9  101   13.2 0 0 0
C1 22.7575  34.5207  103.0560     24.7   25.2   54.7 -999.9  150   13.1 0 0 0
C1 22.7585  34.5207  103.0560     25.1   25.7   55.0 -999.9  102    9.8 0 0 0
C1 22.7595  34.5207  103.0560     25.2   25.4   54.9 -999.9  113   10.1 0 0 0
C1 22.7672  34.5207  103.0560     25.2   25.3   54.6 -999.9  114   11.5 0 0 0
C1 22.7682  34.5207  103.0560     24.9   25.1   54.7 -999.9  108   10.4 0 0 0
C1 22.7692  34.5207  103.0561     25.0   25.4   54.5 -999.9  109   10.5 0 0 0
C1 22.7702  34.5207  103.0561     25.2   25.5   54.6 -999.9  111   12.9 0 0 0
C1 22.7712  34.5207  103.0561     25.4   25.1   54.9 -999.9  114   10.7 0 0 0
C1 22.7722  34.5207  103.0561     25.1   25.6   54.9 -999.9  112   10.3 0 0 0
C1 22.7732  34.5207  103.0561     25.0   25.0   55.2 -999.9  122   11.4 0 0 0
C1 22.7742  34.5207  103.0561     25.1   25.3   55.3 -999.9  111    9.9 0 0 0
C1 22.7752  34.5207  103.0561     25.1   25.3   55.2 -999.9  110   10.2 0 0 0
C1 22.7762  34.5207  103.0561     25.6   25.3   55.8 -999.9  114   10.9 0 0 0
C1 22.7838  34.5207  103.0561     25.4   25.4   56.2 -999.9  121    7.9 0 0 0
C1 22.7848  34.5207  103.0560     24.7   25.1   56.0 -999.9  111    9.3 0 0 0
C1 22.7858  34.5208  103.0560     24.7   25.3   55.7 -999.9  122   11.6 0 0 0
C1 22.7868  34.5208  103.0560     24.6   25.1   55.7 -999.9  110   10.9 0 0 0
C1 22.7878  34.5208  103.0560     24.8   24.8   55.7 -999.9  111   11.8 0 0 0
C1 22.7888  34.5208  103.0560     25.0   25.1   56.3 -999.9  106    9.5 0 0 0
C1 22.7898  34.5208  103.0560     24.8   25.0   56.5 -999.9  112    8.8 0 0 0
C1 22.7908  34.5209  103.0560     24.6   25.0   56.7 -999.9  102    9.5 0 0 0
C1 22.7918  34.5209  103.0560     24.6   25.3   56.6 -999.9  100   10.4 0 0 0
C1 22.7928  34.5209  103.0560     24.8   25.3   56.4 -999.9  108   11.2 0 0 0
C1 22.8005  34.5209  103.0559     24.7   25.0   56.7 -999.9  105   10.1 0 0 0
C1 22.8015  34.5209  103.0559     24.6   24.8   56.5 -999.9  110   11.9 0 0 0
C1 22.8025  34.5210  103.0559     24.6   25.0   56.6 -999.9  101   12.6 0 0 0
C1 22.8035  34.5210  103.0559     24.9   25.3   56.6 -999.9  104   12.2 0 0 0
C1 22.8045  34.5210  103.0559     25.0   25.1   56.6 -999.9  119   11.4 0 0 0
C1 22.8055  34.5210  103.0558     24.5   25.3   56.8 -999.9  111   10.2 0 0 0
C1 22.8065  34.5210  103.0558     24.7   25.4   56.6 -999.9   99   10.1 0 0 0
C1 22.8075  34.5211  103.0558     24.6   25.3   56.2 -999.9  109   11.3 0 0 0
C1 22.8085  34.5211  103.0558     24.6   25.2   56.3 -999.9  114   10.2 0 0 0
C1 22.8095  34.5211  103.0557     24.7   24.6   55.9 -999.9  107   12.5 0 0 0
C1 22.8172  34.5211  103.0557     24.9   25.3   56.0 -999.9  107   12.0 0 0 0
C1 22.8183  34.5211  103.0557     24.7   25.3   56.1 -999.9  110   10.6 0 0 0
C1 22.8192  34.5211  103.0557     24.7   25.2   55.5 -999.9  110   12.6 0 0 0
C1 22.8202  34.5212  103.0556     25.2   25.4   55.6 -999.9  110   11.9 0 0 0
C1 22.8212  34.5212  103.0555     24.6   25.0   55.5 -999.9  147   12.3 0 0 0
C1 22.8222  34.5213  103.0552     25.1   25.3   55.8 -999.9  159    7.5 0 1 0
C1 22.8232  34.5213  103.0545     25.1   24.8   55.5 -999.9  143    8.6 0 1 0
C1 22.8242  34.5213  103.0534     25.1   25.3   56.4 -999.9  145    5.0 0 1 0
C1 22.8252  34.5213  103.0522     25.2   25.5   55.9 -999.9  117    9.7 0 0 0
C1 22.8262  34.5213  103.0509     25.2   25.1   54.9 -999.9  124   13.6 0 0 0
C1 22.8338  34.5213  103.0497     25.2   25.2   55.6 -999.9  116   13.7 0 0 0
C1 22.8348  34.5213  103.0486     25.2   25.4   55.8 -999.9  121   16.3 0 0 0
C1 22.8358  34.5212  103.0474     25.2   25.2   55.6 -999.9  123   14.4 0 0 0
C1 22.8368  34.5212  103.0463     25.2   25.2   54.7 -999.9  125   14.2 0 0 0
C1 22.8378  34.5212  103.0450     25.4   25.1   54.4 -999.9  115   15.5 0 0 0
C1 22.8388  34.5212  103.0439     25.4   25.6   54.8 -999.9  118   14.8 0 0 0
C1 22.8398  34.5212  103.0429     25.4   25.0   54.1 -999.9  111   16.7 0 0 0
C1 22.8408  34.5212  103.0419     25.4   25.2   54.2 -999.9  110   12.5 0 0 0
C1 22.8418  34.5214  103.0410     25.4   25.1   54.6 -999.9  118   12.8 0 0 0
C1 22.8428  34.5216  103.0400     25.4   25.1   54.5 -999.9  118   13.2 0 0 0
C1 22.8505  34.5220  103.0391     25.4   25.3   54.5 -999.9  117   12.4 0 0 0
C1 22.8515  34.5225  103.0383     25.5   25.1   54.2 -999.9  120   14.1 0 0 0
C1 22.8525  34.5231  103.0376     25.5   25.3   36.3 -999.9  109   11.2 0 0 0
C1 22.8535  34.5237  103.0369     25.6   25.8   36.0 -999.9  116   14.9 0 0 0
C1 22.8545  34.5242  103.0361     25.6   25.6   54.1 -999.9  131   14.5 0 0 0
C1 22.8555  34.5247  103.0352     25.7   25.4   53.5 -999.9  121   14.1 0 0 0
C1 22.8565  34.5250  103.0344     25.5   25.6   53.2 -999.9  119   17.4 0 0 0
C1 22.8575  34.5252  103.0336     25.6   25.4   53.3 -999.9  119   15.5 0 0 0
C1 22.8585  34.5252  103.0327     25.6   25.2   52.5 -999.9  116   16.4 0 0 0
C1 22.8595  34.5253  103.0318     25.7   25.0   52.4 -999.9  116   17.1 0 0 0
C1 22.8672  34.5253  103.0310     25.6   25.5   52.5 -999.9  119   15.2 0 0 0
C1 22.8682  34.5253  103.0300     25.8   25.2   52.4 -999.9  122   14.7 0 0 0
C1 22.8692  34.5253  103.0289     25.6   25.8   52.7 -999.9  115   12.3 0 0 0
C1 22.8702  34.5253  103.0277     25.6   25.2   52.2 -999.9  123   16.1 0 0 0
C1 22.8712  34.5254  103.0268     25.6   25.7   51.7 -999.9  113   22.9 0 1 0
C1 22.8722  34.5253  103.0265     25.6   25.8   52.1 -999.9  144   21.8 0 1 0
C1 22.8732  34.5253  103.0264     25.6   25.8   51.9 -999.9   32   15.0 0 1 0
C1 22.8742  34.5253  103.0264     25.5   25.6   51.8 -999.9  121   16.1 0 0 0
C1 22.8752  34.5253  103.0265     25.5   25.3   51.3 -999.9  125   17.2 0 0 0
C1 22.8763  34.5253  103.0265     25.5   25.5   51.1 -999.9  106   17.7 0 0 0
C1 22.8840  34.5253  103.0265     25.5   25.5   51.3 -999.9  106   15.3 0 0 0
C1 22.8848  34.5253  103.0265     25.5   25.8   51.1 -999.9  110   16.6 0 0 0
C1 22.8858  34.5253  103.0265     25.5   25.8   51.1 -999.9  112   16.6 0 0 0
C1 22.8868  34.5253  103.0265     25.5   25.3   51.2 -999.9  115   15.3 0 0 0
C1 22.8878  34.5253  103.0265     25.5   25.8   51.4 -999.9  113   15.9 0 0 0
C1 22.8888  34.5253  103.0265     25.5   25.6   51.4 -999.9  115   15.3 0 0 0
C1 22.8898  34.5253  103.0265     25.6   26.2   51.4 -999.9  110   14.5 0 0 0
C1 22.8908  34.5253  103.0265     25.6   25.6   50.9 -999.9  116   16.7 0 0 0
C1 22.8920  34.5254  103.0265     25.6   25.6   51.0 -999.9   91   15.6 0 0 0
C1 22.8928  34.5255  103.0264     25.6   25.5   51.1 -999.9  153   13.9 0 1 0
C1 22.9005  34.5254  103.0257     25.9   25.8   50.5 -999.9  143   10.5 0 1 0
C1 22.9015  34.5255  103.0247     25.8   25.6   50.7 -999.9  132   10.3 0 1 0
C1 22.9025  34.5255  103.0235     25.8   25.8   50.5 -999.9  132   13.4 0 0 0
C1 22.9035  34.5255  103.0221     25.8   26.0   50.4 -999.9  121   12.1 0 0 0
C1 22.9045  34.5255  103.0208     25.9   25.8   49.7 -999.9  128   14.7 0 0 0
C1 22.9055  34.5255  103.0194     26.1   25.9   16.6 -999.9  124   17.4 1 0 0
C1 22.9065  34.5255  103.0181     26.2   26.1   16.6 -999.9  135   18.0 1 0 0
C1 22.9075  34.5255  103.0167     26.2   26.1   48.9 -999.9  128   16.6 0 0 0
C1 22.9085  34.5255  103.0153     26.4   25.4   48.6 -999.9  131   17.9 0 0 0
C1 22.9095  34.5255  103.0140     26.2   25.7   49.1 -999.9  130   16.5 0 0 0
C1 22.9172  34.5255  103.0127     26.1   25.4   49.1 -999.9  124   15.4 0 0 0
C1 22.9182  34.5255  103.0114     26.1   25.8   48.5 -999.9  129   17.8 0 0 0
C1 22.9193  34.5255  103.0099     26.2   26.0   47.9 -999.9  116   17.8 0 0 0
C1 22.9202  34.5255  103.0088     26.4   26.2   47.5 -999.9  130   19.0 0 0 0
C1 22.9212  34.5255  103.0074     26.5   25.6   47.4 -999.9  118   13.5 0 0 0
C1 22.9222  34.5255  103.0059     26.4   25.7   47.1 -999.9  127   16.6 0 0 0
C1 22.9232  34.5255  103.0045     26.6   25.9   47.1 -999.9  128   18.0 0 0 0
C1 22.9242  34.5255  103.0030     26.6   25.5   46.9 -999.9  127   18.7 0 0 0
C1 22.9252  34.5255  103.0016     26.7   25.8   46.9 -999.9  131   19.1 0 0 0
C1 22.9262  34.5255  103.0001     26.8   26.2   46.7 -999.9  126   17.2 0 0 0
C1 22.9338  34.5255  102.9987     26.7   26.3   46.6 -999.9  121   14.0 0 0 0
C1 22.9348  34.5255  102.9972     26.9   25.8   46.5 -999.9  136   13.6 0 0 0
C1 22.9358  34.5255  102.9957     26.6   25.8   46.5 -999.9  135   16.3 0 0 0
C1 22.9368  34.5255  102.9942     26.7   25.8   46.5 -999.9  123   17.5 0 0 0
C1 22.9378  34.5255  102.9927     26.8   26.6   46.8 -999.9  130   16.9 0 0 0
C1 22.9388  34.5255  102.9912     26.9   26.3   47.0 -999.9  127   16.6 0 0 0
C1 22.9398  34.5255  102.9899     26.6   26.2   47.3 -999.9  116   17.8 0 0 0
C1 22.9408  34.5256  102.9889     26.5   25.9   46.8 -999.9  114   24.4 0 1 0
C1 22.9418  34.5255  102.9880     26.6   26.5   46.6 -999.9  129   17.5 0 0 0
C1 22.9428  34.5255  102.9869     26.5   26.0   46.7 -999.9  127   17.6 0 0 0
C1 22.9505  34.5255  102.9857     26.5   25.8   46.8 -999.9  134   15.3 0 0 0
C1 22.9515  34.5255  102.9844     26.6   26.1   46.6 -999.9  134   14.2 0 0 0
C1 22.9525  34.5255  102.9828     26.7   26.8   46.4 -999.9  125   14.7 0 0 0
C1 22.9535  34.5255  102.9812     26.8   26.2   46.6 -999.9  131   14.6 0 0 0
C1 22.9545  34.5256  102.9795     26.9   26.8   46.6 -999.9  132   14.4 0 0 0
C1 22.9555  34.5256  102.9778     26.9   26.6   45.9 -999.9  126   17.2 0 0 0
C1 22.9565  34.5256  102.9760     27.0   26.4   45.6 -999.9  137   16.5 0 0 0
C1 22.9575  34.5256  102.9743     26.9   26.4   45.6 -999.9  129   16.4 0 0 0
C1 22.9585  34.5256  102.9726     27.0   26.3   45.6 -999.9  130   15.3 0 0 0
C1 22.9595  34.5256  102.9709     27.0   26.5   45.6 -999.9  123   14.5 0 0 0
C1 22.9672  34.5256  102.9692     27.0   26.5   45.5 -999.9  130   17.2 0 0 0
C1 22.9682  34.5256  102.9677     27.1   26.8   45.0 -999.9  122   17.8 0 0 0
C1 22.9692  34.5256  102.9661     27.2   26.7   45.1 -999.9  145    9.2 0 0 0
C1 22.9702  34.5256  102.9644     27.0   26.6   44.9 -999.9  139   15.7 0 0 0
C1 22.9712  34.5256  102.9627     27.1   27.1   44.9 -999.9  130   15.8 0 0 0
C1 22.9722  34.5256  102.9610     27.1   26.3   44.9 -999.9  130   16.6 0 0 0
C1 22.9732  34.5256  102.9593     26.9   26.5   45.2 -999.9  128   10.3 0 0 0
C1 22.9742  34.5256  102.9575     27.0   26.5   45.4 -999.9  134    5.9 0 0 0
C1 22.9752  34.5256  102.9558     26.9   27.2   45.5 -999.9  138    9.0 0 0 0
C1 22.9762  34.5256  102.9540     26.7   26.8   45.4 -999.9  121   11.8 0 0 0
C1 22.9838  34.5256  102.9522     26.9   26.7   45.7 -999.9  130   11.9 0 0 0
C1 22.9848  34.5256  102.9504     26.7   27.0   45.8 -999.9  117   12.7 0 0 0
C1 22.9858  34.5256  102.9487     26.9   26.3   45.5 -999.9  122   14.1 0 0 0
C1 22.9868  34.5257  102.9470     26.9   27.1   45.3 -999.9  134   17.5 0 0 0
C1 22.9878  34.5257  102.9454     27.0   26.9   44.7 -999.9  132   18.0 0 0 0
C1 22.9888  34.5257  102.9439     27.1   26.3   44.6 -999.9  138   16.5 0 0 0
C1 22.9898  34.5257  102.9423     27.0   27.2   45.1 -999.9  126   14.5 0 0 0
C1 22.9908  34.5257  102.9408     27.1   26.8   45.1 -999.9  121   10.6 0 0 0
C1 22.9918  34.5257  102.9395     27.1   27.1   45.1 -999.9  124   14.2 0 0 0
C1 22.9928  34.5257  102.9382     27.1   27.1   45.4 -999.9  136   12.3 0 0 0
C1 23.0005  34.5258  102.9367     27.1   27.0   45.5 -999.9  142   12.1 0 0 0
C1 23.0015  34.5258  102.9349     27.1   27.1   45.8 -999.9  144   13.8 0 0 0
C1 23.0025  34.5257  102.9331     27.3   27.0   46.1 -999.9  124   16.7 0 0 0
C1 23.0035  34.5257  102.9315     27.1   26.9   46.6 -999.9  130   14.3 0 0 0
C1 23.0045  34.5257  102.9299     27.0   26.9   48.0 -999.9  136   13.4 0 0 0
C1 23.0055  34.5257  102.9282     26.9   26.7   49.4 -999.9  124   14.3 0 0 0
C1 23.0065  34.5257  102.9267     26.8   27.3   49.7 -999.9  128   13.1 0 0 0
C1 23.0075  34.5257  102.9251     26.9   26.7   49.9 -999.9  128   14.7 0 0 0
C1 23.0085  34.5257  102.9235     26.9   26.8   50.3 -999.9  126   13.0 0 0 0
C1 23.0095  34.5258  102.9219     26.8   26.8   50.8 -999.9  125   14.5 0 0 0
C1 23.0172  34.5258  102.9204     26.8   26.9   50.8 -999.9  119   13.9 0 0 0
C1 23.0182  34.5258  102.9189     26.8   26.8   50.8 -999.9  127   13.8 0 0 0
C1 23.0192  34.5257  102.9175     26.8   27.0   51.0 -999.9  121   16.7 0 0 0
C1 23.0202  34.5258  102.9162     26.9   26.8   51.1 -999.9  121   16.2 0 0 0
C1 23.0212  34.5258  102.9147     26.7   27.0   51.4 -999.9  127   15.2 0 0 0
C1 23.0222  34.5257  102.9134     26.7   26.8   51.9 -999.9  123   14.2 0 0 0
C1 23.0232  34.5257  102.9121     26.6   26.7   51.7 -999.9  130   18.3 0 0 0
C1 23.0242  34.5257  102.9108     26.6   27.1   51.9 -999.9  125   15.3 0 0 0
C1 23.0252  34.5257  102.9095     26.5   27.1   52.3 -999.9  132   13.9 0 0 0
C1 23.0262  34.5257  102.9080     26.5   26.9   52.3 -999.9  116   14.4 0 0 0
C1 23.0338  34.5257  102.9066     26.5   27.0   52.1 -999.9  117   16.1 0 0 0
C1 23.0348  34.5257  102.9052     26.5   26.9   52.4 -999.9  128   13.3 0 0 0
C1 23.0358  34.5257  102.9038     26.5   26.8   52.7 -999.9  127   11.1 0 0 0
C1 23.0368  34.5257  102.9023     26.2   27.1   53.0 -999.9  131   12.7 0 0 0
C1 23.0378  34.5257  102.9009     26.2   26.4   52.9 -999.9  121   11.3 0 0 0
C1 23.0388  34.5256  102.8995     26.3   26.9   52.9 -999.9  120   12.2 0 0 0
C1 23.0398  34.5254  102.8983     26.4   26.9   52.8 -999.9  121   14.9 0 0 0
C1 23.0408  34.5252  102.8972     26.3   26.6   53.0 -999.9  121   12.9 0 0 0
C1 23.0418  34.5248  102.8962     26.3   26.7   53.8 -999.9  114   13.1 0 0 0
C1 23.0428  34.5244  102.8953     26.1   26.3   54.5 -999.9  120   12.6 0 0 0
C1 23.0505  34.5240  102.8946     26.2   26.3   54.9 -999.9  120   16.0 0 1 0
C1 23.0515  34.5239  102.8945     26.1   26.9   54.8 -999.9  120   18.1 0 1 0
C1 23.0525  34.5239  102.8947     26.0   26.6   54.7 -999.9  131   10.7 0 0 0
C1 23.0535  34.5238  102.8947     26.0   27.0   54.3 -999.9  109   12.1 0 0 0
C1 23.0545  34.5238  102.8947     26.0   26.8   53.9 -999.9  114   15.1 0 0 0
C1 23.0555  34.5238  102.8947     26.0   26.7   53.6 -999.9  117   13.1 0 0 0
C1 23.0565  34.5238  102.8947     26.0   26.3   54.3 -999.9  112   10.3 0 0 0
C1 23.0575  34.5238  102.8946     26.0   26.9   55.3 -999.9  102    9.3 0 0 0
C1 23.0585  34.5238  102.8946     26.0   26.8   54.7 -999.9  111   11.3 0 0 0
C1 23.0595  34.5238  102.8946     25.9   26.8   55.0 -999.9  109   12.8 0 0 0
C1 23.0672  34.5238  102.8946     25.9   26.9   55.1 -999.9  108   12.2 0 0 0
C1 23.0682  34.5238  102.8947     25.9   26.2   55.0 -999.9  111   12.5 0 0 0
C1 23.0695  34.5237  102.8947     25.8   26.5   55.4 -999.9  127    9.3 0 0 0
C1 23.0702  34.5238  102.8947     25.8   26.6   55.7 -999.9  105    8.2 0 0 0
C1 23.0715  34.5238  102.8947     25.8   26.7   55.0 -999.9  106   13.6 0 0 0
C1 23.0722  34.5238  102.8947     25.8   26.6   54.8 -999.9  112   14.6 0 0 0
C1 23.0732  34.5238  102.8947     25.8   26.4   55.2 -999.9  111    9.7 0 0 0
C1 23.0742  34.5238  102.8947     25.8   26.4   55.4 -999.9   98    7.9 0 0 0
C1 23.0752  34.5238  102.8947     25.8   26.2   55.6 -999.9  118    9.2 0 0 0
C1 23.0762  34.5239  102.8947     25.8   26.5   55.5 -999.9  112    9.8 0 0 0
C1 23.0838  34.5239  102.8947     25.8   26.1   56.1 -999.9  156    8.0 0 1 0
C1 23.0848  34.5243  102.8948     25.6   25.4   56.6 -999.9   85   13.8 0 1 0
C1 23.0860  34.5248  102.8959     25.6   26.6   57.2 -999.9  123   23.8 0 1 0
C1 23.0868  34.5252  102.8970     25.6   26.3   56.8 -999.9  114   18.2 0 0 0
C1 23.0878  34.5256  102.8984     25.6   26.2   56.5 -999.9  109   14.1 0 0 0
C1 23.0888  34.5258  102.9000     25.6   26.2   56.6 -999.9  117   12.6 0 0 0
C1 23.0898  34.5258  102.9016     25.5   26.8   56.6 -999.9  114   10.3 0 0 0
C1 23.0908  34.5258  102.9030     25.5   26.1   56.7 -999.9  132   13.8 0 0 0
C1 23.0918  34.5259  102.9045     25.3   26.4   57.4 -999.9  132   13.1 0 0 0
C1 23.0928  34.5259  102.9060     25.2   26.4   56.9 -999.9  120   12.7 0 0 0
C1 23.1005  34.5259  102.9076     25.4   26.3   56.6 -999.9  127   11.8 0 0 0
C1 23.1015  34.5259  102.9090     25.4   26.4   56.6 -999.9  133   13.3 0 0 0
C1 23.1025  34.5259  102.9104     25.4   26.3   57.5 -999.9  128   12.0 0 0 0
C1 23.1035  34.5260  102.9113     25.4   26.2   57.6 -999.9  181   10.9 0 1 0
C1 23.1045  34.5260  102.9115     25.3   26.3   58.9 -999.9  123    9.2 0 1 0
C1 23.1055  34.5260  102.9115     25.3   25.9   58.3 -999.9  121   11.9 0 0 0
C1 23.1065  34.5261  102.9115     25.4   26.0   58.9 -999.9  133   11.5 0 0 0
C1 23.1075  34.5261  102.9115     25.3   25.9   59.3 -999.9  127   12.8 0 0 0
C1 23.1085  34.5261  102.9115     25.4   26.0   59.4 -999.9  135   13.1 0 0 0
C1 23.1095  34.5261  102.9115     25.3   26.0   58.6 -999.9  122   15.2 0 0 0
C1 23.1172  34.5261  102.9115     25.4   26.0   58.5 -999.9  125   13.2 0 0 0
C1 23.1182  34.5261  102.9115     25.3   25.9   59.4 -999.9  135   12.7 0 0 0
C1 23.1192  34.5261  102.9115     25.3   25.7   60.2 -999.9  130   12.2 0 0 0
C1 23.1202  34.5261  102.9115     25.3   26.3   61.4 -999.9  128   11.5 0 0 0
C1 23.1212  34.5261  102.9115     25.2   25.6   60.9 -999.9  129   13.7 0 0 0
C1 23.1223  34.5261  102.9115     25.1   25.9   59.8 -999.9  128   12.8 0 0 0
C1 23.1233  34.5261  102.9115     25.1   25.8   60.0 -999.9  130   14.0 0 0 0
C1 23.1243  34.5261  102.9115     25.1   25.9   59.4 -999.9  127   14.9 0 0 0
C1 23.1252  34.5260  102.9114     25.0   25.8   59.8 -999.9  122   14.7 0 0 0
C1 23.1262  34.5260  102.9114     25.0   25.7   60.4 -999.9  129   13.2 0 0 0
C1 23.1338  34.5260  102.9114     24.9   25.8   60.9 -999.9  133   12.9 0 0 0
C1 23.1348  34.5260  102.9114     24.9   25.5   61.6 -999.9  124   12.0 0 0 0
C1 23.1358  34.5260  102.9114     25.0   25.7   62.0 -999.9  122   11.4 0 0 0
C1 23.1368  34.5260  102.9114     24.9   25.4   60.9 -999.9  123   14.2 0 0 0
C1 23.1380  34.5259  102.9113     25.0   25.7   60.6 -999.9  125   12.8 0 0 0
C1 23.1388  34.5259  102.9113     25.0   25.6   60.6 -999.9  130   13.3 0 0 0
C1 23.1400  34.5259  102.9113     24.9   25.8   61.2 -999.9  130   11.6 0 0 0
C1 23.1410  34.5259  102.9113     24.9   25.6   61.2 -999.9  128   11.7 0 0 0
C1 23.1420  34.5258  102.9113     24.7   25.6   61.1 -999.9  118   13.6 0 0 0
C1 23.1428  34.5258  102.9113     24.8   25.5   59.5 -999.9  124   13.5 0 0 0
C1 23.1505  34.5258  102.9113     24.9   25.6   61.9 -999.9  129   10.5 0 0 0
C1 23.1515  34.5258  102.9112     24.8   25.6   62.2 -999.9  127   10.7 0 0 0
C1 23.1525  34.5258  102.9112     24.8   25.6   61.1 -999.9  121   12.6 0 0 0
C1 23.1535  34.5258  102.9112     24.7   25.3   61.7 -999.9  131   11.1 0 0 0
C1 23.1547  34.5258  102.9112     24.7   25.6   61.1 -999.9  130   12.2 0 0 0
C1 23.1557  34.5257  102.9112     24.8   25.6   61.6 -999.9  126   11.9 0 0 0
C1 23.1565  34.5257  102.9112     24.8   25.3   61.2 -999.9  136   12.6 0 0 0
C1 23.1577  34.5257  102.9112     24.9   25.4   61.3 -999.9  122   11.0 0 0 0
C1 23.1585  34.5257  102.9112     24.8   25.3   61.5 -999.9  130   10.6 0 0 0
C1 23.1595  34.5257  102.9112     24.7   25.5   62.9 -999.9  121    8.3 0 0 0
C1 23.1672  34.5257  102.9112     24.7   25.3   62.6 -999.9  126   10.9 0 0 0
C1 23.1682  34.5257  102.9112     24.7   25.3   61.8 -999.9  133   11.6 0 0 0
C1 23.1692  34.5257  102.9112     24.8   25.1   60.8 -999.9  130   12.4 0 0 0
C1 23.1702  34.5257  102.9112     24.9   25.4   61.2 -999.9  124   11.1 0 0 0
C1 23.1712  34.5257  102.9112     24.8   25.0   62.8 -999.9  130    9.2 0 0 0
C1 23.1722  34.5257  102.9112     24.9   25.3   62.5 -999.9  127   10.7 0 0 0
C1 23.1732  34.5257  102.9112     24.7   25.0   63.0 -999.9  138    8.3 0 0 0
C1 23.1742  34.5257  102.9112     24.6   25.3   63.5 -999.9  139    9.0 0 0 0
C1 23.1752  34.5257  102.9112     24.6   25.3   62.2 -999.9  137   10.9 0 0 0
C1 23.1762  34.5257  102.9112     24.7   25.3   62.0 -999.9  132   10.1 0 0 0
C1 23.1838  34.5257  102.9112     24.8   25.0   62.0 -999.9  137   10.9 0 0 0
C1 23.1848  34.5257  102.9111     24.7   25.0   61.9 -999.9  137   10.4 0 0 0
C1 23.1858  34.5257  102.9111     24.7   25.3   61.5 -999.9  134   13.2 0 0 0
C1 23.1868  34.5257  102.9111     24.8   25.3   62.7 -999.9  139    9.9 0 0 0
C1 23.1878  34.5257  102.9111     24.7   25.3   53.7 -999.9  320    9.6 0 0 0
C1 23.1888  34.5257  102.9111     24.7   25.4   55.2 -999.9  317    9.9 0 0 0
C1 23.1898  34.5257  102.9111     24.7   25.1   62.6 -999.9  135    9.3 0 0 0
C1 23.1908  34.5257  102.9111     24.7   25.3   64.0 -999.9  136    7.9 0 0 0
C1 23.1918  34.5257  102.9110     24.6   25.3   64.3 -999.9  140    9.6 0 0 0
C1 23.1928  34.5256  102.9110     24.6   25.2   62.7 -999.9  128   10.1 0 0 0
C1 23.2005  34.5256  102.9110     24.7   25.2   62.2 -999.9  125   12.0 0 0 0
C1 23.2015  34.5256  102.9110     24.6   24.6   63.1 -999.9  129   11.2 0 0 0
C1 23.2025  34.5256  102.9110     24.6   25.0   65.1 -999.9  129    8.3 0 0 0
C1 23.2035  34.5256  102.9110     24.6   24.8   64.7 -999.9  146    9.0 0 0 0
C1 23.2045  34.5256  102.9109     24.6   25.1   64.6 -999.9  147    8.7 0 0 0
C1 23.2055  34.5256  102.9109     24.5   24.9   65.5 -999.9  142    8.4 0 0 0
C1 23.2065  34.5256  102.9109     24.5   25.2   64.6 -999.9  151   10.5 0 0 0
C1 23.2075  34.5256  102.9109     24.6   24.7   64.5 -999.9  149    9.3 0 0 0
C1 23.2085  34.5255  102.9109     24.6   24.9   64.2 -999.9  150    8.2 0 0 0
C1 23.2095  34.5255  102.9110     24.5   25.2   65.2 -999.9  164    8.7 0 0 0
C1 23.2172  34.5255  102.9108     24.5   25.0   64.6 -999.9   88    6.6 0 1 0
C1 23.2182  34.5255  102.9102     24.5   25.1   64.0 -999.9  193    6.7 0 1 0
C1 23.2192  34.5255  102.9094     24.5   25.1   64.8 -999.9  178    7.5 0 0 0
C1 23.2202  34.5255  102.9084     24.4   25.0   64.1 -999.9  151    8.1 0 0 0
C1 23.2212  34.5255  102.9073     24.4   24.9   63.9 -999.9  167    8.2 0 0 0
C1 23.2222  34.5255  102.9060     24.3   24.7   64.5 -999.9  159    5.9 0 0 0
C1 23.2232  34.5255  102.9047     24.4   25.5   64.7 -999.9  161    5.9 0 0 0
C1 23.2242  34.5255  102.9032     24.4   25.1   63.9 -999.9  141    6.5 0 0 0
C1 23.2252  34.5255  102.9018     24.4   24.9   63.3 -999.9  153   11.6 0 0 0
C1 23.2262  34.5255  102.9003     24.1   24.9   64.3 -999.9  153    6.6 0 0 0
C1 23.2338  34.5255  102.8988     24.3   24.6   63.2 -999.9  150    8.4 0 0 0
C1 23.2348  34.5253  102.8972     24.2   24.8   63.7 -999.9  159    7.1 0 0 0
C1 23.2358  34.5248  102.8958     24.2   24.9   64.9 -999.9  155    5.8 0 1 0
C1 23.2368  34.5241  102.8944     23.9   24.7   66.1 -999.9  139    3.9 0 0 0
C1 23.2378  34.5234  102.8933     23.9   25.2   66.0 -999.9  135    7.1 0 1 0
C1 23.2388  34.5226  102.8924     23.9   24.7   66.8 -999.9  140    7.9 0 0 0
C1 23.2398  34.5219  102.8917     23.9   25.5   66.6 -999.9  141   13.4 0 1 0
C1 23.2408  34.5214  102.8912     24.1   25.0   66.7 -999.9  134   14.0 0 1 0
C1 23.2418  34.5212  102.8911     24.0   24.6   67.8 -999.9  142   13.6 0 1 0
C1 23.2430  34.5212  102.8911     23.9   24.6   68.4 -999.9  123    6.3 0 0 0
C1 23.2505  34.5212  102.8911     23.9   24.2   68.5 -999.9  136    7.5 0 0 0
C1 23.2515  34.5212  102.8911     23.9   24.4   68.2 -999.9  141    5.9 0 0 0
C1 23.2527  34.5212  102.8911     23.9   24.5   69.4 -999.9  138    4.8 0 0 0
C1 23.2535  34.5210  102.8912     23.9   24.3   69.0 -999.9   92    3.9 0 1 0
C1 23.2545  34.5205  102.8920     23.9   24.9   68.0 -999.9   80    9.3 0 1 0
C1 23.2555  34.5197  102.8930     24.0   24.7   66.1 -999.9  124    1.8 0 1 0
C1 23.2565  34.5187  102.8940     23.9   24.6   66.3 -999.9  290    1.6 0 0 0
C1 23.2575  34.5177  102.8949     24.1   24.5   66.6 -999.9  214    3.6 0 0 0
C1 23.2585  34.5166  102.8958     24.2   24.3   65.9 -999.9  134    8.5 0 0 0
C1 23.2595  34.5154  102.8968     24.3   24.5   66.0 -999.9  131    6.3 0 0 0
C1 23.2672  34.5142  102.8978     24.2   24.9   67.5 -999.9  165    6.5 0 0 0
C1 23.2682  34.5130  102.8988     23.9   23.9   67.5 -999.9  161    7.0 0 0 0
C1 23.2692  34.5118  102.8997     24.1   24.2   67.8 -999.9  171    5.8 0 0 0
C1 23.2702  34.5107  102.9007     24.2   24.4   67.7 -999.9  167    6.8 0 0 0
C1 23.2712  34.5096  102.9016     24.2   24.4   66.7 -999.9  169    7.8 0 0 0
C1 23.2722  34.5086  102.9024     24.2   24.3   66.6 -999.9  179   10.2 0 0 0
C1 23.2732  34.5077  102.9030     24.4   24.3   67.1 -999.9  180   11.9 0 1 0
C1 23.2742  34.5073  102.9034     24.4   24.4   66.7 -999.9  183   14.4 0 1 0
C1 23.2752  34.5070  102.9032     24.3   24.7   68.5 -999.9  125    4.8 0 1 0
C1 23.2762  34.5067  102.9025     24.3   24.4   67.7 -999.9  202    5.6 0 1 0
C1 23.2838  34.5066  102.9016     24.2   24.4   66.9 -999.9  147    8.4 0 1 0
C1 23.2848  34.5069  102.9006     24.3   24.4   66.3 -999.9  174    8.2 0 0 0
C1 23.2858  34.5073  102.8994     24.3   24.2   66.5 -999.9  179    5.7 0 0 0
C1 23.2868  34.5077  102.8982     24.2   24.6   68.0 -999.9  220    2.0 0 0 0
C1 23.2878  34.5080  102.8969     24.1   24.6   68.5 -999.9  213    3.0 0 0 0
C1 23.2888  34.5085  102.8955     24.1   24.4   68.3 -999.9  175    6.4 0 0 0
C1 23.2898  34.5089  102.8942     24.1   24.4   67.4 -999.9  167    6.7 0 0 0
C1 23.2908  34.5093  102.8929     24.1   24.4   68.1 -999.9  145    4.8 0 0 0
C1 23.2918  34.5097  102.8917     24.1   24.7   68.7 -999.9  143    3.1 0 0 0
C1 23.2928  34.5102  102.8906     24.0   24.3   67.9 -999.9  156    3.3 0 0 0
C1 23.3005  34.5107  102.8896     24.0   24.7   67.8 -999.9  170    3.0 0 0 0
C1 23.3015  34.5112  102.8885     23.9   23.9   68.1 -999.9  171    2.7 0 0 0
C1 23.3025  34.5117  102.8875     24.0   23.8   68.0 -999.9  174    4.7 0 0 0
C1 23.3035  34.5122  102.8864     23.9   24.5   68.1 -999.9  168    3.3 0 0 0
C1 23.3045  34.5127  102.8852     23.9   24.5   68.3 -999.9  170    5.6 0 0 0
C1 23.3055  34.5132  102.8841     24.1   24.2   67.7 -999.9  170    7.2 0 0 0
C1 23.3065  34.5137  102.8829     24.1   24.1   67.0 -999.9  150    4.6 0 0 0
C1 23.3075  34.5142  102.8817     24.1   24.5   67.5 -999.9  190    4.3 0 0 0
C1 23.3085  34.5148  102.8805     24.1   24.3   67.3 -999.9  170    4.6 0 0 0
C1 23.3095  34.5153  102.8792     24.0   24.1   66.8 -999.9  142    6.3 0 0 0
C1 23.3172  34.5156  102.8785     24.2   24.5   66.7 -999.9  121   13.7 0 1 0
C1 23.3182  34.5155  102.8781     24.1   24.4   66.8 -999.9  169    7.5 0 1 0
C1 23.3192  34.5153  102.8779     24.4   24.7   66.3 -999.9  184    9.0 0 0 0
C1 23.3202  34.5152  102.8780     24.3   24.0   67.7 -999.9  146   10.3 0 1 0
C1 23.3212  34.5152  102.8779     24.2   24.4   66.3 -999.9  139   10.0 0 0 0
C1 23.3225  34.5152  102.8779     24.1   24.3   66.4 -999.9  151    9.3 0 0 0
C1 23.3235  34.5151  102.8779     24.1   24.2   66.2 -999.9  142   10.1 0 0 0
C1 23.3242  34.5151  102.8779     24.1   24.6   66.8 -999.9  157    7.7 0 0 0
C1 23.3252  34.5151  102.8779     24.1   24.4   67.4 -999.9  159    7.5 0 0 0
C1 23.3262  34.5151  102.8778     23.9   24.1   67.7 -999.9  152    7.1 0 0 0
C1 23.3338  34.5151  102.8778     23.9   24.6   67.9 -999.9  154    7.2 0 0 0
C1 23.3348  34.5151  102.8777     23.9   24.5   67.6 -999.9  159    6.5 0 0 0
C1 23.3358  34.5151  102.8777     23.9   24.2   67.8 -999.9  145    6.7 0 0 0
C1 23.3368  34.5151  102.8777     23.9   24.0   68.0 -999.9  142    6.1 0 0 0
C1 23.3378  34.5151  102.8777     23.8   24.6   68.5 -999.9  148    5.1 0 0 0
C1 23.3388  34.5151  102.8777     23.8   24.5   68.0 -999.9  166    6.5 0 0 0
C1 23.3398  34.5151  102.8777     23.9   24.1   67.0 -999.9  173    6.3 0 0 0
C1 23.3408  34.5150  102.8776     24.1   24.4   67.3 -999.9  164    6.4 0 0 0
C1 23.3418  34.5150  102.8776     24.0   24.2   61.5 -999.9   73    6.4 0 0 0
C1 23.3428  34.5150  102.8776     24.1   24.6   54.6 -999.9   66    7.0 1 0 1
C1 23.3505  34.5150  102.8776     24.1   24.3   58.2 -999.9   72    7.1 1 0 1
C1 23.3515  34.5151  102.8776     24.1   24.1   67.2 -999.9  153    6.2 0 0 0
C1 23.3525  34.5151  102.8776     24.0   24.6   68.0 -999.9  150    5.7 0 0 0
C1 23.3535  34.5151  102.8776     23.9   24.3   69.4 -999.9  159    4.5 0 0 0
C1 23.3545  34.5151  102.8776     23.9   24.1   68.0 -999.9  149    4.3 0 0 0
C1 23.3555  34.5151  102.8776     23.9   24.2   68.7 -999.9  162    5.7 0 0 0
C1 23.3565  34.5151  102.8776     24.0   24.3   62.9 -999.9  121    6.5 0 0 0
C1 23.3578  34.5152  102.8777     24.1   24.0   63.0 -999.9  115    5.7 0 0 0
C1 23.3585  34.5152  102.8777     24.1   24.3   59.7 -999.9  112    4.4 1 0 1
C1 23.3595  34.5152  102.8777     24.0   24.3   68.4 -999.9  141    5.4 0 0 0
C1 23.3672  34.5153  102.8777     24.1   24.2   67.2 -999.9  149    5.3 0 0 0
C1 23.3682  34.5153  102.8777     24.2   24.2   67.6 -999.9  149    4.6 0 0 0
C1 23.3692  34.5153  102.8777     24.1   24.4   67.9 -999.9  158    4.6 0 0 0
C1 23.3702  34.5153  102.8777     24.1   24.5   68.3 -999.9  159    4.0 0 0 0
C1 23.3712  34.5154  102.8778     24.1   24.1   69.0 -999.9  162    3.7 0 0 0
C1 23.3722  34.5154  102.8778     23.9   24.2   68.2 -999.9  163    3.8 0 0 0
C1 23.3732  34.5154  102.8778     24.0   24.3   67.8 -999.9  161    3.4 0 0 0
C1 23.3742  34.5155  102.8778     24.1   24.5   67.0 -999.9  166    4.2 0 0 0
C1 23.3752  34.5155  102.8778     24.2   24.2   66.6 -999.9  167    3.9 0 0 0
C1 23.3762  34.5155  102.8778     24.2   24.3   68.1 -999.9  171    3.0 0 0 0
C1 23.3838  34.5155  102.8778     24.1   24.2   68.7 -999.9  162    2.7 0 0 0
C1 23.3848  34.5156  102.8778     24.1   24.1   68.1 -999.9  162    3.0 0 0 0
C1 23.3858  34.5156  102.8778     24.2   24.4   67.1 -999.9  170    2.8 0 0 0
C1 23.3868  34.5156  102.8778     24.3   24.7   67.4 -999.9  171    1.8 0 0 0
C1 23.3878  34.5156  102.8778     24.2   24.5   68.5 -999.9  193    2.1 0 0 0
C1 23.3888  34.5156  102.8778     24.2   24.1   67.5 -999.9  194    1.6 0 0 0
C1 23.3898  34.5157  102.8778     24.2   24.2   67.3 -999.9  197    1.7 0 0 0
C1 23.3908  34.5157  102.8778     24.1   24.5   67.7 -999.9  203    2.2 0 0 0
C1 23.3918  34.5157  102.8778     24.1   24.4   66.7 -999.9  209    2.7 0 0 0
C1 23.3928  34.5157  102.8778     24.2   24.0   67.4 -999.9  222    3.0 0 0 0
C1 23.4008  34.5157  102.8778     24.2   24.1   66.3 -999.9  300    4.3 0 0 0
C1 23.4015  34.5157  102.8779     24.3   24.2   66.0 -999.9  176    1.1 0 1 0
C1 23.4025  34.5160  102.8781     24.2   24.3   65.7 -999.9  233    2.1 0 0 0
C1 23.4035  34.5163  102.8778     24.3   24.0   66.5 -999.9  249    6.0 0 1 0
C1 23.4045  34.5167  102.8768     24.4   24.7   67.9 -999.9  241   10.1 0 1 0
C1 23.4055  34.5173  102.8756     24.4   24.1   67.1 -999.9  242    5.8 0 0 0
C1 23.4065  34.5179  102.8742     24.4   24.2   66.5 -999.9  236    5.1 0 0 0
C1 23.4075  34.5186  102.8726     24.3   24.2   68.3 -999.9  230    4.4 0 0 0
C1 23.4085  34.5194  102.8710     24.1   24.3   67.5 -999.9  199    5.6 0 0 0
C1 23.4095  34.5202  102.8693     24.2   24.1   66.6 -999.9  196    4.3 0 0 0
C1 23.4172  34.5209  102.8675     24.1   24.7   67.2 -999.9  201    3.5 0 0 0
C1 23.4182  34.5217  102.8658     24.3   24.0   67.9 -999.9  166    3.5 0 0 0
C1 23.4193  34.5226  102.8637     24.3   24.6   67.8 -999.9  165    5.2 0 0 0
C1 23.4202  34.5232  102.8622     24.2   24.3   67.1 -999.9  166    8.7 0 0 0
C1 23.4212  34.5238  102.8603     24.2   24.6   66.4 -999.9  147   11.7 0 0 0
C1 23.4222  34.5242  102.8584     24.1   24.4   66.5 -999.9  160   11.0 0 0 0
C1 23.4232  34.5244  102.8564     24.2   24.2   66.4 -999.9  158   10.3 0 0 0
C1 23.4242  34.5245  102.8544     24.1   24.4   66.4 -999.9  170   10.6 0 0 0
C1 23.4252  34.5245  102.8524     24.2   24.6   66.0 -999.9  166    9.5 0 0 0
C1 23.4262  34.5245  102.8503     24.1   24.4   66.4 -999.9  184    9.4 0 0 0
C1 23.4338  34.5245  102.8483     24.1   24.2   66.9 -999.9  151   13.7 0 1 0
C1 23.4348  34.5246  102.8468     24.0   24.6   67.8 -999.9  174    5.1 0 0 0
C1 23.4358  34.5246  102.8450     23.8   24.1   68.2 -999.9  194    8.8 0 0 0
C1 23.4368  34.5246  102.8431     23.7   24.4   68.0 -999.9  189   11.7 0 0 0
C1 23.4378  34.5246  102.8412     23.7   25.1   67.5 -999.9  186   10.9 0 0 0
C1 23.4388  34.5247  102.8392     23.6   24.5   68.3 -999.9  206    8.6 0 0 0
C1 23.4398  34.5247  102.8371     23.6   24.2   68.7 -999.9  207    9.7 0 0 0
C1 23.4408  34.5247  102.8350     23.4   24.1   68.3 -999.9  204    5.8 0 0 0
C1 23.4418  34.5247  102.8328     23.6   24.0   68.0 -999.9  187    7.8 0 0 0
C1 23.4428  34.5247  102.8308     23.6   24.3   68.3 -999.9  175    6.4 0 0 0
C1 23.4505  34.5247  102.8288     23.7   24.5   68.3 -999.9  190    9.0 0 0 0
C1 23.4515  34.5247  102.8268     23.7   24.0   67.9 -999.9  181    7.9 0 0 0
C1 23.4525  34.5248  102.8248     23.6   24.2   67.9 -999.9  177    9.0 0 0 0
C1 23.4535  34.5247  102.8228     23.8   24.4   67.7 -999.9  167    9.9 0 0 0
C1 23.4545  34.5248  102.8208     23.6   23.6   67.5 -999.9  165   11.1 0 0 0
C1 23.4555  34.5248  102.8189     23.7   24.0   67.3 -999.9  159   12.2 0 0 0
C1 23.4565  34.5248  102.8170     23.9   24.0   67.1 -999.9  149   13.1 0 0 0
C1 23.4575  34.5248  102.8151     23.9   23.8   67.0 -999.9  158   13.3 0 0 0
C1 23.4585  34.5248  102.8132     23.7   24.2   67.0 -999.9  156   12.9 0 0 0
C1 23.4595  34.5248  102.8114     23.9   23.8   67.0 -999.9  154   13.2 0 0 0
C1 23.4672  34.5248  102.8095     23.7   24.2   67.0 -999.9  153   15.4 0 0 0
C1 23.4682  34.5248  102.8076     23.8   23.9   67.0 -999.9  145   13.6 0 0 0
C1 23.4692  34.5248  102.8059     23.7   24.3   67.5 -999.9  146   12.0 0 0 0
C1 23.4702  34.5248  102.8041     23.6   24.0   67.5 -999.9  151   14.4 0 0 0
C1 23.4712  34.5249  102.8023     23.6   23.7   67.5 -999.9  132   14.1 0 0 0
C1 23.4722  34.5249  102.8007     23.6   23.8   67.0 -999.9  138   17.6 0 0 0
C1 23.4732  34.5249  102.7992     23.7   24.5   67.0 -999.9  141   13.2 0 0 0
C1 23.4742  34.5249  102.7984     23.5   23.9   67.3 -999.9  127   27.0 0 1 0
C1 23.4752  34.5249  102.7984     23.6   24.0   67.5 -999.9  149   20.5 0 1 0
C1 23.4762  34.5249  102.7983     23.4   23.9   67.5 -999.9  131   16.6 0 0 0
C1 23.4838  34.5249  102.7983     23.4   24.1   67.7 -999.9  136   15.2 0 0 0
C1 23.4852  34.5249  102.7983     23.4   24.0   22.9 -999.9  133   15.7 1 0 1
C1 23.4860  34.5249  102.7983     23.4   23.9   67.4 -999.9  131   16.8 0 0 0
C1 23.4868  34.5249  102.7979     23.3   24.0   67.7 -999.9  151   10.4 0 1 0
C1 23.4878  34.5249  102.7974     23.4   24.0   45.4 -999.9  130   16.6 0 0 0
C1 23.4888  34.5249  102.7968     23.4   24.1   45.1 -999.9  151   16.5 0 0 0
C1 23.4898  34.5250  102.7959     23.4   23.8   67.5 -999.9  149   13.5 0 1 0
C1 23.4908  34.5250  102.7947     23.4   24.2   67.5 -999.9  154   16.0 0 0 0
C1 23.4918  34.5250  102.7935     23.5   23.8   67.1 -999.9  143   20.3 0 0 0
C1 23.4928  34.5251  102.7921     23.6   24.1   67.7 -999.9  142   17.4 0 0 0
C1 23.5005  34.5251  102.7908     23.4   23.9   67.4 -999.9  133   19.2 0 0 0
C1 23.5015  34.5251  102.7894     23.6   24.1   67.5 -999.9  139   18.9 0 0 0
C1 23.5025  34.5251  102.7880     23.5   24.3   67.9 -999.9  142   16.1 0 0 0
C1 23.5035  34.5252  102.7865     23.4   23.8   67.8 -999.9  144   18.6 0 0 0
C1 23.5045  34.5252  102.7850     23.4   23.9   67.9 -999.9  137   18.6 0 0 0
C1 23.5055  34.5252  102.7839     23.4   24.2   68.0 -999.9  119   26.1 0 1 0
C1 23.5065  34.5252  102.7836     23.4   23.7   67.9 -999.9  142   31.3 0 1 0
C1 23.5075  34.5252  102.7836     23.3   23.4   67.9 -999.9  135   21.2 0 0 0
C1 23.5088  34.5253  102.7836     23.3   24.2   68.0 -999.9  136   23.0 0 0 0
C1 23.5095  34.5253  102.7836     23.2   23.6   68.0 -999.9  134   20.4 0 0 0
C1 23.5172  34.5253  102.7836     23.2   23.8   68.0 -999.9  128   21.2 0 0 0
C1 23.5182  34.5253  102.7836     23.2   23.6   68.0 -999.9  130   20.2 0 0 0
C1 23.5192  34.5253  102.7836     23.2   23.7   68.4 -999.9  125   17.3 0 0 0
C1 23.5205  34.5254  102.7836     23.2   23.8   68.3 -999.9  126   19.3 0 0 0
C1 23.5212  34.5254  102.7836     23.2   24.0   68.0 -999.9  128   22.5 0 0 0
C1 23.5222  34.5254  102.7836     23.2   23.6   68.3 -999.9  139   19.7 0 0 0
C1 23.5232  34.5254  102.7836     23.2   23.9   68.5 -999.9  131   18.6 0 0 0
C1 23.5242  34.5254  102.7836     23.1   23.8   68.6 -999.9  131   19.4 0 0 0
C1 23.5252  34.5254  102.7836     23.2   23.7   68.6 -999.9  127   19.5 0 0 0
C1 23.5262  34.5254  102.7836     23.2   22.8   68.4 -999.9  137   20.6 0 0 0
C1 23.5338  34.5254  102.7836     23.2   23.5   68.8 -999.9  139   16.7 0 0 0
C1 23.5348  34.5255  102.7836     23.1   23.8   68.7 -999.9  135   18.5 0 0 0
C1 23.5358  34.5255  102.7836     23.2   23.7   68.7 -999.9  136   19.0 0 0 0
C1 23.5368  34.5255  102.7836     23.1   23.6   68.8 -999.9  132   17.1 0 0 0
C1 23.5378  34.5255  102.7836     23.1   23.6   69.0 -999.9  139   16.1 0 0 0
C1 23.5388  34.5255  102.7836     23.1   23.6   69.4 -999.9  135   13.4 0 0 0
C1 23.5398  34.5255  102.7836     23.1   23.5   69.1 -999.9  148   15.6 0 0 0
C1 23.5408  34.5255  102.7834     23.1   23.7   69.1 -999.9  157   14.9 0 1 0
C1 23.5418  34.5255  102.7825     23.1   23.7   68.9 -999.9  146   12.9 0 1 0
C1 23.5428  34.5255  102.7813     23.2   23.4   68.6 -999.9  137   17.9 0 1 0
C1 23.5505  34.5255  102.7799     23.1   23.8   68.9 -999.9  139   16.2 0 0 0
C1 23.5515  34.5255  102.7784     23.5   24.1   68.8 -999.9  139   19.1 0 0 0
C1 23.5525  34.5255  102.7769     23.4   23.8   68.6 -999.9  131   19.8 0 0 0
C1 23.5535  34.5255  102.7753     23.4   23.7   68.8 -999.9  136   19.7 0 0 0
C1 23.5545  34.5255  102.7737     23.6   23.5   68.9 -999.9  134   19.1 0 0 0
C1 23.5555  34.5255  102.7721     23.5   24.0   68.8 -999.9  131   17.9 0 0 0
C1 23.5565  34.5255  102.7704     23.2   23.6   68.9 -999.9  127   13.0 0 0 0
C1 23.5575  34.5255  102.7686     23.5   23.3   68.8 -999.9  143   18.4 0 0 0
C1 23.5585  34.5255  102.7669     23.4   24.0   68.9 -999.9  125   17.0 0 0 0
C1 23.5595  34.5255  102.7651     23.4   23.6   68.9 -999.9  135   19.1 0 0 0
C1 23.5672  34.5255  102.7637     23.3   23.5   68.8 -999.9  122   28.2 0 1 0
C1 23.5682  34.5254  102.7635     23.4   23.1   68.8 -999.9  156   29.1 0 1 0
C1 23.5692  34.5254  102.7635     23.2   23.7   68.7 -999.9  118   21.8 0 0 0
C1 23.5702  34.5254  102.7635     23.2   23.4   68.8 -999.9  128   19.4 0 0 0
C1 23.5712  34.5254  102.7634     23.2   23.7   69.2 -999.9  150   13.7 0 1 0
C1 23.5722  34.5254  102.7628     23.2   23.5   68.7 -999.9  144   19.2 0 1 0
C1 23.5732  34.5254  102.7617     23.3   23.5   68.7 -999.9  143   16.9 0 1 0
C1 23.5742  34.5254  102.7604     23.2   23.8   69.0 -999.9  142   17.0 0 0 0
C1 23.5752  34.5254  102.7589     23.3   23.2   68.7 -999.9  132   21.5 0 0 0
C1 23.5762  34.5253  102.7573     23.6   23.9   68.8 -999.9  139   22.1 0 0 0
C1 23.5838  34.5254  102.7558     23.5   23.8   68.7 -999.9  135   18.1 0 0 0
C1 23.5848  34.5254  102.7541     23.4   23.8   68.6 -999.9  129   15.0 0 0 0
C1 23.5858  34.5254  102.7525     23.3   23.6   68.8 -999.9  133   17.7 0 0 0
C1 23.5868  34.5254  102.7509     23.3   23.7   68.7 -999.9  138   17.4 0 0 0
C1 23.5878  34.5254  102.7492     23.5   24.1   68.5 -999.9  128   23.0 0 0 0
C1 23.5888  34.5254  102.7476     23.6   24.1   68.6 -999.9  136   25.3 0 0 0
C1 23.5898  34.5254  102.7460     23.6   23.3   68.6 -999.9  130   21.3 0 0 0
C1 23.5908  34.5254  102.7443     23.6   23.2   68.7 -999.9  125   21.2 0 0 0
C1 23.5918  34.5254  102.7427     23.4   23.3   68.3 -999.9  129   20.5 0 0 0
C1 23.5928  34.5255  102.7410     23.7   23.4   68.7 -999.9  139   20.0 0 0 0
C1 23.6005  34.5255  102.7394     23.4   23.5   68.8 -999.9  126   19.5 0 0 0
C1 23.6015  34.5255  102.7377     23.4   23.3   68.8 -999.9  134   22.8 0 0 0
C1 23.6025  34.5256  102.7361     23.6   23.6   68.9 -999.9  135   19.7 0 0 0
C1 23.6035  34.5256  102.7345     23.8   23.8   69.0 -999.9  132   19.8 0 0 0
C1 23.6045  34.5256  102.7330     23.5   23.5   68.9 -999.9  140   17.8 0 0 0
C1 23.6055  34.5257  102.7315     23.3   23.3   68.9 -999.9  126   17.2 0 0 0
C1 23.6065  34.5257  102.7301     23.2   23.4   68.8 -999.9  130   20.8 0 0 0
C1 23.6075  34.5257  102.7289     23.3   23.8   69.0 -999.9  128   21.4 0 1 0
C1 23.6085  34.5257  102.7284     23.3   23.7   68.7 -999.9  116   26.4 0 1 0
C1 23.6095  34.5258  102.7282     23.2   23.8   69.0 -999.9  143    4.8 0 0 0
C1 23.6172  34.5258  102.7274     23.2   23.4   69.1 -999.9  182    6.2 0 1 0
C1 23.6182  34.5258  102.7263     23.1   24.3   68.9 -999.9  141   14.0 0 1 0
C1 23.6192  34.5259  102.7249     23.2   23.5   68.5 -999.9  133   20.0 0 0 0
C1 23.6202  34.5259  102.7234     23.2   23.4   68.7 -999.9  134   16.2 0 0 0
C1 23.6212  34.5259  102.7217     23.3   23.4   68.8 -999.9  138   19.0 0 0 0
C1 23.6222  34.5260  102.7200     23.3   23.3   68.8 -999.9  133   20.1 0 0 0
C1 23.6232  34.5260  102.7183     23.3   23.2   68.8 -999.9  141   15.5 0 0 0
C1 23.6242  34.5260  102.7165     23.4   23.6   68.7 -999.9  129   18.7 0 0 0
C1 23.6252  34.5261  102.7147     23.4   23.7   68.8 -999.9  129   18.0 0 0 0
C1 23.6262  34.5261  102.7131     23.6   23.6   68.8 -999.9  129   21.4 0 0 0
C1 23.6338  34.5261  102.7114     23.4   23.5   68.7 -999.9  132   22.3 0 0 0
C1 23.6348  34.5261  102.7098     23.4   23.9   68.9 -999.9  142   16.6 0 0 0
C1 23.6358  34.5261  102.7082     23.3   23.6   69.3 -999.9  134   15.9 0 0 0
C1 23.6368  34.5262  102.7066     23.3   23.3   69.2 -999.9  132   17.2 0 0 0
C1 23.6378  34.5262  102.7050     23.2   23.4   69.2 -999.9  142   15.3 0 0 0
C1 23.6388  34.5262  102.7033     23.2   24.0   69.4 -999.9  138   15.2 0 0 0
C1 23.6398  34.5262  102.7017     23.4   23.5   69.2 -999.9  133   16.0 0 0 0
C1 23.6408  34.5262  102.7000     23.4   23.7   68.9 -999.9  129   18.5 0 0 0
C1 23.6418  34.5262  102.6984     23.3   23.5   69.0 -999.9  137   18.5 0 0 0
C1 23.6428  34.5262  102.6966     23.3   23.5   68.9 -999.9  136   17.3 0 0 0
C1 23.6505  34.5262  102.6947     23.4   23.4   68.9 -999.9  136   16.2 0 0 0
C1 23.6515  34.5262  102.6928     23.3   23.9   69.1 -999.9  133   16.0 0 0 0
C1 23.6525  34.5262  102.6908     23.4   23.7   70.1 -999.9  136   15.6 0 0 0
C1 23.6535  34.5262  102.6889     23.6   22.7   69.9 -999.9  133   15.9 0 0 0
C1 23.6545  34.5262  102.6869     23.5   23.4   69.5 -999.9  143   16.4 0 0 0
C1 23.6555  34.5261  102.6850     23.3   23.8   69.0 -999.9  129   13.7 0 0 0
C1 23.6565  34.5261  102.6830     23.1   23.8   68.8 -999.9  145   13.7 0 0 0
C1 23.6575  34.5261  102.6818     23.3   23.4   69.0 -999.9  119   25.4 0 1 0
C1 23.6585  34.5261  102.6815     23.3   23.7   51.4 -999.9  137   19.4 0 1 0
C1 23.6595  34.5261  102.6815     23.2   23.7   23.5 -999.9  130   14.3 1 0 1
C1 23.6672  34.5260  102.6815     23.1   23.6   46.3 -999.9  134   16.1 1 0 1
C1 23.6683  34.5260  102.6815     23.1   23.4   69.2 -999.9  124   16.9 0 0 0
C1 23.6693  34.5260  102.6815     23.1   23.1   69.4 -999.9  128   13.2 0 0 0
C1 23.6702  34.5259  102.6815     23.1   23.8   69.6 -999.9  126   13.7 0 0 0
C1 23.6712  34.5259  102.6815     23.1   24.3   69.7 -999.9  133   11.2 0 0 0
C1 23.6722  34.5259  102.6815     23.1   23.8   69.6 -999.9  123   13.8 0 0 0
C1 23.6732  34.5259  102.6815     23.1   23.1   69.5 -999.9  132   14.1 0 0 0
C1 23.6742  34.5259  102.6815     23.0   23.4   69.8 -999.9  132   12.1 0 0 0
C1 23.6752  34.5258  102.6814     22.9   23.9   70.0 -999.9  128   11.8 0 0 0
C1 23.6762  34.5258  102.6814     22.9   23.6   69.9 -999.9  128   13.5 0 0 0
C1 23.6838  34.5258  102.6814     22.9   23.7   70.1 -999.9  135   12.2 0 0 0
C1 23.6848  34.5258  102.6814     22.9   23.4   70.3 -999.9  121   12.6 0 0 0
C1 23.6858  34.5258  102.6814     22.9   23.2   70.2 -999.9  128   12.6 0 0 0
C1 23.6868  34.5258  102.6814     22.9   23.3   70.5 -999.9  124   10.2 0 0 0
C1 23.6878  34.5258  102.6814     22.9   23.0   70.5 -999.9  131   12.9 0 0 0
C1 23.6888  34.5259  102.6814     22.9   23.3   47.3 -999.9  127   13.4 1 0 1
C1 23.6898  34.5259  102.6814     22.9   23.6   47.3 -999.9  133   11.7 0 0 0
C1 23.6908  34.5259  102.6814     22.9   23.7   49.8 -999.9  120   11.2 1 0 1
C1 23.6918  34.5259  102.6814     22.9   23.3   56.0 -999.9  134   11.0 0 0 0
C1 23.6928  34.5259  102.6814     22.9   23.2   31.7 -999.9  144    8.7 1 0 1
C1 23.7005  34.5260  102.6814     22.9   23.4   25.6 -999.9  134    9.2 1 0 1
C1 23.7015  34.5260  102.6815     22.8   23.3   71.5 -999.9  144   10.3 0 0 0
C1 23.7025  34.5260  102.6815     22.9   23.1   71.6 -999.9  136    9.9 0 0 0
C1 23.7035  34.5261  102.6815     22.8   23.1   71.5 -999.9  134   12.5 0 0 0
C1 23.7045  34.5261  102.6815     22.8   23.2   71.7 -999.9  132   10.0 0 0 0
C1 23.7055  34.5261  102.6815     22.8   23.3   72.0 -999.9  145    9.7 0 0 0
C1 23.7065  34.5262  102.6815     22.8   23.4   72.2 -999.9  142    8.0 0 0 0
C1 23.7075  34.5262  102.6815     22.7   23.2   72.6 -999.9  144    8.3 0 0 0
C1 23.7085  34.5262  102.6815     22.8   23.4   72.1 -999.9  124   10.6 0 0 0
C1 23.7095  34.5262  102.6815     22.8   23.4   72.1 -999.9  127   10.9 0 0 0
C1 23.7173  34.5263  102.6816     22.7   23.3   72.4 -999.9  119   10.9 0 0 0
C1 23.7182  34.5263  102.6816     22.6   23.2   72.8 -999.9  127    9.4 0 0 0
C1 23.7192  34.5263  102.6816     22.6   23.0   73.0 -999.9  134    9.6 0 0 0
C1 23.7202  34.5263  102.6816     22.6   23.0   72.8 -999.9  133   11.3 0 0 0
C1 23.7212  34.5263  102.6816     22.6   22.7   72.9 -999.9  138   10.5 0 0 0
C1 23.7222  34.5264  102.6816     22.6   23.6   73.6 -999.9  132   10.4 0 0 0
C1 23.7232  34.5264  102.6816     22.6   23.4   74.4 -999.9  141    7.6 0 0 0
C1 23.7242  34.5264  102.6816     22.4   23.2   74.4 -999.9  139    8.7 0 0 0
C1 23.7252  34.5264  102.6816     22.4   23.5   74.8 -999.9  133    8.1 0 0 0
C1 23.7262  34.5264  102.6816     22.4   23.4   75.0 -999.9  139    8.4 0 0 0
C1 23.7338  34.5264  102.6815     22.4   23.2   74.9 -999.9  133    9.2 0 0 0
C1 23.7348  34.5264  102.6815     22.3   23.3   75.3 -999.9  136    9.2 0 0 0
C1 23.7358  34.5264  102.6815     22.3   22.7   74.8 -999.9  138    9.6 0 0 0
C1 23.7368  34.5264  102.6815     22.3   23.1   75.1 -999.9  136    8.9 0 0 0
C1 23.7378  34.5264  102.6815     22.3   23.0   74.9 -999.9  138    9.8 0 0 0
C1 23.7388  34.5264  102.6815     22.3   23.5   75.6 -999.9  157    8.0 0 0 0
C1 23.7400  34.5264  102.6815     22.2   23.4   75.3 -999.9  146   11.8 0 0 0
C1 23.7408  34.5263  102.6814     22.2   23.2   74.8 -999.9  136   12.3 0 0 0
C1 23.7418  34.5263  102.6814     22.3   22.8   75.3 -999.9  136    9.8 0 0 0
C1 23.7428  34.5263  102.6814     22.1   22.7   76.2 -999.9  146    8.2 0 0 0
C1 23.7505  34.5263  102.6814     22.1   22.8   75.7 -999.9  142   10.9 0 0 0
C1 23.7515  34.5263  102.6814     22.1   23.0   75.3 -999.9  142   11.3 0 0 0
C1 23.7525  34.5263  102.6813     22.2   22.9   75.3 -999.9  152    9.8 0 0 0
C1 23.7535  34.5263  102.6813     22.1   22.8   76.1 -999.9  142    8.6 0 0 0
C1 23.7545  34.5263  102.6813     22.1   22.9   76.2 -999.9  144    8.1 0 0 0
C1 23.7555  34.5263  102.6813     22.1   22.8   76.6 -999.9  128    8.9 0 0 0
C1 23.7565  34.5263  102.6813     22.1   22.8   76.3 -999.9  126    8.6 0 0 0
C1 23.7575  34.5263  102.6813     22.1   22.6   76.3 -999.9  141    8.7 0 0 0
C1 23.7585  34.5263  102.6812     22.1   22.9   76.8 -999.9  142    7.2 0 0 0
C1 23.7595  34.5263  102.6811     22.1   22.8   76.5 -999.9  177    6.5 0 1 0
C1 23.7672  34.5263  102.6803     22.1   22.7   76.8 -999.9  217    6.6 0 1 0
C1 23.7682  34.5263  102.6789     22.1   22.6   77.2 -999.9  179    7.4 0 1 0
C1 23.7692  34.5263  102.6774     22.0   22.4   77.8 -999.9  163    8.5 0 0 0
C1 23.7702  34.5264  102.6759     21.9   22.8   77.6 -999.9  148   11.6 0 0 0
C1 23.7712  34.5264  102.6743     22.0   22.8   78.1 -999.9  145    7.0 0 0 0
C1 23.7722  34.5264  102.6728     21.8   22.6   77.9 -999.9  155   10.2 0 0 0
C1 23.7732  34.5264  102.6711     22.0   22.6   78.2 -999.9  141    8.9 0 0 0
C1 23.7742  34.5264  102.6695     21.9   22.6   78.2 -999.9  141    9.9 0 0 0
C1 23.7752  34.5264  102.6679     21.9   22.8   78.0 -999.9  143   10.4 0 0 0
C1 23.7762  34.5264  102.6662     21.9   22.6   78.0 -999.9  145    8.3 0 0 0
C1 23.7838  34.5264  102.6645     21.9   22.8   78.4 -999.9  137    8.7 0 0 0
C1 23.7848  34.5264  102.6629     21.9   23.0   78.8 -999.9  139   10.2 0 0 0
C1 23.7858  34.5265  102.6613     21.8   22.7   79.1 -999.9  144   11.5 0 0 0
C1 23.7868  34.5265  102.6595     21.8   22.6   79.0 -999.9  141    8.6 0 0 0
C1 23.7878  34.5265  102.6577     21.8   22.6   78.8 -999.9  125    7.2 0 0 0
C1 23.7888  34.5265  102.6558     21.8   22.6   79.5 -999.9  144    8.1 0 0 0
C1 23.7898  34.5265  102.6538     21.6   22.8   79.3 -999.9  143   12.5 0 0 0
C1 23.7908  34.5264  102.6518     21.7   22.7   79.3 -999.9  138    9.0 0 0 0
C1 23.7918  34.5264  102.6499     21.6   22.2   79.5 -999.9  101    8.0 0 0 0
C1 23.7928  34.5264  102.6479     21.8   22.6   79.7 -999.9  128    9.3 0 0 0
C1 23.8005  34.5264  102.6459     21.6   22.1   80.1 -999.9  143   11.1 0 0 0
C1 23.8015  34.5264  102.6439     21.5   22.3   80.4 -999.9  136    9.0 0 0 0
C1 23.8025  34.5265  102.6419     21.6   22.4   80.2 -999.9  131   10.5 0 0 0
C1 23.8035  34.5265  102.6399     21.6   22.5   80.4 -999.9  138    9.5 0 0 0
C1 23.8045  34.5265  102.6379     21.6   22.1   80.7 -999.9  137    8.4 0 0 0
C1 23.8055  34.5265  102.6358     21.6   22.0   80.7 -999.9  142    9.9 0 0 0
C1 23.8065  34.5265  102.6337     21.6   22.3   80.6 -999.9  134   11.1 0 0 0
C1 23.8075  34.5265  102.6316     21.6   22.1   80.8 -999.9  132   10.2 0 0 0
C1 23.8085  34.5265  102.6294     21.8   22.2   80.7 -999.9  121   10.0 0 0 0
C1 23.8095  34.5265  102.6272     21.6   22.2   80.9 -999.9  134    9.5 0 0 0
C1 23.8172  34.5266  102.6251     21.8   22.0   80.5 -999.9  123   13.5 0 0 0
C1 23.8182  34.5266  102.6230     21.8   22.3   80.5 -999.9  137   10.2 0 0 0
C1 23.8192  34.5266  102.6208     21.8   22.4   81.1 -999.9  136    8.4 0 0 0
C1 23.8202  34.5266  102.6186     21.5   22.1   81.3 -999.9  139   11.2 0 0 0
C1 23.8212  34.5266  102.6164     21.4   21.8   81.5 -999.9  131    6.6 0 0 0
C1 23.8222  34.5266  102.6142     21.6   22.0   81.5 -999.9  136   12.9 0 0 0
C1 23.8232  34.5266  102.6121     21.4   22.3   81.4 -999.9  123   11.9 0 0 0
C1 23.8242  34.5266  102.6100     21.5   21.9   81.2 -999.9  123   12.9 0 0 0
C1 23.8252  34.5266  102.6079     21.6   21.7   81.0 -999.9  121   12.2 0 0 0
C1 23.8262  34.5266  102.6057     21.6   21.8   81.4 -999.9  125   12.8 0 0 0
C1 23.8338  34.5266  102.6035     21.6   22.1   81.5 -999.9  120   10.1 0 0 0
C1 23.8348  34.5266  102.6013     21.6   21.9   81.5 -999.9  112    9.2 0 0 0
C1 23.8358  34.5266  102.5991     21.6   22.2   81.3 -999.9  137    9.6 0 0 0
C1 23.8368  34.5266  102.5970     21.5   21.6   81.1 -999.9  120   10.7 0 0 0
C1 23.8378  34.5266  102.5948     21.8   21.6   81.0 -999.9  121   14.2 0 0 0
C1 23.8388  34.5266  102.5927     21.7   21.9   80.7 -999.9  121   15.5 0 0 0
C1 23.8398  34.5266  102.5907     21.8   21.7   80.6 -999.9  122   14.1 0 0 0
C1 23.8408  34.5266  102.5889     21.8   21.6   80.6 -999.9  121   19.1 0 1 0
C1 23.8418  34.5266  102.5880     21.7   21.8   80.6 -999.9  110   23.7 0 1 0
C1 23.8428  34.5266  102.5879     21.6   22.3   81.2 -999.9  130   18.9 0 1 0
C1 23.8505  34.5266  102.5879     21.5   22.0   80.9 -999.9  115   11.7 0 0 0
C1 23.8515  34.5266  102.5874     21.5   21.9   80.8 -999.9  126    9.8 0 1 0
C1 23.8525  34.5266  102.5873     21.5   22.1   80.8 -999.9  125   20.4 0 1 0
C1 23.8537  34.5266  102.5873     21.4   22.3   80.8 -999.9  118   17.1 0 0 0
C1 23.8545  34.5267  102.5874     21.5   22.0   80.5 -999.9   16   14.4 0 1 0
C1 23.8555  34.5272  102.5877     21.4   21.8   81.0 -999.9  169   19.7 0 1 0
C1 23.8565  34.5282  102.5877     21.4   21.8   81.2 -999.9  147   15.5 0 1 0
C1 23.8575  34.5296  102.5877     21.5   22.1   80.8 -999.9  139   15.5 0 1 0
C1 23.8585  34.5312  102.5877     21.5   21.8   81.1 -999.9  129   16.5 0 0 0
C1 23.8595  34.5330  102.5877     21.5   21.8   81.3 -999.9  123   16.7 0 0 0
C1 23.8672  34.5347  102.5877     21.6   21.8   81.1 -999.9  108   18.4 0 0 0
C1 23.8682  34.5361  102.5877     21.8   21.6   80.7 -999.9   93   16.9 0 1 0
C1 23.8692  34.5373  102.5882     21.7   22.0   81.1 -999.9  103   16.2 0 1 0
C1 23.8702  34.5385  102.5892     21.6   21.8   81.2 -999.9  109   11.1 0 1 0
C1 23.8712  34.5396  102.5903     21.5   22.1   81.6 -999.9  127   14.7 0 1 0
C1 23.8722  34.5411  102.5908     21.4   22.2   81.8 -999.9  148   13.0 0 1 0
C1 23.8732  34.5427  102.5908     21.4   22.0   81.7 -999.9  132   15.8 0 1 0
C1 23.8742  34.5444  102.5907     21.5   21.8   81.5 -999.9  121   15.3 0 0 0
C1 23.8752  34.5461  102.5907     21.4   21.7   81.9 -999.9  121   15.0 0 0 0
C1 23.8762  34.5478  102.5907     21.3   21.7   82.0 -999.9  120   15.3 0 0 0
C1 23.8838  34.5495  102.5906     21.3   22.1   81.7 -999.9  120   16.9 0 0 0
C1 23.8848  34.5513  102.5906     21.5   21.8   81.6 -999.9  121   14.3 0 0 0
C1 23.8858  34.5531  102.5905     21.5   21.6   81.4 -999.9  118   15.1 0 0 0
C1 23.8868  34.5549  102.5905     21.5   21.6   81.5 -999.9  117   16.4 0 0 0
C1 23.8878  34.5567  102.5904     21.6   22.0   79.8 -999.9  118   14.8 0 0 0
C1 23.8888  34.5585  102.5903     21.5   22.1   81.7 -999.9  116   16.4 0 0 0
C1 23.8898  34.5603  102.5903     21.5   21.6   75.8 -999.9  118   19.2 1 0 0
C1 23.8908  34.5621  102.5902     21.5   21.8   80.0 -999.9  118   14.2 0 0 0
C1 23.8918  34.5640  102.5901     21.3   21.6   82.5 -999.9  119   13.3 0 0 0
C1 23.8928  34.5658  102.5901     21.2   21.6   82.7 -999.9  117   12.0 0 0 0
C1 23.9005  34.5677  102.5900     21.1   21.6   82.7 -999.9  113   12.8 0 0 0
C1 23.9015  34.5695  102.5899     21.2   21.8   81.9 -999.9  118   19.2 0 0 0
C1 23.9025  34.5713  102.5899     21.4   22.0   82.0 -999.9  114   14.9 0 0 0
C1 23.9035  34.5731  102.5898     21.6   21.9   81.8 -999.9  117   19.9 0 0 0
C1 23.9045  34.5749  102.5897     21.6   21.6   81.6 -999.9  114   16.0 0 0 0
C1 23.9055  34.5767  102.5897     21.6   21.9   81.8 -999.9  117   17.3 0 0 0
C1 23.9065  34.5784  102.5896     21.6   22.1   82.1 -999.9  116   16.7 0 0 0
C1 23.9075  34.5801  102.5895     21.6   21.7   81.9 -999.9  114   18.1 0 0 0
C1 23.9085  34.5816  102.5894     21.6   21.8   81.6 -999.9   86   14.6 0 1 0
C1 23.9095  34.5829  102.5894     21.6   21.5   82.3 -999.9  104   10.0 0 0 0
C1 23.9172  34.5842  102.5900     21.5   21.9   82.4 -999.9   94   14.1 0 1 0
C1 23.9182  34.5851  102.5912     21.4   21.8   82.5 -999.9   93   13.7 0 1 0
C1 23.9192  34.5855  102.5929     21.2   21.3   82.4 -999.9  102   14.9 0 1 0
C1 23.9202  34.5855  102.5948     21.2   21.6   82.3 -999.9  108   16.9 0 1 0
C1 23.9212  34.5855  102.5968     21.2   21.9   82.5 -999.9  115   13.9 0 0 0
C1 23.9222  34.5855  102.5987     21.2   22.1   82.7 -999.9  114   10.6 0 0 0
C1 23.9232  34.5855  102.6005     21.1   21.9   82.6 -999.9  131   12.9 0 0 0
C1 23.9242  34.5856  102.6020     21.1   21.8   82.6 -999.9  125   10.7 0 1 0
C1 23.9252  34.5863  102.6034     21.1   21.7   83.1 -999.9  124   13.4 0 1 0
C1 23.9262  34.5875  102.6043     21.1   22.1   83.3 -999.9  130   14.7 0 1 0
C1 23.9338  34.5889  102.6045     21.1   21.6   82.7 -999.9  137   13.1 0 1 0
C1 23.9348  34.5903  102.6045     21.2   21.6   82.9 -999.9  118   13.2 0 0 0
C1 23.9358  34.5918  102.6045     21.2   21.5   83.0 -999.9  122   11.9 0 0 0
C1 23.9368  34.5935  102.6045     21.3   21.4   83.2 -999.9  119   15.4 0 0 0
C1 23.9378  34.5952  102.6045     21.3   22.0   82.8 -999.9  113   15.3 0 0 0
C1 23.9388  34.5969  102.6045     21.2   21.8   83.2 -999.9  107   13.5 0 0 0
C1 23.9398  34.5986  102.6045     21.3   21.9   83.2 -999.9  115   13.0 0 0 0
C1 23.9408  34.6003  102.6045     21.1   21.1   83.1 -999.9  113   16.5 0 0 0
C1 23.9418  34.6020  102.6045     21.4   21.6   83.1 -999.9  108   13.6 0 0 0
C1 23.9428  34.6035  102.6045     21.2   21.7   83.3 -999.9  110   16.6 0 0 0
C1 23.9505  34.6049  102.6045     21.3   21.5   83.1 -999.9  108   16.7 0 0 0
C1 23.9515  34.6062  102.6045     21.2   21.5   83.2 -999.9  102    9.1 0 0 0
C1 23.9525  34.6074  102.6046     21.1   21.2   82.4 -999.9  114   12.8 0 0 0
C1 23.9535  34.6087  102.6046     21.1   21.6   83.3 -999.9  110   10.8 0 0 0
C1 23.9545  34.6099  102.6046     21.1   21.7   82.6 -999.9  105   11.4 0 0 0
C1 23.9555  34.6110  102.6046     21.1   21.1   81.8 -999.9  102   10.5 1 0 0
C1 23.9565  34.6120  102.6046     21.0   21.4   83.9 -999.9   89   11.6 0 0 0
C1 23.9575  34.6125  102.6046     21.1   21.6   82.8 -999.9   48   12.9 0 1 0
C1 23.9585  34.6125  102.6047     21.0   22.0   84.3 -999.9   73    7.3 0 1 0
C1 23.9595  34.6125  102.6047     20.9   21.8   84.0 -999.9   96    7.7 0 0 0
C1 23.9673  34.6126  102.6047     21.0   21.5   84.0 -999.9  150    7.2 0 0 0
C1 23.9683  34.6126  102.6048     20.8   21.6   84.4 -999.9   79    5.9 0 0 0
C1 23.9693  34.6126  102.6048     20.8   21.5   84.6 -999.9   92    5.8 0 0 0
C1 23.9702  34.6128  102.6048     20.8   21.5   84.3 -999.9  124    6.2 0 1 0
C1 23.9712  34.6132  102.6049     20.9   21.5   84.5 -999.9  113    5.0 0 0 0
C1 23.9722  34.6134  102.6048     20.9   21.4   84.2 -999.9  152    4.1 0 1 0
C1 23.9732  34.6134  102.6040     20.9   21.3   85.1 -999.9  250    2.0 0 1 0
C1 23.9742  34.6134  102.6031     20.8   21.3   85.2 -999.9   95    4.6 0 0 0
C1 23.9752  34.6135  102.6020     20.8   21.5   85.3 -999.9  106    8.4 0 0 0
C1 23.9762  34.6134  102.6009     20.9   21.4   85.4 -999.9  103   11.1 0 0 0
C1 23.9838  34.6134  102.5999     20.6   21.2   85.4 -999.9  104   13.5 0 0 0
C1 23.9848  34.6134  102.5995     20.6   21.5   85.4 -999.9   98   19.0 0 1 0
C1 23.9858  34.6134  102.5995     20.9   21.4   85.5 -999.9  113   13.3 0 1 0
C1 23.9870  34.6134  102.5995     21.1   21.5   85.6 -999.9   98   10.2 0 0 0
C1 23.9878  34.6134  102.5995     20.9   21.5   86.0 -999.9   96    6.8 0 0 0
C1 23.9888  34.6134  102.5994     20.5   21.3   86.2 -999.9   86    6.4 0 0 0
C1 23.9898  34.6134  102.5994     20.5   21.2   86.4 -999.9   89    5.8 0 0 0
C1 23.9908  34.6134  102.5994     20.5   21.1   86.3 -999.9  100    7.3 0 0 0
C1 23.9918  34.6133  102.5994     20.4   21.3   86.3 -999.9   92    8.1 0 0 0
C1 23.9928  34.6133  102.5994     20.5   21.3   86.3 -999.9   88    8.6 0 0 0
C1  0.0005  34.6133  102.5992     20.5   21.1   86.4 -999.9  133    4.0 0 1 0
C1  0.0015  34.6133  102.5985     20.5   20.8   86.5 -999.9  162    0.4 0 1 0
C1  0.0025  34.6133  102.5974     20.5   21.3   86.8 -999.9   90    4.0 0 0 0
C1  0.0035  34.6132  102.5962     20.4   21.1   86.9 -999.9  105    2.6 0 0 0
C1  0.0045  34.6132  102.5948     20.5   20.9   87.0 -999.9   81    6.4 0 0 0
C1  0.0055  34.6132  102.5934     20.6   21.4   86.6 -999.9  103    7.5 0 0 0
C1  0.0065  34.6131  102.5920     20.6   21.0   86.4 -999.9  120    8.9 0 0 0
C1  0.0075  34.6131  102.5905     20.7   21.1   85.9 -999.9  116   12.1 0 0 0
C1  0.0085  34.6131  102.5891     20.8   21.0   86.0 -999.9  116   10.1 0 0 0
C1  0.0095  34.6130  102.5877     20.9   21.0   85.9 -999.9  102   10.6 0 0 0
C1  0.0172  34.6130  102.5864     20.8   20.8   85.1 -999.9  106   11.0 0 0 0
C1  0.0182  34.6130  102.5851     20.7   21.0   83.8 -999.9  118   11.0 1 0 0
C1  0.0192  34.6129  102.5837     20.7   21.0   84.7 -999.9  113   11.5 1 0 0
C1  0.0202  34.6129  102.5824     20.8   20.7   85.6 -999.9  118   11.0 0 0 0
C1  0.0212  34.6129  102.5811     20.9   21.0   85.6 -999.9  114   12.1 0 0 0
C1  0.0222  34.6129  102.5798     20.6   21.5   86.0 -999.9  123    8.8 0 0 0
C1  0.0232  34.6129  102.5785     20.6   20.9   86.1 -999.9  112    8.6 0 0 0
C1  0.0242  34.6129  102.5770     20.6   20.8   86.3 -999.9  121    7.5 0 0 0
C1  0.0252  34.6129  102.5755     20.5   20.5   86.4 -999.9  105    8.2 0 0 0
C1  0.0262  34.6129  102.5740     20.5   20.6   86.1 -999.9  103   11.6 0 0 0
C1  0.0338  34.6129  102.5725     20.4   20.9   86.0 -999.9   99    7.2 0 0 0
C1  0.0348  34.6129  102.5710     20.5   20.5   86.0 -999.9  115    9.6 0 0 0
C1  0.0358  34.6129  102.5697     20.6   20.9   85.5 -999.9  112   16.5 0 1 0
C1  0.0368  34.6128  102.5684     20.6   20.8   85.8 -999.9  129   10.0 0 1 0
C1  0.0378  34.6123  102.5671     20.4   21.3   85.9 -999.9  119   10.7 0 1 0
C1  0.0388  34.6118  102.5660     20.6   21.0   85.9 -999.9  110   14.8 0 0 0
C1  0.0398  34.6114  102.5648     20.9   21.4   85.8 -999.9  101   13.0 0 1 0
C1  0.0408  34.6113  102.5634     20.7   21.1   85.8 -999.9  119   11.2 0 1 0
C1  0.0418  34.6113  102.5620     20.5   21.1   85.7 -999.9   97   11.6 0 0 0
C1  0.0428  34.6113  102.5606     20.9   21.2   85.5 -999.9  113   16.0 0 0 0
C1  0.0505  34.6113  102.5592     20.7   21.4   85.4 -999.9  114   13.2 0 0 0
C1  0.0515  34.6113  102.5578     20.9   21.0   85.7 -999.9  114   12.8 0 0 0
C1  0.0525  34.6113  102.5563     20.6   21.2   85.7 -999.9  119   12.4 0 0 0
C1  0.0535  34.6113  102.5547     20.9   20.8   85.7 -999.9  115   13.2 0 0 0
C1  0.0545  34.6113  102.5531     21.0   21.3   85.7 -999.9  128   13.7 0 0 0
C1  0.0555  34.6113  102.5516     20.9   20.6   86.0 -999.9  125   12.3 0 0 0
C1  0.0565  34.6113  102.5500     20.5   21.5   85.9 -999.9  113   13.6 0 0 0
C1  0.0575  34.6113  102.5485     20.9   20.9   85.4 -999.9  115   16.2 0 0 0
C1  0.0585  34.6113  102.5469     20.7   21.1   85.3 -999.9  117   14.5 0 0 0
C1  0.0595  34.6113  102.5454     20.7   21.0   85.4 -999.9  113   12.1 0 0 0
C1  0.0672  34.6113  102.5439     20.8   20.7   85.4 -999.9  115    9.2 0 0 0
C1  0.0682  34.6112  102.5424     20.7   20.9   85.5 -999.9  120   14.3 0 0 0
C1  0.0692  34.6112  102.5408     20.9   21.4   85.2 -999.9  113   14.9 0 0 0
C1  0.0702  34.6112  102.5393     20.7   21.0   85.2 -999.9  115   13.8 0 0 0
C1  0.0712  34.6112  102.5377     20.9   21.3   85.2 -999.9  107   15.4 0 0 0
C1  0.0722  34.6111  102.5362     21.0   20.8   85.2 -999.9  107   13.3 0 0 0
C1  0.0732  34.6110  102.5349     20.8   20.8   85.2 -999.9  116   14.9 0 1 0
C1  0.0742  34.6107  102.5337     20.7   20.9   85.1 -999.9  111   13.4 0 0 0
C1  0.0752  34.6104  102.5326     20.8   20.8   85.1 -999.9  108   14.7 0 0 0
C1  0.0762  34.6103  102.5315     20.9   21.1   84.8 -999.9  104   14.5 0 0 0
C1  0.0838  34.6102  102.5305     20.8   21.1   85.0 -999.9  114   13.8 0 0 0
C1  0.0848  34.6102  102.5293     20.7   20.9   84.9 -999.9  120   11.5 0 0 0
C1  0.0858  34.6102  102.5280     20.9   21.3   84.8 -999.9  117   14.7 0 0 0
C1  0.0868  34.6101  102.5267     20.7   21.1   84.7 -999.9  114   13.6 0 0 0
C1  0.0878  34.6101  102.5254     20.9   20.8   84.5 -999.9  108   14.9 0 0 0
C1  0.0888  34.6101  102.5240     20.8   21.3   84.5 -999.9  110   14.2 0 0 0
C1  0.0898  34.6100  102.5226     21.0   20.8   84.5 -999.9  115   15.8 0 0 0
C1  0.0908  34.6100  102.5212     21.0   20.8   84.5 -999.9  102   16.3 0 0 0
C1  0.0918  34.6100  102.5202     20.9   21.1   84.6 -999.9  109   20.0 0 1 0
C1  0.0928  34.6099  102.5194     20.9   21.4   84.5 -999.9  127   16.4 0 0 0
C1  0.1005  34.6099  102.5186     20.9   21.0   84.8 -999.9  113   11.5 0 0 0
C1  0.1015  34.6099  102.5179     20.9   21.2   85.1 -999.9  104   13.1 0 0 0
C1  0.1025  34.6099  102.5171     20.6   21.2   85.2 -999.9  109   19.8 0 0 0
C1  0.1035  34.6098  102.5168     20.7   20.7   85.3 -999.9  133   19.5 0 1 0
C1  0.1045  34.6094  102.5168     20.7   20.9   85.6 -999.9  113   12.4 0 1 0
C1  0.1055  34.6087  102.5168     20.7   20.8   85.2 -999.9   95   19.0 0 1 0
C1  0.1065  34.6076  102.5169     20.7   20.6   85.2 -999.9  101   14.1 0 0 0
C1  0.1075  34.6066  102.5169     20.7   21.0   85.1 -999.9  107   17.9 0 0 0
C1  0.1085  34.6054  102.5169     20.9   20.8   85.1 -999.9  108   18.8 0 0 0
C1  0.1095  34.6043  102.5169     21.0   21.1   85.4 -999.9  103   19.1 0 0 0
C1  0.1172  34.6032  102.5170     21.0   21.0   85.1 -999.9  109   20.3 0 0 0
C1  0.1182  34.6021  102.5170     21.1   21.2   85.2 -999.9  108   20.1 0 0 0
C1  0.1192  34.6010  102.5170     21.5   21.1   85.1 -999.9  112   17.6 0 0 0
C1  0.1202  34.5998  102.5171     21.1   21.3   85.2 -999.9  103   18.3 0 0 0
C1  0.1212  34.5987  102.5171     21.4   21.2   84.8 -999.9  106   20.7 0 0 0
C1  0.1222  34.5975  102.5172     21.3   21.1   84.9 -999.9  111   17.4 0 0 0
C1  0.1232  34.5963  102.5172     21.3   21.4   84.8 -999.9  107   20.6 0 0 0
C1  0.1242  34.5950  102.5172     21.5   21.2   84.8 -999.9  105   18.1 0 0 0
C1  0.1252  34.5937  102.5172     21.4   21.1   85.0 -999.9  109   16.5 0 0 0
C1  0.1262  34.5925  102.5172     21.3   21.4   84.8 -999.9  115   17.8 0 0 0
C1  0.1338  34.5912  102.5172     21.1   20.7   85.0 -999.9  109   16.0 0 0 0
C1  0.1348  34.5899  102.5172     20.9   21.0   85.4 -999.9  119   11.4 0 0 0
C1  0.1358  34.5887  102.5173     21.1   20.8   85.4 -999.9  110   14.0 0 0 0
C1  0.1368  34.5876  102.5173     21.1   21.5   85.1 -999.9  102   14.8 0 0 0
C1  0.1378  34.5864  102.5173     21.2   21.0   85.0 -999.9  107   16.0 0 0 0
C1  0.1388  34.5852  102.5175     21.1   21.3   85.1 -999.9  114   13.6 0 1 0
C1  0.1398  34.5841  102.5182     21.0   20.7   85.3 -999.9  125   13.7 0 1 0
C1  0.1408  34.5832  102.5191     21.0   20.8   85.4 -999.9  125   12.5 0 0 0
C1  0.1418  34.5823  102.5199     20.9   21.2   85.7 -999.9  106   11.7 0 0 0
C1  0.1428  34.5813  102.5203     21.0   21.1   85.6 -999.9   95   11.5 0 1 0
C1  0.1505  34.5802  102.5203     20.9   21.3   85.6 -999.9  103   10.4 0 0 0
C1  0.1515  34.5791  102.5203     21.0   21.2   85.6 -999.9   97   12.0 0 0 0
C1  0.1525  34.5780  102.5203     20.9   21.4   85.4 -999.9   98   12.4 0 0 0
C1  0.1535  34.5767  102.5203     21.0   21.3   85.3 -999.9  103   14.0 0 0 0
C1  0.1545  34.5754  102.5203     21.1   21.4   85.2 -999.9   95   15.6 0 0 0
C1  0.1555  34.5740  102.5203     21.1   21.2   85.0 -999.9  110   11.8 0 0 0
C1  0.1565  34.5727  102.5203     21.2   20.9   85.1 -999.9  106    9.9 0 0 0
C1  0.1575  34.5713  102.5203     21.0   21.0   85.5 -999.9  107    9.5 0 0 0
C1  0.1585  34.5700  102.5203     21.0   21.1   85.5 -999.9  110   10.0 0 0 0
C1  0.1595  34.5686  102.5203     20.9   21.2   85.3 -999.9  110   12.0 0 0 0
C1  0.1672  34.5673  102.5203     21.1   21.0   85.1 -999.9  109   10.2 0 0 0
C1  0.1682  34.5660  102.5203     21.0   21.3   85.4 -999.9  121   10.7 0 0 0
C1  0.1692  34.5653  102.5202     21.0   20.9   85.4 -999.9  136   18.4 0 1 0
C1  0.1702  34.5653  102.5202     20.9   21.1   86.0 -999.9  115    9.9 0 1 0
C1  0.1712  34.5652  102.5202     20.9   21.3   86.1 -999.9  109    6.3 0 0 0
C1  0.1723  34.5652  102.5202     20.7   20.9   86.3 -999.9  109    7.1 0 0 0
C1  0.1732  34.5652  102.5202     20.7   21.7   86.0 -999.9  120    6.3 0 0 0
C1  0.1742  34.5651  102.5202     20.7   21.4   86.0 -999.9  112    5.9 0 0 0
C1  0.1752  34.5649  102.5202     20.7   21.1   86.0 -999.9   82    3.8 0 0 0
C1  0.1762  34.5643  102.5202     20.7   21.2   86.1 -999.9   38    6.6 0 1 0
C1  0.1838  34.5633  102.5202     20.7   21.1   86.1 -999.9   70    4.9 0 1 0
C1  0.1848  34.5621  102.5202     20.7   21.2   86.2 -999.9  110    5.3 0 0 0
C1  0.1858  34.5609  102.5202     20.9   20.7   86.3 -999.9  101    6.3 0 0 0
C1  0.1868  34.5596  102.5201     20.9   21.3   85.9 -999.9  115    8.6 0 0 0
C1  0.1878  34.5583  102.5201     20.9   20.8   86.0 -999.9   94    6.2 0 0 0
C1  0.1888  34.5569  102.5201     21.0   21.3   86.1 -999.9  111    6.2 0 0 0
C1  0.1898  34.5554  102.5200     21.0   20.8   85.9 -999.9  124    7.1 0 0 0
C1  0.1908  34.5540  102.5200     21.1   21.0   86.0 -999.9  125    4.1 0 0 0
C1  0.1918  34.5526  102.5200     21.1   21.2   86.0 -999.9  132    5.6 0 0 0
C1  0.1928  34.5511  102.5200     21.0   21.3   85.9 -999.9  116    6.2 0 0 0
C1  0.2005  34.5497  102.5200     21.2   21.3   86.0 -999.9  147    4.6 0 0 0
C1  0.2015  34.5482  102.5199     21.1   21.2   86.0 -999.9  152    4.7 0 0 0
C1  0.2025  34.5466  102.5199     21.2   21.2   86.1 -999.9  147    5.5 0 0 0
C1  0.2035  34.5451  102.5199     21.3   21.3   86.0 -999.9  189    4.8 0 0 0
C1  0.2045  34.5436  102.5199     21.6   20.9   85.6 -999.9  156    5.0 0 0 0
C1  0.2055  34.5421  102.5199     21.4   21.9   85.6 -999.9  176    3.9 0 0 0
C1  0.2065  34.5405  102.5199     21.4   21.0   85.4 -999.9  170    4.5 0 0 0
C1  0.2075  34.5390  102.5198     21.3   21.2   85.3 -999.9  189    5.8 0 0 0
C1  0.2085  34.5376  102.5198     21.5   21.1   85.2 -999.9  193    6.9 0 0 0
C1  0.2095  34.5363  102.5198     21.5   21.1   85.3 -999.9  217    6.0 0 0 0
C1  0.2172  34.5351  102.5198     21.5   21.2   85.5 -999.9  199    4.4 0 0 0
C1  0.2182  34.5341  102.5198     21.5   21.2   85.4 -999.9  186    6.7 0 0 0
C1  0.2192  34.5334  102.5198     21.5   20.9   85.3 -999.9  214    7.1 0 0 0
C1  0.2202  34.5326  102.5198     21.6   21.4   85.4 -999.9  253    5.7 0 0 0
C1  0.2212  34.5319  102.5198     21.6   21.0   85.0 -999.9  197    4.3 0 0 0
C1  0.2222  34.5313  102.5198     21.6   21.4   83.3 -999.9  211    4.9 0 0 0
C1  0.2232  34.5308  102.5198     21.6   21.7   78.6 -999.9  228    8.6 1 1 0
C1  0.2242  34.5306  102.5198     21.6   21.2   84.2 -999.9  202   10.8 0 1 0
C1  0.2252  34.5306  102.5198     21.8   21.4   84.1 -999.9  185    7.3 0 0 0
C1  0.2262  34.5304  102.5195     21.8   21.7   83.7 -999.9  235    9.7 0 1 0
C1  0.2338  34.5305  102.5185     21.8   21.5   83.7 -999.9  265   12.0 0 1 0
C1  0.2348  34.5304  102.5172     21.8   21.6   83.9 -999.9  267   11.3 0 1 0
C1  0.2358  34.5304  102.5157     21.8   21.5   84.6 -999.9  262    7.9 0 0 0
C1  0.2368  34.5304  102.5146     21.7   21.4   84.6 -999.9  128    3.2 0 1 0
C1  0.2378  34.5304  102.5143     21.6   21.4   84.1 -999.9  181    6.2 0 1 0
C1  0.2388  34.5304  102.5142     21.6   21.8   83.6 -999.9  276    4.4 0 0 0
C1  0.2398  34.5305  102.5142     21.6   21.5   83.6 -999.9  280    6.9 0 0 0
C1  0.2408  34.5305  102.5142     21.6   21.5   84.2 -999.9  289   11.2 0 0 0
C1  0.2418  34.5305  102.5142     21.6   21.6   84.2 -999.9  289    9.1 0 0 0
C1  0.2428  34.5305  102.5142     21.6   21.6   84.6 -999.9  275    9.6 0 0 0
C1  0.2505  34.5305  102.5142     21.6   21.5   85.8 -999.9  265    9.3 0 0 0
C1  0.2515  34.5307  102.5142     21.6   21.8   86.2 -999.9  195   10.8 0 0 0
C1  0.2525  34.5307  102.5142     21.7   21.6   84.4 -999.9  248   13.7 0 0 0
C1  0.2535  34.5307  102.5142     21.8   21.4   83.8 -999.9  235   12.5 0 0 0
C1  0.2545  34.5307  102.5142     21.8   22.3   84.1 -999.9  246   10.7 0 0 0
C1  0.2555  34.5307  102.5142     21.8   21.9   84.6 -999.9  253    9.7 0 0 0
C1  0.2565  34.5307  102.5142     21.8   21.7   84.6 -999.9  261   12.1 0 0 0
C1  0.2575  34.5307  102.5142     21.8   21.7   84.6 -999.9  251   12.7 0 0 0
C1  0.2585  34.5308  102.5142     21.8   21.2   84.0 -999.9  248   13.6 0 0 0
C1  0.2595  34.5308  102.5142     21.8   21.8   83.6 -999.9  232   10.5 0 0 0
C1  0.2672  34.5308  102.5142     21.8   21.7   83.1 -999.9  234   10.7 0 0 0
C1  0.2682  34.5308  102.5142     21.8   21.4   83.5 -999.9  250    9.8 0 0 0
C1  0.2693  34.5308  102.5143     21.8   21.6   83.6 -999.9  251   10.9 0 0 0
C1  0.2702  34.5307  102.5143     21.8   21.4   83.8 -999.9  184   10.4 0 0 0
C1  0.2712  34.5308  102.5137     21.8   22.2   83.8 -999.9  285   17.0 0 1 0
C1  0.2722  34.5308  102.5126     21.8   21.5   83.8 -999.9  271   15.5 0 1 0
C1  0.2732  34.5308  102.5112     21.8   21.8   84.3 -999.9  275   14.8 0 0 0
C1  0.2742  34.5308  102.5095     21.8   21.6   84.8 -999.9  274   10.8 0 0 0
C1  0.2752  34.5308  102.5078     21.8   21.7   84.1 -999.9  262   11.2 0 0 0
C1  0.2762  34.5308  102.5060     21.8   21.6   82.7 -999.9  273    9.3 0 0 0
C1  0.2838  34.5308  102.5042     21.9   21.8   82.5 -999.9  280   12.1 0 0 0
C1  0.2848  34.5307  102.5023     21.8   21.5   83.4 -999.9  286    9.2 0 0 0
C1  0.2858  34.5307  102.5005     21.9   22.1   82.9 -999.9  283    9.3 0 0 0
C1  0.2868  34.5307  102.4986     21.9   21.8   83.2 -999.9  271    7.7 0 0 0
C1  0.2878  34.5307  102.4968     21.8   22.1   83.0 -999.9  292    6.6 0 0 0
C1  0.2888  34.5307  102.4950     21.8   22.0   82.8 -999.9  269    9.0 0 0 0
C1  0.2898  34.5307  102.4932     21.8   21.9   83.1 -999.9  283    9.3 0 0 0
C1  0.2908  34.5307  102.4913     21.8   21.8   82.5 -999.9  279    8.9 0 0 0
C1  0.2918  34.5307  102.4895     21.8   21.6   82.2 -999.9  270    9.5 0 0 0
C1  0.2928  34.5306  102.4876     21.8   21.3   82.5 -999.9  269    7.5 0 0 0
C1  0.3005  34.5306  102.4858     21.8   22.3   82.3 -999.9  244    8.9 0 0 0
C1  0.3015  34.5306  102.4839     21.7   21.6   82.5 -999.9  280    9.4 0 0 0
C1  0.3025  34.5306  102.4819     21.6   22.2   83.0 -999.9  273    7.6 0 0 0
C1  0.3035  34.5306  102.4800     21.6   21.9   82.5 -999.9  244    6.3 0 0 0
C1  0.3045  34.5306  102.4782     21.6   21.7   82.0 -999.9  240    7.8 0 0 0
C1  0.3055  34.5305  102.4763     21.6   21.5   81.9 -999.9  232    5.4 0 0 0
C1  0.3065  34.5305  102.4744     21.6   21.9   82.0 -999.9  195    5.5 0 0 0
C1  0.3075  34.5305  102.4726     21.6   21.7   82.1 -999.9  196    7.8 0 0 0
C1  0.3085  34.5305  102.4707     21.6   21.9   81.8 -999.9  181    8.9 0 0 0
C1  0.3095  34.5305  102.4688     21.6   21.4   82.0 -999.9  171    7.5 0 0 0
C1  0.3172  34.5305  102.4670     21.6   22.0   82.2 -999.9  172    6.6 0 0 0
C1  0.3182  34.5305  102.4652     21.6   21.8   82.2 -999.9  156   10.3 0 0 0
C1  0.3192  34.5304  102.4635     21.6   21.7   82.2 -999.9  142    8.7 0 0 0
C1  0.3202  34.5304  102.4619     21.6   22.0   79.8 -999.9  151   11.6 0 0 0
C1  0.3212  34.5304  102.4603     21.7   21.8   78.0 -999.9  157   11.7 1 0 0
C1  0.3222  34.5304  102.4587     21.5   21.8   82.3 -999.9  157    7.7 0 0 0
C1  0.3232  34.5304  102.4571     21.5   22.1   79.5 -999.9  143   11.6 0 0 0
C1  0.3242  34.5303  102.4555     21.5   22.0   74.2 -999.9  149   14.4 1 0 0
C1  0.3252  34.5303  102.4539     21.6   22.1   82.3 -999.9  146   11.0 0 0 0
C1  0.3262  34.5303  102.4523     21.5   22.1   82.3 -999.9  143   13.2 0 0 0
C1  0.3338  34.5303  102.4506     21.4   22.5   82.5 -999.9  144   13.2 0 0 0
C1  0.3348  34.5302  102.4489     21.4   21.8   82.6 -999.9  157   10.7 0 0 0
C1  0.3358  34.5302  102.4472     21.2   21.5   82.6 -999.9  145   13.3 0 0 0
C1  0.3368  34.5302  102.4455     21.2   21.9   82.5 -999.9  139   15.1 0 0 0
C1  0.3378  34.5302  102.4441     21.4   21.7   82.6 -999.9  138   13.4 0 0 0
C1  0.3388  34.5301  102.4427     21.2   21.9   82.9 -999.9  150   11.4 0 0 0
C1  0.3398  34.5301  102.4412     21.4   21.7   82.8 -999.9  147   15.0 0 0 0
C1  0.3408  34.5301  102.4396     21.5   21.4   82.7 -999.9  144   18.0 0 0 0
C1  0.3418  34.5301  102.4379     21.5   21.7   82.5 -999.9  137   16.6 0 0 0
C1  0.3428  34.5300  102.4362     21.5   21.6   82.8 -999.9  133   13.5 0 0 0
C1  0.3505  34.5300  102.4345     21.5   21.5   82.6 -999.9  139   18.5 0 0 0
C1  0.3515  34.5300  102.4331     21.4   22.1   82.7 -999.9  137   22.4 0 1 0
C1  0.3525  34.5299  102.4325     21.5   21.4   77.1 -999.9  123   24.3 0 1 0
C1  0.3535  34.5299  102.4324     21.4   21.3   83.1 -999.9  145   17.4 0 1 0
C1  0.3547  34.5299  102.4324     21.2   21.6   83.1 -999.9  134   13.6 0 0 0
C1  0.3555  34.5299  102.4324     21.2   21.7   83.2 -999.9  132   14.2 0 0 0
C1  0.3565  34.5299  102.4324     21.2   21.8   83.0 -999.9  136   14.9 0 0 0
C1  0.3575  34.5299  102.4324     21.2   21.5   83.1 -999.9  144   13.3 0 0 0
C1  0.3587  34.5299  102.4324     21.2   21.5   72.7 -999.9  140   16.7 1 0 1
C1  0.3597  34.5299  102.4324     21.2   21.8   82.8 -999.9  140   14.5 0 0 0
C1  0.3673  34.5299  102.4324     21.2   21.6   83.2 -999.9  137   11.4 0 0 0
C1  0.3683  34.5299  102.4324     21.2   21.8   83.0 -999.9  130   17.0 0 0 0
C1  0.3692  34.5299  102.4325     21.3   21.6   82.5 -999.9  137   16.4 0 0 0
C1  0.3702  34.5299  102.4319     21.4   21.5   82.6 -999.9  178   11.2 0 1 0
C1  0.3712  34.5299  102.4307     21.2   21.4   83.1 -999.9  176   10.0 0 1 0
C1  0.3722  34.5299  102.4292     21.4   21.7   83.1 -999.9  154   10.2 0 1 0
C1  0.3732  34.5299  102.4276     21.5   21.8   83.0 -999.9  152   16.7 0 0 0
C1  0.3742  34.5299  102.4259     21.4   21.5   82.9 -999.9  153   16.5 0 0 0
C1  0.3752  34.5299  102.4241     21.4   21.8   83.2 -999.9  147   10.6 0 0 0
C1  0.3762  34.5299  102.4222     21.2   22.0   83.9 -999.9  141    9.6 0 0 0
C1  0.3838  34.5299  102.4204     21.1   21.4   83.6 -999.9  137   13.3 0 0 0
C1  0.3848  34.5298  102.4185     21.0   21.8   83.7 -999.9  136   12.2 0 0 0
C1  0.3858  34.5298  102.4166     20.9   21.5   83.6 -999.9  133   12.3 0 0 0
C1  0.3868  34.5298  102.4148     20.9   21.4   83.5 -999.9  141   16.0 0 0 0
C1  0.3878  34.5298  102.4130     21.0   21.5   83.6 -999.9  138   14.7 0 0 0
C1  0.3888  34.5298  102.4112     20.9   21.4   83.4 -999.9  125   16.0 0 0 0
C1  0.3898  34.5298  102.4097     20.8   21.6   83.0 -999.9  134   18.6 0 0 0
C1  0.3908  34.5298  102.4085     20.9   21.5   83.3 -999.9  123   15.6 0 1 0
C1  0.3918  34.5298  102.4078     20.5   21.6   84.0 -999.9  112   16.3 0 1 0
C1  0.3928  34.5303  102.4077     20.6   21.1   83.6 -999.9  104   19.0 0 1 0
C1  0.4005  34.5313  102.4077     20.6   21.5   83.8 -999.9  155   15.8 0 1 0
C1  0.4015  34.5326  102.4075     20.5   21.3   84.0 -999.9  151   16.7 0 1 0
C1  0.4025  34.5341  102.4072     20.5   21.3   83.8 -999.9  145   18.5 0 0 0
C1  0.4035  34.5356  102.4069     20.5   21.6   83.7 -999.9  143   11.1 0 0 0
C1  0.4045  34.5372  102.4068     20.5   21.5   83.7 -999.9  136   12.8 0 0 0
C1  0.4055  34.5388  102.4068     20.6   21.3   84.1 -999.9  134   10.8 0 0 0
C1  0.4065  34.5404  102.4068     20.5   21.4   78.6 -999.9  129   12.9 1 0 0
C1  0.4075  34.5419  102.4067     20.7   21.1   75.8 -999.9  135   12.0 1 0 0
C1  0.4085  34.5433  102.4067     20.7   21.2   84.2 -999.9  141   11.6 0 0 0
C1  0.4095  34.5448  102.4067     20.7   21.5   82.0 -999.9  144   14.6 0 0 0
C1  0.4172  34.5465  102.4066     20.7   21.3   81.1 -999.9  152   13.0 0 0 0
C1  0.4182  34.5481  102.4066     20.7   21.6   81.4 -999.9  150    9.6 0 0 0
C1  0.4192  34.5496  102.4066     20.7   21.0   84.1 -999.9  134    8.4 0 0 0
C1  0.4202  34.5512  102.4065     20.7   21.1   84.1 -999.9  148    9.2 0 0 0
C1  0.4212  34.5527  102.4065     20.7   20.9   84.1 -999.9  138   10.6 0 0 0
C1  0.4222  34.5540  102.4065     20.7   21.2   83.9 -999.9  152    8.1 0 0 0
C1  0.4232  34.5555  102.4065     20.7   21.1   84.2 -999.9  157    9.3 0 0 0
C1  0.4242  34.5569  102.4064     20.6   21.1   84.3 -999.9  169    7.7 0 0 0
C1  0.4252  34.5584  102.4064     20.6   20.6   84.2 -999.9  193    7.7 0 0 0
C1  0.4262  34.5599  102.4064     20.5   20.9   84.4 -999.9  221    6.4 0 0 0
C1  0.4338  34.5614  102.4063     20.6   21.3   84.4 -999.9  240    7.2 0 0 0
C1  0.4348  34.5629  102.4063     20.6   21.1   84.1 -999.9  225    8.5 0 0 0
C1  0.4358  34.5643  102.4062     20.6   21.3   84.4 -999.9  231    6.2 0 0 0
C1  0.4368  34.5657  102.4062     20.6   21.2   84.2 -999.9  253    8.2 0 0 0
C1  0.4378  34.5668  102.4062     20.6   20.6   84.7 -999.9  258   13.8 0 1 0
C1  0.4388  34.5676  102.4062     20.6   20.9   84.7 -999.9  278    9.4 0 1 0
C1  0.4398  34.5678  102.4061     20.5   21.0   84.9 -999.9  321   11.0 0 1 0
C1  0.4410  34.5679  102.4060     20.5   21.5   85.1 -999.9  289    7.0 0 0 0
C1  0.4418  34.5679  102.4060     20.6   21.1   85.4 -999.9  256    9.0 0 0 0
C1  0.4428  34.5678  102.4060     20.6   20.8   86.1 -999.9  256    8.3 0 0 0
C1  0.4505  34.5678  102.4060     20.7   21.0   86.5 -999.9  252    8.4 0 0 0
C1  0.4515  34.5678  102.4060     20.7   21.3   86.9 -999.9  253    9.5 0 0 0
C1  0.4525  34.5677  102.4060     20.7   20.8   84.9 -999.9  346    9.6 0 0 0
C1  0.4535  34.5677  102.4060     20.7   21.1   86.0 -999.9  288   10.1 0 0 0
C1  0.4545  34.5677  102.4060     20.7   21.0   86.0 -999.9  255    8.6 0 0 0
C1  0.4555  34.5677  102.4060     20.9   21.1   85.9 -999.9  260    8.6 0 0 0
C1  0.4565  34.5676  102.4060     21.0   21.3   85.9 -999.9  252    9.4 0 0 0
C1  0.4577  34.5676  102.4060     21.1   20.9   86.0 -999.9  252    7.8 0 0 0
C1  0.4585  34.5676  102.4060     21.0   21.2   86.5 -999.9  241    7.9 0 0 0
C1  0.4595  34.5676  102.4060     21.1   21.0   86.4 -999.9  238    7.8 0 0 0
C1  0.4673  34.5675  102.4060     21.0   20.8   86.3 -999.9  245    9.1 0 0 0
C1  0.4683  34.5675  102.4060     20.9   21.2   84.8 -999.9  321    8.8 0 0 0
C1  0.4693  34.5675  102.4060     20.9   21.1   80.9 -999.9  331    7.2 1 0 1
C1  0.4702  34.5674  102.4060     20.9   21.2   83.0 -999.9  334    7.5 1 0 1
C1  0.4712  34.5674  102.4060     21.0   20.9   86.0 -999.9  246    7.5 0 0 0
C1  0.4722  34.5674  102.4060     21.0   21.0   85.7 -999.9  250    6.2 0 0 0
C1  0.4732  34.5674  102.4060     21.0   21.0   85.4 -999.9  236    5.4 0 0 0
C1  0.4742  34.5674  102.4060     21.1   21.2   85.4 -999.9  243    4.5 0 0 0
C1  0.4752  34.5675  102.4057     21.1   20.9   85.5 -999.9  296    7.4 0 1 0
C1  0.4762  34.5675  102.4049     21.2   21.0   85.3 -999.9  272   10.6 0 1 0
C1  0.4838  34.5674  102.4037     21.2   21.0   85.1 -999.9  268    7.3 0 1 0
C1  0.4848  34.5674  102.4024     21.2   21.6   85.2 -999.9  281    6.5 0 0 0
C1  0.4858  34.5674  102.4009     21.2   21.1   84.7 -999.9  307    4.6 0 0 0
C1  0.4868  34.5674  102.3995     21.2   20.7   84.4 -999.9  276    8.0 0 0 0
C1  0.4878  34.5674  102.3978     21.2   20.8   85.0 -999.9  271    9.4 0 0 0
C1  0.4888  34.5674  102.3962     21.1   20.6   85.1 -999.9  270    9.0 0 0 0
C1  0.4898  34.5674  102.3944     21.2   21.5   85.6 -999.9  272    9.4 0 0 0
C1  0.4908  34.5674  102.3926     21.1   21.1   86.4 -999.9  274    6.9 0 0 0
C1  0.4918  34.5674  102.3909     21.0   21.3   86.2 -999.9  249    6.6 0 0 0
C1  0.4928  34.5673  102.3892     21.1   21.3   85.8 -999.9  259    7.2 0 0 0
C1  0.5005  34.5673  102.3875     20.9   21.0   86.3 -999.9  252    6.2 0 0 0
C1  0.5015  34.5673  102.3858     20.7   21.1   86.3 -999.9  238    8.4 0 0 0
C1  0.5025  34.5673  102.3842     20.7   21.2   86.3 -999.9  238   10.8 0 0 0
C1  0.5035  34.5673  102.3826     20.7   20.8   85.9 -999.9  234    7.9 0 0 0
C1  0.5045  34.5672  102.3810     20.5   21.1   85.5 -999.9  247   12.5 0 0 0
C1  0.5055  34.5672  102.3793     20.6   21.4   85.2 -999.9  241   12.6 0 0 0
C1  0.5065  34.5672  102.3775     20.4   21.0   84.7 -999.9  265    9.8 0 0 0
C1  0.5075  34.5672  102.3757     20.4   20.7   84.6 -999.9  267    6.9 0 0 0
C1  0.5085  34.5671  102.3739     20.4   21.0   84.2 -999.9  241    6.9 0 0 0
C1  0.5095  34.5671  102.3722     20.4   21.4   83.9 -999.9  249    8.3 0 0 0
C1  0.5172  34.5671  102.3704     20.3   21.3   83.7 -999.9  265    6.5 0 0 0
C1  0.5182  34.5671  102.3687     20.3   20.9   83.5 -999.9  232    5.5 0 0 0
C1  0.5192  34.5669  102.3673     20.2   21.3   83.6 -999.9  250    5.4 0 1 0
C1  0.5202  34.5662  102.3661     20.4   21.0   83.4 -999.9  270    4.4 0 1 0
C1  0.5212  34.5652  102.3652     20.4   20.9   83.2 -999.9  220    4.5 0 1 0
C1  0.5222  34.5640  102.3649     20.4   21.2   83.4 -999.9  247    5.6 0 1 0
C1  0.5232  34.5627  102.3649     19.9   20.8   83.6 -999.9  242    3.1 0 0 0
C1  0.5242  34.5613  102.3649     20.4   20.9   83.8 -999.9  226    5.0 0 0 0
C1  0.5252  34.5600  102.3649     19.9   20.6   83.8 -999.9  200    4.8 0 0 0
C1  0.5262  34.5588  102.3649     20.1   20.8   84.1 -999.9  190    7.3 0 0 0
C1  0.5338  34.5576  102.3646     19.4   20.8   84.2 -999.9  174    5.5 0 1 0
C1  0.5348  34.5567  102.3637     21.5   20.7   84.5 -999.9  187    6.0 0 1 0
C1  0.5358  34.5561  102.3625     20.5   21.1   84.7 -999.9  194    5.9 0 1 0
C1  0.5368  34.5559  102.3610     20.4   20.8   84.8 -999.9  191    9.2 0 1 0
C1  0.5378  34.5558  102.3593     20.4   21.0   84.9 -999.9  200    9.0 0 0 0
C1  0.5388  34.5558  102.3574     20.4   20.7   84.9 -999.9  196    7.7 0 0 0
C1  0.5398  34.5558  102.3556     20.5   21.0   85.0 -999.9  182    6.3 0 0 0
C1  0.5408  34.5558  102.3537     20.5   20.8   85.2 -999.9  174    4.9 0 0 0
C1  0.5418  34.5558  102.3518     20.6   20.5   85.3 -999.9  171    5.4 0 0 0
C1  0.5428  34.5558  102.3500     20.5   20.4   85.1 -999.9  158    6.0 0 0 0
C1  0.5505  34.5557  102.3481     20.4   20.5   85.2 -999.9  152   11.7 0 0 0
C1  0.5515  34.5557  102.3463     20.6   21.2   84.9 -999.9  153   13.1 0 0 0
C1  0.5525  34.5557  102.3445     20.7   20.5   84.8 -999.9  150   11.6 0 0 0
C1  0.5535  34.5557  102.3428     21.0   20.8   84.7 -999.9  143   14.0 0 0 0
C1  0.5545  34.5557  102.3412     20.8   21.1   84.6 -999.9  152   14.4 0 0 0
C1  0.5555  34.5556  102.3395     20.9   21.1   84.4 -999.9  146   12.4 0 0 0
C1  0.5565  34.5556  102.3378     20.8   20.7   84.2 -999.9  157   12.6 0 0 0
C1  0.5575  34.5556  102.3361     20.7   20.7   84.3 -999.9  135   10.9 0 0 0
C1  0.5585  34.5556  102.3345     20.8   20.8   84.2 -999.9  165   12.3 0 0 0
C1  0.5595  34.5556  102.3328     20.7   20.9   84.1 -999.9  154   12.8 0 0 0
C1  0.5672  34.5556  102.3311     20.7   20.8   84.0 -999.9  143   12.2 0 0 0
C1  0.5682  34.5556  102.3295     20.7   20.2   84.0 -999.9  138   10.9 0 0 0
C1  0.5692  34.5556  102.3281     20.8   20.9   84.0 -999.9  135   11.2 0 0 0
C1  0.5702  34.5556  102.3269     20.9   20.8   83.7 -999.9  129   12.9 0 0 0
C1  0.5712  34.5556  102.3258     21.0   21.2   83.9 -999.9  159   10.7 0 0 0
C1  0.5722  34.5556  102.3247     21.0   20.7   83.6 -999.9  138    8.7 0 0 0
C1  0.5732  34.5556  102.3238     21.0   20.7   83.9 -999.9  158    8.9 0 0 0
C1  0.5742  34.5556  102.3229     20.9   20.8   83.8 -999.9  159    8.7 0 0 0
C1  0.5752  34.5556  102.3220     21.0   21.2   83.9 -999.9  144    4.0 0 0 0
C1  0.5762  34.5556  102.3209     21.1   21.0   83.9 -999.9  126    4.1 0 0 0
C1  0.5838  34.5556  102.3198     21.1   21.1   83.8 -999.9  147    7.5 0 0 0
C1  0.5848  34.5555  102.3187     21.0   21.2   83.9 -999.9  144    7.9 0 0 0
C1  0.5860  34.5555  102.3174     21.1   21.0   84.0 -999.9  153    7.5 0 0 0
C1  0.5868  34.5555  102.3164     21.1   20.9   84.2 -999.9  129    7.1 0 0 0
C1  0.5878  34.5555  102.3153     21.1   20.9   84.2 -999.9  120    6.6 0 0 0
C1  0.5888  34.5555  102.3142     21.1   21.0   84.1 -999.9  154    7.2 0 0 0
C1  0.5898  34.5555  102.3131     21.1   21.2   83.9 -999.9  148    9.6 0 0 0
C1  0.5908  34.5555  102.3126     21.2   21.3   83.3 -999.9  131   17.5 0 1 0
C1  0.5918  34.5553  102.3125     21.2   21.0   82.9 -999.9  191    9.5 0 1 0
C1  0.5928  34.5545  102.3124     21.3   21.1   82.8 -999.9  150    7.0 0 1 0
C1  0.6005  34.5536  102.3124     21.4   21.3   83.1 -999.9  151    6.5 0 1 0
C1  0.6015  34.5526  102.3124     21.4   21.1   82.7 -999.9  160   13.3 0 0 0
C1  0.6025  34.5518  102.3124     21.4   21.4   82.7 -999.9  150   11.7 0 0 0
C1  0.6035  34.5513  102.3124     21.5   21.8   82.8 -999.9  163   12.2 0 1 0
C1  0.6045  34.5512  102.3124     21.4   21.2   83.3 -999.9  131   15.3 0 1 0
C1  0.6058  34.5511  102.3124     21.4   21.3   83.8 -999.9  136    8.4 0 0 0
C1  0.6065  34.5510  102.3124     21.3   21.3   83.0 -999.9  138    8.1 0 0 0
C1  0.6075  34.5510  102.3118     21.4   21.0   83.2 -999.9  228    2.6 0 1 0
C1  0.6085  34.5510  102.3108     21.4   21.1   82.8 -999.9  154    9.0 0 0 0
C1  0.6095  34.5509  102.3097     21.2   21.2   82.6 -999.9  172    5.0 0 0 0
C1  0.6172  34.5509  102.3085     21.5   21.4   82.4 -999.9  161   10.8 0 0 0
C1  0.6182  34.5508  102.3073     21.6   21.5   82.5 -999.9  156    6.7 0 0 0
C1  0.6192  34.5508  102.3060     21.5   21.4   81.9 -999.9  178    1.9 0 0 0
C1  0.6202  34.5508  102.3047     21.6   21.4   81.7 -999.9  165    9.0 0 0 0
C1  0.6212  34.5508  102.3034     21.6   21.2   81.8 -999.9  143   12.4 0 0 0
C1  0.6222  34.5507  102.3021     21.5   21.4   81.5 -999.9  127    9.7 0 0 0
C1  0.6232  34.5506  102.3007     21.4   21.3   81.5 -999.9  146   11.0 0 0 0
C1  0.6242  34.5503  102.2994     21.4   21.2   81.0 -999.9  124   12.2 0 0 0
C1  0.6252  34.5499  102.2981     21.4   21.6   80.7 -999.9  136   16.8 0 0 0
C1  0.6262  34.5493  102.2967     21.5   21.5   80.8 -999.9  151   13.1 0 1 0
C1  0.6338  34.5488  102.2952     21.6   21.6   80.7 -999.9  137   15.2 0 0 0
C1  0.6348  34.5482  102.2938     21.5   21.2   79.9 -999.9  125   15.0 0 0 0
C1  0.6358  34.5477  102.2923     21.6   21.1   80.1 -999.9  128   16.6 0 0 0
C1  0.6368  34.5472  102.2909     21.6   21.5   80.5 -999.9  139   21.3 0 0 0
C1  0.6378  34.5467  102.2895     21.6   21.4   80.6 -999.9  128   18.4 0 0 0
C1  0.6388  34.5462  102.2882     21.2   21.2   80.3 -999.9  121   20.9 0 0 0
C1  0.6398  34.5457  102.2869     21.4   21.7   80.2 -999.9  127   19.1 0 0 0
C1  0.6408  34.5453  102.2857     21.1   21.4   80.3 -999.9  120   21.5 0 0 0
C1  0.6418  34.5451  102.2852     21.0   21.2   80.3 -999.9  116   26.7 0 1 0
C1  0.6432  34.5452  102.2852     21.0   21.2   80.1 -999.9  161   22.7 0 1 0
C1  0.6508  34.5451  102.2852     21.0   21.4   80.7 -999.9  119   16.9 0 0 0
C1  0.6518  34.5451  102.2852     20.9   21.6   80.5 -999.9  112   18.9 0 0 0
C1  0.6530  34.5451  102.2852     20.9   21.0   80.7 -999.9  118   19.3 0 0 0
C1  0.6537  34.5451  102.2852     20.9   21.5   80.9 -999.9  114   19.1 0 0 0
C1  0.6548  34.5451  102.2852     20.9   21.3   81.5 -999.9  117   16.7 0 0 0
C1  0.6558  34.5451  102.2852     20.7   21.4   82.1 -999.9  125   16.9 0 0 0
C1  0.6568  34.5451  102.2852     20.6   21.3   81.6 -999.9  114   18.2 0 0 0
C1  0.6578  34.5451  102.2852     20.6   21.4   81.5 -999.9  120   18.0 0 0 0
C1  0.6588  34.5451  102.2852     20.6   21.3   82.0 -999.9  112   16.2 0 0 0
C1  0.6598  34.5451  102.2852     20.6   21.3   82.1 -999.9  108   18.1 0 0 0
C1  0.6675  34.5451  102.2852     20.5   21.2   81.9 -999.9  113   17.3 0 0 0
C1  0.6682  34.5451  102.2852     20.5   21.2   81.9 -999.9  104   20.7 0 0 0
C1  0.6692  34.5449  102.2848     20.4   21.1   81.6 -999.9   67    9.2 0 1 0
C1  0.6702  34.5446  102.2838     20.4   21.3   81.7 -999.9  139   12.6 0 1 0
C1  0.6712  34.5441  102.2826     20.5   21.4   81.5 -999.9  137   16.7 0 0 0
C1  0.6722  34.5436  102.2812     20.7   21.5   80.0 -999.9  137   15.6 0 0 0
C1  0.6732  34.5431  102.2798     20.4   21.4   78.9 -999.9  135   13.3 1 0 0
C1  0.6742  34.5426  102.2783     20.5   21.2   80.7 -999.9  128   13.1 0 0 0
C1  0.6752  34.5420  102.2767     20.4   21.2   81.2 -999.9  121   15.0 0 0 0
C1  0.6762  34.5414  102.2751     20.4   21.0   82.8 -999.9  131   13.8 0 0 0
C1  0.6838  34.5409  102.2735     20.5   20.7   82.7 -999.9  110    9.1 0 0 0
C1  0.6848  34.5406  102.2716     20.2   21.2   82.8 -999.9  120   13.9 0 1 0
C1  0.6858  34.5406  102.2698     20.5   20.9   83.3 -999.9  133   10.4 0 0 0
C1  0.6868  34.5406  102.2679     20.4   21.0   83.1 -999.9  123   14.4 0 0 0
C1  0.6878  34.5406  102.2660     20.4   21.1   83.2 -999.9  119   18.2 0 0 0
C1  0.6888  34.5406  102.2641     20.3   20.7   83.2 -999.9  121   16.8 0 0 0
C1  0.6898  34.5406  102.2622     20.3   21.4   83.1 -999.9  128   19.5 0 0 0
C1  0.6908  34.5405  102.2603     20.2   21.1   83.6 -999.9  115   17.5 0 0 0
C1  0.6918  34.5405  102.2585     20.2   20.8   83.6 -999.9  122   16.3 0 0 0
C1  0.6928  34.5405  102.2566     20.4   21.6   83.7 -999.9  123   15.2 0 0 0
C1  0.7005  34.5405  102.2547     20.5   21.0   83.9 -999.9  123   17.2 0 0 0
C1  0.7015  34.5405  102.2527     20.5   20.4   83.7 -999.9  134   18.6 0 0 0
C1  0.7025  34.5405  102.2508     20.6   21.0   84.0 -999.9  133   12.2 0 0 0
C1  0.7035  34.5405  102.2488     20.6   21.1   84.6 -999.9  125    8.7 0 0 0
C1  0.7045  34.5405  102.2468     20.2   20.8   84.5 -999.9  118   13.8 0 0 0
C1  0.7055  34.5405  102.2448     20.6   20.9   84.1 -999.9  119   15.0 0 0 0
C1  0.7065  34.5405  102.2429     20.6   21.1   84.3 -999.9  118   16.9 0 0 0
C1  0.7075  34.5404  102.2411     20.5   20.5   84.3 -999.9  112   15.8 0 0 0
C1  0.7085  34.5404  102.2393     20.9   21.1   84.2 -999.9  109   14.6 0 0 0
C1  0.7095  34.5404  102.2374     20.6   21.4   84.1 -999.9  113   16.7 0 0 0
C1  0.7172  34.5404  102.2355     21.0   20.9   83.9 -999.9  123   18.2 0 0 0
C1  0.7182  34.5404  102.2337     21.1   20.8   84.1 -999.9  110   15.9 0 0 0
C1  0.7192  34.5404  102.2318     20.9   21.1   83.9 -999.9  118   18.2 0 0 0
C1  0.7202  34.5403  102.2300     20.8   20.6   84.1 -999.9  120   14.5 0 0 0
C1  0.7212  34.5403  102.2281     20.8   20.8   84.3 -999.9  106   14.5 0 0 0
C1  0.7222  34.5403  102.2263     21.1   21.0   84.4 -999.9  116   13.3 0 0 0
C1  0.7232  34.5403  102.2247     20.7   21.2   84.4 -999.9  113   17.2 0 0 0
C1  0.7242  34.5403  102.2233     20.7   20.8   84.4 -999.9  112   17.9 0 1 0
C1  0.7252  34.5403  102.2220     20.6   20.9   84.5 -999.9  122   14.0 0 0 0
C1  0.7262  34.5403  102.2209     20.5   20.9   84.4 -999.9  109   17.1 0 1 0
C1  0.7338  34.5402  102.2202     20.6   20.5   84.4 -999.9  109   21.8 0 1 0
C1  0.7348  34.5402  102.2201     20.4   20.6   84.6 -999.9  111   18.7 0 1 0
C1  0.7362  34.5402  102.2201     20.2   20.9   85.0 -999.9   87   11.5 0 0 0
C1  0.7368  34.5402  102.2201     20.6   21.0   85.0 -999.9  103   10.6 0 0 0
C1  0.7378  34.5402  102.2201     20.3   20.7   85.1 -999.9  105   10.1 0 0 0
C1  0.7388  34.5402  102.2201     20.4   20.7   84.8 -999.9  103   12.2 0 0 0
C1  0.7398  34.5402  102.2201     20.4   21.0   85.1 -999.9  105   11.6 0 0 0
C1  0.7408  34.5402  102.2202     20.4   21.2   85.1 -999.9  108   11.4 0 0 0
C1  0.7418  34.5402  102.2202     20.3   20.8   84.9 -999.9  105   13.5 0 0 0
C1  0.7428  34.5402  102.2202     20.4   20.8   84.7 -999.9  105   12.6 0 0 0
C1  0.7505  34.5401  102.2202     20.4   21.0   84.9 -999.9  108   13.2 0 0 0
C1  0.7515  34.5401  102.2202     20.4   20.7   84.8 -999.9  107   13.8 0 0 0
C1  0.7527  34.5401  102.2202     20.3   20.7   84.7 -999.9  106   13.2 0 0 0
C1  0.7535  34.5401  102.2202     20.5   20.9   85.0 -999.9  103   13.9 0 0 0
C1  0.7548  34.5401  102.2202     20.5   20.6   84.9 -999.9  110   14.2 0 0 0
C1  0.7555  34.5401  102.2202     20.4   20.5   84.9 -999.9  102   14.6 0 0 0
C1  0.7568  34.5401  102.2202     20.5   21.3   85.1 -999.9  100   13.1 0 0 0
C1  0.7575  34.5401  102.2202     20.4   20.7   85.2 -999.9  103   15.2 0 0 0
C1  0.7585  34.5401  102.2202     20.4   20.6   85.2 -999.9  109   13.9 0 0 0
C1  0.7595  34.5401  102.2202     20.5   20.6   85.3 -999.9  104   14.7 0 0 0
C1  0.7672  34.5401  102.2202     19.9   20.6   85.4 -999.9  104   13.7 0 0 0
C1  0.7682  34.5401  102.2202     20.2   20.6   85.6 -999.9  108   11.3 0 0 0
C1  0.7695  34.5401  102.2202     20.3   20.6   85.6 -999.9  109   14.1 0 0 0
C1  0.7705  34.5401  102.2202     20.2   20.8   85.6 -999.9  111   14.9 0 0 0
C1  0.7712  34.5401  102.2202     20.3   20.6   85.1 -999.9  107   17.0 0 0 0
C1  0.7722  34.5401  102.2202     20.3   20.3   85.2 -999.9  102   15.0 0 0 0
C1  0.7732  34.5401  102.2202     20.2   21.0   85.3 -999.9  111   13.7 0 0 0
C1  0.7742  34.5401  102.2202     20.2   20.6   85.6 -999.9   99   12.0 0 0 0
C1  0.7752  34.5401  102.2202     20.1   20.7   85.5 -999.9  110   14.0 0 0 0
C1  0.7762  34.5401  102.2202     20.1   20.9   85.3 -999.9  104   15.1 0 0 0
C1  0.7838  34.5401  102.2202     20.2   20.6   85.3 -999.9  107   13.3 0 0 0
C1  0.7848  34.5400  102.2202     20.1   20.8   85.5 -999.9  106   14.4 0 0 0
C1  0.7858  34.5400  102.2202     19.9   20.9   85.2 -999.9  105   15.1 0 0 0
C1  0.7868  34.5400  102.2202     20.1   20.6   85.0 -999.9  104   14.2 0 0 0
C1  0.7878  34.5400  102.2202     20.2   20.4   84.9 -999.9  110   14.8 0 0 0
C1  0.7888  34.5400  102.2202     20.4   20.7   84.9 -999.9  100   13.5 0 0 0
C1  0.7898  34.5400  102.2201     20.5   21.0   85.2 -999.9  109   13.3 0 0 0
C1  0.7908  34.5400  102.2201     20.6   20.6   85.2 -999.9  110   13.1 0 0 0
C1  0.7918  34.5399  102.2201     20.3   20.9   85.5 -999.9  109   11.6 0 0 0
C1  0.7928  34.5399  102.2201     20.6   20.6   85.6 -999.9  114   11.6 0 0 0
C1  0.8005  34.5399  102.2201     20.6   20.5   85.6 -999.9  108   11.1 0 0 0
C1  0.8015  34.5399  102.2201     20.6   20.6   85.7 -999.9  104   11.4 0 0 0
C1  0.8025  34.5399  102.2201     20.6   20.6   85.5 -999.9  110   11.8 0 0 0
C1  0.8035  34.5399  102.2201     20.7   20.9   85.8 -999.9  111   10.8 0 0 0
C1  0.8045  34.5398  102.2201     19.9   20.4   85.9 -999.9  109   11.5 0 0 0
C1  0.8055  34.5398  102.2201     20.1   20.7   85.9 -999.9   99   13.7 0 0 0
C1  0.8065  34.5398  102.2201     20.3   20.8   85.5 -999.9  107   14.4 0 0 0
C1  0.8075  34.5398  102.2201     20.4   20.6   85.3 -999.9  101   15.6 0 0 0
C1  0.8085  34.5398  102.2201     20.5   20.7   85.2 -999.9  102   15.6 0 0 0
C1  0.8095  34.5397  102.2201     20.9   20.6   84.9 -999.9  109   18.2 0 0 0
C1  0.8172  34.5397  102.2201     20.7   20.4   84.9 -999.9  105   14.6 0 0 0
C1  0.8182  34.5397  102.2201     20.9   20.5   84.7 -999.9  107   16.5 0 0 0
C1  0.8192  34.5397  102.2201     20.9   20.0   84.4 -999.9  110   17.1 0 0 0
C1  0.8202  34.5397  102.2201     20.9   20.6   84.8 -999.9  101   13.1 0 0 0
C1  0.8212  34.5397  102.2201     20.7   20.7   85.2 -999.9  103   12.3 0 0 0
C1  0.8222  34.5397  102.2201     20.6   20.8   84.8 -999.9  102   16.1 0 0 0
C1  0.8232  34.5397  102.2201     20.7   20.7   84.6 -999.9  108   17.1 0 0 0
C1  0.8242  34.5397  102.2201     20.7   20.8   84.6 -999.9  112   14.9 0 0 0
C1  0.8252  34.5397  102.2201     20.8   21.0   85.2 -999.9  111   12.0 0 0 0
C1  0.8262  34.5397  102.2201     20.9   20.5   85.0 -999.9   99   13.5 0 0 0
C1  0.8338  34.5397  102.2201     20.9   20.4   85.1 -999.9  108   11.5 0 0 0
C1  0.8348  34.5397  102.2201     21.0   20.4   84.9 -999.9  115   14.1 0 0 0
C1  0.8358  34.5397  102.2201     20.7   20.6   84.7 -999.9  102   14.4 0 0 0
C1  0.8368  34.5397  102.2201     20.4   20.5   84.6 -999.9  104   12.7 0 0 0
C1  0.8378  34.5397  102.2200     20.5   20.6   84.5 -999.9  110   14.0 0 0 0
C1  0.8388  34.5398  102.2200     20.7   20.6   84.4 -999.9  107   13.9 0 0 0
C1  0.8398  34.5398  102.2200     20.6   20.7   84.3 -999.9  118   16.5 0 0 0
C1  0.8408  34.5398  102.2200     20.6   20.5   84.1 -999.9  100   13.8 0 0 0
C1  0.8418  34.5398  102.2200     20.2   20.7   84.3 -999.9  110   14.5 0 0 0
C1  0.8428  34.5398  102.2200     20.2   20.1   84.3 -999.9  110   14.1 0 0 0
C1  0.8505  34.5398  102.2200     20.2   20.5   84.8 -999.9  122   11.4 0 0 0
C1  0.8515  34.5398  102.2200     20.2   20.6   84.7 -999.9  113   12.8 0 0 0
C1  0.8525  34.5399  102.2200     20.2   20.6   84.7 -999.9  115   12.7 0 0 0
C1  0.8535  34.5399  102.2200     20.2   20.5   84.6 -999.9  109   12.8 0 0 0
C1  0.8545  34.5399  102.2200     20.6   20.9   84.5 -999.9  102   12.4 0 0 0
C1  0.8555  34.5399  102.2200     20.3   20.5   84.8 -999.9  112   11.0 0 0 0
C1  0.8565  34.5399  102.2200     20.4   20.6   84.8 -999.9  104   12.3 0 0 0
C1  0.8575  34.5399  102.2200     20.6   20.6   84.3 -999.9  113   15.3 0 0 0
C1  0.8585  34.5399  102.2199     20.7   20.2   84.2 -999.9  112   13.9 0 0 0
C1  0.8595  34.5399  102.2199     20.8   20.7   84.2 -999.9  108   13.2 0 0 0
C1  0.8672  34.5400  102.2199     20.9   20.4   84.4 -999.9  109   13.2 0 0 0
C1  0.8682  34.5400  102.2199     21.1   20.6   84.2 -999.9  109   15.5 0 0 0
C1  0.8692  34.5401  102.2199     20.9   20.4   84.2 -999.9   95    9.3 0 0 0
C1  0.8702  34.5401  102.2192     20.5   20.6   84.5 -999.9  156    6.2 0 1 0
C1  0.8712  34.5401  102.2180     20.6   20.7   84.0 -999.9  135    8.6 0 1 0
C1  0.8722  34.5401  102.2165     20.6   20.5   85.3 -999.9  124    8.7 0 0 0
C1  0.8732  34.5401  102.2150     20.3   21.0   85.3 -999.9  120   10.3 0 0 0
C1  0.8742  34.5401  102.2135     20.4   20.8   84.9 -999.9  116   14.0 0 0 0
C1  0.8752  34.5401  102.2119     20.7   20.7   84.8 -999.9  116   12.9 0 0 0
C1  0.8762  34.5401  102.2102     20.3   20.7   84.7 -999.9  129   15.0 0 0 0
C1  0.8838  34.5401  102.2085     20.3   20.6   84.9 -999.9  114   11.5 0 0 0
C1  0.8848  34.5400  102.2067     20.2   21.0   85.3 -999.9   95   12.3 0 0 0
C1  0.8858  34.5400  102.2049     20.6   20.6   85.3 -999.9  124   12.7 0 0 0
C1  0.8868  34.5400  102.2032     20.6   20.6   84.9 -999.9  112   16.9 0 0 0
C1  0.8878  34.5400  102.2014     20.5   20.9   84.7 -999.9  118   13.8 0 0 0
C1  0.8888  34.5400  102.1995     20.6   20.9   84.5 -999.9  114   17.3 0 0 0
C1  0.8898  34.5400  102.1977     21.0   20.4   83.9 -999.9  113   17.9 0 0 0
C1  0.8908  34.5400  102.1959     20.8   20.9   84.1 -999.9  118   16.3 0 0 0
C1  0.8918  34.5400  102.1941     21.1   20.6   84.3 -999.9  113   14.6 0 0 0
C1  0.8928  34.5400  102.1923     21.2   21.0   84.4 -999.9  110   14.9 0 0 0
C1  0.9005  34.5399  102.1904     21.1   21.1   83.9 -999.9   99   16.5 0 0 0
C1  0.9015  34.5399  102.1886     21.0   20.9   83.7 -999.9  119   17.1 0 0 0
C1  0.9025  34.5399  102.1867     21.2   20.6   83.8 -999.9  111   15.3 0 0 0
C1  0.9035  34.5399  102.1848     21.0   20.8   84.0 -999.9  109   13.0 0 0 0
C1  0.9045  34.5399  102.1829     21.2   20.9   83.9 -999.9  103   13.0 0 0 0
C1  0.9055  34.5399  102.1809     21.0   20.7   83.5 -999.9  103   12.4 0 0 0
C1  0.9065  34.5398  102.1790     21.0   21.0   83.6 -999.9  117   10.7 0 0 0
C1  0.9075  34.5398  102.1771     21.0   21.1   83.7 -999.9  106   13.3 0 0 0
C1  0.9085  34.5398  102.1752     21.0   21.0   83.5 -999.9  105   16.6 0 0 0
C1  0.9095  34.5398  102.1735     21.0   21.0   83.4 -999.9  103   15.8 0 0 0
C1  0.9172  34.5398  102.1717     21.0   21.0   83.9  871.4  108   13.0 0 0 0
C1  0.9182  34.5397  102.1700     20.9   20.7   83.6  871.3  111   15.9 0 0 0
C1  0.9192  34.5397  102.1684     20.7   20.9   83.6  871.2  106   14.9 0 0 0
C1  0.9202  34.5397  102.1672     20.7   21.2   83.6  871.3  109   11.9 0 0 0
C1  0.9212  34.5397  102.1659     20.6   21.0   83.7  871.2  115    8.9 0 0 0
C1  0.9222  34.5397  102.1645     20.7   20.8   83.4  871.2  106    6.3 0 0 0
C1  0.9232  34.5396  102.1632     20.7   21.2   83.1  871.1  107   15.7 0 0 0
C1  0.9242  34.5396  102.1621     20.7   21.1   83.0  871.1  104   14.5 0 0 0
C1  0.9252  34.5396  102.1610     20.6   20.8   82.7  871.2  106   16.5 0 0 0
C1  0.9262  34.5396  102.1604     20.7   21.2   82.8  871.3  106   21.5 0 1 0
C1  0.9338  34.5396  102.1603     20.6   20.7   83.2  871.4   95   18.3 0 1 0
C1  0.9350  34.5397  102.1603     20.6   21.2   83.2  871.5   91   14.5 0 0 0
C1  0.9358  34.5397  102.1603     20.7   20.9   82.3  871.6   94   16.4 0 0 0
C1  0.9368  34.5397  102.1602     20.7   20.8   82.3  871.6  105   14.5 0 0 0
C1  0.9378  34.5397  102.1602     20.7   20.7   82.0  871.5   95   16.4 0 0 0
C1  0.9388  34.5397  102.1602     20.7   20.7   82.1  871.4  100   13.7 0 0 0
C1  0.9398  34.5396  102.1602     20.7   20.8   83.2  871.4   92   11.4 0 0 0
C1  0.9408  34.5396  102.1602     20.6   21.1   83.1  871.3   98   13.0 0 0 0
C1  0.9418  34.5396  102.1602     20.6   20.9   83.3  871.3   94   10.6 0 0 0
C1  0.9428  34.5396  102.1602     20.6   21.3   83.5  871.3   94   13.0 0 0 0
C1  0.9505  34.5396  102.1601     20.6   20.9   83.3  871.3   89   13.8 0 0 0
C1  0.9515  34.5396  102.1601     20.6   20.6   82.4  871.3   92   17.1 0 0 0
C1  0.9525  34.5397  102.1601     20.6   20.8   82.3  871.2   93   15.3 0 0 0
C1  0.9535  34.5397  102.1601     20.7   20.9   82.4  871.2   84   13.3 0 0 0
C1  0.9545  34.5397  102.1601     20.6   20.6   82.7  871.2   91   13.5 0 0 0
C1  0.9555  34.5397  102.1601     20.7   20.9   82.9  871.2   95   15.8 0 0 0
C1  0.9565  34.5397  102.1601     20.6   20.9   82.7  871.2  100   14.0 0 0 0
C1  0.9575  34.5397  102.1601     20.6   20.1   82.3  871.2  100   16.7 0 0 0
C1  0.9585  34.5397  102.1601     20.6   20.8   82.2  871.2  102   16.5 0 0 0
C1  0.9595  34.5397  102.1601     20.6   21.0   82.4  871.2   96   14.4 0 0 0
C1  0.9672  34.5397  102.1601     20.6   21.0   82.5  871.3   95   14.3 0 0 0
C1  0.9682  34.5397  102.1601     20.6   21.0   83.3  871.3   95   11.0 0 0 0
C1  0.9692  34.5397  102.1601     20.5   21.3   83.6  871.3   96   12.2 0 0 0
C1  0.9702  34.5397  102.1601     20.4   21.1   83.3  871.4   97   12.3 0 0 0
C1  0.9712  34.5397  102.1601     20.4   20.6   83.0  871.4   98   12.7 0 0 0
C1  0.9722  34.5397  102.1601     20.4   20.6   83.2  871.5  101   11.8 0 0 0
C1  0.9732  34.5397  102.1601     20.4   21.2   83.3  871.5  105   12.3 0 0 0
C1  0.9742  34.5397  102.1601     20.4   20.9   83.1  871.6   98   12.9 0 0 0
C1  0.9752  34.5397  102.1601     20.4   21.1   83.4  871.7   84   10.1 0 0 0
C1  0.9762  34.5397  102.1601     20.4   20.9   83.9  871.7   93   10.4 0 0 0
C1  0.9838  34.5397  102.1601     20.4   20.5   83.6  871.8   86   11.6 0 0 0
C1  0.9848  34.5397  102.1602     20.4   20.9   83.7  871.8   89   11.6 0 0 0
C1  0.9858  34.5397  102.1602     20.4   20.8   83.8  871.9   89    9.2 0 0 0
C1  0.9868  34.5396  102.1602     20.4   20.6   84.3  872.0   95    9.8 0 0 0
C1  0.9878  34.5396  102.1602     20.4   20.8   84.4  872.0   94    8.9 0 0 0
C1  0.9890  34.5396  102.1602     20.4   20.5   84.1  872.1   88   10.8 0 0 0
C1  0.9900  34.5396  102.1602     20.4   21.1   83.7  872.1   89   12.0 0 0 0
C1  0.9910  34.5396  102.1602     20.4   20.9   83.9  872.2   84   10.8 0 0 0
C1  0.9918  34.5396  102.1602     20.4   20.6   82.0  872.2   10   12.4 0 0 0
C1  0.9930  34.5396  102.1602     20.4   20.7   79.6  872.3  350    9.2 1 0 1
C1  1.0005  34.5395  102.1603     20.4   21.0   81.5  872.3    4    8.8 1 0 1
C1  1.0015  34.5395  102.1603     20.4   20.9   84.1  872.3   83    8.8 0 0 0
C1  1.0027  34.5395  102.1603     20.4   20.9   84.6  872.4   80    9.5 0 0 0
C1  1.0037  34.5395  102.1603     20.4   20.8   84.0  872.4   77   11.0 0 0 0
C1  1.0045  34.5395  102.1603     20.4   21.2   83.4  872.4   87   13.1 0 0 0
C1  1.0055  34.5395  102.1603     20.4   21.1   83.6  872.5   93   12.9 0 0 0
C1  1.0067  34.5395  102.1603     20.4   20.8   83.9  872.5   78   10.3 0 0 0
C1  1.0075  34.5395  102.1603     20.4   20.9   84.1  872.5   82   10.7 0 0 0
C1  1.0087  34.5395  102.1603     20.4   21.1   83.6  872.5   71   10.8 0 0 0
C1  1.0095  34.5395  102.1603     20.4   20.6   83.3  872.5   79   13.3 0 0 0
C1  1.0173  34.5396  102.1603     20.4   20.9   82.9  872.5   87   14.7 0 0 0
C1  1.0182  34.5396  102.1603     20.6   20.6   82.5  872.5   82   14.6 0 0 0
C1  1.0192  34.5396  102.1603     20.6   20.7   82.7  872.5   74   12.2 0 0 0
C1  1.0203  34.5396  102.1603     20.4   20.7   83.2  872.6   89   11.3 0 0 0
C1  1.0212  34.5396  102.1603     20.4   20.4   83.5  872.6   82    9.7 0 0 0
C1  1.0223  34.5396  102.1603     20.4   20.4   83.7  872.6   78   10.2 0 0 0
C1  1.0233  34.5397  102.1603     20.4   20.9   83.4  872.6   81   10.0 0 0 0
C1  1.0243  34.5397  102.1603     20.4   20.8   83.4  872.6   83   11.1 0 0 0
C1  1.0252  34.5397  102.1603     20.4   20.8   83.0  872.6   86   12.0 0 0 0
C1  1.0262  34.5397  102.1603     20.4   20.4   83.2  872.7   85   11.3 0 0 0
C1  1.0338  34.5397  102.1603     20.4   20.3   83.1  872.7   83   13.4 0 0 0
C1  1.0348  34.5398  102.1603     20.4   20.6   82.9  872.7   83   12.2 0 0 0
C1  1.0358  34.5398  102.1603     20.4   20.9   83.3  872.7   77   10.0 0 0 0
C1  1.0368  34.5398  102.1603     20.4   21.1   83.7  872.8   81    9.6 0 0 0
C1  1.0378  34.5398  102.1603     20.4   21.1   83.2  872.8   74   13.0 0 0 0
C1  1.0388  34.5398  102.1603     20.4   20.4   82.9  872.8   70   11.0 0 0 0
C1  1.0398  34.5399  102.1603     20.4   20.5   82.7  872.8   74   12.9 0 0 0
C1  1.0408  34.5399  102.1603     20.4   20.8   82.7  872.8   83   13.2 0 0 0
C1  1.0418  34.5399  102.1603     20.4   21.0   82.6  872.9   82   13.3 0 0 0
C1  1.0428  34.5399  102.1603     20.4   20.6   82.3  872.9   75   12.3 0 0 0
C1  1.0505  34.5399  102.1603     20.4   20.6   82.9  872.9   81   10.0 0 0 0
C1  1.0515  34.5399  102.1603     20.4   20.7   82.7  872.9   84   11.0 0 0 0
C1  1.0525  34.5399  102.1603     20.4   20.9   82.9  873.0   79   11.6 0 0 0
C1  1.0535  34.5399  102.1603     20.4   20.9   83.2  873.0   79    9.5 0 0 0
C1  1.0545  34.5399  102.1603     20.4   20.8   83.3  873.1   76    9.1 0 0 0
C1  1.0555  34.5399  102.1603     20.4   20.5   83.3  873.1   82    7.6 0 0 0
C1  1.0565  34.5399  102.1603     20.2   20.6   83.4  873.1   84    7.9 0 0 0
C1  1.0575  34.5399  102.1603     20.2   20.7   83.5  873.1   86    8.2 0 0 0
C1  1.0585  34.5399  102.1603     20.2   20.7   83.7  873.1   84    8.0 0 0 0
C1  1.0595  34.5399  102.1603     20.3   20.5   83.5  873.1   98   10.3 0 0 0
C1  1.0672  34.5399  102.1603     20.2   20.8   83.2  873.2   87   11.1 0 0 0
C1  1.0682  34.5399  102.1603     20.2   20.5   83.4  873.2   86   10.2 0 0 0
C1  1.0693  34.5399  102.1603     20.2   20.8   83.9  873.2   90    8.6 0 0 0
C1  1.0702  34.5399  102.1602     20.2   20.8   83.4  873.2   83   10.9 0 0 0
C1  1.0712  34.5398  102.1602     20.3   20.8   82.6  873.2   83   13.1 0 0 0
C1  1.0722  34.5398  102.1602     20.4   20.5   82.5  873.3   81   14.5 0 0 0
C1  1.0733  34.5399  102.1602     20.4   21.0   82.5  873.3   70   13.6 0 0 0
C1  1.0743  34.5399  102.1602     20.4   20.3   82.3  873.3   83   14.3 0 0 0
C1  1.0752  34.5399  102.1602     20.4   20.4   82.3  873.4   79   11.4 0 0 0
C1  1.0762  34.5399  102.1602     20.4   20.7   82.6  873.4   77   11.8 0 0 0
C1  1.0838  34.5399  102.1602     20.4   20.7   82.6  873.4   80   11.6 0 0 0
C1  1.0848  34.5399  102.1601     20.3   20.8   83.0  873.4   83    9.1 0 0 0
C1  1.0860  34.5399  102.1601     20.4   20.3   82.8  873.4   87   12.9 0 0 0
C1  1.0868  34.5399  102.1601     20.4   20.2   82.8  873.4   77   11.7 0 0 0
C1  1.0878  34.5399  102.1601     20.3   20.6   82.8  873.4   76   12.7 0 0 0
C1  1.0888  34.5399  102.1601     20.3   20.9   82.8  873.4   81   11.7 0 0 0
C1  1.0898  34.5399  102.1601     20.3   20.5   83.1  873.4   80   10.2 0 0 0
C1  1.0908  34.5399  102.1601     20.2   20.4   83.1  873.4   71    9.3 0 0 0
C1  1.0918  34.5399  102.1601     20.2   20.7   83.2  873.4   74    9.0 0 0 0
C1  1.0928  34.5399  102.1601     20.2   20.6   83.3  873.4   72    9.8 0 0 0
C1  1.1005  34.5399  102.1601     20.2   20.8   83.2  873.4   78   12.6 0 0 0
C1  1.1015  34.5399  102.1601     20.2   20.8   83.1  873.4   70   12.2 0 0 0
C1  1.1025  34.5399  102.1601     20.2   20.8   83.1  873.4   71   13.1 0 0 0
C1  1.1035  34.5399  102.1601     20.2   20.6   83.0  873.4   67   13.7 0 0 0
C1  1.1045  34.5399  102.1601     20.2   20.3   83.0  873.5   75   17.1 0 0 0
C1  1.1055  34.5399  102.1602     20.2   20.6   83.0  873.5   85   13.7 0 0 0
C1  1.1065  34.5400  102.1602     20.3   20.1   82.8  873.5   77   14.8 0 0 0
C1  1.1075  34.5399  102.1602     20.2   20.5   82.7  873.4   75   15.2 0 0 0
C1  1.1085  34.5400  102.1602     20.3   20.6   82.9  873.5   79   14.6 0 0 0
C1  1.1095  34.5400  102.1602     20.3   20.8   83.2  873.4   79   12.5 0 0 0
C1  1.1172  34.5400  102.1602     20.2   20.6   83.5  873.4   81   11.4 0 0 0
C1  1.1182  34.5400  102.1602     20.2   20.7   83.8  873.3   71   11.3 0 0 0
C1  1.1192  34.5400  102.1602     20.2   20.7   83.6  873.3   75   13.1 0 0 0
C1  1.1202  34.5400  102.1602     20.2   20.6   83.6  873.3   76   13.6 0 0 0
C1  1.1212  34.5400  102.1603     20.2   20.3   83.5  873.3   77   12.4 0 0 0
C1  1.1222  34.5400  102.1603     20.2   20.6   83.7  873.3   79   12.4 0 0 0
C1  1.1232  34.5401  102.1603     20.1   20.8   83.5  873.3   78   12.9 0 0 0
C1  1.1242  34.5401  102.1603     20.2   20.4   83.5  873.3   77   11.1 0 0 0
C1  1.1252  34.5401  102.1603     20.2   20.4   83.7  873.4   77   11.8 0 0 0
C1  1.1262  34.5401  102.1603     20.2   20.4   83.8  873.4   74   11.8 0 0 0
C1  1.1338  34.5401  102.1603     20.2   20.8   83.8  873.4   81   10.2 0 0 0
C1  1.1348  34.5400  102.1604     20.2   20.4   84.0  873.5   84   10.1 0 0 0
C1  1.1358  34.5400  102.1604     20.2   20.6   84.0  873.5   75   11.2 0 0 0
C1  1.1368  34.5400  102.1604     20.2   20.8   84.1  873.6   80   12.5 0 0 0
C1  1.1378  34.5400  102.1604     20.2   20.8   84.3  873.6   78   10.7 0 0 0
C1  1.1388  34.5400  102.1604     20.1   20.7   84.4  873.7   80   11.1 0 0 0
C1  1.1398  34.5400  102.1605     20.2   20.1   84.3  873.7   80   13.4 0 0 0
C1  1.1408  34.5400  102.1605     20.2   20.3   84.2  873.7   88   12.9 0 0 0
C1  1.1418  34.5400  102.1605     20.2   20.2   84.1  873.8   84   13.1 0 0 0
C1  1.1428  34.5399  102.1605     20.2   20.4   84.2  873.8   78   11.6 0 0 0
C1  1.1508  34.5399  102.1606     20.2   20.2   84.3  873.9   89   11.1 0 0 0
C1  1.1515  34.5399  102.1606     20.2   20.3   84.7  874.0   81    9.5 0 0 0
C1  1.1525  34.5399  102.1606     20.2   20.8   84.7  874.0   84   11.6 0 0 0
C1  1.1535  34.5398  102.1606     20.2   20.7   84.8  874.1   84   10.3 0 0 0
C1  1.1545  34.5398  102.1606     20.2   20.7   84.9  874.1   77    9.1 0 0 0
C1  1.1555  34.5398  102.1607     20.2   20.3   84.8  874.2   82   10.1 0 0 0
C1  1.1565  34.5398  102.1607     20.2   20.7   85.1  874.2   73    8.6 0 0 0
C1  1.1575  34.5398  102.1607     20.2   20.4   85.2  874.2   82    8.4 0 0 0
C1  1.1585  34.5398  102.1607     20.2   20.6   85.4  874.3   73    8.5 0 0 0
C1  1.1595  34.5398  102.1607     20.2   20.8   85.3  874.3   82   10.3 0 0 0
C1  1.1672  34.5397  102.1608     20.2   20.2   85.0  874.3   66    9.1 0 0 0
C1  1.1685  34.5397  102.1608     20.2   20.3   84.9  874.4   78   11.3 0 0 0
C1  1.1692  34.5397  102.1608     20.2   20.8   84.7  874.4   72   12.0 0 0 0
C1  1.1702  34.5396  102.1611     20.2   20.6   84.9  874.5  128   16.3 0 1 0
C1  1.1712  34.5396  102.1622     20.2   20.4   85.8  874.6  101   17.8 0 1 0
C1  1.1722  34.5396  102.1637     20.2   20.2   86.1  874.7   88   14.5 0 1 0
C1  1.1732  34.5397  102.1652     20.2   20.3   86.3  874.8   82    9.9 0 0 0
C1  1.1742  34.5397  102.1667     20.2   20.3   85.9  875.0   85   10.5 0 0 0
C1  1.1752  34.5397  102.1681     20.2   20.8   86.0  875.1   77    9.1 0 0 0
C1  1.1762  34.5397  102.1696     20.2   20.1   86.1  875.2   84    8.1 0 0 0
C1  1.1838  34.5397  102.1710     20.2   20.5   86.0  875.3   75    9.4 0 0 0
C1  1.1848  34.5397  102.1724     20.3   20.9   85.9  875.5   69   13.6 0 0 0
C1  1.1858  34.5397  102.1738     20.4   20.0   85.2  875.6   82   11.5 0 0 0
C1  1.1868  34.5397  102.1751     20.4   20.2   84.2  875.7   71    8.7 0 0 0
C1  1.1878  34.5398  102.1765     20.4   20.4   85.1  875.9   77   10.1 0 0 0
C1  1.1888  34.5398  102.1779     20.4   20.7   85.1  876.0   69    8.2 0 0 0
C1  1.1898  34.5398  102.1792     20.4   20.6   85.1  876.1   63    8.6 0 0 0
C1  1.1908  34.5398  102.1806     20.4   20.5   85.1  876.1   55    9.4 0 0 0
C1  1.1918  34.5399  102.1821     20.4   20.7   85.1  876.3   48    7.3 0 0 0
C1  1.1928  34.5399  102.1836     20.4   20.2   85.1  876.4   40    7.6 0 0 0
C1  1.2005  34.5399  102.1851     20.3   20.5   85.2  876.4    5    7.3 0 0 0
C1  1.2015  34.5399  102.1867     20.3   20.3   85.2  876.3  353    7.4 0 0 0
C1  1.2025  34.5399  102.1881     20.1   20.3   85.3  876.4  359    7.9 0 0 0
C1  1.2035  34.5400  102.1895     20.1   20.6   85.4  876.4    2   10.2 0 0 0
C1  1.2045  34.5400  102.1910     20.2   20.5   85.6  876.4    3    9.9 0 0 0
C1  1.2055  34.5400  102.1925     20.0   20.1   85.6  876.4   13    9.5 0 0 0
C1  1.2065  34.5400  102.1941     19.9   20.6   86.1  876.5   11    7.1 0 0 0
C1  1.2075  34.5400  102.1956     19.8   20.5   86.6  876.4  341    4.3 0 0 0
C1  1.2085  34.5401  102.1970     19.8   20.6   86.3  876.5  341    5.2 0 0 0
C1  1.2095  34.5401  102.1984     19.9   20.3   86.2  876.5  330    3.9 0 0 0
C1  1.2172  34.5401  102.1998     19.9   20.6   86.5  876.5  296    5.8 0 0 0
C1  1.2182  34.5401  102.2011     19.9   20.2   86.8  876.6  308    4.0 0 0 0
C1  1.2192  34.5401  102.2024     19.8   20.3   86.9  876.7  321    8.1 0 0 0
C1  1.2202  34.5401  102.2036     19.8   20.2   85.6  876.7  307    4.3 0 0 0
C1  1.2212  34.5401  102.2048     19.8   19.8   85.7  876.7  320    4.2 0 0 0
C1  1.2222  34.5401  102.2058     19.8   20.6   87.0  876.7  300    6.0 0 0 0
C1  1.2232  34.5401  102.2067     19.8   20.0   86.9  876.8  321    5.0 0 0 0
C1  1.2242  34.5402  102.2077     19.7   20.4   87.2  876.9  336    3.4 0 0 0
C1  1.2252  34.5402  102.2087     19.8   20.3   87.1  876.9  316    5.3 0 0 0
C1  1.2262  34.5402  102.2096     19.7   20.4   87.3  876.9  289    9.9 0 0 0
C1  1.2338  34.5402  102.2101     19.7   20.4   87.6  877.0  288    9.6 0 0 0
C1  1.2348  34.5402  102.2107     19.7   19.9   87.6  876.9  306    7.7 0 0 0
C1  1.2358  34.5402  102.2114     19.4   20.1   87.8  876.9  294    8.5 0 0 0
C1  1.2368  34.5402  102.2120     19.4   20.4   88.0  876.9  299   10.9 0 0 0
C1  1.2378  34.5402  102.2126     19.4   20.1   87.9  876.8  302    9.2 0 0 0
C1  1.2388  34.5402  102.2130     19.4   20.2   88.0  876.7  269   15.6 0 1 0
C1  1.2398  34.5402  102.2130     19.4   20.0   88.2  876.7  276   10.8 0 0 0
C1  1.2408  34.5403  102.2131     19.4   20.1   88.3  876.7  320    5.3 0 1 0
C1  1.2418  34.5403  102.2139     19.3   20.3   88.3  876.7  325    3.6 0 1 0
C1  1.2428  34.5403  102.2148     19.3   20.2   88.6  876.8  304    5.3 0 0 0
C1  1.2505  34.5403  102.2156     19.3   19.6   88.3 -999.9  294   11.3 0 0 0
C1  1.2515  34.5403  102.2163     19.4   19.7   88.4 -999.9  297   12.4 0 0 0
C1  1.2525  34.5403  102.2165     19.4   19.5   88.5 -999.9  288   14.0 0 1 0
C1  1.2535  34.5403  102.2165     19.4   20.3   88.8 -999.9  278   10.8 0 0 0
C1  1.2545  34.5404  102.2165     19.4   19.7   88.7 -999.9  282    8.0 0 0 0
C1  1.2555  34.5404  102.2166     19.4   20.1   88.9 -999.9  284    9.3 0 0 0
C1  1.2565  34.5404  102.2166     19.3   19.5   88.9 -999.9  282    9.3 0 0 0
C1  1.2577  34.5404  102.2166     19.2   20.1   87.9 -999.9  104    7.8 0 0 0
C1  1.2587  34.5404  102.2166     19.2   20.2   89.2 -999.9  276    9.7 0 0 0
C1  1.2595  34.5404  102.2166     19.3   20.1   89.0 -999.9  275    8.3 0 0 0
C1  1.2673  34.5404  102.2166     19.3   20.1   89.0 -999.9  288    8.7 0 0 0
C1  1.2683  34.5404  102.2166     19.3   19.8   88.9 -999.9  280    8.8 0 0 0
C1  1.2693  34.5404  102.2167     19.3   19.9   88.9 -999.9  276    9.5 0 0 0
C1  1.2703  34.5404  102.2167     19.4   20.1   88.8 -999.9  274   10.1 0 0 0
C1  1.2713  34.5404  102.2167     19.3   19.5   88.5 -999.9  269   11.2 0 0 0
C1  1.2723  34.5404  102.2167     19.3   20.2   88.8 -999.9  279   10.2 0 0 0
C1  1.2732  34.5403  102.2167     19.2   19.7   88.9 -999.9  220    8.9 0 0 0
C1  1.2742  34.5403  102.2160     19.2   19.7   89.0 -999.9  289   15.9 0 1 0
C1  1.2752  34.5403  102.2150     19.2   20.0   89.2 -999.9  284   10.9 0 0 0
C1  1.2762  34.5403  102.2140     19.2   19.8   89.4 -999.9  288    7.5 0 0 0
C1  1.2838  34.5403  102.2135     19.2   19.8   89.7 -999.9  335    6.2 0 1 0
C1  1.2848  34.5403  102.2135     19.2   19.8   89.7 -999.9  297    5.7 0 1 0
C1  1.2858  34.5403  102.2132     19.2   20.0   89.9 -999.9  291   15.4 0 1 0
C1  1.2868  34.5403  102.2123     19.2   20.4   90.0 -999.9  283   12.3 0 1 0
C1  1.2878  34.5403  102.2110     19.2   20.0   90.0 -999.9  289   11.1 0 1 0
C1  1.2888  34.5403  102.2094     19.2   20.0   90.1 -999.9  303    9.9 0 0 0
C1  1.2898  34.5403  102.2077     19.2   19.6   89.9 -999.9  297    9.9 0 0 0
C1  1.2908  34.5403  102.2060     19.3   20.0   89.5 -999.9  299    9.9 0 0 0
C1  1.2918  34.5403  102.2041     19.4   19.6   89.2 -999.9  298    9.5 0 0 0
C1  1.2928  34.5403  102.2022     19.4   19.6   89.1 -999.9  304    9.9 0 0 0
C1  1.3005  34.5403  102.2002     19.4   19.8   89.4 -999.9  296    7.4 0 0 0
C1  1.3015  34.5402  102.1981     19.4   19.5   89.3 -999.9  286    8.0 0 0 0
C1  1.3025  34.5402  102.1960     19.4   20.3   89.7 -999.9  285    7.7 0 0 0
C1  1.3035  34.5402  102.1939     19.6   19.5   90.1 -999.9  291    4.6 0 0 0
C1  1.3045  34.5402  102.1919     19.5   19.5   90.4 -999.9  272    3.1 0 0 0
C1  1.3055  34.5402  102.1900     19.5   20.1   90.5 -999.9  287    4.4 0 0 0
C1  1.3065  34.5402  102.1882     19.4   19.5   90.6 -999.9  289    6.3 0 0 0
C1  1.3075  34.5401  102.1863     19.5   19.7   90.7 -999.9  273    5.3 0 0 0
C1  1.3085  34.5401  102.1845     19.7   19.9   90.8 -999.9  287    4.9 0 0 0
C1  1.3095  34.5401  102.1827     19.6   19.7   90.8 -999.9  311    6.3 0 0 0
C1  1.3172  34.5401  102.1810     19.8   20.1   90.6 -999.9  320    6.5 0 0 0
C1  1.3182  34.5401  102.1792     19.6   19.6   90.3 -999.9  326    5.7 0 0 0
C1  1.3192  34.5401  102.1775     19.7   19.9   90.1 -999.9  330    8.4 0 0 0
C1  1.3202  34.5401  102.1757     19.6   19.8   90.0 -999.9  326    7.0 0 0 0
C1  1.3212  34.5401  102.1737     19.6   20.2   90.4 -999.9  346    6.4 0 0 0
C1  1.3222  34.5400  102.1717     19.5   19.9   90.5 -999.9    1    6.2 0 0 0
C1  1.3232  34.5400  102.1698     19.4   19.6   90.5 -999.9    9    6.1 0 0 0
C1  1.3242  34.5400  102.1679     19.6   20.3   90.7 -999.9    7    9.1 0 0 0
C1  1.3252  34.5400  102.1660     19.5   18.9   90.8 -999.9   15    5.7 0 0 0
C1  1.3262  34.5399  102.1642     19.6   19.4   90.8 -999.9   17    7.4 0 0 0
C1  1.3338  34.5399  102.1624     19.5   19.6   90.7 -999.9   12    8.3 0 0 0
C1  1.3348  34.5399  102.1605     19.7   19.6   90.6 -999.9   20    8.4 0 0 0
C1  1.3358  34.5399  102.1587     19.8   19.6   90.1 -999.9   20    8.7 0 0 0
C1  1.3368  34.5398  102.1569     19.8   20.1   90.1 -999.9   46    9.5 0 0 0
C1  1.3378  34.5398  102.1553     19.9   19.8   90.2 -999.9   48    9.6 0 0 0
C1  1.3388  34.5398  102.1536     19.8   19.8   90.0 -999.9   30    8.6 0 0 0
C1  1.3398  34.5397  102.1519     19.9   19.9   89.7 -999.9   46    6.9 0 0 0
C1  1.3408  34.5397  102.1502     20.1   19.7   89.6 -999.9   43    7.8 0 0 0
C1  1.3418  34.5397  102.1484     20.2   20.0   89.5 -999.9   53    7.4 0 0 0
C1  1.3428  34.5396  102.1466     20.1   20.1   89.2 -999.9   61    8.2 0 0 0
C1  1.3505  34.5396  102.1448     20.3   19.7   89.2 -999.9   59    7.6 0 0 0
C1  1.3515  34.5395  102.1431     20.2   20.2   89.3 -999.9   60    8.8 0 0 0
C1  1.3525  34.5395  102.1413     20.1   20.1   89.0 -999.9   63   10.9 0 0 0
C1  1.3535  34.5395  102.1395     20.2   19.8   88.7 -999.9   50   10.9 0 0 0
C1  1.3545  34.5394  102.1378     20.2   20.0   88.5 -999.9   55   11.1 0 0 0
C1  1.3555  34.5394  102.1360     20.4   20.0   88.1 -999.9   54   12.3 0 0 0
C1  1.3565  34.5393  102.1344     20.2   19.7   88.1 -999.9   53   11.8 0 0 0
C1  1.3575  34.5393  102.1327     20.2   19.9   87.7 -999.9   61   11.6 0 0 0
C1  1.3585  34.5393  102.1309     20.4   20.2   87.8 -999.9   65    9.6 0 0 0
C1  1.3595  34.5393  102.1293     20.2   19.7   87.7 -999.9   76   14.2 0 0 0
C1  1.3672  34.5392  102.1277     20.6   20.0   87.5 -999.9   57   12.5 0 0 0
C1  1.3682  34.5392  102.1262     20.4   20.2   87.5 -999.9   65   11.3 0 0 0
C1  1.3692  34.5392  102.1247     20.4   19.7   87.4 -999.9   76   12.5 0 0 0
C1  1.3702  34.5391  102.1233     20.6   20.1   87.2 -999.9   73   15.1 0 0 0
C1  1.3712  34.5391  102.1218     20.5   20.5   87.1 -999.9   61   12.7 0 0 0
C1  1.3722  34.5391  102.1204     20.3   19.8   87.1 -999.9   66   12.3 0 0 0
C1  1.3732  34.5391  102.1190     20.4   20.0   87.1 -999.9   58   12.1 0 0 0
C1  1.3742  34.5391  102.1176     20.4   20.0   87.1 -999.9   50   11.5 0 0 0
C1  1.3752  34.5390  102.1160     20.4   20.4   87.0 -999.9   60   10.1 0 0 0
C1  1.3762  34.5390  102.1143     20.4   20.4   87.1 -999.9   57    7.8 0 0 0
C1  1.3838  34.5390  102.1126     20.3   20.2   86.8 -999.9   61    8.1 0 0 0
C1  1.3848  34.5389  102.1109     20.3   20.6   86.7 -999.9   60   10.9 0 0 0
C1  1.3858  34.5389  102.1093     20.3   20.5   86.3 -999.9   65   11.2 0 0 0
C1  1.3868  34.5389  102.1078     20.3   20.1   86.3 -999.9   67   14.9 0 1 0
C1  1.3878  34.5389  102.1067     20.4   20.1   86.4 -999.9   71   13.1 0 1 0
C1  1.3888  34.5388  102.1061     20.3   20.2   86.8 -999.9   90   13.7 0 1 0
C1  1.3898  34.5381  102.1060     20.3   20.6   86.5 -999.9   60   12.8 0 1 0
C1  1.3908  34.5370  102.1060     20.3   20.4   86.2 -999.9   33   11.2 0 1 0
C1  1.3918  34.5357  102.1060     20.2   20.6   86.3 -999.9   50   12.2 0 0 0
C1  1.3928  34.5343  102.1061     20.2   21.0   86.5 -999.9   48   11.3 0 0 0
C1  1.4005  34.5328  102.1061     20.1   20.1   86.3 -999.9   48    9.5 0 0 0
C1  1.4015  34.5312  102.1061     20.1   20.3   86.3 -999.9   47   13.5 0 0 0
C1  1.4025  34.5297  102.1062     20.1   20.2   85.8 -999.9   43   13.9 0 0 0
C1  1.4035  34.5281  102.1062     20.3   20.4   85.8 -999.9   42   13.0 0 0 0
C1  1.4045  34.5265  102.1062     20.2   20.3   85.7 -999.9   46   13.0 0 0 0
C1  1.4055  34.5250  102.1063     20.2   20.5   85.7 -999.9   37   14.9 0 0 0
C1  1.4065  34.5234  102.1063     20.3   20.6   85.9 -999.9   41   15.1 0 0 0
C1  1.4075  34.5218  102.1063     20.2   20.5   85.9 -999.9   33   14.0 0 0 0
C1  1.4085  34.5202  102.1064     20.2   20.1   85.8 -999.9   44   12.0 0 0 0
C1  1.4095  34.5186  102.1064     20.3   20.2   86.0 -999.9   41   10.6 0 0 0
C1  1.4172  34.5170  102.1064     20.3   20.2   85.9 -999.9   56    9.3 0 0 0
C1  1.4182  34.5154  102.1064     20.3   20.6   85.8 -999.9   53    6.0 0 0 0
C1  1.4192  34.5137  102.1064     20.3   20.4   85.7 -999.9   56    5.7 0 0 0
C1  1.4202  34.5121  102.1065     20.3   20.0   85.9 -999.9   63    4.5 0 0 0
C1  1.4212  34.5106  102.1065     20.2   20.1   86.0 -999.9  124    3.0 0 0 0
C1  1.4222  34.5091  102.1065     20.4   19.8   86.1 -999.9  111    3.2 0 0 0
C1  1.4232  34.5076  102.1065     20.3   20.3   86.0 -999.9  143    4.1 0 0 0
C1  1.4242  34.5062  102.1066     20.3   20.8   86.0 -999.9  138    4.0 0 0 0
C1  1.4252  34.5048  102.1066     20.4   20.4   85.9 -999.9  139    3.2 0 0 0
C1  1.4262  34.5035  102.1066     20.3   20.3   86.0 -999.9  164    4.4 0 0 0
C1  1.4338  34.5023  102.1066     20.4   20.5   85.9 -999.9  155    3.1 0 0 0
C1  1.4348  34.5012  102.1066     20.3   20.1   85.8 -999.9  160    5.4 0 0 0
C1  1.4358  34.5003  102.1066     20.4   20.6   85.9 -999.9  181    5.9 0 0 0
C1  1.4368  34.4995  102.1066     20.3   20.2   86.4 -999.9  197    3.4 0 0 0
C1  1.4378  34.4986  102.1066     20.3   21.0   85.9 -999.9  251    1.2 0 0 0
C1  1.4388  34.4977  102.1067     20.3   20.5   86.0 -999.9  214    3.1 0 0 0
C1  1.4398  34.4967  102.1066     20.3   20.2   85.5 -999.9  307    0.9 0 0 0
C1  1.4408  34.4957  102.1067     20.3   20.4   85.6 -999.9  305    3.7 0 0 0
C1  1.4418  34.4946  102.1067     20.2   20.6   86.0 -999.9  276    3.6 0 0 0
C1  1.4428  34.4935  102.1067     20.3   20.8   86.1 -999.9  273    4.3 0 0 0
C1  1.4505  34.4924  102.1067     20.2   20.7   86.0 -999.9  262    4.2 0 0 0
C1  1.4515  34.4913  102.1067     20.3   20.6   85.7 -999.9  266    4.3 0 0 0
C1  1.4525  34.4902  102.1067     20.3   21.1   85.6 -999.9  265    3.9 0 0 0
C1  1.4535  34.4891  102.1067     20.4   20.4   85.3 -999.9  332    2.5 0 0 0
C1  1.4545  34.4879  102.1067     20.2   20.2   86.1 -999.9  292    2.9 0 0 0
C1  1.4555  34.4867  102.1067     20.4   20.6   85.7 -999.9  285    3.0 0 0 0
C1  1.4565  34.4855  102.1067     20.3   20.7   85.6 -999.9  289    3.5 0 0 0
C1  1.4575  34.4843  102.1067     20.4   20.1   85.6 -999.9  307    4.9 0 0 0
C1  1.4585  34.4830  102.1067     20.4   20.2   85.7 -999.9  327    4.9 0 0 0
C1  1.4595  34.4817  102.1067     20.4   20.9   86.0 -999.9  333    3.4 0 0 0
C1  1.4672  34.4803  102.1068     20.4   20.6   85.7 -999.9  312    2.6 0 0 0
C1  1.4682  34.4789  102.1068     20.4   20.5   85.8 -999.9  295    3.1 0 0 0
C1  1.4692  34.4776  102.1068     20.4   20.5   85.7 -999.9  276    4.5 0 0 0
C1  1.4702  34.4762  102.1068     20.4   20.5   85.7 -999.9  290    6.6 0 0 0
C1  1.4712  34.4749  102.1068     20.6   20.6   85.7 -999.9  250    6.7 0 0 0
C1  1.4722  34.4739  102.1068     20.6   20.0   85.8 -999.9  257    5.2 0 0 0
C1  1.4732  34.4731  102.1068     20.5   20.4   85.5 -999.9  257    5.1 0 1 0
C1  1.4742  34.4723  102.1068     20.6   20.1   84.8 -999.9  302    3.0 0 0 0
C1  1.4752  34.4716  102.1068     20.6   20.5   85.4 -999.9  330    5.7 0 0 0
C1  1.4762  34.4707  102.1068     20.5   20.6   85.5 -999.9  307    4.5 0 0 0
C1  1.4838  34.4700  102.1068     20.6   20.5   85.1 -999.9  284    4.6 0 0 0
C1  1.4848  34.4697  102.1069     20.6   20.4   85.1 -999.9  255    6.4 0 1 0
C1  1.4858  34.4697  102.1069     20.6   20.5   85.2 -999.9  278    3.5 0 0 0
C1  1.4868  34.4697  102.1068     20.6   20.5   85.4 -999.9  245    6.4 0 0 0
C1  1.4880  34.4699  102.1068     20.6   20.4   84.7 -999.9  340    6.5 0 0 0
C1  1.4888  34.4699  102.1068     20.6   20.9   83.9 -999.9  292    5.9 0 0 0
C1  1.4900  34.4699  102.1068     20.7   19.9   83.7 -999.9  288    5.1 0 0 0
C1  1.4908  34.4699  102.1068     20.7   20.3   83.2 -999.9  291    4.7 0 0 0
C1  1.4918  34.4699  102.1068     20.7   20.6   83.1 -999.9  299    4.2 0 0 0
C1  1.4930  34.4699  102.1068     20.7   20.6   83.1 -999.9  297    5.6 0 0 0
C1  1.5007  34.4699  102.1068     20.9   20.8   82.5 -999.9  313    4.8 0 0 0
C1  1.5015  34.4699  102.1068     20.9   20.5   81.9 -999.9  311    4.0 0 0 0
C1  1.5027  34.4699  102.1068     21.1   21.0   82.0 -999.9  310    4.3 0 0 0
C1  1.5035  34.4699  102.1069     21.1   20.7   82.2 -999.9  303    3.3 0 0 0
C1  1.5047  34.4699  102.1069     21.1   20.7   82.0 -999.9  296    4.5 0 0 0
C1  1.5055  34.4699  102.1069     21.1   20.4   81.7 -999.9  292    4.9 0 0 0
C1  1.5065  34.4699  102.1069     21.1   20.6   81.6 -999.9  285    4.8 0 0 0
C1  1.5075  34.4699  102.1069     21.1   20.8   82.1 -999.9  271    3.7 0 0 0
C1  1.5085  34.4699  102.1069     21.1   21.0   81.7 -999.9  286    2.7 0 0 0
C1  1.5095  34.4699  102.1069     21.1   20.9   81.8 -999.9  296    1.7 0 0 0
C1  1.5172  34.4699  102.1068     21.1   20.7   82.2 -999.9  296    3.2 0 0 0
C1  1.5182  34.4699  102.1068     21.1   20.4   82.5 -999.9  296    4.0 0 0 0
C1  1.5192  34.4699  102.1068     21.1   20.6   82.5 -999.9  294    5.1 0 0 0
C1  1.5202  34.4698  102.1068     20.9   20.7   82.5 -999.9  303    4.3 0 0 0
C1  1.5212  34.4698  102.1068     21.0   20.7   82.2 -999.9  306    4.0 0 0 0
C1  1.5222  34.4698  102.1068     20.9   21.1   82.1 -999.9  304    3.8 0 0 0
C1  1.5232  34.4698  102.1068     21.0   21.0   80.1 -999.9   18    3.2 0 0 0
C1  1.5242  34.4697  102.1068     21.0   20.8   76.6 -999.9   31    3.0 1 0 1
C1  1.5252  34.4697  102.1067     21.0   21.2   82.5 -999.9  324    2.2 0 0 0
C1  1.5262  34.4697  102.1067     20.9   20.1   82.5 -999.9  303    2.0 0 0 0
C1  1.5338  34.4697  102.1068     20.9   21.5   82.5 -999.9  323    2.6 0 0 0
C1  1.5348  34.4696  102.1068     20.9   21.1   82.1 -999.9  274    2.5 0 1 0
C1  1.5358  34.4691  102.1067     20.9   20.6   82.3 -999.9  350    8.1 0 1 0
C1  1.5368  34.4683  102.1067     20.9   21.3   82.3 -999.9  349    7.8 0 1 0
C1  1.5378  34.4674  102.1067     20.9   21.3   82.3 -999.9  315    4.0 0 0 0
C1  1.5388  34.4664  102.1067     20.9   20.7   81.8 -999.9  296    3.0 0 0 0
C1  1.5398  34.4656  102.1067     21.1   21.1   81.7 -999.9  239    4.0 0 0 0
C1  1.5408  34.4647  102.1067     21.1   21.5   81.5 -999.9  286    3.1 0 0 0
C1  1.5418  34.4637  102.1067     21.1   21.1   81.3 -999.9  298    3.2 0 0 0
C1  1.5428  34.4627  102.1067     21.1   21.0   81.3 -999.9  277    1.2 0 0 0
C1  1.5505  34.4618  102.1067     21.1   20.9   80.9 -999.9  185    3.0 0 0 0
C1  1.5515  34.4613  102.1067     21.1   20.9   81.7 -999.9  182    9.5 0 1 0
C1  1.5525  34.4612  102.1067     21.2   20.8   81.3 -999.9  161    8.6 0 1 0
C1  1.5535  34.4612  102.1067     21.2   21.3   82.0 -999.9  149    4.9 0 0 0
C1  1.5545  34.4612  102.1067     21.2   20.6   79.6 -999.9   70    3.7 0 0 0
C1  1.5555  34.4611  102.1067     21.2   21.2   81.5 -999.9  136    3.8 0 0 0
C1  1.5565  34.4611  102.1067     21.2   21.0   81.5 -999.9  154    5.1 0 0 0
C1  1.5575  34.4611  102.1067     21.2   20.7   81.0 -999.9  162    5.4 0 0 0
C1  1.5585  34.4611  102.1067     21.2   21.1   80.4 -999.9  157    5.2 0 0 0
C1  1.5595  34.4611  102.1067     21.2   21.5   80.1 -999.9  148    5.5 0 0 0
C1  1.5672  34.4611  102.1067     21.3   20.7   79.7 -999.9  124    4.6 0 0 0
C1  1.5682  34.4611  102.1068     21.4   21.1   79.6 -999.9  114    4.2 0 0 0
C1  1.5692  34.4611  102.1068     21.4   21.1   79.3 -999.9  110    3.4 0 0 0
C1  1.5702  34.4611  102.1068     21.4   21.6   79.2 -999.9  113    3.2 0 0 0
C1  1.5712  34.4611  102.1068     21.4   21.1   79.3 -999.9  122    2.8 0 0 0
C1  1.5722  34.4612  102.1068     21.4   21.3   79.2 -999.9  138    1.8 0 0 0
C1  1.5732  34.4612  102.1069     21.4   20.6   78.9 -999.9  158    0.9 0 0 0
C1  1.5742  34.4612  102.1069     21.6   21.1   79.2 -999.9  147    1.0 0 0 0
C1  1.5753  34.4612  102.1069     21.6   21.0   78.8 -999.9  147    0.9 0 0 0
C1  1.5762  34.4612  102.1069     21.6   21.3   79.2 -999.9  135    0.6 0 0 0
C1  1.5838  34.4612  102.1070     21.7   21.3   79.3 -999.9  133    0.4 0 0 0
C1  1.5848  34.4612  102.1070     21.8   21.7   79.7 -999.9  131    0.1 0 0 0
C1  1.5860  34.4612  102.1070     21.8   21.4   79.6 -999.9    0    3.9 0 0 0
C1  1.5868  34.4607  102.1070     21.7   21.5   79.0 -999.9    3    9.8 0 1 0
C1  1.5878  34.4597  102.1071     21.7   20.7   78.6 -999.9    5    7.0 0 1 0
C1  1.5888  34.4584  102.1071     21.6   21.2   78.6 -999.9  345    4.2 0 0 0
C1  1.5898  34.4571  102.1072     21.6   21.6   78.5 -999.9  339    3.2 0 0 0
C1  1.5908  34.4557  102.1072     21.6   21.5   78.7 -999.9  351    2.8 0 0 0
C1  1.5918  34.4544  102.1073     21.6   21.4   78.4 -999.9  315    2.0 0 0 0
C1  1.5928  34.4530  102.1073     21.7   21.6   79.2 -999.9  274    4.7 0 0 0
C1  1.6005  34.4517  102.1074     21.7   21.1   78.9 -999.9  251    5.1 0 0 0
C1  1.6015  34.4506  102.1074     21.7   21.8   78.5 -999.9  286    6.5 0 0 0
C1  1.6025  34.4494  102.1075     21.7   21.7   78.7 -999.9  331    5.7 0 0 0
C1  1.6035  34.4481  102.1075     21.6   21.1   78.8 -999.9  299    5.5 0 0 0
C1  1.6045  34.4467  102.1075     21.7   21.0   78.4 -999.9  322    6.7 0 1 0
C1  1.6055  34.4452  102.1076     21.7   21.4   78.8 -999.9  290    5.7 0 0 0
C1  1.6065  34.4438  102.1076     21.6   21.5   78.9 -999.9  291    7.7 0 0 0
C1  1.6075  34.4423  102.1077     21.6   21.3   78.8 -999.9  303    7.7 0 0 0
C1  1.6085  34.4411  102.1077     21.5   21.7   79.1 -999.9  280    7.1 0 1 0
C1  1.6095  34.4400  102.1077     21.6   21.8   79.0 -999.9  270    6.6 0 0 0
C1  1.6172  34.4391  102.1078     21.6   21.2   78.9 -999.9  311    6.1 0 0 0
C1  1.6182  34.4381  102.1078     21.6   21.7   78.7 -999.9  285    9.1 0 0 0
C1  1.6192  34.4374  102.1078     21.6   21.6   78.8 -999.9  263   10.7 0 1 0
C1  1.6202  34.4369  102.1079     21.6   21.3   78.8 -999.9  278    9.7 0 0 0
C1  1.6215  34.4364  102.1079     21.6   21.6   78.9 -999.9  283    7.2 0 0 0
C1  1.6222  34.4363  102.1079     21.2   21.4   79.7 -999.9  297    7.6 0 1 0
C1  1.6232  34.4363  102.1079     21.2   21.7   79.0 -999.9  276    9.1 0 0 0
C1  1.6245  34.4363  102.1079     21.1   21.6   79.0 -999.9  280    7.3 0 0 0
C1  1.6252  34.4363  102.1079     21.3   21.5   79.3 -999.9  276    8.2 0 0 0
C1  1.6262  34.4363  102.1080     20.9   21.9   79.1 -999.9  279    8.0 0 0 0
C1  1.6338  34.4363  102.1080     20.8   21.3   78.7 -999.9  275    8.9 0 0 0
C1  1.6348  34.4363  102.1080     20.8   21.8   78.6 -999.9  269    8.9 0 0 0
C1  1.6358  34.4362  102.1080     21.6   21.3   78.3 -999.9  272    8.8 0 0 0
C1  1.6368  34.4362  102.1080     20.8   21.4   78.2 -999.9  278    9.1 0 0 0
C1  1.6378  34.4363  102.1080     20.8   21.8   78.3 -999.9  282    8.4 0 0 0
C1  1.6388  34.4363  102.1080     20.9   21.2   78.5 -999.9  287    8.1 0 0 0
C1  1.6398  34.4363  102.1080     20.8   22.1   79.0 -999.9  283    7.6 0 0 0
C1  1.6412  34.4363  102.1080     20.9   21.7   79.0 -999.9  284    8.1 0 0 0
C1  1.6422  34.4363  102.1080     20.6   21.4   78.4 -999.9  287    8.7 0 0 0
C1  1.6428  34.4363  102.1080     21.3   21.4   78.8 -999.9  294    7.7 0 0 0
C1  1.6505  34.4360  102.1079     21.3   21.7   79.0 -999.9  328   10.6 0 1 0
C1  1.6515  34.4354  102.1079     21.6   21.6   79.2 -999.9  332    8.3 0 1 0
C1  1.6525  34.4346  102.1079     21.2   21.9   79.5 -999.9  326    5.9 0 0 0
C1  1.6535  34.4338  102.1080     21.2   21.3   79.3 -999.9  302    5.4 0 0 0
C1  1.6545  34.4329  102.1080     21.2   21.5   79.4 -999.9  298    5.3 0 0 0
C1  1.6555  34.4320  102.1080     21.1   21.6   79.4 -999.9  308    7.9 0 0 0
C1  1.6565  34.4310  102.1080     21.2   21.3   78.5 -999.9  300    8.4 0 0 0
C1  1.6575  34.4300  102.1081     21.4   21.3   78.4 -999.9  302    7.6 0 0 0
C1  1.6585  34.4291  102.1081     21.4   21.8   78.4 -999.9  298    7.5 0 0 0
C1  1.6595  34.4281  102.1081     21.4   21.1   79.1 -999.9  309    7.8 0 0 0
C1  1.6672  34.4271  102.1081     21.3   21.8   79.6 -999.9  301    7.0 0 0 0
C1  1.6682  34.4260  102.1082     21.2   20.9   79.5 -999.9  293    6.1 0 0 0
C1  1.6692  34.4251  102.1082     21.2   22.2   79.8 -999.9  284    4.9 0 0 0
C1  1.6702  34.4242  102.1082     21.2   21.8   79.7 -999.9  298    6.7 0 0 0
C1  1.6712  34.4234  102.1082     21.2   21.7   79.5 -999.9  288    7.8 0 0 0
C1  1.6722  34.4226  102.1082     21.1   21.7   79.8 -999.9  295    6.3 0 0 0
C1  1.6732  34.4219  102.1083     21.1   21.0   79.9 -999.9  305   10.3 0 0 0
C1  1.6742  34.4210  102.1083     21.1   21.3   79.9 -999.9  314    8.2 0 0 0
C1  1.6752  34.4201  102.1083     21.1   21.8   80.0 -999.9  310    7.6 0 0 0
C1  1.6762  34.4192  102.1083     21.1   22.2   80.3 -999.9  289   10.3 0 0 0
C1  1.6838  34.4184  102.1084     21.1   21.5   80.0 -999.9  308    8.1 0 0 0
C1  1.6848  34.4175  102.1084     21.1   21.6   50.0 -999.9  318    8.7 1 0 0
C1  1.6858  34.4165  102.1084     21.1   21.4   80.1 -999.9  329    5.9 0 0 0
C1  1.6868  34.4155  102.1084     21.1   21.7   79.9 -999.9  294   10.7 0 0 0
C1  1.6878  34.4144  102.1084     21.1   21.8   79.5 -999.9  308    7.1 0 0 0
C1  1.6888  34.4135  102.1085     21.1   21.2   79.7 -999.9  297   10.2 0 0 0
C1  1.6898  34.4124  102.1085     21.2   21.6   79.9 -999.9  306    4.5 0 0 0
C1  1.6908  34.4114  102.1085     21.2   22.0   80.0 -999.9  309    8.8 0 0 0
C1  1.6918  34.4103  102.1085     21.2   21.9   79.7 -999.9  298    7.9 0 0 0
C1  1.6928  34.4093  102.1085     21.3   21.7   79.5 -999.9  302    7.8 0 0 0
C1  1.7005  34.4082  102.1085     21.3   21.6   79.7 -999.9  301    8.2 0 0 0
C1  1.7015  34.4072  102.1085     21.4   21.1   79.9 -999.9  295    4.6 0 0 0
C1  1.7025  34.4061  102.1085     21.6   21.3   79.7 -999.9  298    3.4 0 0 0
C1  1.7035  34.4051  102.1085     21.5   21.2   79.4 -999.9  283    5.1 0 0 0
C1  1.7045  34.4041  102.1085     21.6   21.5   79.6 -999.9  296    3.1 0 0 0
C1  1.7055  34.4031  102.1085     21.6   21.0   79.1 -999.9  317    5.5 0 0 0
C1  1.7065  34.4020  102.1085     21.6   21.9   79.2 -999.9  333    9.5 0 0 0
C1  1.7075  34.4009  102.1086     21.6   21.4   80.0 -999.9  314    5.6 0 0 0
C1  1.7085  34.3999  102.1090     21.6   21.2   80.6 -999.9  315    4.8 0 0 0
C1  1.7095  34.3991  102.1095     21.6   21.3   80.5 -999.9  307    8.1 0 0 0
C1  1.7172  34.3982  102.1103     21.6   21.7   80.7 -999.9  307    5.7 0 0 0
C1  1.7182  34.3976  102.1111     21.7   21.6   81.1 -999.9  318    6.0 0 0 0
C1  1.7192  34.3969  102.1120     21.7   21.9   81.8 -999.9  313    6.3 0 0 0
C1  1.7202  34.3962  102.1128     21.7   21.7   80.4 -999.9  327    6.4 0 0 0
C1  1.7212  34.3955  102.1136     21.7   21.1   79.5 -999.9  336    7.2 0 0 0
C1  1.7222  34.3948  102.1144     21.7   21.3   78.8 -999.9  341    8.4 0 0 0
C1  1.7232  34.3940  102.1150     21.7   21.6   78.3 -999.9  349    8.7 0 0 0
C1  1.7242  34.3933  102.1154     21.7   21.5   79.2 -999.9  307    6.0 0 1 0
C1  1.7252  34.3931  102.1154     21.7   22.0   79.3 -999.9  226    4.3 0 1 0
C1  1.7262  34.3931  102.1153     21.7   21.8   80.1 -999.9  338    4.4 0 0 0
C1  1.7338  34.3932  102.1153     21.6   21.8   80.7 -999.9  341    7.7 0 0 0
C1  1.7348  34.3932  102.1153     21.6   21.8   80.0 -999.9  343    6.5 0 0 0
C1  1.7358  34.3932  102.1153     21.6   21.8   80.5 -999.9  346    5.9 0 0 0
C1  1.7368  34.3933  102.1153     21.4   21.9   80.7 -999.9  358    6.0 0 0 0
C1  1.7378  34.3933  102.1153     21.4   21.6   80.3 -999.9  349    6.4 0 0 0
C1  1.7392  34.3933  102.1153     21.4   21.6   80.1 -999.9  347    6.1 0 0 0
C1  1.7398  34.3933  102.1153     21.4   21.7   80.3 -999.9  345    6.0 0 0 0
C1  1.7408  34.3934  102.1153     21.4   21.5   80.5 -999.9  331    5.7 0 0 0
C1  1.7422  34.3934  102.1153     21.4   21.7   80.6 -999.9  321    6.1 0 0 0
C1  1.7428  34.3934  102.1153     21.4   21.4   80.3 -999.9  306    4.4 0 0 0
C1  1.7507  34.3935  102.1153     21.6   22.0   79.5 -999.9  291    5.4 0 0 0
C1  1.7515  34.3935  102.1153     21.6   21.6   79.4 -999.9  311    5.1 0 0 0
C1  1.7528  34.3935  102.1153     21.7   21.5   79.3 -999.9  303    4.7 0 0 0
C1  1.7535  34.3936  102.1153     21.7   21.3   78.7 -999.9  301    4.4 0 0 0
C1  1.7547  34.3936  102.1154     21.7   21.7   78.7 -999.9  319    4.0 0 0 0
C1  1.7558  34.3936  102.1154     21.7   21.3   78.4 -999.9  316    4.8 0 0 0
C1  1.7568  34.3937  102.1154     21.6   21.7   78.8 -999.9  314    4.4 0 0 0
C1  1.7578  34.3937  102.1154     21.7   21.9   79.3 -999.9  318    5.1 0 0 0
C1  1.7585  34.3937  102.1154     21.7   21.5   79.4 -999.9  318    4.3 0 0 0
C1  1.7595  34.3937  102.1154     21.6   21.7   79.5 -999.9  327    5.2 0 0 0
C1  1.7672  34.3937  102.1154     21.6   22.0   79.3 -999.9  318    4.6 0 0 0
C1  1.7682  34.3937  102.1154     21.6   21.7   79.4 -999.9  319    4.9 0 0 0
C1  1.7692  34.3937  102.1154     21.6   21.9   79.1 -999.9  306    6.0 0 0 0
C1  1.7702  34.3937  102.1154     21.7   21.6   78.4 -999.9  312    5.8 0 0 0
C1  1.7712  34.3937  102.1154     21.7   21.6   78.1 -999.9  313    4.7 0 0 0
C1  1.7722  34.3937  102.1155     21.7   21.5   77.9 -999.9  310    3.9 0 0 0
C1  1.7732  34.3937  102.1155     21.7   21.9   77.8 -999.9  311    3.3 0 0 0
C1  1.7742  34.3937  102.1155     21.7   21.5   77.9 -999.9  303    3.2 0 0 0
C1  1.7752  34.3937  102.1155     21.7   21.5   78.1 -999.9  300    3.1 0 0 0
C1  1.7762  34.3937  102.1155     21.7   21.7   78.4 -999.9  304    2.2 0 0 0
C1  1.7838  34.3937  102.1155     21.7   21.7   78.4 -999.9  299    2.0 0 0 0
C1  1.7848  34.3936  102.1155     21.7   21.9   78.8 -999.9  288    2.4 0 0 0
C1  1.7858  34.3936  102.1155     21.7   22.0   79.0 -999.9  299    1.9 0 0 0
C1  1.7868  34.3936  102.1155     21.7   21.6   78.7 -999.9  300    2.6 0 0 0
C1  1.7878  34.3936  102.1155     21.7   21.8   78.7 -999.9  302    2.4 0 0 0
C1  1.7888  34.3936  102.1155     21.7   21.7   78.5 -999.9  304    1.9 0 0 0
C1  1.7898  34.3935  102.1155     21.7   22.0   78.5 -999.9  309    1.4 0 0 0
C1  1.7908  34.3935  102.1156     21.7   21.4   78.3 -999.9  327    1.2 0 0 0
C1  1.7918  34.3935  102.1156     21.7   21.8   78.3 -999.9  306    1.0 0 0 0
C1  1.7928  34.3935  102.1156     21.7   22.1   78.3 -999.9  306    1.1 0 0 0
C1  1.8005  34.3935  102.1156     21.7   21.2   78.3 -999.9  308    1.3 0 0 0
C1  1.8015  34.3934  102.1156     21.7   21.5   78.3 -999.9  306    1.0 0 0 0
C1  1.8025  34.3934  102.1156     21.9   21.7   78.7 -999.9  305    0.7 0 0 0
C1  1.8035  34.3934  102.1156     21.9   21.6   78.5 -999.9  308    0.5 0 0 0
C1  1.8048  34.3934  102.1156     21.8   21.6   78.3 -999.9  312    0.3 0 0 0
C1  1.8055  34.3934  102.1156     21.7   21.8   78.4 -999.9  330    0.4 0 0 0
C1  1.8068  34.3934  102.1156     21.7   22.0   78.3 -999.9  348    0.3 0 0 0
C1  1.8075  34.3934  102.1156     21.7   21.5   78.2 -999.9  348    0.4 0 0 0
C1  1.8085  34.3934  102.1156     21.7   21.3   78.2 -999.9   18    0.1 0 0 0
C1  1.8095  34.3934  102.1156     21.7   21.6   78.3 -999.9  114    0.3 0 0 0
C1  1.8172  34.3934  102.1156     21.7   22.0   78.3 -999.9  126    0.7 0 0 0
C1  1.8182  34.3934  102.1156     21.7   21.5   78.1 -999.9  126    0.8 0 0 0
C1  1.8192  34.3934  102.1156     21.7   22.1   78.2 -999.9  127    0.9 0 0 0
C1  1.8202  34.3934  102.1155     21.7   21.7   78.4 -999.9  141    1.2 0 0 0
C1  1.8212  34.3934  102.1155     21.7   21.9   78.0 -999.9  138    1.5 0 0 0
C1  1.8222  34.3934  102.1155     21.7   22.1   78.1 -999.9  140    1.8 0 0 0
C1  1.8232  34.3934  102.1155     21.7   21.9   78.5 -999.9  145    2.0 0 0 0
C1  1.8242  34.3934  102.1155     21.7   21.9   78.6 -999.9  149    2.5 0 0 0
C1  1.8252  34.3934  102.1154     21.7   21.6   78.8 -999.9  154    2.5 0 0 0
C1  1.8262  34.3934  102.1154     21.7   21.8   78.1 -999.9  161    2.4 0 0 0
C1  1.8338  34.3934  102.1154     21.7   21.8   78.1 -999.9  161    2.2 0 0 0
C1  1.8352  34.3934  102.1153     21.7   21.6   78.2 -999.9  157    2.2 0 0 0
C1  1.8358  34.3934  102.1153     21.7   20.9   78.3 -999.9  153    2.6 0 0 0
C1  1.8368  34.3934  102.1153     21.7   21.7   78.3 -999.9  152    3.1 0 0 0
C1  1.8378  34.3934  102.1152     21.7   22.2   78.2 -999.9  151    3.1 0 0 0
C1  1.8388  34.3934  102.1152     21.7   22.0   78.0 -999.9  151    2.6 0 0 0
C1  1.8398  34.3934  102.1152     21.7   21.8   78.4 -999.9  153    2.7 0 0 0
C1  1.8408  34.3934  102.1151     21.7   21.9   78.6 -999.9  152    2.6 0 0 0
C1  1.8420  34.3934  102.1151     21.7   22.0   78.3 -999.9  158    2.4 0 0 0
C1  1.8428  34.3934  102.1151     21.7   21.9   78.7 -999.9  161    2.6 0 0 0
C1  1.8505  34.3934  102.1150     21.7   21.7   78.5 -999.9  161    2.7 0 0 0
C1  1.8515  34.3934  102.1150     21.7   22.0   79.0 -999.9  166    2.5 0 0 0
C1  1.8525  34.3934  102.1150     21.7   22.0   79.1 -999.9  163    2.5 0 0 0
C1  1.8535  34.3934  102.1149     21.7   21.6   79.2 -999.9  152    2.9 0 0 0
C1  1.8545  34.3934  102.1149     21.7   21.8   79.5 -999.9  142    2.7 0 0 0
C1  1.8555  34.3934  102.1149     21.7   22.0   79.1 -999.9  147    2.3 0 0 0
C1  1.8565  34.3934  102.1149     21.7   22.2   79.4 -999.9  153    2.0 0 0 0
C1  1.8575  34.3934  102.1149     21.7   22.0   79.2 -999.9  154    2.0 0 0 0
C1  1.8585  34.3934  102.1149     21.6   21.7   79.2 -999.9  156    2.1 0 0 0
C1  1.8595  34.3934  102.1148     21.7   21.9   79.0 -999.9  154    2.1 0 0 0
C1  1.8675  34.3934  102.1148     21.7   21.8   79.1 -999.9  166    2.0 0 0 0
C1  1.8682  34.3933  102.1148     21.7   21.9   78.9 -999.9  171    1.9 0 0 0
C1  1.8695  34.3933  102.1148     21.7   21.9   79.1 -999.9  179    1.5 0 0 0
C1  1.8705  34.3933  102.1148     21.7   22.1   79.2 -999.9  177    1.3 0 0 0
C1  1.8712  34.3933  102.1148     21.7   21.9   78.9 -999.9  177    1.2 0 0 0
C1  1.8723  34.3933  102.1148     21.7   21.5   78.8 -999.9  178    1.0 0 0 0
C1  1.8732  34.3933  102.1148     21.7   21.6   79.2 -999.9  179    0.7 0 0 0
C1  1.8742  34.3933  102.1148     21.8   21.6   79.1 -999.9  182    0.4 0 0 0
C1  1.8752  34.3933  102.1148     21.9   21.7   79.5 -999.9  219    0.2 0 0 0
C1  1.8762  34.3933  102.1148     21.8   21.9   79.9 -999.9  280    0.6 0 0 0
C1  1.8842  34.3933  102.1148     21.7   21.9   79.7 -999.9  281    0.9 0 0 0
C1  1.8852  34.3933  102.1149     21.7   22.1   79.9 -999.9  286    1.1 0 0 0
C1  1.8862  34.3933  102.1149     21.7   21.6   79.5 -999.9  287    1.2 0 0 0
C1  1.8870  34.3933  102.1149     21.7   21.9   79.5 -999.9  288    1.3 0 0 0
C1  1.8878  34.3933  102.1149     21.7   22.1   79.5 -999.9  296    1.2 0 0 0
C1  1.8892  34.3933  102.1149     21.7   21.8   79.5 -999.9  301    1.3 0 0 0
C1  1.8898  34.3933  102.1149     21.7   21.7   79.5 -999.9  303    1.3 0 0 0
C1  1.8908  34.3933  102.1149     21.7   21.8   80.0 -999.9  284    1.2 0 0 0
C1  1.8922  34.3933  102.1150     21.7   21.9   79.2 -999.9  287    1.2 0 0 0
C1  1.8932  34.3933  102.1150     21.7   22.1   78.7 -999.9  286    1.4 0 0 0
C1  1.9008  34.3933  102.1150     21.8   21.5   78.5 -999.9  276    1.8 0 0 0
C1  1.9018  34.3934  102.1150     21.9   21.5   78.3 -999.9  269    1.3 0 0 0
C1  1.9025  34.3934  102.1151     21.9   22.1   78.3 -999.9  263    0.9 0 0 0
C1  1.9038  34.3934  102.1151     21.9   21.4   78.1 -999.9  252    1.0 0 0 0
C1  1.9048  34.3934  102.1151     22.0   22.0   78.1 -999.9  235    1.9 0 0 0
C1  1.9058  34.3934  102.1152     22.2   22.3   77.9 -999.9  238    1.3 0 0 0
C1  1.9067  34.3934  102.1152     22.2   21.7   77.7 -999.9  260    0.4 0 0 0
C1  1.9078  34.3934  102.1152     22.2   21.4   77.5 -999.9  272    0.2 0 0 0
C1  1.9085  34.3934  102.1152     22.2   22.2   77.7 -999.9  283    0.0 0 0 0
C1  1.9098  34.3935  102.1153     22.2   21.9   77.6 -999.9    0    0.0 0 0 0
C1  1.9173  34.3935  102.1153     22.3   21.6   77.5 -999.9  312    0.1 0 0 0
C1  1.9182  34.3935  102.1153     22.5   22.1   78.2 -999.9    4    1.2 0 0 0
C1  1.9192  34.3935  102.1154     22.3   22.1   78.5 -999.9  351    1.9 0 0 0
C1  1.9202  34.3935  102.1154     22.1   22.0   78.4 -999.9  332    2.1 0 0 0
C1  1.9212  34.3935  102.1154     22.1   21.9   77.7 -999.9  327    2.2 0 0 0
C1  1.9225  34.3936  102.1154     22.1   21.9   77.9 -999.9  321    2.6 0 0 0
C1  1.9235  34.3936  102.1155     22.1   22.6   78.3 -999.9  276    3.2 0 0 0
C1  1.9242  34.3936  102.1155     22.2   21.7   77.4 -999.9  259    3.5 0 0 0
C1  1.9252  34.3934  102.1157     22.3   22.0   77.4 -999.9  336    3.4 0 1 0
C1  1.9262  34.3932  102.1158     22.3   21.8   77.3 -999.9  273    6.0 0 0 0
C1  1.9342  34.3932  102.1158     22.4   21.9   77.5 -999.9  261    3.7 0 0 0
C1  1.9352  34.3932  102.1158     22.3   22.4   77.9 -999.9  260    3.2 0 0 0
C1  1.9362  34.3932  102.1158     22.4   22.0   77.7 -999.9  284    3.5 0 0 0
C1  1.9372  34.3932  102.1158     22.4   22.4   77.9 -999.9  275    3.8 0 0 0
C1  1.9382  34.3932  102.1159     22.4   22.6   77.4 -999.9  263    4.5 0 0 0
C1  1.9392  34.3932  102.1159     22.4   22.1   76.9 -999.9  271    4.5 0 0 0
C1  1.9402  34.3932  102.1159     22.5   22.1   76.7 -999.9  270    5.2 0 0 0
C1  1.9412  34.3932  102.1159     22.6   21.9   75.3 -999.9  218    5.4 0 0 0
C1  1.9422  34.3933  102.1159     22.6   22.1   76.0 -999.9  280    3.6 0 0 0
C1  1.9432  34.3933  102.1159     22.6   22.3   74.7 -999.9  234    3.0 0 0 0
C1  1.9508  34.3933  102.1159     22.6   22.3   72.7 -999.9  239    3.2 1 0 1
C1  1.9518  34.3933  102.1159     22.6   22.1   75.7 -999.9  316    4.0 0 0 0
C1  1.9527  34.3933  102.1159     22.6   22.6   75.4 -999.9  304    3.4 0 0 0
C1  1.9538  34.3933  102.1159     22.6   21.9   75.3 -999.9  304    3.3 0 0 0
C1  1.9545  34.3933  102.1159     22.6   22.3   76.0 -999.9  301    4.4 0 0 0
C1  1.9558  34.3933  102.1159     22.6   22.3   75.4 -999.9  298    5.2 0 0 0
C1  1.9568  34.3933  102.1159     22.6   22.1   75.3 -999.9  289    6.0 0 0 0
C1  1.9578  34.3933  102.1159     22.6   22.3   76.0 -999.9  297    5.7 0 0 0
C1  1.9588  34.3933  102.1159     22.6   22.0   75.3 -999.9  299    5.6 0 0 0
C1  1.9598  34.3933  102.1159     22.6   22.2   75.5 -999.9  266    5.7 0 0 0
C1  1.9675  34.3933  102.1159     22.6   22.2   75.6 -999.9  246    5.8 0 0 0
C1  1.9685  34.3933  102.1159     22.6   22.4   75.5 -999.9  248    5.9 0 0 0
C1  1.9695  34.3933  102.1159     22.6   22.3   75.8 -999.9  259    6.5 0 0 0
C1  1.9705  34.3934  102.1159     22.6   22.3   74.8 -999.9  257    7.3 0 0 0
C1  1.9712  34.3933  102.1159     22.9   22.5   74.0 -999.9  270    7.4 0 0 0
C1  1.9722  34.3928  102.1159     23.0   22.3   73.8 -999.9  339    6.2 0 1 0
C1  1.9732  34.3919  102.1160     23.0   22.7   74.0 -999.9  334    3.0 0 1 0
C1  1.9742  34.3909  102.1160     22.9   22.9   75.0 -999.9  339    2.9 0 0 0
C1  1.9752  34.3897  102.1160     22.9   22.3   75.1 -999.9   26    5.3 0 0 0
C1  1.9762  34.3886  102.1161     22.9   22.3   74.6 -999.9  261    4.6 0 0 0
C1  1.9838  34.3876  102.1161     22.9   22.4   74.6 -999.9  230    3.5 0 0 0
C1  1.9848  34.3867  102.1161     22.9   22.4   74.6 -999.9  263    3.3 0 0 0
C1  1.9858  34.3856  102.1161     22.9   22.9   75.0 -999.9  266    2.4 0 0 0
C1  1.9868  34.3848  102.1161     22.9   22.8   75.0 -999.9  227    5.5 0 1 0
C1  1.9878  34.3841  102.1162     22.8   23.0   75.2 -999.9  245    5.2 0 0 0
C1  1.9888  34.3837  102.1162     22.9   22.6   75.0 -999.9  194   11.8 0 1 0
C1  1.9898  34.3837  102.1162     22.9   22.4   74.8 -999.9  246    3.2 0 0 0
C1  1.9908  34.3834  102.1161     22.8   22.4   74.8 -999.9  303    7.7 0 1 0
C1  1.9918  34.3828  102.1154     22.7   23.0   75.2 -999.9  296    9.5 0 1 0
C1  1.9928  34.3820  102.1145     22.7   22.6   76.0 -999.9  318    5.7 0 0 0
C1  2.0005  34.3812  102.1134     22.6   22.8   76.4 -999.9  230    1.8 0 0 0
C1  2.0015  34.3804  102.1122     22.4   22.7   77.5 -999.9  151    2.7 0 0 0
C1  2.0025  34.3796  102.1110     22.2   22.1   77.8 -999.9  138    5.6 0 0 0
C1  2.0035  34.3789  102.1098     21.9   22.2   78.3 -999.9  129    5.2 0 0 0
C1  2.0045  34.3781  102.1088     21.8   22.4   78.2 -999.9  136    4.0 0 0 0
C1  2.0055  34.3773  102.1078     21.7   22.8   78.9 -999.9  118    1.8 0 0 0
C1  2.0065  34.3765  102.1068     21.7   22.7   79.3 -999.9  121    3.8 0 0 0
C1  2.0075  34.3756  102.1058     21.6   22.4   78.3 -999.9  109    3.8 0 0 0
C1  2.0085  34.3748  102.1048     21.5   22.4   77.9 -999.9  100    3.1 0 0 0
C1  2.0095  34.3740  102.1040     21.4   22.7   77.7 -999.9  106    6.3 0 1 0
C1  2.0172  34.3734  102.1033     21.3   23.3   77.6 -999.9  103    3.7 0 0 0
C1  2.0182  34.3728  102.1026     21.2   22.4   78.2 -999.9  101    4.8 0 0 0
C1  2.0192  34.3724  102.1021     21.1   22.5   78.6 -999.9  116    8.6 0 1 0
C1  2.0202  34.3722  102.1019     20.9   22.7   78.6 -999.9   92    6.3 0 0 0
C1  2.0212  34.3718  102.1015     20.9   22.0   78.4 -999.9   51    2.8 0 1 0
C1  2.0222  34.3714  102.1010     20.9   21.6   78.5 -999.9   88    4.8 0 0 0
C1  2.0232  34.3710  102.1005     20.7   22.3   78.9 -999.9   79    4.5 0 0 0
C1  2.0242  34.3707  102.1001     20.7   22.3   79.8 -999.9   75    4.4 0 0 0
C1  2.0252  34.3703  102.0996     20.6   21.9   80.3 -999.9   58    3.8 0 0 0
C1  2.0262  34.3700  102.0992     20.5   22.1   80.9 -999.9   83    4.3 0 0 0
C1  2.0338  34.3697  102.0988     20.4   21.5   81.2 -999.9   57    4.4 0 0 0
C1  2.0348  34.3694  102.0984     20.4   21.9   81.4 -999.9   64    5.0 0 0 0
C1  2.0358  34.3693  102.0983     20.4   21.7   81.5 -999.9   93    8.5 0 1 0
C1  2.0368  34.3693  102.0982     20.4   21.4   81.5 -999.9   59    4.1 0 0 0
C1  2.0382  34.3693  102.0982     20.4   21.8   81.7 -999.9   57    3.5 0 0 0
C1  2.0392  34.3693  102.0982     20.4   22.3   81.9 -999.9   60    3.8 0 0 0
C1  2.0402  34.3694  102.0982     20.4   21.9   82.2 -999.9   64    3.3 0 0 0
C1  2.0412  34.3694  102.0982     20.4   21.8   82.3 -999.9   61    3.6 0 0 0
C1  2.0422  34.3694  102.0982     20.4   21.7   82.3 -999.9   53    3.9 0 0 0
C1  2.0432  34.3694  102.0982     20.4   21.1   82.6 -999.9   51    3.8 0 0 0
C1  2.0508  34.3694  102.0981     20.4   21.1   82.9 -999.9   54    3.9 0 0 0
C1  2.0518  34.3696  102.0982     20.4   21.4   83.4 -999.9  151    2.6 0 1 0
C1  2.0535  34.3706  102.0994     20.3   21.9   83.8 -999.9  109    8.0 0 1 0
C1  2.0545  34.3714  102.1003     20.2   21.6   83.9 -999.9   91    5.7 0 0 0
C1  2.0555  34.3723  102.1014     20.0   21.2   83.7 -999.9   84    5.1 0 0 0
C1  2.0565  34.3732  102.1025     19.9   21.5   83.6 -999.9   75    4.6 0 0 0
C1  2.0575  34.3741  102.1036     19.9   21.0   83.7 -999.9   78    4.1 0 0 0
C1  2.0585  34.3750  102.1047     20.0   21.5   83.8 -999.9   78    4.3 0 0 0
C1  2.0595  34.3759  102.1057     20.0   21.4   84.1 -999.9   76    3.6 0 0 0
C1  2.0672  34.3768  102.1068     20.1   21.1   84.5 -999.9   61    2.4 0 0 0
C1  2.0682  34.3776  102.1078     20.0   21.3   84.7 -999.9   75    3.3 0 0 0
C1  2.0692  34.3784  102.1089     20.0   20.9   85.1 -999.9   91    4.3 0 0 0
C1  2.0702  34.3792  102.1101     20.0   21.2   85.4 -999.9  115    3.8 0 0 0
C1  2.0712  34.3800  102.1113     20.1   21.1   85.8 -999.9  102    4.2 0 0 0
C1  2.0722  34.3807  102.1125     20.2   21.4   86.0 -999.9  101    2.9 0 0 0
C1  2.0732  34.3815  102.1137     20.2   21.4   86.5 -999.9  115    4.3 0 0 0
C1  2.0742  34.3823  102.1148     20.3   20.7   86.7 -999.9  106    2.8 0 0 0
C1  2.0752  34.3830  102.1156     20.4   21.0   86.9 -999.9  351    3.6 0 1 0
C1  2.0762  34.3834  102.1162     20.4   21.7   87.2 -999.9  315    4.6 0 1 0
C1  2.0838  34.3836  102.1164     20.4   20.6   86.7 -999.9  173    3.6 0 0 0
C1  2.0848  34.3843  102.1164     20.5   21.0   86.9 -999.9  170    5.9 0 1 0
C1  2.0858  34.3851  102.1164     20.5   21.1   87.3 -999.9  149    3.7 0 0 0
C1  2.0868  34.3861  102.1164     20.4   20.9   87.4 -999.9  141    3.8 0 0 0
C1  2.0878  34.3871  102.1164     20.5   20.8   87.2 -999.9  154    3.1 0 0 0
C1  2.0888  34.3882  102.1164     20.6   21.3   87.6 -999.9  111    1.7 0 0 0
C1  2.0898  34.3893  102.1164     20.6   21.0   87.7 -999.9  129    3.4 0 0 0
C1  2.0908  34.3906  102.1163     20.6   21.3   87.4 -999.9  143    5.7 0 0 0
C1  2.0918  34.3919  102.1163     20.7   21.0   86.8 -999.9  164    5.2 0 0 0
C1  2.0928  34.3931  102.1161     20.7   20.6   86.8 -999.9  129    3.9 0 1 0
C1  2.1005  34.3943  102.1156     20.7   20.9   87.0 -999.9  162    4.7 0 1 0
C1  2.1015  34.3954  102.1146     20.7   20.8   86.7 -999.9  167    4.9 0 1 0
C1  2.1025  34.3964  102.1133     20.8   21.5   86.6 -999.9  136    6.2 0 0 0
C1  2.1035  34.3974  102.1121     20.9   21.2   86.3 -999.9  119    6.1 0 0 0
C1  2.1045  34.3984  102.1109     20.9   20.7   86.3 -999.9  120    7.1 0 0 0
C1  2.1055  34.3994  102.1098     20.8   21.4   86.5 -999.9  128    5.9 0 1 0
C1  2.1065  34.4005  102.1091     20.9   21.1   86.0 -999.9   93    8.8 0 1 0
C1  2.1075  34.4018  102.1088     21.1   21.0   85.5 -999.9  113    8.5 0 1 0
C1  2.1085  34.4031  102.1088     21.2   20.8   86.0 -999.9  141    6.5 0 0 0
C1  2.1095  34.4046  102.1087     21.2   20.8   85.9 -999.9  139    5.8 0 0 0
C1  2.1172  34.4060  102.1087     21.2   20.8   85.3 -999.9  145    4.2 0 0 0
C1  2.1182  34.4074  102.1086     21.3   20.5   85.1 -999.9  151    4.8 0 0 0
C1  2.1192  34.4088  102.1086     21.2   20.9   85.0 -999.9  142    4.7 0 0 0
C1  2.1202  34.4102  102.1085     21.2   21.2   85.0 -999.9  130    4.1 0 0 0
C1  2.1212  34.4117  102.1085     21.3   20.8   84.5 -999.9  126    6.8 0 0 0
C1  2.1222  34.4131  102.1084     21.5   21.1   83.6 -999.9  130    7.5 0 0 0
C1  2.1232  34.4145  102.1084     21.4   20.5   83.5 -999.9  138    8.0 0 0 0
C1  2.1242  34.4158  102.1084     21.6   21.4   83.7 -999.9  124    5.0 0 0 0
C1  2.1252  34.4170  102.1083     21.4   21.2   83.8 -999.9  115    4.9 0 0 0
C1  2.1262  34.4179  102.1083     21.4   21.3   84.1 -999.9  109    4.9 0 0 0
C1  2.1338  34.4188  102.1082     21.4   20.9   83.7 -999.9  130    5.8 0 0 0
C1  2.1348  34.4197  102.1082     21.4   20.8   83.5 -999.9  128    5.8 0 0 0
C1  2.1358  34.4207  102.1081     21.4   20.8   83.3 -999.9  143    6.2 0 0 0
C1  2.1368  34.4216  102.1081     21.4   21.1   83.2 -999.9  135    5.6 0 0 0
C1  2.1378  34.4226  102.1081     21.3   21.3   83.5 -999.9  136    7.3 0 0 0
C1  2.1388  34.4236  102.1080     21.5   21.4   82.8 -999.9  127    8.2 0 0 0
C1  2.1398  34.4246  102.1080     21.7   21.3   81.6 -999.9  136    6.8 0 0 0
C1  2.1408  34.4256  102.1080     21.7   21.6   81.9 -999.9  134    8.0 0 0 0
C1  2.1418  34.4265  102.1079     21.7   21.2   81.6 -999.9  147    7.9 0 0 0
C1  2.1428  34.4276  102.1079     21.7   21.1   81.9 -999.9  138    8.6 0 0 0
C1  2.1505  34.4286  102.1078     21.7   21.7   81.8 -999.9  132    6.7 0 0 0
C1  2.1515  34.4296  102.1078     21.7   20.9   81.6 -999.9  114    8.4 0 0 0
C1  2.1525  34.4304  102.1078     21.7   20.5   81.0 -999.9  120    6.9 0 0 0
C1  2.1535  34.4315  102.1078     21.7   21.5   81.5 -999.9  148   10.4 0 1 0
C1  2.1545  34.4329  102.1078     21.7   21.9   81.8 -999.9  163    9.4 0 1 0
C1  2.1555  34.4343  102.1077     21.7   21.4   81.2 -999.9  153    6.0 0 0 0
C1  2.1565  34.4357  102.1077     21.7   21.7   81.0 -999.9  134    4.9 0 0 0
C1  2.1575  34.4370  102.1076     21.5   21.4   80.8 -999.9  105    6.7 0 0 0
C1  2.1585  34.4383  102.1076     21.7   21.5   80.2 -999.9  116    7.0 0 0 0
C1  2.1595  34.4397  102.1076     21.8   21.5   79.7 -999.9  133    7.9 0 0 0
C1  2.1672  34.4411  102.1075     21.9   21.4   79.8 -999.9  151    5.6 0 0 0
C1  2.1682  34.4426  102.1075     21.9   21.6   80.1 -999.9  135    5.6 0 0 0
C1  2.1692  34.4440  102.1075     21.8   21.5   79.9 -999.9  145    5.7 0 0 0
C1  2.1702  34.4456  102.1075     21.9   21.7   79.3 -999.9  167    5.7 0 0 0
C1  2.1712  34.4471  102.1074     21.9   21.4   79.8 -999.9  142    6.5 0 0 0
C1  2.1722  34.4486  102.1074     21.9   21.7   79.8 -999.9  132    5.7 0 0 0
C1  2.1732  34.4500  102.1074     21.9   22.0   79.5 -999.9  111    4.7 0 0 0
C1  2.1742  34.4513  102.1073     21.9   22.3   79.6 -999.9  111    5.7 0 0 0
C1  2.1752  34.4525  102.1073     21.9   22.0   79.7 -999.9  129    6.7 0 0 0
C1  2.1762  34.4538  102.1073     21.9   21.8   79.3 -999.9  126    7.6 0 0 0
C1  2.1838  34.4551  102.1073     21.9   21.4   79.3 -999.9  122    6.8 0 0 0
C1  2.1848  34.4563  102.1072     21.9   21.7   79.1 -999.9  121    7.5 0 0 0
C1  2.1858  34.4576  102.1072     21.9   21.6   78.9 -999.9  115    8.1 0 0 0
C1  2.1868  34.4588  102.1072     21.8   21.7   78.5 -999.9  114    4.4 0 0 0
C1  2.1878  34.4601  102.1072     21.9   21.8   77.3 -999.9  115    5.5 0 0 0
C1  2.1888  34.4612  102.1071     21.9   22.2   76.1 -999.9   83    6.0 0 0 0
C1  2.1898  34.4624  102.1071     22.0   21.9   75.4 -999.9   93    5.4 0 0 0
C1  2.1908  34.4635  102.1070     22.1   21.9   75.4 -999.9   93    5.1 0 0 0
C1  2.1918  34.4646  102.1070     22.0   22.1   74.7 -999.9  115    4.6 0 0 0
C1  2.1928  34.4658  102.1070     21.9   21.6   74.0 -999.9  128    3.4 0 0 0
C1  2.2005  34.4669  102.1070     21.8   21.3   72.8 -999.9  101    4.9 0 0 0
C1  2.2015  34.4680  102.1069     21.9   21.6   72.7 -999.9  111    6.7 0 0 0
C1  2.2025  34.4692  102.1069     21.9   21.5   72.9 -999.9  110    9.4 0 0 0
C1  2.2035  34.4704  102.1069     21.9   21.6   72.3 -999.9   94    5.6 0 0 0
C1  2.2045  34.4716  102.1068     21.9   21.9   71.6 -999.9  143    1.8 0 0 0
C1  2.2055  34.4729  102.1068     22.2   21.7   71.2 -999.9  111    2.5 0 0 0
C1  2.2065  34.4741  102.1068     22.2   21.8   70.7 -999.9   92    2.6 0 0 0
C1  2.2075  34.4752  102.1067     21.9   21.7   71.3 -999.9  348    1.7 0 0 0
C1  2.2085  34.4763  102.1067     21.8   22.1   71.1 -999.9  189    0.2 0 0 0
C1  2.2095  34.4774  102.1067     21.8   22.0   70.7 -999.9  127    1.1 0 0 0
C1  2.2172  34.4786  102.1066     21.9   22.1   70.6 -999.9  162    1.8 0 0 0
C1  2.2182  34.4798  102.1066     21.8   22.4   70.3 -999.9  112    1.3 0 0 0
C1  2.2192  34.4809  102.1066     21.7   21.7   70.4 -999.9   70    5.3 0 0 0
C1  2.2202  34.4820  102.1065     21.5   21.7   70.2 -999.9   68    3.9 0 0 0
C1  2.2212  34.4831  102.1065     21.6   22.1   69.6 -999.9   76    5.2 0 0 0
C1  2.2222  34.4843  102.1065     21.6   22.3   69.2 -999.9  123    2.6 0 0 0
C1  2.2232  34.4856  102.1065     21.3   21.9   69.6 -999.9   90    3.4 0 0 0
C1  2.2242  34.4868  102.1064     21.1   22.2   69.9 -999.9   95    3.5 0 0 0
C1  2.2252  34.4880  102.1064     20.8   22.0   70.3 -999.9  111    3.6 0 0 0
C1  2.2262  34.4892  102.1064     20.7   21.3   70.2 -999.9  113    2.6 0 0 0
C1  2.2338  34.4901  102.1064     20.7   22.1   69.2 -999.9   20    7.8 0 1 0
C1  2.2348  34.4909  102.1064     20.8   22.3   69.5 -999.9   75    2.0 0 0 0
C1  2.2358  34.4917  102.1064     20.9   21.3   69.5 -999.9  105    4.1 0 0 0
C1  2.2368  34.4927  102.1064     20.9   21.5   69.3 -999.9   89    4.0 0 0 0
C1  2.2378  34.4937  102.1063     20.9   21.4   69.8 -999.9   90    4.6 0 0 0
C1  2.2388  34.4947  102.1063     20.8   21.1   70.1 -999.9   93    4.7 0 0 0
C1  2.2398  34.4958  102.1063     21.1   21.6   69.2 -999.9   89    4.5 0 0 0
C1  2.2408  34.4968  102.1063     21.2   21.1   68.8 -999.9   99    3.6 0 0 0
C1  2.2418  34.4979  102.1063     21.3   21.8   68.9 -999.9  126    4.6 0 0 0
C1  2.2428  34.4990  102.1063     21.2   21.4   70.1 -999.9  122    4.4 0 0 0
C1  2.2505  34.5001  102.1063     21.4   21.5   69.6 -999.9   90    5.7 0 0 0
C1  2.2515  34.5011  102.1062     21.6   21.7   69.6 -999.9   96    5.8 0 0 0
C1  2.2525  34.5022  102.1062     21.7   21.4   70.3 -999.9   96    7.7 0 0 0
C1  2.2535  34.5032  102.1062     21.8   22.0   70.2 -999.9  100    7.6 0 0 0
C1  2.2545  34.5043  102.1062     22.0   21.5   69.6 -999.9  100    6.8 0 0 0
C1  2.2555  34.5054  102.1062     22.1   21.6   68.9 -999.9   86    6.5 0 0 0
C1  2.2565  34.5065  102.1062     22.3   22.1   69.1 -999.9   98    6.8 0 0 0
C1  2.2575  34.5076  102.1062     22.4   21.9   68.5 -999.9  106    4.3 0 0 0
C1  2.2585  34.5087  102.1062     22.3   21.7   68.0 -999.9  107    5.1 0 0 0
C1  2.2595  34.5099  102.1062     22.4   21.6   67.5 -999.9  127    6.9 0 0 0
C1  2.2672  34.5111  102.1062     22.5   21.6   67.8 -999.9  117    9.0 0 0 0
C1  2.2682  34.5123  102.1061     22.6   22.1   68.1 -999.9  124    7.0 0 0 0
C1  2.2692  34.5134  102.1061     22.5   21.8   68.6 -999.9  119    8.8 0 0 0
C1  2.2702  34.5147  102.1061     22.6   21.6   67.9 -999.9  117    7.3 0 0 0
C1  2.2712  34.5159  102.1061     22.6   21.9   67.3 -999.9  120    6.3 0 0 0
C1  2.2722  34.5171  102.1061     22.6   21.8   66.5 -999.9  104    4.9 0 0 0
C1  2.2732  34.5184  102.1061     22.7   21.8   66.6 -999.9  117    6.6 0 0 0
C1  2.2742  34.5196  102.1060     22.8   21.8   66.1 -999.9  119    7.4 0 0 0
C1  2.2752  34.5208  102.1060     22.9   22.0   66.1 -999.9  130    8.2 0 0 0
C1  2.2762  34.5220  102.1060     22.9   22.4   66.8 -999.9  131    9.9 0 0 0
C1  2.2838  34.5232  102.1060     22.8   21.8   66.8 -999.9  135   10.1 0 0 0
C1  2.2848  34.5244  102.1060     22.7   22.2   66.8 -999.9  150    9.3 0 0 0
C1  2.2858  34.5256  102.1060     22.7   22.3   66.8 -999.9  131    8.7 0 0 0
C1  2.2868  34.5264  102.1060     22.6   22.2   66.8 -999.9  118    8.8 0 1 0
C1  2.2878  34.5271  102.1060     22.6   22.3   51.8 -999.9  127    8.0 0 0 0
C1  2.2888  34.5277  102.1060     22.6   21.8   66.6 -999.9  136   11.9 0 0 0
C1  2.2898  34.5284  102.1060     22.6   22.8   67.0 -999.9  145   13.1 0 0 0
C1  2.2908  34.5293  102.1059     22.6   22.5   66.6 -999.9  146   11.0 0 0 0
C1  2.2918  34.5302  102.1059     22.6   22.7   66.4 -999.9  148   12.3 0 0 0
C1  2.2928  34.5312  102.1059     22.6   22.3   66.6 -999.9  144   12.4 0 0 0
C1  2.3005  34.5323  102.1059     22.6   22.2   66.7 -999.9  145   10.5 0 0 0
C1  2.3015  34.5333  102.1059     22.4   22.6   66.7 -999.9  146    9.5 0 0 0
C1  2.3025  34.5342  102.1059     22.4   22.2   67.0 -999.9  141    9.8 0 0 0
C1  2.3035  34.5352  102.1059     22.4   22.4   66.3 -999.9  146    8.5 0 0 0
C1  2.3045  34.5361  102.1059     22.4   22.2   65.9 -999.9  157    8.6 0 0 0
C1  2.3055  34.5370  102.1059     22.4   22.6   66.4 -999.9  148    7.5 0 0 0
C1  2.3065  34.5379  102.1059     22.4   22.0   66.5 -999.9  116    6.3 0 0 0
C1  2.3075  34.5385  102.1059     22.2   22.3   66.3 -999.9   69    4.0 0 1 0
C1  2.3085  34.5388  102.1059     22.2   22.0   44.7 -999.9   82    4.6 1 0 0
C1  2.3095  34.5389  102.1059     22.2   22.3   65.5 -999.9   60    5.4 0 1 0
C1  2.3172  34.5389  102.1059     22.2   22.2   65.8 -999.9  112    2.1 0 0 0
C1  2.3182  34.5389  102.1059     22.1   21.8   66.4 -999.9   30    0.4 0 0 0
C1  2.3192  34.5390  102.1059     22.1   21.9   65.9 -999.9    9    1.5 0 0 0
C1  2.3203  34.5391  102.1059     22.1   22.6   54.5 -999.9   98    1.6 1 0 1
C1  2.3212  34.5391  102.1059     22.1   22.5   65.0 -999.9   48    3.9 0 0 0
C1  2.3222  34.5391  102.1060     22.1   22.4   63.9 -999.9   58    6.9 0 0 0
C1  2.3232  34.5392  102.1059     22.1   22.3   63.9 -999.9   63    4.4 0 0 0
C1  2.3242  34.5393  102.1059     22.0   22.6   64.2 -999.9   32    9.3 0 0 0
C1  2.3252  34.5395  102.1059     21.9   22.4   64.4 -999.9  121    3.8 0 1 0
C1  2.3262  34.5399  102.1059     21.8   22.8   64.5 -999.9  112    3.2 0 0 0
C1  2.3338  34.5402  102.1059     21.8   22.8   64.7 -999.9   72    6.2 0 0 0
C1  2.3348  34.5407  102.1059     21.8   22.3   64.6 -999.9  115    5.4 0 0 0
C1  2.3358  34.5412  102.1059     21.7   22.6   65.4 -999.9  105    6.2 0 0 0
C1  2.3368  34.5415  102.1059     21.5   22.7   66.6 -999.9   69   10.6 0 1 0
C1  2.3378  34.5415  102.1059     21.3   22.2   67.5 -999.9   63    9.7 0 0 0
C1  2.3388  34.5415  102.1059     21.2   21.8   54.6 -999.9  136    8.6 0 0 0
C1  2.3398  34.5415  102.1059     21.1   22.2   68.5 -999.9   51    8.2 0 0 0
C1  2.3410  34.5415  102.1059     21.1   22.4   69.0 -999.9   48    8.4 0 0 0
C1  2.3420  34.5415  102.1059     21.0   21.4   69.1 -999.9   60    8.6 0 0 0
C1  2.3428  34.5415  102.1059     20.9   21.7   69.2 -999.9   49    8.9 0 0 0
C1  2.3507  34.5415  102.1059     20.9   22.7   69.6 -999.9   68    8.2 0 0 0
C1  2.3515  34.5415  102.1059     20.7   21.8   69.7 -999.9   64    9.8 0 0 0
C1  2.3525  34.5414  102.1059     20.7   22.3   70.0 -999.9   71    7.8 0 0 0
C1  2.3535  34.5414  102.1059     20.7   21.9   70.3 -999.9   51    7.4 0 0 0
C1  2.3545  34.5414  102.1059     20.6   22.2   70.2 -999.9   55   10.3 0 0 0
C1  2.3557  34.5414  102.1059     20.5   22.2   70.6 -999.9   53    8.5 0 0 0
C1  2.3565  34.5414  102.1059     20.4   22.1   70.7 -999.9   46    6.9 0 0 0
C1  2.3575  34.5412  102.1059     20.4   22.0   71.0 -999.9  295    6.2 0 1 0
C1  2.3585  34.5409  102.1059     20.4   21.8   70.9 -999.9  330    9.8 0 0 0
C1  2.3595  34.5407  102.1059     20.4   21.6   70.8 -999.9  300    8.3 0 0 0
C1  2.3672  34.5405  102.1059     20.4   21.6   70.9 -999.9  327    7.1 0 0 0
C1  2.3682  34.5403  102.1059     20.4   22.0   71.2 -999.9  329    5.8 0 0 0
C1  2.3693  34.5402  102.1059     20.4   21.8   71.3 -999.9  106    2.4 0 0 0
C1  2.3702  34.5400  102.1058     20.4   22.0   71.8 -999.9  345    6.0 0 1 0
C1  2.3712  34.5398  102.1058     20.4   21.5   72.4 -999.9  326    9.9 0 0 0
C1  2.3722  34.5397  102.1058     20.4   21.9   72.3 -999.9   95    6.0 0 0 0
C1  2.3733  34.5397  102.1058     20.4   21.4   72.0 -999.9  121    4.2 0 0 0
C1  2.3742  34.5396  102.1058     20.4   21.4   71.8 -999.9  122    7.2 0 0 0
C1  2.3752  34.5397  102.1058     20.4   21.2   71.8 -999.9  117    3.6 0 0 0
C1  2.3763  34.5397  102.1058     20.4   22.0   72.3 -999.9  143    8.4 0 0 0
C1  2.3840  34.5397  102.1057     20.4   21.6   71.6 -999.9  133    8.0 0 0 0
C1  2.3850  34.5397  102.1057     20.4   21.4   71.9 -999.9   79    7.9 0 0 0
C1  2.3858  34.5397  102.1057     20.4   21.8   72.6 -999.9   83    8.0 0 0 0
C1  2.3868  34.5395  102.1057     20.4   21.4   72.8 -999.9   72    6.1 0 0 0
C1  2.3880  34.5394  102.1057     20.4   21.6   73.2 -999.9   56    4.8 0 0 0
C1  2.3888  34.5392  102.1057     20.4   21.4   73.6 -999.9   71    8.0 0 0 0
C1  2.3898  34.5391  102.1054     20.4   21.6   73.6 -999.9  330    9.1 0 1 0
C1  2.3908  34.5391  102.1046     20.4   21.3   72.5 -999.9   50    9.2 0 1 0
C1  2.3918  34.5390  102.1035     20.5   21.4   72.4 -999.9   49   11.7 0 0 0
C1  2.3928  34.5390  102.1025     20.8   21.7   71.0 -999.9   62   14.7 0 0 0
C1  2.4005  34.5390  102.1016     21.0   20.6   71.5 -999.9   53   13.5 0 0 0
C1  2.4015  34.5390  102.1013     20.8   21.0   73.1 -999.9   65   13.9 0 1 0
C1  2.4025  34.5390  102.1012     20.5   21.3   73.3 -999.9   57   10.8 0 1 0
C1  2.4037  34.5390  102.1012     20.5   21.4   73.2 -999.9   51    8.6 0 0 0
C1  2.4047  34.5390  102.1012     20.4   21.2   73.4 -999.9   50    6.8 0 0 0
C1  2.4057  34.5389  102.1012     20.4   21.0   73.8 -999.9   54    6.5 0 0 0
C1  2.4065  34.5389  102.1012     20.4   21.2   73.7 -999.9   62    8.0 0 0 0
C1  2.4075  34.5389  102.1008     20.4   21.0   73.3 -999.9   52    4.0 0 1 0
C1  2.4085  34.5389  102.1001     20.4   20.9   73.2 -999.9   62    6.7 0 0 0
C1  2.4095  34.5389  102.0993     20.4   21.0   73.4 -999.9   63    7.3 0 0 0
C1  2.4172  34.5389  102.0984     20.4   21.2   73.8 -999.9   79    5.9 0 0 0
C1  2.4182  34.5388  102.0975     20.4   21.1   73.9 -999.9   74    6.8 0 0 0
C1  2.4192  34.5388  102.0967     20.4   20.9   74.2 -999.9   83    9.9 0 1 0
C1  2.4202  34.5388  102.0963     20.4   21.4   74.3 -999.9   88   12.9 0 1 0
C1  2.4212  34.5387  102.0962     20.3   20.8   74.6 -999.9   90   12.6 0 1 0
C1  2.4222  34.5387  102.0962     20.3   20.7   74.3 -999.9   89    8.2 0 0 0
C1  2.4232  34.5387  102.0962     20.4   21.1   74.1 -999.9   82    7.6 0 0 0
C1  2.4242  34.5386  102.0962     20.4   20.9   74.0 -999.9   74    9.6 0 0 0
C1  2.4252  34.5386  102.0962     20.4   20.9   73.6 -999.9   74    8.8 0 0 0
C1  2.4262  34.5386  102.0962     20.5   20.8   72.7 -999.9   73    9.1 0 0 0
C1  2.4338  34.5386  102.0962     20.6   21.1   72.4 -999.9   83   10.4 0 0 0
C1  2.4348  34.5386  102.0962     20.7   20.8   71.5 -999.9   81    9.5 0 0 0
C1  2.4358  34.5385  102.0962     20.9   21.2   71.1 -999.9   81   10.7 0 0 0
C1  2.4368  34.5385  102.0962     21.1   21.3   70.6 -999.9   71   11.1 0 0 0
C1  2.4380  34.5385  102.0962     21.1   21.3   70.8 -999.9   76    9.3 0 0 0
C1  2.4388  34.5385  102.0962     21.1   21.0   71.9 -999.9   83    9.0 0 0 0
C1  2.4398  34.5384  102.0962     21.1   20.7   71.6 -999.9   85    7.6 0 0 0
C1  2.4408  34.5384  102.0962     21.1   21.0   71.5 -999.9   82    8.6 0 0 0
C1  2.4418  34.5384  102.0957     21.1   20.9   71.8 -999.9  196    0.7 0 1 0
C1  2.4428  34.5384  102.0947     21.1   20.9   71.9 -999.9  112    2.3 0 1 0
C1  2.4505  34.5384  102.0935     21.1   20.6   71.9 -999.9   96    9.7 0 0 0
C1  2.4515  34.5384  102.0925     21.1   21.4   71.5 -999.9   86    9.8 0 0 0
C1  2.4525  34.5383  102.0914     21.1   21.0   71.8 -999.9   91    8.8 0 0 0
C1  2.4535  34.5383  102.0903     21.1   21.2   71.1 -999.9   84    8.8 0 0 0
C1  2.4545  34.5383  102.0891     21.1   21.5   72.6 -999.9   97    8.9 0 0 0
C1  2.4555  34.5382  102.0880     20.9   21.2   66.6 -999.9   85   10.1 0 0 0
C1  2.4565  34.5382  102.0867     21.2   20.9   72.7 -999.9  101    8.3 0 0 0
C1  2.4575  34.5382  102.0853     20.9   21.2   73.3 -999.9   95    6.0 0 0 0
C1  2.4585  34.5382  102.0839     20.8   20.8   73.2 -999.9   90    6.2 0 0 0
C1  2.4595  34.5382  102.0826     20.8   21.7   72.6 -999.9   83    5.4 0 0 0
C1  2.4672  34.5382  102.0812     20.8   21.0   72.8 -999.9   79    2.1 0 0 0
C1  2.4682  34.5381  102.0799     20.7   20.7   73.4 -999.9   74    2.8 0 0 0
C1  2.4692  34.5381  102.0786     20.6   21.0   73.6 -999.9   95    3.7 0 0 0
C1  2.4702  34.5381  102.0774     20.6   21.2   73.5 -999.9  143    2.5 0 0 0
C1  2.4712  34.5381  102.0761     20.5   21.0   73.1 -999.9  103    3.2 0 0 0
C1  2.4722  34.5381  102.0748     20.6   20.5   72.8 -999.9  117    1.8 0 0 0
C1  2.4732  34.5381  102.0735     20.5   21.1   73.4 -999.9  117    6.6 0 0 0
C1  2.4742  34.5381  102.0724     20.7   21.2   72.7 -999.9  117    6.0 0 0 0
C1  2.4752  34.5381  102.0713     20.7   21.1   72.8 -999.9  130    4.3 0 0 0
C1  2.4762  34.5380  102.0701     20.7   21.1   73.2 -999.9  148    5.6 0 0 0
C1  2.4838  34.5380  102.0688     20.5   20.9   73.8 -999.9  139    4.9 0 0 0
C1  2.4848  34.5380  102.0675     20.5   21.1   74.4 -999.9  124    7.7 0 0 0
C1  2.4858  34.5380  102.0662     20.4   21.2   74.4 -999.9  127    7.5 0 0 0
C1  2.4868  34.5380  102.0650     20.4   20.8   74.4 -999.9  125    7.5 0 0 0
C1  2.4878  34.5380  102.0637     20.4   21.1   74.6 -999.9  134    8.2 0 0 0
C1  2.4888  34.5380  102.0625     20.3   20.0   74.6 -999.9  137    8.1 0 0 0
C1  2.4898  34.5380  102.0612     20.1   20.9   75.0 -999.9  103    5.8 0 0 0
C1  2.4908  34.5380  102.0600     20.0   20.9   74.8 -999.9   96   12.1 0 0 0
C1  2.4918  34.5380  102.0588     20.0   21.2   75.1 -999.9   86   14.0 0 0 0
C1  2.4928  34.5380  102.0578     19.9   20.9   75.3 -999.9   86   12.4 0 0 0
C1  2.5005  34.5380  102.0568     19.9   21.0   75.6 -999.9   95    9.0 0 0 0
C1  2.5015  34.5380  102.0557     19.6   20.9   75.3 -999.9   83   12.6 0 0 0
C1  2.5025  34.5380  102.0549     19.6   20.9   75.7 -999.9   80   10.0 0 0 0
C1  2.5035  34.5380  102.0540     19.6   20.8   76.3 -999.9   88    8.9 0 0 0
C1  2.5045  34.5380  102.0531     19.4   20.4   76.5 -999.9   80    7.9 0 0 0
C1  2.5055  34.5380  102.0520     19.4   21.1   76.8 -999.9   73    8.9 0 0 0
C1  2.5065  34.5380  102.0509     19.4   20.8   76.6 -999.9   77   10.8 0 0 0
C1  2.5075  34.5380  102.0500     19.3   20.9   77.0 -999.9   73   14.0 0 1 0
C1  2.5085  34.5380  102.0494     19.2   20.6   76.8 -999.9   73   12.8 0 0 0
C1  2.5095  34.5380  102.0485     19.2   20.8   76.7 -999.9   62    7.9 0 1 0
C1  2.5172  34.5380  102.0475     19.2   20.4   77.1 -999.9   72   10.1 0 0 0
C1  2.5182  34.5380  102.0465     19.1   20.2   77.5 -999.9   67   10.2 0 0 0
C1  2.5192  34.5380  102.0453     19.0   20.2   77.9 -999.9   69    8.8 0 0 0
C1  2.5202  34.5380  102.0444     18.9   20.0   78.3 -999.9   77   10.7 0 1 0
C1  2.5212  34.5380  102.0437     18.9   20.2   78.9 -999.9   75    9.7 0 0 0
C1  2.5222  34.5380  102.0431     18.9   19.9   78.7 -999.9   73   10.0 0 0 0
C1  2.5232  34.5380  102.0425     18.9   20.1   78.9 -999.9   73    8.5 0 0 0
C1  2.5242  34.5380  102.0419     18.9   20.0   79.3 -999.9   73   10.5 0 0 0
C1  2.5252  34.5380  102.0413     18.9   19.5   79.1 -999.9   79    8.5 0 0 0
C1  2.5262  34.5380  102.0407     18.9   19.6   78.9 -999.9   74    8.0 0 0 0
C1  2.5338  34.5380  102.0400     19.1   19.2   78.0 -999.9   90    8.5 0 0 0
C1  2.5348  34.5380  102.0394     19.2   19.9   78.2 -999.9  102    6.9 0 0 0
C1  2.5358  34.5380  102.0387     19.4   20.1   78.8 -999.9   84    7.0 0 0 0
C1  2.5368  34.5379  102.0379     19.2   19.7   79.4 -999.9   75    7.5 0 0 0
C1  2.5378  34.5378  102.0371     19.2   20.3   79.7 -999.9   87   10.8 0 0 0
C1  2.5388  34.5377  102.0365     19.2   20.0   80.0 -999.9   97   10.3 0 0 0
C1  2.5398  34.5376  102.0361     19.2   19.9   80.5 -999.9   96   12.2 0 0 0
C1  2.5408  34.5376  102.0358     19.2   20.1   80.2 -999.9   94   12.0 0 0 0
C1  2.5418  34.5376  102.0357     19.2   20.0   80.4 -999.9   87   12.3 0 0 0
C1  2.5430  34.5376  102.0357     19.2   20.2   80.8 -999.9   88    9.5 0 0 0
C1  2.5505  34.5376  102.0356     19.2   19.7   80.8 -999.9   85   10.7 0 0 0
C1  2.5517  34.5376  102.0356     19.2   20.2   81.1 -999.9   84    9.3 0 0 0
C1  2.5527  34.5376  102.0356     19.2   20.0   80.9 -999.9   99    9.3 0 0 0
C1  2.5537  34.5376  102.0355     19.2   19.3   81.4 -999.9   79    6.6 0 0 0
C1  2.5547  34.5376  102.0355     19.2   19.6   81.2 -999.9   65    6.5 0 0 0
C1  2.5557  34.5376  102.0354     19.2   19.7   81.3 -999.9   89    6.0 0 0 0
C1  2.5567  34.5376  102.0354     19.2   19.8   81.3 -999.9   90    7.5 0 0 0
C1  2.5577  34.5376  102.0353     19.2   19.6   81.7 -999.9   91    6.8 0 0 0
C1  2.5585  34.5376  102.0352     19.2   19.9   81.5 -999.9  108    5.4 0 0 0
C1  2.5595  34.5376  102.0350     19.2   20.0   81.5 -999.9  108    7.6 0 0 0
C1  2.5672  34.5375  102.0348     19.1   20.1   81.7 -999.9  105    8.8 0 0 0
C1  2.5682  34.5374  102.0345     19.0   19.8   81.8 -999.9  119    6.4 0 0 0
C1  2.5692  34.5374  102.0340     19.0   19.8   81.9 -999.9  121    8.0 0 0 0
C1  2.5702  34.5372  102.0335     19.0   19.3   82.0 -999.9  116    8.5 0 0 0
C1  2.5712  34.5370  102.0329     19.0   19.5   82.3 -999.9  109    7.9 0 0 0
C1  2.5722  34.5368  102.0323     19.0   19.6   82.3 -999.9  112   10.4 0 0 0
C1  2.5732  34.5366  102.0318     19.0   19.1   82.1 -999.9  103   14.4 0 1 0
C1  2.5742  34.5365  102.0316     19.0   19.8   82.3 -999.9   97    7.8 0 0 0
C1  2.5752  34.5365  102.0315     18.9   19.3   82.4 -999.9   96    7.9 0 0 0
C1  2.5762  34.5365  102.0314     18.9   19.4   82.8 -999.9   53    1.5 0 1 0
C1  2.5838  34.5363  102.0309     18.9   19.6   83.0 -999.9   77    3.1 0 0 0
C1  2.5848  34.5361  102.0304     18.7   20.2   83.0 -999.9  110    4.7 0 0 0
C1  2.5858  34.5359  102.0299     18.8   19.4   82.7 -999.9  118    6.3 0 0 0
C1  2.5872  34.5356  102.0291     18.8   19.3   83.1 -999.9   82    6.2 0 0 0
C1  2.5878  34.5354  102.0287     18.9   19.7   83.2 -999.9   73    6.5 0 0 0
C1  2.5888  34.5352  102.0281     18.9   19.1   83.5 -999.9   78    5.9 0 0 0
C1  2.5898  34.5350  102.0275     18.8   19.6   83.7 -999.9   58    6.5 0 0 0
C1  2.5908  34.5347  102.0267     18.8   19.3   83.7 -999.9   56    6.2 0 0 0
C1  2.5918  34.5343  102.0259     18.9   19.5   83.8 -999.9   40    3.8 0 0 0
C1  2.5928  34.5339  102.0248     18.9   18.8   84.0 -999.9   50    3.7 0 0 0
C1  2.6005  34.5335  102.0238     18.9   19.2   83.9 -999.9   94    8.5 0 0 0
C1  2.6015  34.5331  102.0228     18.9   19.5   83.7 -999.9  131    5.2 0 0 0
C1  2.6025  34.5326  102.0217     18.9   19.7   83.8 -999.9  119    3.6 0 0 0
C1  2.6035  34.5322  102.0206     18.9   19.4   84.1 -999.9   86    2.2 0 0 0
C1  2.6045  34.5318  102.0195     18.9   19.6   84.2 -999.9  155    2.3 0 0 0
C1  2.6055  34.5313  102.0183     18.9   19.6   83.9 -999.9  156    2.7 0 0 0
C1  2.6065  34.5309  102.0170     19.0   19.6   83.7 -999.9   91    2.8 0 0 0
C1  2.6075  34.5306  102.0157     19.1   19.2   83.9 -999.9   91    5.5 0 0 0
C1  2.6085  34.5303  102.0144     19.1   19.4   83.7 -999.9   58    6.0 0 0 0
C1  2.6095  34.5302  102.0131     19.2   19.4   83.7 -999.9   57    6.3 0 0 0
C1  2.6172  34.5301  102.0117     19.4   19.2   83.4 -999.9   69    4.9 0 0 0
C1  2.6182  34.5300  102.0104     19.5   19.1   83.4 -999.9   90    6.4 0 0 0
C1  2.6192  34.5300  102.0090     19.9   19.6   83.9 -999.9  136    6.7 0 0 0
C1  2.6202  34.5300  102.0077     19.8   19.4   83.6 -999.9  144    4.2 0 0 0
C1  2.6212  34.5300  102.0063     19.9   18.8   83.8 -999.9  143    4.2 0 0 0
C1  2.6222  34.5300  102.0049     20.1   19.9   83.8 -999.9  148    7.9 0 0 0
C1  2.6232  34.5300  102.0036     20.3   19.3   83.0 -999.9  134    4.1 0 0 0
C1  2.6242  34.5299  102.0022     20.4   19.4   83.3 -999.9  118    4.5 0 0 0
C1  2.6252  34.5299  102.0008     20.4   19.4   83.4 -999.9  131    5.7 0 0 0
C1  2.6262  34.5299  101.9994     20.8   20.0   83.0 -999.9  111    7.6 0 0 0
C1  2.6338  34.5299  101.9980     20.7   19.4   81.8 -999.9   98    6.3 0 0 0
C1  2.6348  34.5299  101.9966     20.6   19.1   80.6 -999.9   62    6.5 0 0 0
C1  2.6358  34.5299  101.9952     20.4   20.1   79.3 -999.9   57    7.9 0 0 0
C1  2.6368  34.5299  101.9937     20.3   19.7   79.3 -999.9   62    5.9 0 0 0
C1  2.6378  34.5299  101.9923     19.8   20.0   79.3 -999.9   69    7.2 0 0 0
C1  2.6388  34.5298  101.9909     19.9   19.9   79.1 -999.9   67    5.5 0 0 0
C1  2.6398  34.5298  101.9895     19.9   19.9   79.5 -999.9   72    4.3 0 0 0
C1  2.6408  34.5298  101.9881     19.8   19.6   79.9 -999.9   82    4.7 0 0 0
C1  2.6418  34.5298  101.9864     20.1   20.0   80.1 -999.9   76    3.0 0 1 0
C1  2.6428  34.5298  101.9845     20.1   19.8   79.7 -999.9   87    5.7 0 0 0
C1  2.6505  34.5298  101.9827     19.9   19.9   79.3 -999.9   81    8.4 0 0 0
C1  2.6515  34.5297  101.9811     20.1   19.6   79.6 -999.9   77    8.8 0 0 0
C1  2.6525  34.5297  101.9796     19.9   20.0   80.5 -999.9   73    7.1 0 0 0
C1  2.6535  34.5297  101.9780     19.9   20.2   80.2 -999.9   71    6.3 0 0 0
C1  2.6545  34.5297  101.9763     19.7   19.8   79.9 -999.9   65    6.0 0 0 0
C1  2.6555  34.5297  101.9748     20.0   20.0   79.4 -999.9   67    8.0 0 0 0
C1  2.6565  34.5297  101.9732     19.8   19.8   75.6 -999.9   62    7.7 0 0 0
C1  2.6575  34.5297  101.9717     19.8   19.6   79.7 -999.9   66    7.7 0 0 0
C1  2.6585  34.5297  101.9701     19.8   20.2   79.9 -999.9   68    6.5 0 0 0
C1  2.6595  34.5297  101.9686     19.8   20.0   79.8 -999.9   65    9.9 0 0 0
C1  2.6672  34.5297  101.9671     19.8   19.9   79.4 -999.9   60   10.8 0 0 0
C1  2.6682  34.5297  101.9656     19.4   19.9   79.6 -999.9   61    7.4 0 0 0
C1  2.6692  34.5297  101.9641     19.6   19.8   79.4 -999.9   67    8.3 0 0 0
C1  2.6702  34.5297  101.9627     19.6   19.3   79.4 -999.9   72    6.9 0 0 0
C1  2.6712  34.5296  101.9613     19.2   20.2   79.7 -999.9   59    7.2 0 0 0
C1  2.6722  34.5296  101.9599     19.1   19.7   79.8 -999.9   70    8.9 0 0 0
C1  2.6732  34.5296  101.9586     19.2   20.3   80.3 -999.9   65    8.8 0 0 0
C1  2.6742  34.5296  101.9572     19.2   20.0   80.3 -999.9   67    9.7 0 0 0
C1  2.6752  34.5296  101.9558     19.1   20.1   80.5 -999.9   48   10.6 0 0 0
C1  2.6762  34.5296  101.9544     19.0   19.7   80.8 -999.9   40   10.3 0 0 0
C1  2.6838  34.5296  101.9530     19.0   19.5   80.6 -999.9   40   11.0 0 0 0
C1  2.6848  34.5296  101.9516     18.8   20.1   81.0 -999.9   32   10.3 0 0 0
C1  2.6858  34.5296  101.9501     19.0   19.6   81.5 -999.9   41   10.0 0 0 0
C1  2.6868  34.5296  101.9487     18.8   20.0   81.4 -999.9   46   11.6 0 0 0
C1  2.6878  34.5296  101.9472     18.8   19.6   81.8 -999.9   47    8.3 0 0 0
C1  2.6888  34.5295  101.9457     18.8   20.0   82.0 -999.9   36    6.6 0 0 0
C1  2.6898  34.5295  101.9442     18.6   19.7   82.3 -999.9   39    7.5 0 0 0
C1  2.6908  34.5295  101.9426     18.6   19.7   82.4 -999.9   66    5.5 0 0 0
C1  2.6918  34.5295  101.9410     18.8   19.7   82.1 -999.9   63    6.5 0 0 0
C1  2.6928  34.5295  101.9395     19.0   19.5   82.2 -999.9   59    6.4 0 0 0
C1  2.7005  34.5295  101.9379     19.0   19.4   82.0 -999.9   77    7.9 0 0 0
C1  2.7015  34.5294  101.9364     18.8   19.5   82.1 -999.9   73   11.2 0 0 0
C1  2.7025  34.5294  101.9349     18.5   19.5   82.2 -999.9   74    8.3 0 0 0
C1  2.7035  34.5294  101.9334     18.6   19.1   82.6 -999.9   49    8.9 0 0 0
C1  2.7045  34.5294  101.9319     18.4   19.4   82.7 -999.9   50    9.5 0 0 0
C1  2.7055  34.5294  101.9304     18.4   19.7   82.6 -999.9   69    9.4 0 0 0
C1  2.7065  34.5294  101.9289     18.4   19.4   82.6 -999.9   59    9.9 0 0 0
C1  2.7075  34.5294  101.9275     18.4   19.1   82.2 -999.9   70    7.8 0 0 0
C1  2.7085  34.5294  101.9260     18.4   19.3   82.4 -999.9   64    6.9 0 0 0
C1  2.7095  34.5294  101.9246     18.4   19.4   82.4 -999.9   54    4.6 0 0 0
C1  2.7172  34.5294  101.9231     18.4   19.6   82.2 -999.9   47    4.1 0 0 0
C1  2.7182  34.5294  101.9215     18.3   19.4   82.3 -999.9   46    4.7 0 0 0
C1  2.7192  34.5294  101.9201     18.2   19.3   82.7 -999.9   55    4.0 0 0 0
C1  2.7202  34.5294  101.9186     18.7   19.4   74.6 -999.9   34    2.8 0 0 0
C1  2.7212  34.5294  101.9172     18.4   19.2   63.2 -999.9   26    4.5 1 0 0
C1  2.7222  34.5294  101.9158     18.4   19.1   80.8 -999.9   43    2.5 0 0 0
C1  2.7232  34.5294  101.9143     18.6   18.6   77.0 -999.9   89    5.6 0 0 0
C1  2.7242  34.5294  101.9128     19.0   19.2   76.9 -999.9  104    7.7 0 0 0
C1  2.7252  34.5294  101.9114     19.2   19.1   75.2 -999.9  107   10.5 0 0 0
C1  2.7262  34.5294  101.9100     19.6   19.3   81.8 -999.9  127    9.3 0 0 0
C1  2.7338  34.5294  101.9086     19.6   19.2   81.7 -999.9  135    6.6 0 0 0
C1  2.7348  34.5294  101.9072     19.6   19.3   81.5 -999.9   90    6.0 0 0 0
C1  2.7358  34.5294  101.9058     19.8   18.7   80.7 -999.9   67   11.3 0 0 0
C1  2.7368  34.5294  101.9048     19.5   19.2   80.4 -999.9   65   14.2 0 1 0
C1  2.7378  34.5294  101.9038     19.5   19.1   80.5 -999.9   67    9.9 0 0 0
C1  2.7388  34.5294  101.9026     19.6   19.3   79.4 -999.9   58    9.1 0 0 0
C1  2.7398  34.5294  101.9013     19.8   19.3   79.1 -999.9   64    4.8 0 0 0
C1  2.7408  34.5294  101.8998     19.8   19.5   78.7 -999.9   54    6.8 0 0 0
C1  2.7418  34.5294  101.8983     19.8   19.6   78.5 -999.9   57    7.2 0 0 0
C1  2.7428  34.5294  101.8969     19.6   19.3   79.6 -999.9   77    7.5 0 0 0
C1  2.7505  34.5294  101.8954     20.0   19.2   79.8 -999.9   87   10.7 0 0 0
C1  2.7515  34.5294  101.8940     20.3   18.8   78.3 -999.9   69   10.6 0 0 0
C1  2.7525  34.5294  101.8925     20.5   19.7   77.1 -999.9   60    7.7 0 0 0
C1  2.7537  34.5294  101.8907     20.6   19.2   78.1 -999.9   72    7.6 0 0 0
C1  2.7545  34.5294  101.8894     20.5   19.4   79.6 -999.9   71    7.4 0 0 0
C1  2.7555  34.5294  101.8879     20.7   20.0   79.8 -999.9  100   10.5 0 0 0
C1  2.7565  34.5294  101.8865     21.2   19.6   77.5 -999.9   84    3.8 0 0 0
C1  2.7575  34.5294  101.8849     21.2   20.1   77.7 -999.9   63    5.5 0 0 0
C1  2.7585  34.5294  101.8834     21.3   19.7   77.3 -999.9   88    7.2 0 0 0
C1  2.7595  34.5294  101.8819     21.6   19.8   76.7 -999.9   90    8.0 0 0 0
C1  2.7672  34.5294  101.8804     21.7   19.5   76.2 -999.9   69    5.5 0 0 0
C1  2.7682  34.5294  101.8790     21.9   20.4   75.8 -999.9  109    9.7 0 0 0
C1  2.7692  34.5294  101.8774     22.1   19.8   74.8 -999.9  124    3.1 0 0 0
C1  2.7702  34.5294  101.8760     22.1   20.3   75.0 -999.9   75    2.9 0 0 0
C1  2.7712  34.5294  101.8745     22.2   20.6   70.0 -999.9   58    3.6 0 0 0
C1  2.7722  34.5294  101.8730     21.9   20.2   74.4 -999.9   62    8.6 0 0 0
C1  2.7732  34.5294  101.8716     21.4   20.5   73.3 -999.9   63   12.5 0 0 0
C1  2.7742  34.5294  101.8701     20.8   20.4   72.7 -999.9   54   10.2 0 0 0
C1  2.7752  34.5294  101.8687     20.4   20.9   73.2 -999.9   68    9.0 0 0 0
C1  2.7762  34.5294  101.8672     20.1   20.9   73.8 -999.9   85    8.8 0 0 0
C1  2.7838  34.5294  101.8658     19.9   20.5   73.8 -999.9   66    8.6 0 0 0
C1  2.7848  34.5294  101.8643     19.7   20.7   73.7 -999.9   61    8.8 0 0 0
C1  2.7858  34.5294  101.8629     19.6   20.2   74.7 -999.9   54    9.9 0 0 0
C1  2.7868  34.5294  101.8614     19.3   20.8   75.7 -999.9   61   11.1 0 0 0
C1  2.7878  34.5294  101.8599     19.2   20.5   76.3 -999.9   67   14.1 0 0 0
C1  2.7888  34.5294  101.8583     19.4   20.5   76.8 -999.9   65   14.3 0 0 0
C1  2.7898  34.5294  101.8568     19.3   20.8   76.7 -999.9   65   12.4 0 0 0
C1  2.7908  34.5294  101.8553     19.4   20.0   76.7 -999.9   70    9.9 0 0 0
C1  2.7918  34.5294  101.8538     19.5   20.7   77.1 -999.9   69    9.7 0 0 0
C1  2.7928  34.5294  101.8523     20.0   20.1   76.7 -999.9   70   11.6 0 0 0
C1  2.8005  34.5294  101.8509     20.3   20.2   77.0 -999.9   64   12.7 0 0 0
C1  2.8015  34.5294  101.8496     20.6   20.2   76.5 -999.9   59   11.5 0 0 0
C1  2.8025  34.5294  101.8482     20.5   20.3   76.8 -999.9   53    9.1 0 0 0
C1  2.8035  34.5294  101.8467     20.4   19.8   76.7 -999.9   58    9.3 0 0 0
C1  2.8045  34.5294  101.8452     20.3   20.3   76.7 -999.9   66    8.6 0 0 0
C1  2.8055  34.5294  101.8437     20.3   20.5   77.0 -999.9   60    8.5 0 0 0
C1  2.8065  34.5294  101.8422     20.1   20.7   76.7 -999.9   58   10.9 0 0 0
C1  2.8075  34.5294  101.8407     20.0   20.7   77.3 -999.9   57   10.4 0 0 0
C1  2.8085  34.5294  101.8393     19.7   20.1   77.7 -999.9   54   10.8 0 0 0
C1  2.8095  34.5294  101.8380     19.8   20.1   77.8 -999.9   50    6.7 0 0 0
C1  2.8172  34.5294  101.8365     19.6   19.9   78.1 -999.9   28    6.4 0 0 0
C1  2.8182  34.5294  101.8350     19.8   20.4   65.2 -999.9   50    6.1 1 0 0
C1  2.8192  34.5294  101.8335     19.7   20.4   77.8 -999.9   39    6.0 0 0 0
C1  2.8202  34.5294  101.8320     19.5   20.5   78.1 -999.9   37    7.6 0 0 0
C1  2.8212  34.5294  101.8305     19.4   19.9   77.9 -999.9   29    7.0 0 0 0
C1  2.8222  34.5294  101.8289     19.1   20.2   78.6 -999.9   45    8.3 0 0 0
C1  2.8232  34.5294  101.8272     19.2   20.4   79.2 -999.9   41    8.4 0 0 0
C1  2.8242  34.5294  101.8256     19.2   20.1   79.3 -999.9   36   13.2 0 0 0
C1  2.8252  34.5294  101.8241     19.0   20.3   79.1 -999.9   42   11.8 0 0 0
C1  2.8262  34.5295  101.8226     19.0   19.6   79.0 -999.9   46   10.5 0 0 0
C1  2.8338  34.5295  101.8212     19.0   19.9   78.8 -999.9   60    9.2 0 0 0
C1  2.8348  34.5295  101.8197     19.9   20.2   76.5 -999.9   60    8.2 0 0 0
C1  2.8358  34.5295  101.8181     20.5   20.1   76.1 -999.9   45    6.3 0 0 0
C1  2.8368  34.5295  101.8166     20.4   20.1   77.7 -999.9   21    6.7 0 0 0
C1  2.8378  34.5295  101.8151     19.9   20.0   78.8 -999.9   24    7.0 0 0 0
C1  2.8388  34.5295  101.8136     19.5   20.4   79.4 -999.9   22    5.9 0 0 0
C1  2.8398  34.5295  101.8121     19.4   19.4   79.0 -999.9   21    6.5 0 0 0
C1  2.8408  34.5295  101.8106     19.4   20.0   78.6 -999.9   31    9.8 0 0 0
C1  2.8418  34.5295  101.8091     19.2   20.0   78.7 -999.9   33   11.0 0 0 0
C1  2.8428  34.5295  101.8077     19.2   20.1   78.6 -999.9   44   10.9 0 0 0
C1  2.8505  34.5295  101.8063     19.1   20.0   78.7 -999.9   34   11.2 0 0 0
C1  2.8515  34.5295  101.8050     19.1   20.0   77.9 -999.9   20   10.2 0 0 0
C1  2.8525  34.5295  101.8036     19.1   19.3   78.6 -999.9   16    8.9 0 0 0
C1  2.8535  34.5295  101.8022     18.9   20.6   78.8 -999.9   16   10.1 0 0 0
C1  2.8545  34.5295  101.8010     18.9   20.1   79.3 -999.9   37    7.1 0 0 0
C1  2.8555  34.5295  101.8001     18.9   19.8   79.9 -999.9   74    6.0 0 0 0
C1  2.8565  34.5295  101.7992     18.9   19.9   79.9 -999.9   45    6.6 0 0 0
C1  2.8575  34.5295  101.7981     19.0   19.9   80.2 -999.9   41    6.7 0 0 0
C1  2.8585  34.5295  101.7971     18.9   19.8   80.0 -999.9   52   11.4 0 0 0
C1  2.8595  34.5295  101.7962     18.9   19.7   79.5 -999.9   47    8.3 0 0 0
C1  2.8672  34.5295  101.7953     18.9   19.7   80.2 -999.9   56    7.5 0 0 0
C1  2.8682  34.5295  101.7946     18.9   19.8   79.6 -999.9   46    9.8 0 0 0
C1  2.8692  34.5296  101.7942     18.9   19.5   79.5 -999.9   30    6.0 0 1 0
C1  2.8702  34.5302  101.7941     19.2   19.3   79.6 -999.9   94    4.6 0 1 0
C1  2.8712  34.5309  101.7943     18.8   18.9   80.1 -999.9   48    7.5 0 1 0
C1  2.8722  34.5317  101.7944     18.6   19.6   68.5 -999.9   54    9.7 0 1 0
C1  2.8732  34.5328  101.7946     18.4   19.5   14.2 -999.9   37   10.4 1 0 0
C1  2.8742  34.5341  101.7948     18.5   19.1   79.9 -999.9   56    9.4 0 0 0
C1  2.8752  34.5354  101.7947     18.6   19.9   80.0 -999.9   71    6.2 0 0 0
C1  2.8762  34.5368  101.7946     18.8   19.6   80.5 -999.9   61    8.7 0 0 0
C1  2.8838  34.5382  101.7944     18.9   19.4   80.9 -999.9   60   14.3 0 0 0
C1  2.8848  34.5396  101.7943     18.9   19.1   81.3 -999.9   55   10.8 0 0 0
C1  2.8858  34.5409  101.7943     19.0   19.3   80.7 -999.9   52   12.6 0 0 0
C1  2.8868  34.5422  101.7943     19.1   19.4   80.2 -999.9   54   14.5 0 0 0
C1  2.8878  34.5436  101.7943     19.0   19.3   79.8 -999.9   62   13.5 0 0 0
C1  2.8888  34.5449  101.7943     19.0   19.6   79.8 -999.9   62   12.8 0 0 0
C1  2.8898  34.5462  101.7943     18.8   19.5   79.7 -999.9   55   12.4 0 0 0
C1  2.8908  34.5475  101.7943     18.8   19.5   79.8 -999.9   51   10.6 0 0 0
C1  2.8918  34.5488  101.7943     18.5   19.4   80.0 -999.9   42    9.1 0 0 0
C1  2.8928  34.5501  101.7943     18.4   18.8   79.7 -999.9   59    9.5 0 0 0
C1  2.9005  34.5514  101.7943     18.1   19.7   79.9 -999.9   57   11.1 0 0 0
C1  2.9015  34.5526  101.7943     18.3   19.6   80.2 -999.9   59   11.9 0 0 0
C1  2.9025  34.5538  101.7943     18.4   19.5   80.5 -999.9   57   11.0 0 0 0
C1  2.9035  34.5549  101.7943     18.4   19.3   80.6 -999.9   67   10.4 0 0 0
C1  2.9045  34.5562  101.7944     18.4   19.1   80.6 -999.9   71    9.2 0 0 0
C1  2.9055  34.5574  101.7944     18.1   19.5   80.6 -999.9   70   10.6 0 0 0
C1  2.9065  34.5587  101.7944     18.0   19.0   80.7 -999.9   70   11.8 0 0 0
C1  2.9075  34.5598  101.7944     18.3   18.7   80.9 -999.9   65   13.0 0 0 0
C1  2.9085  34.5611  101.7944     18.3   18.7   80.8 -999.9   73   10.8 0 0 0
C1  2.9095  34.5624  101.7944     18.1   19.2   81.1 -999.9   73   11.0 0 0 0
C1  2.9172  34.5636  101.7944     18.1   18.6   81.2 -999.9   71   10.7 0 0 0
C1  2.9182  34.5649  101.7944     18.1   18.9   81.2 -999.9   85   11.0 0 0 0
C1  2.9192  34.5662  101.7944     17.9   19.2   81.4 -999.9   85    8.3 0 0 0
C1  2.9202  34.5675  101.7944     17.9   18.9   81.3 -999.9   82    8.6 0 0 0
C1  2.9212  34.5688  101.7944     17.9   19.2   81.3 -999.9   85   10.6 0 0 0
C1  2.9222  34.5701  101.7943     17.7   18.8   81.4 -999.9   93   11.6 0 0 0
C1  2.9232  34.5714  101.7942     17.7   18.5   81.8 -999.9  111   10.6 0 0 0
C1  2.9242  34.5725  101.7939     17.5   18.7   81.6 -999.9   82   10.7 0 1 0
C1  2.9252  34.5736  101.7937     17.3   18.8   81.9 -999.9   78    5.8 0 0 0
C1  2.9262  34.5747  101.7935     17.3   18.5   82.4 -999.9  110    2.6 0 0 0
C1  2.9338  34.5758  101.7933     17.2   18.5   82.8 -999.9  108   10.0 0 0 0
C1  2.9348  34.5770  101.7931     16.9   18.6   81.9 -999.9  103   10.6 0 0 0
C1  2.9358  34.5782  101.7930     16.6   19.0   81.3 -999.9  106   10.9 0 0 0
C1  2.9368  34.5794  101.7931     16.5   18.4   80.9 -999.9  104   11.5 0 0 0
C1  2.9378  34.5807  101.7934     16.4   18.8   80.6 -999.9  100   11.4 0 0 0
C1  2.9388  34.5819  101.7938     16.4   18.1   80.6 -999.9  106   10.5 0 0 0
C1  2.9398  34.5831  101.7945     16.3   18.1   80.8 -999.9  105    8.0 0 0 0
C1  2.9408  34.5843  101.7953     16.3   18.2   80.8 -999.9   90    7.6 0 0 0
C1  2.9418  34.5852  101.7961     16.3   18.1   80.9 -999.9   93    7.6 0 0 0
C1  2.9428  34.5862  101.7969     16.3   17.7   81.3 -999.9   97    8.8 0 0 0
C1  2.9505  34.5872  101.7978     16.2   17.9   82.0 -999.9   92    8.7 0 0 0
C1  2.9515  34.5883  101.7986     16.3   18.1   82.6 -999.9   99   10.1 0 0 0
C1  2.9525  34.5895  101.7994     16.2   18.1   83.1 -999.9   96    9.6 0 0 0
C1  2.9535  34.5906  101.8001     16.2   17.6   83.4 -999.9   80    6.8 0 0 0
C1  2.9545  34.5917  101.8006     16.2   17.8   84.2 -999.9  102    9.5 0 0 0
C1  2.9555  34.5928  101.8011     16.2   18.0   84.6 -999.9  100    8.2 0 0 0
C1  2.9565  34.5939  101.8016     16.1   17.7   84.7 -999.9   98    8.2 0 0 0
C1  2.9575  34.5950  101.8021     16.2   17.4   85.1 -999.9  102    8.7 0 0 0
C1  2.9585  34.5960  101.8026     16.1   17.6   85.6 -999.9  119    7.3 0 0 0
C1  2.9595  34.5971  101.8030     16.2   17.4   86.3 -999.9  103    6.1 0 0 0
C1  2.9672  34.5980  101.8035     16.2   17.5   86.6 -999.9  106    7.9 0 0 0
C1  2.9682  34.5989  101.8039     16.3   17.6   87.0 -999.9  115    9.4 0 0 0
C1  2.9692  34.5998  101.8044     16.3   17.3   87.4 -999.9  129    7.2 0 0 0
C1  2.9702  34.6007  101.8048     16.3   16.7   87.4 -999.9  128    9.5 0 0 0
C1  2.9712  34.6017  101.8052     16.3   17.9   87.3 -999.9  128    9.2 0 0 0
C1  2.9722  34.6026  101.8057     16.4   17.0   87.5 -999.9  132    9.3 0 0 0
C1  2.9732  34.6034  101.8061     16.5   17.2   88.0 -999.9  131   10.0 0 0 0
C1  2.9742  34.6042  101.8065     16.5   17.6   88.3 -999.9  143   11.0 0 0 0
C1  2.9752  34.6049  101.8068     16.5   16.9   88.4 -999.9  124    6.1 0 1 0
C1  2.9762  34.6055  101.8071     16.5   17.2   88.6 -999.9  126    8.5 0 0 0
C1  2.9838  34.6061  101.8074     16.5   17.2   88.5 -999.9  136    7.8 0 0 0
C1  2.9848  34.6067  101.8077     16.4   17.2   88.6 -999.9  129    8.8 0 0 0
C1  2.9858  34.6073  101.8080     16.3   17.4   88.4 -999.9  136    8.2 0 0 0
C1  2.9868  34.6080  101.8083     16.3   17.3   88.0 -999.9  134    9.8 0 0 0
C1  2.9878  34.6088  101.8087     16.3   17.1   87.7 -999.9  138   11.2 0 0 0
C1  2.9888  34.6098  101.8092     16.3   17.1   87.9 -999.9  135   10.4 0 0 0
C1  2.9898  34.6110  101.8097     16.3   17.2   88.0 -999.9  132    8.5 0 0 0
C1  2.9908  34.6121  101.8103     16.5   17.1   88.4 -999.9  113    9.0 0 0 0
C1  2.9918  34.6133  101.8109     16.6   17.7   89.3 -999.9  107   10.1 0 0 0
C1  2.9928  34.6146  101.8114     16.7   16.9   89.6 -999.9  110    7.7 0 0 0
C1  3.0005  34.6157  101.8120     16.7   17.3   89.9 -999.9   95    8.7 0 0 0
C1  3.0015  34.6168  101.8125     16.8   17.1   90.1 -999.9  108    9.9 0 0 0
C1  3.0025  34.6178  101.8130     16.9   17.0   90.7 -999.9  110    9.7 0 0 0
C1  3.0035  34.6189  101.8135     16.8   17.1   90.4 -999.9  110   11.0 0 0 0
C1  3.0045  34.6200  101.8140     16.9   17.3   89.5 -999.9  109   12.2 0 0 0
C1  3.0055  34.6211  101.8145     17.0   16.7   89.1 -999.9  112   12.6 0 0 0
C1  3.0065  34.6223  101.8151     17.1   17.1   88.7 -999.9  107   12.2 0 0 0
C1  3.0075  34.6235  101.8156     17.2   16.9   88.5 -999.9  105   12.1 0 0 0
C1  3.0085  34.6247  101.8161     17.3   17.0   88.3 -999.9   94   11.1 0 0 0
C1  3.0095  34.6259  101.8167     17.4   17.3   87.8 -999.9  106   12.2 0 0 0
C1  3.0172  34.6271  101.8173     17.5   17.5   87.5 -999.9  105   12.3 0 0 0
C1  3.0182  34.6283  101.8178     17.5   16.8   87.3 -999.9  107   13.1 0 0 0
C1  3.0192  34.6295  101.8183     17.4   17.1   87.4 -999.9  118   11.0 0 0 0
C1  3.0202  34.6307  101.8189     17.4   16.9   87.6 -999.9  114   10.7 0 0 0
C1  3.0212  34.6320  101.8195     17.4   17.1   87.6 -999.9  115   11.3 0 0 0
C1  3.0222  34.6333  101.8200     17.4   17.5   87.9 -999.9  111   10.7 0 0 0
C1  3.0232  34.6346  101.8206     17.3   17.3   88.3 -999.9  107   10.1 0 0 0
C1  3.0242  34.6358  101.8212     17.4   17.4   88.5 -999.9  110   10.9 0 0 0
C1  3.0252  34.6371  101.8217     17.4   17.1   88.6 -999.9  114   10.8 0 0 0
C1  3.0262  34.6384  101.8223     17.3   16.9   88.9 -999.9  119    9.4 0 0 0
C1  3.0338  34.6397  101.8229     17.3   17.3   89.2 -999.9  117    9.3 0 0 0
C1  3.0348  34.6409  101.8234     17.2   17.5   89.4 -999.9  109   10.2 0 0 0
C1  3.0358  34.6422  101.8240     17.3   17.2   89.6 -999.9  115   10.3 0 0 0
C1  3.0368  34.6434  101.8245     17.2   16.9   89.8 -999.9  118   10.6 0 0 0
C1  3.0378  34.6447  101.8251     17.3   17.4   89.8 -999.9  128    9.8 0 0 0
C1  3.0388  34.6459  101.8256     17.2   16.9   89.8 -999.9  121    8.1 0 0 0
C1  3.0398  34.6473  101.8262     17.2   17.4   90.1 -999.9  116    7.1 0 0 0
C1  3.0408  34.6486  101.8268     17.2   17.6   81.6 -999.9  109    9.6 1 0 0
C1  3.0418  34.6499  101.8273     17.3   17.1   89.3 -999.9  118   10.1 0 0 0
C1  3.0428  34.6512  101.8278     17.3   17.4   88.9 -999.9  128    7.9 0 0 0
C1  3.0505  34.6526  101.8281     17.4   17.6   89.3 -999.9  104    9.0 0 0 0
C1  3.0515  34.6538  101.8285     17.5   17.7   89.6 -999.9  114    6.7 0 0 0
C1  3.0525  34.6551  101.8288     17.5   17.4   89.6 -999.9  109   12.8 0 0 0
C1  3.0535  34.6564  101.8291     17.6   17.2   89.6 -999.9  133    9.4 0 0 0
C1  3.0545  34.6577  101.8295     17.6   17.6   89.4 -999.9  131    7.9 0 0 0
C1  3.0555  34.6589  101.8298     17.5   17.5   89.5 -999.9  129    6.5 0 0 0
C1  3.0565  34.6601  101.8301     17.5   17.4   89.4 -999.9  124    9.2 0 0 0
C1  3.0575  34.6613  101.8304     17.5   17.3   89.4 -999.9  137    8.6 0 0 0
C1  3.0585  34.6625  101.8307     17.6   17.3   89.3 -999.9  122    8.0 0 0 0
C1  3.0595  34.6638  101.8311     17.5   17.4   89.2 -999.9  127    7.9 0 0 0
C1  3.0672  34.6650  101.8314     17.4   17.2   89.1 -999.9  135    6.2 0 0 0
C1  3.0682  34.6662  101.8317     17.3   17.6   89.0 -999.9  121    7.5 0 0 0
C1  3.0692  34.6674  101.8320     17.2   17.1   88.8 -999.9  115    9.2 0 0 0
C1  3.0702  34.6686  101.8323     17.2   17.5   88.7 -999.9  131    7.3 0 0 0
C1  3.0712  34.6698  101.8327     17.3   17.6   88.6 -999.9  126    7.1 0 0 0
C1  3.0722  34.6711  101.8330     17.2   17.6   88.5 -999.9  135    6.5 0 0 0
C1  3.0732  34.6724  101.8334     17.3   17.8   88.3 -999.9  124    8.3 0 0 0
C1  3.0742  34.6737  101.8337     17.2   17.3   88.3 -999.9  143    6.2 0 0 0
C1  3.0752  34.6750  101.8341     17.3   17.8   88.4 -999.9  122    6.4 0 0 0
C1  3.0762  34.6763  101.8344     17.2   17.8   88.4 -999.9  116    5.7 0 0 0
C1  3.0838  34.6775  101.8348     17.2   17.4   88.3 -999.9  125    7.8 0 0 0
C1  3.0848  34.6788  101.8351     17.2   17.5   88.3 -999.9  135    7.3 0 0 0
C1  3.0858  34.6801  101.8355     17.2   17.5   88.7 -999.9  124    5.7 0 0 0
C1  3.0868  34.6813  101.8358     17.2   17.0   89.0 -999.9  128    5.3 0 0 0
C1  3.0878  34.6826  101.8361     17.1   17.8   89.3 -999.9  127    5.6 0 0 0
C1  3.0888  34.6838  101.8365     17.1   17.7   89.3 -999.9  129    5.1 0 0 0
C1  3.0898  34.6850  101.8368     17.0   17.3   89.3 -999.9  128    5.1 0 0 0
C1  3.0908  34.6863  101.8372     17.0   17.6   89.5 -999.9  135    7.8 0 0 0
C1  3.0918  34.6876  101.8375     17.1   17.5   89.3 -999.9  129    6.4 0 0 0
C1  3.0928  34.6889  101.8379     16.9   17.3   89.3 -999.9  122    6.3 0 0 0
C1  3.1005  34.6902  101.8382     17.0   17.6   89.3 -999.9  135    6.6 0 0 0
C1  3.1015  34.6915  101.8386     17.1   17.7   89.4 -999.9  133    7.2 0 0 0
C1  3.1025  34.6928  101.8389     17.0   17.2   89.3 -999.9  122    7.4 0 0 0
C1  3.1035  34.6942  101.8393     17.0   17.4   89.3 -999.9  130    8.1 0 0 0
C1  3.1045  34.6956  101.8397     17.0   17.2   89.2 -999.9  133    6.6 0 0 0
C1  3.1055  34.6969  101.8401     17.0   17.4   89.4 -999.9  136    7.0 0 0 0
C1  3.1065  34.6983  101.8405     17.1   17.4   89.2 -999.9  129    8.3 0 0 0
C1  3.1075  34.6996  101.8408     17.1   17.3   89.1 -999.9  135    7.9 0 0 0
C1  3.1085  34.7009  101.8412     17.1   17.4   89.2 -999.9  134    6.1 0 0 0
C1  3.1095  34.7021  101.8415     17.1   17.1   89.0 -999.9  134    8.3 0 0 0
C1  3.1172  34.7033  101.8418     17.2   17.2   89.2 -999.9  129    8.4 0 0 0
C1  3.1182  34.7045  101.8422     17.2   17.5   89.2 -999.9  135   10.0 0 0 0
C1  3.1192  34.7057  101.8425     17.2   17.7   89.3 -999.9  141    9.6 0 0 0
C1  3.1202  34.7069  101.8429     17.2   17.3   89.3 -999.9  138    9.4 0 0 0
C1  3.1212  34.7082  101.8432     17.2   17.4   89.3 -999.9  142   10.1 0 0 0
C1  3.1222  34.7095  101.8436     17.2   17.5   89.6 -999.9  131    7.4 0 0 0
C1  3.1232  34.7108  101.8440     17.2   17.2   89.8 -999.9  136    9.5 0 0 0
C1  3.1242  34.7120  101.8443     17.2   17.7   90.2 -999.9  125    7.3 0 0 0
C1  3.1252  34.7132  101.8446     17.2   18.0   90.6 -999.9  129    8.0 0 0 0
C1  3.1262  34.7145  101.8450     17.2   18.0   90.6 -999.9  139    9.2 0 0 0
C1  3.1338  34.7158  101.8454     17.2   17.5   90.4 -999.9  135   11.8 0 0 0
C1  3.1348  34.7172  101.8458     17.2   17.7   90.6 -999.9  134   11.0 0 0 0
C1  3.1358  34.7186  101.8462     17.3   17.6   90.6 -999.9  114    9.3 0 0 0
C1  3.1368  34.7197  101.8465     17.3   17.6   83.3 -999.9  106    9.6 0 1 0
C1  3.1378  34.7207  101.8467     17.3   17.6   79.8 -999.9  109    8.9 0 0 0
C1  3.1388  34.7216  101.8467     17.3   17.2   90.2 -999.9  127   11.1 0 0 0
C1  3.1398  34.7225  101.8465     17.3   17.6   90.0 -999.9  140   11.8 0 0 0
C1  3.1408  34.7234  101.8461     17.4   17.5   90.0 -999.9  148   11.6 0 1 0
C1  3.1418  34.7244  101.8456     17.5   17.7   90.3 -999.9  131   10.9 0 0 0
C1  3.1428  34.7255  101.8454     17.5   17.4   90.2 -999.9  126   11.7 0 1 0
C1  3.1505  34.7268  101.8456     17.5   17.2   90.5 -999.9  123   10.4 0 1 0
C1  3.1515  34.7279  101.8464     17.5   17.1   90.7 -999.9  109   11.3 0 1 0
C1  3.1525  34.7289  101.8475     17.5   17.5   91.0 -999.9  126   10.0 0 1 0
C1  3.1535  34.7299  101.8487     17.4   17.2   91.1 -999.9  131   10.1 0 0 0
C1  3.1545  34.7306  101.8495     17.4   17.7   91.0 -999.9  144    5.6 0 1 0
C1  3.1555  34.7314  101.8502     17.5   17.8   91.3 -999.9  143   12.6 0 1 0
C1  3.1565  34.7326  101.8506     17.5   17.4   91.2 -999.9  148   11.5 0 1 0
C1  3.1575  34.7338  101.8509     17.5   17.4   91.3 -999.9  133   12.7 0 0 0
C1  3.1585  34.7351  101.8513     17.5   17.5   91.3 -999.9  136   11.4 0 0 0
C1  3.1595  34.7364  101.8517     17.5   17.4   91.2 -999.9  128   11.4 0 0 0
C1  3.1672  34.7377  101.8520     17.5   17.3   91.2 -999.9  131    9.5 0 0 0
C1  3.1682  34.7390  101.8522     17.6   17.7   91.2 -999.9  128   10.2 0 0 0
C1  3.1692  34.7402  101.8523     17.5   17.3   91.1 -999.9  122   10.7 0 0 0
C1  3.1702  34.7412  101.8523     17.6   17.4   91.2 -999.9  124   11.4 0 0 0
C1  3.1712  34.7420  101.8523     17.6   17.3   91.4 -999.9  115    5.0 0 0 0
C1  3.1722  34.7428  101.8523     17.7   17.3   91.3 -999.9  131    7.9 0 0 0
C1  3.1732  34.7437  101.8523     17.7   17.6   91.3 -999.9  139    7.6 0 0 0
C1  3.1742  34.7444  101.8523     17.7   17.9   91.3 -999.9  104    5.2 0 1 0
C1  3.1752  34.7448  101.8523     17.7   17.7   91.0 -999.9  112    7.2 0 1 0
C1  3.1762  34.7450  101.8523     17.7   17.4   91.0 -999.9   82    4.9 0 0 0
C1  3.1838  34.7451  101.8524     17.7   17.4   81.0 -999.9   82    8.1 0 1 0
C1  3.1848  34.7448  101.8525     17.7   17.5   90.9 -999.9   88    5.3 0 1 0
C1  3.1858  34.7443  101.8525     17.7   17.5   74.2 -999.9  127    4.6 1 0 0
C1  3.1868  34.7438  101.8525     17.7   17.8   90.7 -999.9  148    6.9 0 0 0
C1  3.1878  34.7435  101.8525     17.7   17.9   90.6 -999.9  143   10.9 0 0 0
C1  3.1888  34.7432  101.8525     17.7   17.6   90.5 -999.9  126    7.8 0 0 0
C1  3.1898  34.7430  101.8526     17.7   17.6   90.6 -999.9  122    8.9 0 0 0
C1  3.1908  34.7428  101.8526     17.7   17.7   90.3 -999.9  160    8.0 0 0 0
C1  3.1918  34.7426  101.8526     17.7   17.8   90.6 -999.9  156    2.2 0 0 0
C1  3.1928  34.7425  101.8526     17.8   17.5   90.6 -999.9  129    7.9 0 0 0
C1  3.2007  34.7424  101.8527     17.7   17.8   90.6 -999.9  118    5.1 0 0 0
C1  3.2017  34.7424  101.8527     17.7   17.7   90.6 -999.9  139    2.5 0 0 0
C1  3.2027  34.7424  101.8527     17.7   17.8   90.6 -999.9  145    2.9 0 0 0
C1  3.2035  34.7424  101.8526     17.7   17.9   86.2 -999.9   87    1.5 0 0 0
C1  3.2045  34.7430  101.8525     17.7   18.0   90.4 -999.9  154    7.9 0 1 0
C1  3.2055  34.7438  101.8525     17.7   17.8   90.1 -999.9  165    8.5 0 1 0
C1  3.2065  34.7447  101.8525     17.6   17.4   90.0 -999.9  128    5.1 0 0 0
C1  3.2075  34.7454  101.8526     17.7   17.8   89.8 -999.9  117    4.9 0 0 0
C1  3.2085  34.7462  101.8526     17.7   17.9   90.3 -999.9  190    2.4 0 0 0
C1  3.2095  34.7469  101.8527     17.7   17.5   90.2 -999.9  137    3.3 0 0 0
C1  3.2172  34.7475  101.8530     17.7   18.1   90.2 -999.9  127    5.5 0 0 0
C1  3.2182  34.7481  101.8533     17.7   18.2   90.0 -999.9  133    7.9 0 0 0
C1  3.2192  34.7485  101.8536     17.7   18.0   90.1 -999.9  132    2.6 0 0 0
C1  3.2202  34.7488  101.8538     17.7   17.9   90.1 -999.9  201    6.1 0 1 0
C1  3.2212  34.7490  101.8535     17.7   17.7   89.7 -999.9  238    4.3 0 1 0
C1  3.2222  34.7490  101.8530     17.7   17.9   89.8 -999.9  204    2.2 0 0 0
C1  3.2232  34.7490  101.8522     17.8   17.7   89.5 -999.9  202    5.0 0 1 0
C1  3.2242  34.7490  101.8513     17.6   17.7   89.6 -999.9  157    5.3 0 0 0
C1  3.2252  34.7490  101.8503     17.7   17.7   89.9 -999.9  127    4.6 0 0 0
C1  3.2262  34.7490  101.8495     17.6   17.6   90.1 -999.9  112    3.7 0 0 0
C1  3.2338  34.7490  101.8487     17.6   18.2   90.1 -999.9  163    6.2 0 0 0
C1  3.2348  34.7490  101.8479     17.6   17.7   89.9 -999.9  143    5.0 0 0 0
C1  3.2358  34.7490  101.8473     17.7   17.7   89.7 -999.9  137    9.9 0 0 0
C1  3.2368  34.7493  101.8471     17.7   17.4   89.3 -999.9   85    9.9 0 1 0
C1  3.2378  34.7499  101.8471     17.7   18.3   89.3 -999.9  142    6.4 0 0 0
C1  3.2388  34.7505  101.8471     17.7   17.8   89.3 -999.9  148    6.3 0 0 0
C1  3.2398  34.7514  101.8471     17.7   18.5   89.5 -999.9  148    7.1 0 0 0
C1  3.2408  34.7521  101.8471     17.7   18.1   89.7 -999.9  109    5.0 0 0 0
C1  3.2418  34.7527  101.8471     17.7   17.7   89.7 -999.9  138    3.6 0 0 0
C1  3.2428  34.7534  101.8472     17.7   18.0   89.4 -999.9  146    7.4 0 0 0
C1  3.2505  34.7543  101.8474     17.7   18.2   89.2 -999.9  153    8.2 0 0 0
C1  3.2515  34.7553  101.8475     17.7   18.0   89.4 -999.9  147    6.9 0 0 0
C1  3.2525  34.7564  101.8476     17.7   17.6   89.5 -999.9  147    4.7 0 0 0
C1  3.2535  34.7575  101.8476     17.8   18.4   89.9 -999.9  149    7.4 0 0 0
C1  3.2545  34.7587  101.8477     17.8   18.0   90.0 -999.9  170    6.3 0 0 0
C1  3.2555  34.7600  101.8477     17.8   17.9   90.1 -999.9  143    3.1 0 0 0
C1  3.2565  34.7612  101.8477     17.8   17.8   90.5 -999.9  140    1.4 0 0 0
C1  3.2575  34.7624  101.8478     17.9   17.6   90.5 -999.9  180    1.3 0 0 0
C1  3.2585  34.7636  101.8479     17.9   17.7   90.4 -999.9  267    2.0 0 0 0
C1  3.2595  34.7648  101.8481     17.9   18.1   90.0 -999.9  296    2.1 0 0 0
C1  3.2672  34.7660  101.8482     17.8   17.4   89.9 -999.9  294    4.0 0 0 0
C1  3.2682  34.7671  101.8484     17.8   18.4   89.8 -999.9  306    5.1 0 0 0
C1  3.2692  34.7683  101.8486     18.0   17.8   89.7 -999.9  295    5.1 0 0 0
C1  3.2702  34.7694  101.8487     18.0   17.6   89.7 -999.9  300    4.8 0 0 0
C1  3.2712  34.7706  101.8487     17.9   17.6   89.5 -999.9  292    5.9 0 0 0
C1  3.2722  34.7717  101.8487     18.0   18.0   89.7 -999.9  305    8.0 0 0 0
C1  3.2732  34.7727  101.8487     18.1   18.3   89.5 -999.9  296    6.9 0 0 0
C1  3.2742  34.7738  101.8487     18.1   18.2   89.8 -999.9  296    9.4 0 0 0
C1  3.2752  34.7748  101.8488     18.1   18.3   83.0 -999.9  293   11.1 1 0 0
C1  3.2762  34.7758  101.8487     18.2   18.3   87.9 -999.9  301   11.7 0 0 0
C1  3.2838  34.7769  101.8488     18.1   18.1   87.1 -999.9  299   11.6 0 0 0
C1  3.2848  34.7780  101.8488     18.2   18.1   87.3 -999.9  298   10.0 0 0 0
C1  3.2858  34.7792  101.8488     18.2   18.2   87.2 -999.9  314    9.0 0 0 0
C1  3.2868  34.7803  101.8488     18.3   18.1   87.0 -999.9  311    9.7 0 0 0
C1  3.2878  34.7815  101.8488     18.1   18.3   86.9 -999.9  304   10.9 0 0 0
C1  3.2888  34.7826  101.8488     18.2   18.0   86.6 -999.9  307   10.0 0 0 0
C1  3.2898  34.7838  101.8488     18.2   18.2   85.6 -999.9  300   11.2 0 0 0
C1  3.2908  34.7850  101.8488     18.2   18.2   84.5 -999.9  314    9.3 0 0 0
C1  3.2918  34.7862  101.8488     18.2   18.2   84.1 -999.9  319   10.0 0 0 0
C1  3.2928  34.7874  101.8488     18.2   17.6   83.9 -999.9  315    8.6 0 0 0
C1  3.3005  34.7886  101.8488     18.2   18.2   83.3 -999.9  309    7.0 0 0 0
C1  3.3015  34.7899  101.8488     18.2   18.0   83.1 -999.9  299    7.9 0 0 0
C1  3.3025  34.7912  101.8488     18.4   18.4   83.2 -999.9  290    7.2 0 0 0
C1  3.3035  34.7924  101.8488     18.2   17.8   83.7 -999.9  296    7.4 0 0 0
C1  3.3045  34.7937  101.8488     18.4   18.0   84.2 -999.9  311    9.2 0 0 0
C1  3.3055  34.7950  101.8488     18.3   18.0   84.4 -999.9  322    8.4 0 0 0
C1  3.3065  34.7963  101.8488     18.4   18.4   84.2 -999.9  350    8.6 0 0 0
C1  3.3075  34.7976  101.8488     18.3   18.4   84.1 -999.9  348    9.2 0 0 0
C1  3.3085  34.7989  101.8488     18.5   18.1   83.8 -999.9  359    8.7 0 0 0
C1  3.3095  34.8002  101.8488     18.4   18.4   83.2 -999.9  351    5.5 0 0 0
C1  3.3172  34.8016  101.8488     18.4   18.3   83.2 -999.9   45    2.1 0 0 0
C1  3.3182  34.8031  101.8488     18.3   18.6   83.6 -999.9  122    1.5 0 0 0
C1  3.3192  34.8046  101.8487     18.4   18.4   83.4 -999.9  213    3.5 0 0 0
C1  3.3202  34.8062  101.8487     18.1   18.3   83.6 -999.9  189    3.5 0 0 0
C1  3.3212  34.8077  101.8487     18.3   18.3   83.8 -999.9  207    1.2 0 0 0
C1  3.3222  34.8093  101.8487     18.0   17.9   84.0 -999.9   28    1.3 0 0 0
C1  3.3232  34.8108  101.8487     18.1   18.1   83.9 -999.9  318    5.4 0 0 0
C1  3.3242  34.8122  101.8487     18.4   18.4   84.1 -999.9    1   10.0 0 0 0
C1  3.3252  34.8137  101.8487     18.0   18.1   84.1 -999.9  343   11.9 0 0 0
C1  3.3262  34.8150  101.8486     18.0   18.5   84.1 -999.9  344   14.9 0 0 0
C1  3.3338  34.8164  101.8486     18.2   18.6   84.1 -999.9  352   12.4 0 0 0
C1  3.3348  34.8178  101.8486     17.8   18.4   84.0 -999.9  346   10.7 0 0 0
C1  3.3358  34.8191  101.8486     18.1   17.8   83.5 -999.9    9   15.4 0 0 0
C1  3.3368  34.8203  101.8486     18.8   18.1   81.1 -999.9  357   18.8 0 0 0
C1  3.3378  34.8215  101.8486     19.3   18.1   80.4 -999.9  334   17.5 0 0 0
C1  3.3388  34.8227  101.8486     19.4   18.4   80.2 -999.9  323   15.8 0 0 0
C1  3.3398  34.8238  101.8486     19.5   18.6   79.4 -999.9  313    9.0 0 0 0
C1  3.3408  34.8250  101.8486     19.8   18.6   79.0 -999.9  275   14.8 0 0 0
C1  3.3418  34.8262  101.8486     20.0   18.6   78.7 -999.9  274   13.6 0 0 0
C1  3.3428  34.8274  101.8485     19.9   18.6   79.1 -999.9  281    9.4 0 0 0
C1  3.3505  34.8286  101.8485     19.6   18.2   80.8 -999.9  320    6.7 0 0 0
C1  3.3515  34.8297  101.8485     18.9   18.9   81.3 -999.9  319    9.7 0 0 0
C1  3.3525  34.8309  101.8485     18.5   18.8   80.8 -999.9  331    8.7 0 0 0
C1  3.3535  34.8321  101.8485     18.2   19.2   80.6 -999.9  316    6.2 0 0 0
C1  3.3545  34.8333  101.8485     18.0   18.6   80.9 -999.9  313    3.6 0 0 0
C1  3.3555  34.8345  101.8485     17.8   18.8   80.7 -999.9  307    3.8 0 0 0
C1  3.3565  34.8358  101.8485     17.6   18.9   80.7 -999.9  321    4.1 0 0 0
C1  3.3575  34.8370  101.8485     17.6   18.6   80.3 -999.9  329    4.3 0 0 0
C1  3.3585  34.8383  101.8485     17.2   18.9   79.6 -999.9  333    5.3 0 0 0
C1  3.3595  34.8394  101.8485     17.0   18.3   79.4 -999.9  334    4.8 0 0 0
C1  3.3672  34.8406  101.8485     16.9   18.4   80.0 -999.9  337    5.0 0 0 0
C1  3.3682  34.8418  101.8485     16.7   18.7   80.4 -999.9  346    5.8 0 0 0
C1  3.3692  34.8430  101.8485     16.8   18.4   80.7 -999.9  345    6.6 0 0 0
C1  3.3702  34.8442  101.8485     16.7   18.4   80.9 -999.9  348    6.4 0 0 0
C1  3.3712  34.8454  101.8486     16.7   17.9   81.3 -999.9  343    5.9 0 0 0
C1  3.3722  34.8466  101.8486     16.6   18.0   81.6 -999.9  350    6.2 0 0 0
C1  3.3732  34.8478  101.8486     16.6   17.8   82.2 -999.9  359    4.5 0 0 0
C1  3.3742  34.8489  101.8486     16.6   18.4   82.8 -999.9    9    6.0 0 0 0
C1  3.3752  34.8501  101.8486     16.6   18.5   83.4 -999.9    3    5.7 0 0 0
C1  3.3762  34.8513  101.8487     16.6   18.3   83.2 -999.9    9    7.1 0 0 0
C1  3.3838  34.8525  101.8488     16.8   18.0   83.0 -999.9    4    4.9 0 0 0
C1  3.3848  34.8537  101.8489     16.7   18.3   83.6 -999.9    3    5.8 0 0 0
C1  3.3858  34.8548  101.8489     16.6   17.9   84.0 -999.9  353    5.9 0 0 0
C1  3.3868  34.8560  101.8489     16.7   17.8   83.9 -999.9  355    4.2 0 0 0
C1  3.3878  34.8572  101.8489     16.7   17.8   83.7 -999.9  326    1.2 0 0 0
C1  3.3888  34.8584  101.8489     16.7   17.3   83.9 -999.9  316    0.8 0 0 0
C1  3.3898  34.8597  101.8489     16.6   17.4   84.2 -999.9   32    2.4 0 0 0
C1  3.3908  34.8609  101.8488     16.6   17.3   84.6 -999.9  203    0.9 0 0 0
C1  3.3918  34.8621  101.8488     16.5   17.3   85.0 -999.9  311    2.1 0 0 0
C1  3.3928  34.8633  101.8488     16.7   17.0   85.2 -999.9  296    1.5 0 0 0
C1  3.4005  34.8645  101.8488     16.7   17.9   85.6 -999.9  117    0.8 0 0 0
C1  3.4015  34.8657  101.8487     16.9   17.6   85.7 -999.9   82    7.1 0 0 0
C1  3.4025  34.8669  101.8487     17.1   17.1   86.1 -999.9   57    9.0 0 0 0
C1  3.4035  34.8681  101.8487     17.2   17.5   86.7 -999.9   62    9.5 0 0 0
C1  3.4045  34.8693  101.8487     17.2   17.4   87.0 -999.9   57    9.0 0 0 0
C1  3.4055  34.8705  101.8487     17.2   17.3   86.7 -999.9   47    7.4 0 0 0
C1  3.4065  34.8718  101.8487     17.2   17.5   86.7 -999.9   54    9.0 0 0 0
C1  3.4075  34.8730  101.8486     17.2   17.6   86.7 -999.9   58    6.9 0 0 0
C1  3.4085  34.8743  101.8486     17.2   17.4   86.6 -999.9   52    5.4 0 0 0
C1  3.4095  34.8754  101.8487     17.2   17.3   86.2 -999.9   65    5.1 0 0 0
C1  3.4172  34.8766  101.8486     17.1   17.5   86.3 -999.9  121    3.3 0 0 0
C1  3.4182  34.8778  101.8486     17.2   17.7   86.3 -999.9   87    4.4 0 0 0
C1  3.4192  34.8789  101.8486     17.2   17.4   86.4 -999.9   31    5.2 0 0 0
C1  3.4203  34.8802  101.8486     17.2   17.2   86.0 -999.9   54    5.2 0 0 0
C1  3.4212  34.8811  101.8486     17.3   17.0   86.2 -999.9   58    5.9 0 0 0
C1  3.4222  34.8822  101.8486     17.4   17.3   86.7 -999.9   64    6.4 0 0 0
C1  3.4232  34.8834  101.8486     17.4   17.6   86.9 -999.9   59    5.0 0 0 0
C1  3.4242  34.8845  101.8486     17.4   17.9   87.3 -999.9   62    5.7 0 0 0
C1  3.4252  34.8856  101.8486     17.4   17.4   87.4 -999.9   63    4.4 0 0 0
C1  3.4262  34.8867  101.8486     17.4   17.8   87.6 -999.9   50    5.8 0 0 0
C1  3.4338  34.8878  101.8486     17.2   17.7   87.5 -999.9   50    8.1 0 0 0
C1  3.4348  34.8889  101.8486     17.6   17.6   86.8 -999.9   84    3.3 0 0 0
C1  3.4358  34.8901  101.8486     17.6   17.6   86.8 -999.9  105    2.3 0 0 0
C1  3.4368  34.8912  101.8486     17.5   17.1   86.9 -999.9   91    4.4 0 0 0
C1  3.4378  34.8924  101.8486     17.4   17.7   87.0 -999.9   82    4.2 0 0 0
C1  3.4388  34.8937  101.8486     17.3   17.4   87.2 -999.9   93    6.6 0 0 0
C1  3.4398  34.8949  101.8486     17.3   18.0   87.1 -999.9  101    6.8 0 0 0
C1  3.4408  34.8961  101.8486     17.2   17.6   86.9 -999.9   97    7.0 0 0 0
C1  3.4418  34.8972  101.8487     17.2   17.0   86.0 -999.9   48    3.1 0 0 0
C1  3.4428  34.8984  101.8487     17.6   18.0   85.7 -999.9   17    5.4 0 0 0
C1  3.4505  34.8996  101.8487     17.7   17.9   85.0 -999.9   20    6.5 0 0 0
C1  3.4515  34.9008  101.8487     17.8   17.5   84.7 -999.9   15    4.6 0 0 0
C1  3.4525  34.9020  101.8487     18.0   17.6   84.3 -999.9   30    6.3 0 0 0
C1  3.4535  34.9032  101.8487     17.8   17.6   84.6 -999.9   26    7.7 0 0 0
C1  3.4545  34.9044  101.8487     17.7   17.9   84.7 -999.9   26    9.3 0 0 0
C1  3.4555  34.9056  101.8487     17.6   18.1   84.6 -999.9   30    6.9 0 0 0
C1  3.4565  34.9068  101.8487     17.4   17.4   84.5 -999.9   71    3.3 0 0 0
C1  3.4575  34.9081  101.8487     17.4   18.0   83.7 -999.9   69    5.0 0 0 0
C1  3.4585  34.9093  101.8487     17.8   17.1   82.6 -999.9   76    5.2 0 0 0
C1  3.4595  34.9106  101.8487     18.0   18.1   82.2 -999.9   61    3.8 0 0 0
C1  3.4672  34.9119  101.8487     17.6   17.7   83.1 -999.9   37    5.5 0 0 0
C1  3.4682  34.9132  101.8487     17.3   17.4   83.5 -999.9   18    7.3 0 0 0
C1  3.4692  34.9144  101.8486     16.9   17.9   82.9 -999.9   17    8.1 0 0 0
C1  3.4702  34.9156  101.8486     16.5   18.2   82.9 -999.9   11    6.2 0 0 0
C1  3.4712  34.9168  101.8486     16.5   17.9   83.0 -999.9   10    8.8 0 0 0
C1  3.4722  34.9180  101.8486     16.4   17.6   83.1 -999.9   17    6.8 0 0 0
C1  3.4732  34.9193  101.8486     16.3   17.6   83.3 -999.9   17    4.8 0 0 0
C1  3.4742  34.9205  101.8486     16.2   17.9   83.5 -999.9   16    4.5 0 0 0
C1  3.4752  34.9217  101.8485     16.2   16.9   83.8 -999.9   45    6.1 0 0 0
C1  3.4762  34.9230  101.8485     16.1   17.3   84.2 -999.9   55    6.1 0 0 0
C1  3.4838  34.9241  101.8485     16.2   17.2   82.8 -999.9   45    7.6 0 0 0
C1  3.4848  34.9253  101.8485     16.2   17.8   79.3 -999.9   38    4.9 1 0 0
C1  3.4858  34.9265  101.8484     16.3   17.4   83.6 -999.9   41    4.9 0 0 0
C1  3.4868  34.9276  101.8484     16.3   17.1   85.6 -999.9   23    3.4 0 0 0
C1  3.4878  34.9289  101.8484     15.9   17.0   84.6 -999.9   21    4.3 0 0 0
C1  3.4888  34.9301  101.8483     15.8   17.3   83.8 -999.9   24    3.5 0 0 0
C1  3.4898  34.9314  101.8483     15.7   16.9   83.8 -999.9   45    3.0 0 0 0
C1  3.4908  34.9327  101.8483     15.7   16.8   83.7 -999.9   70    4.6 0 0 0
C1  3.4918  34.9341  101.8483     15.7   17.2   84.2 -999.9   50    6.2 0 0 0
C1  3.4928  34.9353  101.8483     15.3   17.4   83.1 -999.9   22    5.0 0 0 0
C1  3.5005  34.9366  101.8483     15.1   16.4   82.0 -999.9   13    6.1 0 0 0
C1  3.5015  34.9378  101.8483     15.1   16.7   82.0 -999.9   17    4.0 0 0 0
C1  3.5025  34.9391  101.8483     14.8   16.7   81.4 -999.9   60    3.3 0 0 0
C1  3.5035  34.9403  101.8483     14.6   17.1   79.3 -999.9   55    3.5 0 0 0
C1  3.5045  34.9416  101.8484     14.5   16.9   80.1 -999.9   44    1.3 0 0 0
C1  3.5055  34.9428  101.8486     14.2   16.6   80.9 -999.9   18    2.5 0 0 0
C1  3.5065  34.9441  101.8490     14.4   16.2   81.7 -999.9   48    6.6 0 0 0
C1  3.5075  34.9452  101.8494     14.0   16.2   79.1 -999.9   30   11.7 0 1 0
C1  3.5085  34.9461  101.8499     13.8   16.1   79.2 -999.9   30    9.9 0 0 0
C1  3.5095  34.9470  101.8504     13.8   16.5   80.2 -999.9   40    8.6 0 0 0
C1  3.5172  34.9479  101.8510     13.8   16.2   81.2 -999.9   34   10.4 0 0 0
C1  3.5182  34.9488  101.8517     13.7   15.8   81.0 -999.9   41    9.1 0 0 0
C1  3.5192  34.9496  101.8524     13.6   15.8   81.6 -999.9   43    9.0 0 0 0
C1  3.5202  34.9505  101.8533     13.9   15.5   83.7 -999.9   49    9.7 0 0 0
C1  3.5212  34.9514  101.8541     14.1   15.9   86.1 -999.9   48    7.9 0 0 0
C1  3.5222  34.9523  101.8551     14.1   15.5   86.5 -999.9   48    8.8 0 0 0
C1  3.5232  34.9533  101.8560     14.0   15.6   87.2 -999.9   32    8.7 0 0 0
C1  3.5242  34.9539  101.8566     14.0   15.5   86.9 -999.9    7    9.3 0 1 0
C1  3.5252  34.9545  101.8572     13.9   15.8   86.7 -999.9   37    7.7 0 0 0
C1  3.5262  34.9550  101.8577     13.9   15.4   87.4 -999.9   36    6.6 0 0 0
C1  3.5338  34.9554  101.8580     13.8   15.7   87.4 -999.9    4    6.3 0 1 0
C1  3.5348  34.9558  101.8584     13.6   14.9   87.2 -999.9   67    4.9 0 0 0
C1  3.5358  34.9561  101.8587     13.3   15.4   86.0 -999.9   45    5.0 0 0 0
C1  3.5368  34.9565  101.8591     13.1   15.1   85.3 -999.9   35    4.4 0 0 0
C1  3.5378  34.9569  101.8595     13.0   15.2   84.0 -999.9   38    4.6 0 0 0
C1  3.5388  34.9572  101.8598     12.7   14.9   83.0 -999.9   29    4.3 0 0 0
C1  3.5398  34.9575  101.8601     12.7   15.0   82.7 -999.9   28    3.1 0 0 0
C1  3.5408  34.9579  101.8604     12.7   14.7   83.5 -999.9    9    3.0 0 0 0
C1  3.5418  34.9582  101.8608     13.0   14.5   84.4 -999.9   10    4.0 0 0 0
C1  3.5428  34.9586  101.8611     13.0   15.6   82.5 -999.9   16    2.2 1 0 0
C1  3.5505  34.9590  101.8616     13.0   14.6   83.9 -999.9   32    3.6 1 0 0
C1  3.5515  34.9595  101.8620     13.1   14.8   87.5 -999.9   12    2.9 0 0 0
C1  3.5525  34.9599  101.8625     13.2   14.9   87.9 -999.9  336    5.7 0 0 0
C1  3.5535  34.9603  101.8629     12.8   14.5   87.3 -999.9   21    6.5 0 0 0
C1  3.5545  34.9607  101.8633     12.3   14.4   85.1 -999.9   31    7.7 0 0 0
C1  3.5555  34.9612  101.8638     12.1   14.3   84.0 -999.9   50    7.9 0 0 0
C1  3.5565  34.9619  101.8644     12.1   14.5   83.9 -999.9   41    9.3 0 0 0
C1  3.5575  34.9625  101.8650     12.1   14.2   80.5 -999.9   41    9.4 1 0 0
C1  3.5585  34.9630  101.8656     12.2   14.2   84.7 -999.9   38   11.5 0 0 0
C1  3.5595  34.9635  101.8661     12.1   14.2   85.4 -999.9   39    9.5 0 0 0
C1  3.5672  34.9640  101.8666     12.4   14.1   86.7 -999.9   50   10.0 0 0 0
C1  3.5682  34.9646  101.8672     12.5   14.0   88.0 -999.9   48    8.5 0 0 0
C1  3.5692  34.9653  101.8679     12.5   13.7   88.2 -999.9   59    8.1 0 0 0
C1  3.5702  34.9661  101.8687     12.9   13.7   89.1 -999.9   60   10.3 0 0 0
C1  3.5712  34.9670  101.8695     13.0   13.7   88.2 -999.9   55    9.4 0 0 0
C1  3.5722  34.9679  101.8704     12.8   13.7   90.4 -999.9   56    8.4 0 0 0
C1  3.5732  34.9689  101.8713     12.9   13.9   91.0 -999.9   57    8.5 0 0 0
C1  3.5742  34.9698  101.8721     13.2   13.8   91.5 -999.9   65    8.5 0 0 0
C1  3.5752  34.9707  101.8729     13.4   13.8   92.5 -999.9   65    8.6 0 0 0
C1  3.5762  34.9716  101.8736     13.7   13.6   93.4 -999.9   60    8.7 0 0 0
C1  3.5838  34.9724  101.8742     13.8   14.1   92.6 -999.9   63    7.6 1 0 0
C1  3.5848  34.9731  101.8748     13.9   13.8   92.9 -999.9   63    8.4 0 0 0
C1  3.5858  34.9738  101.8754     14.0   13.8   91.6 -999.9   83    8.4 1 0 0
C1  3.5868  34.9746  101.8760     14.3   14.0   96.4 -999.9   79    8.9 0 0 0
C1  3.5878  34.9754  101.8765     14.1   13.8   96.7 -999.9   71    8.6 0 0 0
C1  3.5888  34.9761  101.8770     14.1   14.6   96.9 -999.9   75    8.0 0 0 0
C1  3.5898  34.9768  101.8774     14.1   14.1   97.3 -999.9   93    9.0 0 0 0
C1  3.5908  34.9776  101.8781     14.1   14.0   97.3 -999.9  109    8.0 0 0 0
C1  3.5918  34.9785  101.8789     14.1   14.0   97.3 -999.9   79    6.2 0 0 0
C1  3.5928  34.9792  101.8794     14.2   14.1   97.3 -999.9   43    8.4 0 1 0
C1  3.6005  34.9795  101.8797     14.4   14.1   97.6 -999.9   31   10.0 0 1 0
C1  3.6015  34.9796  101.8799     14.6   13.9   98.0 -999.9   58   10.3 0 1 0
C1  3.6025  34.9796  101.8807     14.7   14.1   98.2 -999.9   77    9.3 0 1 0
C1  3.6035  34.9796  101.8817     14.8   14.0   98.4 -999.9   91    8.4 0 0 0
C1  3.6045  34.9796  101.8829     14.8   14.2   98.8 -999.9   65    7.6 0 0 0
C1  3.6055  34.9796  101.8842     14.9   14.1   99.0 -999.9   64    8.2 0 0 0
C1  3.6065  34.9796  101.8856     15.0   14.4   99.2 -999.9   75    5.4 0 0 0
C1  3.6075  34.9796  101.8870     14.9   14.8   99.4 -999.9   80    5.5 0 0 0
C1  3.6085  34.9796  101.8885     15.0   14.3   99.4 -999.9   87    4.7 0 0 0
C1  3.6095  34.9796  101.8900     15.0   14.1   97.8 -999.9   82    2.5 0 0 0
C1  3.6172  34.9796  101.8915     15.2   15.0   99.7 -999.9   54    3.3 0 0 0
C1  3.6182  34.9796  101.8929     15.3   14.5   99.7 -999.9   38    1.9 0 0 0
C1  3.6192  34.9796  101.8943     15.3   14.9   99.8 -999.9   40    3.0 0 0 0
C1  3.6202  34.9796  101.8957     15.5   14.8   99.9 -999.9   59    7.9 0 0 0
C1  3.6212  34.9797  101.8972     15.5   15.2   99.9 -999.9   70    6.9 0 0 0
C1  3.6222  34.9797  101.8986     15.7   15.0   99.9 -999.9   75    5.9 0 0 0
C1  3.6232  34.9797  101.9000     15.7   15.1   99.9 -999.9   63    5.4 0 0 0
C1  3.6242  34.9797  101.9014     15.7   14.9   99.9 -999.9   59    5.5 0 0 0
C1  3.6252  34.9797  101.9026     15.7   15.0   99.9 -999.9   67    6.0 0 0 0
C1  3.6262  34.9797  101.9038     15.7   14.6   99.9 -999.9   58    6.4 0 0 0
C1  3.6338  34.9797  101.9048     15.7   15.1  100.0 -999.9   76    5.1 0 0 0
C1  3.6348  34.9797  101.9059     15.7   15.5   98.2 -999.9   54    5.5 0 0 0
C1  3.6358  34.9797  101.9069     15.8   15.1  100.0 -999.9   50    4.4 0 0 0
C1  3.6368  34.9797  101.9077     15.8   14.8  100.0 -999.9  355    6.1 0 1 0
C1  3.6378  34.9797  101.9082     15.8   15.1   99.9 -999.9   64    8.2 0 0 0
C1  3.6388  34.9797  101.9089     15.8   15.5   97.8 -999.9   77    4.7 0 0 0
C1  3.6400  34.9797  101.9097     15.8   15.2   95.8 -999.9  348    3.3 1 0 0
C1  3.6408  34.9797  101.9100     16.0   15.3   98.2 -999.9   37    4.8 0 0 0
C1  3.6420  34.9797  101.9103     16.0   15.4  100.0 -999.9  333    1.3 0 1 0
C1  3.6430  34.9797  101.9103     16.1   15.4  100.0 -999.9   10    1.8 0 0 0
C1  3.6505  34.9797  101.9104     16.0   15.3  100.0 -999.9   47    4.2 0 0 0
C1  3.6515  34.9795  101.9105     16.1   14.9   99.9 -999.9  306    1.9 0 1 0
C1  3.6527  34.9795  101.9103     16.2   15.6  100.0 -999.9   92    1.1 0 0 0
C1  3.6535  34.9795  101.9103     16.2   15.8  100.0 -999.9   24    2.9 0 0 0
C1  3.6547  34.9796  101.9104     16.0   15.5  100.0 -999.9   34    1.5 0 0 0
C1  3.6557  34.9796  101.9104     16.1   15.7   99.9 -999.9   58    1.4 0 0 0
C1  3.6567  34.9796  101.9103     16.1   15.8   99.9 -999.9   70    2.4 0 0 0
C1  3.6577  34.9796  101.9103     16.1   15.7  100.0 -999.9   60    3.5 0 0 0
C1  3.6587  34.9796  101.9103     16.1   15.8   99.9 -999.9   40    3.7 0 0 0
C1  3.6597  34.9795  101.9103     16.1   15.8   99.8 -999.9   62    5.4 0 0 0
C1  3.6673  34.9795  101.9103     16.0   15.7   99.9 -999.9   53    6.5 0 0 0
C1  3.6682  34.9795  101.9103     16.0   15.8   99.8 -999.9   70    5.8 0 0 0
C1  3.6692  34.9795  101.9102     16.0   15.8   99.8 -999.9   62    6.5 0 0 0
C1  3.6703  34.9795  101.9102     16.0   15.7   99.7 -999.9   55    5.5 0 0 0
C1  3.6713  34.9796  101.9103     16.0   16.1   99.8 -999.9   57    5.4 0 0 0
C1  3.6722  34.9796  101.9103     16.0   15.7   99.7 -999.9   70    5.9 0 0 0
C1  3.6733  34.9798  101.9103     15.8   15.7   99.6 -999.9   63    7.0 0 0 0
C1  3.6742  34.9798  101.9103     15.8   16.1   99.7 -999.9   71    5.5 0 0 0
C1  3.6753  34.9800  101.9103     15.8   15.7   99.6 -999.9   53    5.7 0 0 0
C1  3.6762  34.9801  101.9104     15.8   16.0   99.7 -999.9   56    5.7 0 0 0
C1  3.6840  34.9801  101.9104     15.8   15.9   99.6 -999.9   52    7.8 0 0 0
C1  3.6850  34.9801  101.9105     15.8   15.7   99.5 -999.9   57    6.7 0 0 0
C1  3.6860  34.9802  101.9104     15.8   15.8   99.4 -999.9   56    6.3 0 0 0
C1  3.6870  34.9802  101.9104     15.8   16.2   99.5 -999.9   52    5.9 0 0 0
C1  3.6880  34.9802  101.9105     15.8   15.3   99.4 -999.9   53    6.1 0 0 0
C1  3.6890  34.9801  101.9105     15.8   15.9   99.4 -999.9   43    6.3 0 0 0
C1  3.6900  34.9801  101.9105     15.8   15.5   99.2 -999.9   48    3.4 0 0 0
C1  3.6908  34.9801  101.9105     15.8   15.6   99.2 -999.9   44    4.5 0 0 0
C1  3.6918  34.9801  101.9105     15.8   16.2   99.2 -999.9   57    4.3 0 0 0
C1  3.6930  34.9800  101.9105     15.7   15.7   99.1 -999.9   57    3.3 0 0 0
C1  3.7007  34.9800  101.9105     15.7   15.5   99.1 -999.9   64    5.1 0 0 0
C1  3.7015  34.9800  101.9105     15.7   15.7   99.1 -999.9   54    6.5 0 0 0
C1  3.7027  34.9800  101.9105     15.7   16.0   99.1 -999.9   47    4.3 0 0 0
C1  3.7037  34.9800  101.9105     15.7   15.9   99.1 -999.9   54    5.3 0 0 0
C1  3.7047  34.9799  101.9104     15.7   15.7   98.9 -999.9   38    4.6 0 0 0
C1  3.7057  34.9799  101.9104     15.7   16.0   99.0 -999.9   53    5.9 0 0 0
C1  3.7067  34.9798  101.9104     15.7   15.6   98.8 -999.9   53    7.1 0 0 0
C1  3.7077  34.9798  101.9104     15.7   15.9   98.8 -999.9   56    5.9 0 0 0
C1  3.7087  34.9797  101.9104     15.8   16.2   98.9 -999.9   55    5.0 0 0 0
C1  3.7097  34.9797  101.9104     15.8   15.9   98.7 -999.9   48    4.6 0 0 0
C1  3.7173  34.9796  101.9103     15.8   15.7   98.7 -999.9   44    3.5 0 0 0
C1  3.7182  34.9796  101.9104     15.8   15.7   98.6 -999.9   51    3.7 0 0 0
C1  3.7193  34.9796  101.9104     15.8   16.0   98.7 -999.9   58    6.8 0 0 0
C1  3.7203  34.9795  101.9103     15.8   15.8   98.6 -999.9   50    6.3 0 0 0
C1  3.7213  34.9795  101.9104     15.8   15.9   98.4 -999.9   35    5.9 0 0 0
C1  3.7223  34.9794  101.9104     15.8   15.8   94.2 -999.9   54    4.9 1 0 1
C1  3.7233  34.9795  101.9103     15.8   16.2   98.4 -999.9   47    5.5 0 0 0
C1  3.7243  34.9795  101.9103     15.8   16.0   98.3 -999.9   55    6.5 0 0 0
C1  3.7252  34.9795  101.9104     15.8   15.9   98.2 -999.9   50    6.2 0 0 0
C1  3.7263  34.9796  101.9104     15.8   16.1   98.2 -999.9   54    5.0 0 0 0
C1  3.7340  34.9795  101.9104     15.8   15.8   98.1 -999.9   47    4.8 0 0 0
C1  3.7350  34.9795  101.9104     15.8   16.0   98.1 -999.9   49    5.4 0 0 0
C1  3.7360  34.9796  101.9104     15.8   16.0   98.1 -999.9   52    7.0 0 0 0
C1  3.7370  34.9795  101.9103     15.8   15.9   97.9 -999.9   54    8.2 0 0 0
C1  3.7378  34.9795  101.9103     15.8   15.7   97.7 -999.9   58    7.3 0 0 0
C1  3.7390  34.9794  101.9104     15.8   15.6   97.6 -999.9   53    6.6 0 0 0
C1  3.7400  34.9794  101.9104     15.8   16.0   97.5 -999.9   57    6.4 0 0 0
C1  3.7410  34.9795  101.9103     15.8   15.8   97.5 -999.9   54    6.0 0 0 0
C1  3.7420  34.9795  101.9103     15.8   15.8   97.4 -999.9   53    6.4 0 0 0
C1  3.7430  34.9796  101.9103     15.9   15.9   97.3 -999.9   58    7.3 0 0 0
C1  3.7507  34.9796  101.9103     15.8   15.9   97.3 -999.9   55    6.1 0 0 0
C1  3.7517  34.9796  101.9103     16.0   15.9   97.2 -999.9   62    5.5 0 0 0
C1  3.7527  34.9797  101.9103     16.0   15.4   97.0 -999.9   50    4.7 0 0 0
C1  3.7540  34.9797  101.9103     16.0   15.9   97.1 -999.9   47    5.2 0 0 0
C1  3.7547  34.9797  101.9103     16.0   16.5   96.8 -999.9   70    4.9 0 0 0
C1  3.7557  34.9797  101.9102     16.0   15.9   96.7 -999.9   61    5.8 0 0 0
C1  3.7568  34.9798  101.9102     16.1   15.6   96.6 -999.9   61    4.8 0 0 0
C1  3.7577  34.9798  101.9102     16.0   15.8   96.4 -999.9   44    5.6 0 0 0
C1  3.7587  34.9798  101.9102     16.2   16.2   96.4 -999.9   52    5.8 0 0 0
C1  3.7597  34.9798  101.9103     16.1   15.8   96.0 -999.9   58    7.3 0 0 0
C1  3.7675  34.9799  101.9103     16.1   16.0   95.8 -999.9   59    6.3 0 0 0
C1  3.7685  34.9799  101.9102     16.2   16.1   95.4 -999.9   58    7.3 0 0 0
C1  3.7693  34.9799  101.9102     16.2   15.3   95.3 -999.9   64    5.7 0 0 0
C1  3.7703  34.9799  101.9103     16.2   15.8   95.2 -999.9   61    6.8 0 0 0
C1  3.7715  34.9799  101.9103     16.2   15.9   95.1 -999.9   64    5.5 0 0 0
C1  3.7725  34.9800  101.9103     16.2   15.9   94.8 -999.9   60    4.6 0 0 0
C1  3.7733  34.9800  101.9103     16.2   16.1   94.9 -999.9   58    5.0 0 0 0
C1  3.7743  34.9800  101.9103     16.2   15.9   94.7 -999.9   50    5.5 0 0 0
C1  3.7753  34.9800  101.9104     16.2   16.1   94.5 -999.9   59    4.3 0 0 0
C1  3.7765  34.9800  101.9104     16.2   16.0   94.5 -999.9   62    3.0 0 0 0
C1  3.7840  34.9801  101.9104     16.2   16.4   94.5 -999.9   54    4.8 0 0 0
C1  3.7850  34.9800  101.9103     16.2   15.9   94.3 -999.9   58    5.3 0 0 0
C1  3.7860  34.9801  101.9104     16.2   16.2   94.1 -999.9   57    4.2 0 0 0
C1  3.7872  34.9801  101.9104     16.2   16.2   94.2 -999.9   62    5.0 0 0 0
C1  3.7880  34.9801  101.9104     16.2   16.0   94.1 -999.9   63    4.4 0 0 0
C1  3.7890  34.9801  101.9104     16.2   15.6   94.0 -999.9   63    3.7 0 0 0
C1  3.7900  34.9801  101.9104     16.2   15.8   94.0 -999.9   62    4.0 0 0 0
C1  3.7912  34.9801  101.9104     16.2   16.2   93.9 -999.9   49    4.4 0 0 0
C1  3.7920  34.9801  101.9104     16.2   16.3   93.9 -999.9   63    5.3 0 0 0
C1  3.7930  34.9801  101.9104     16.2   16.0   93.8 -999.9   62    5.6 0 0 0
C1  3.8007  34.9801  101.9104     16.2   16.2   93.7 -999.9   63    4.8 0 0 0
C1  3.8018  34.9801  101.9104     16.2   16.2   93.7 -999.9   56    3.8 0 0 0
C1  3.8027  34.9801  101.9104     16.2   16.1   93.7 -999.9   59    5.6 0 0 0
C1  3.8037  34.9801  101.9103     16.3   16.4   93.8 -999.9   60    5.1 0 0 0
C1  3.8047  34.9801  101.9103     16.3   16.1   93.7 -999.9   53    4.6 0 0 0
C1  3.8058  34.9801  101.9103     16.3   16.1   93.6 -999.9   60    4.6 0 0 0
C1  3.8068  34.9801  101.9103     16.3   16.0   93.5 -999.9   51    3.8 0 0 0
C1  3.8077  34.9801  101.9103     16.3   16.0   93.6 -999.9   55    4.8 0 0 0
C1  3.8087  34.9800  101.9103     16.3   16.0   93.5 -999.9   49    2.4 0 0 0
C1  3.8097  34.9800  101.9103     16.3   16.1   93.5 -999.9   49    2.1 0 0 0
C1  3.8175  34.9800  101.9103     16.3   16.4   93.5 -999.9   52    2.4 0 0 0
C1  3.8182  34.9800  101.9103     16.3   16.5   93.4 -999.9   30    2.2 0 0 0
C1  3.8192  34.9800  101.9103     16.3   16.1   93.3 -999.9   26    1.8 0 0 0
C1  3.8203  34.9800  101.9102     16.3   16.2   93.3 -999.9   66    3.2 0 0 0
C1  3.8212  34.9799  101.9101     16.3   16.2   93.3 -999.9  100    3.2 0 0 0
C1  3.8223  34.9798  101.9102     16.3   16.5   93.3 -999.9   72    2.6 0 0 0
C1  3.8233  34.9798  101.9102     16.3   16.0   93.3 -999.9   56    2.7 0 0 0
C1  3.8243  34.9798  101.9102     16.3   16.5   93.3 -999.9   52    3.9 0 0 0
C1  3.8255  34.9798  101.9102     16.3   16.4   93.5 -999.9   58    3.1 0 0 0
C1  3.8263  34.9798  101.9102     16.3   16.2   93.3 -999.9   58    2.3 0 0 0
C1  3.8340  34.9798  101.9102     16.3   16.2   93.3 -999.9   53    3.6 0 0 0
C1  3.8350  34.9798  101.9102     16.3   16.4   93.3 -999.9   58    2.8 0 0 0
C1  3.8362  34.9798  101.9102     16.3   16.6   93.6 -999.9   69    1.2 0 0 0
C1  3.8370  34.9798  101.9102     16.3   16.4   93.5 -999.9   76    2.2 0 0 0
C1  3.8380  34.9798  101.9102     16.3   16.3   93.4 -999.9   77    4.0 0 0 0
C1  3.8390  34.9798  101.9102     16.3   16.5   93.4 -999.9   58    3.2 0 0 0
C1  3.8402  34.9798  101.9102     16.3   16.1   93.3 -999.9   51    2.1 0 0 0
C1  3.8410  34.9798  101.9102     16.3   16.0   93.4 -999.9   61    1.0 0 0 0
C1  3.8420  34.9798  101.9102     16.3   16.3   93.3 -999.9   62    0.5 0 0 0
C1  3.8430  34.9798  101.9102     16.3   16.4   93.5 -999.9  122    0.2 0 0 0
C1  3.8507  34.9798  101.9102     16.3   16.3   93.5 -999.9  143    0.1 0 0 0
C1  3.8517  34.9798  101.9102     16.3   16.6   93.7 -999.9  141    0.3 0 0 0
C1  3.8527  34.9798  101.9102     16.3   16.1   93.5 -999.9   95    0.1 0 0 0
C1  3.8537  34.9798  101.9102     16.3   16.5   93.5 -999.9  119    0.6 0 0 0
C1  3.8547  34.9798  101.9102     16.3   16.5   93.5 -999.9  114    0.6 0 0 0
C1  3.8558  34.9798  101.9102     16.3   16.5   93.5 -999.9  107    0.5 0 0 0
C1  3.8567  34.9798  101.9102     16.4   16.3   93.7 -999.9  107    0.1 0 0 0
C1  3.8577  34.9798  101.9102     16.3   16.5   93.7 -999.9  107    0.2 0 0 0
C1  3.8587  34.9798  101.9102     16.5   16.3   93.9 -999.9   56    0.4 0 0 0
C1  3.8598  34.9798  101.9102     16.5   16.7   94.2 -999.9  354    0.2 0 0 0
C1  3.8673  34.9798  101.9102     16.5   16.6   94.2 -999.9   97    0.4 0 0 0
C1  3.8683  34.9798  101.9102     16.5   16.7   92.8 -999.9  334    1.3 0 0 0
C1  3.8693  34.9798  101.9102     16.5   16.5   94.4 -999.9   67    1.1 0 0 0
C1  3.8705  34.9798  101.9101     16.6   16.6   94.4 -999.9   62    0.7 0 0 0
C1  3.8713  34.9798  101.9101     16.7   16.7   94.4 -999.9   73    0.7 0 0 0
C1  3.8723  34.9798  101.9101     16.6   16.7   94.6 -999.9   68    1.4 0 0 0
C1  3.8732  34.9798  101.9101     16.5   16.5   94.5 -999.9   51    1.8 0 0 0
C1  3.8742  34.9798  101.9101     16.5   16.7   94.5 -999.9   51    1.6 0 0 0
C1  3.8752  34.9798  101.9101     16.5   16.3   94.3 -999.9   46    1.4 0 0 0
C1  3.8762  34.9798  101.9101     16.5   16.4   94.3 -999.9  117    1.7 0 0 0
C1  3.8840  34.9798  101.9101     16.5   16.3   94.3 -999.9   26    0.9 0 0 0
C1  3.8852  34.9798  101.9101     16.5   16.7   94.3 -999.9   69    1.7 0 0 0
C1  3.8858  34.9799  101.9100     16.4   16.5   94.2 -999.9   50    0.6 0 0 0
C1  3.8870  34.9799  101.9100     16.4   17.0   94.0 -999.9   65    5.3 0 0 0
C1  3.8880  34.9799  101.9100     16.5   16.8   92.8 -999.9  132    4.8 0 0 0
C1  3.8890  34.9799  101.9100     16.5   16.7   93.7 -999.9   66    4.2 0 0 0
C1  3.8900  34.9799  101.9101     16.5   16.3   93.5 -999.9   64    3.7 0 0 0
C1  3.8908  34.9800  101.9099     16.5   16.7   93.6 -999.9  221    3.3 0 1 0
C1  3.8918  34.9800  101.9091     16.5   16.3   93.4 -999.9  358    2.5 0 1 0
C1  3.8928  34.9800  101.9082     16.5   16.4   93.4 -999.9   20    2.2 0 0 0
C1  3.9005  34.9800  101.9073     16.4   16.7   93.3 -999.9   61    3.9 0 0 0
C1  3.9015  34.9800  101.9063     16.6   17.0   93.6 -999.9   63    4.0 0 0 0
C1  3.9025  34.9800  101.9052     16.6   16.9   93.5 -999.9   51    3.7 0 0 0
C1  3.9035  34.9799  101.9040     16.5   16.5   93.4 -999.9   64    5.9 0 0 0
C1  3.9045  34.9799  101.9029     16.6   16.5   93.4 -999.9   59    5.8 0 0 0
C1  3.9055  34.9799  101.9018     16.5   17.0   93.4 -999.9   54    4.9 0 0 0
C1  3.9065  34.9799  101.9007     16.6   16.8   92.2 -999.9   63    7.4 1 0 0
C1  3.9075  34.9799  101.8996     16.6   16.8   93.5 -999.9   53    5.4 0 0 0
C1  3.9085  34.9799  101.8985     16.5   16.8   93.3 -999.9   54    5.0 0 0 0
C1  3.9095  34.9799  101.8972     16.7   16.7   93.5 -999.9   52    5.3 0 0 0
C1  3.9172  34.9799  101.8960     16.6   16.6   93.3 -999.9   55    6.1 0 0 0
C1  3.9182  34.9799  101.8947     16.8   16.7   93.3 -999.9   51    5.8 0 0 0
C1  3.9192  34.9799  101.8934     16.7   16.7   93.5 -999.9   46    5.7 0 0 0
C1  3.9202  34.9799  101.8921     16.6   16.3   93.6 -999.9   19    3.7 0 0 0
C1  3.9212  34.9799  101.8907     16.5   16.6   93.6 -999.9   12    2.9 0 0 0
C1  3.9222  34.9799  101.8893     16.6   16.5   93.6 -999.9   27    2.5 0 0 0
C1  3.9232  34.9799  101.8878     16.6   16.2   93.5 -999.9   63    1.9 0 0 0
C1  3.9242  34.9798  101.8864     16.6   16.6   93.4 -999.9   75    4.5 0 0 0
C1  3.9252  34.9799  101.8852     16.7   16.7   93.4 -999.9   79    6.2 0 0 0
C1  3.9262  34.9799  101.8841     16.7   16.2   93.0 -999.9   69    5.9 0 0 0
C1  3.9338  34.9799  101.8830     16.6   16.5   92.5 -999.9   66   10.3 0 0 0
C1  3.9348  34.9799  101.8822     16.7   16.9   92.3 -999.9   67    7.8 0 0 0
C1  3.9358  34.9799  101.8813     16.6   16.8   91.7 -999.9   82    5.8 0 0 0
C1  3.9368  34.9798  101.8804     16.7   16.9   91.8 -999.9   81    4.8 0 0 0
C1  3.9378  34.9799  101.8799     16.7   16.5   91.1 -999.9   60   14.2 0 1 0
C1  3.9388  34.9802  101.8799     16.6   16.8   90.8 -999.9   33    5.7 0 1 0
C1  3.9398  34.9808  101.8804     16.5   16.5   90.4 -999.9  115    8.9 0 1 0
C1  3.9408  34.9815  101.8811     16.5   16.8   90.3 -999.9   91    6.0 0 0 0
C1  3.9418  34.9822  101.8816     16.5   17.2   90.6 -999.9   56    6.7 0 0 0
C1  3.9428  34.9828  101.8824     16.5   16.8   90.6 -999.9   97    7.9 0 0 0
C1  3.9505  34.9837  101.8833     16.6   16.6   90.7 -999.9  101    8.8 0 1 0
C1  3.9515  34.9847  101.8842     16.6   16.6   90.8 -999.9   81    7.3 0 0 0
C1  3.9525  34.9857  101.8850     16.6   16.6   90.9 -999.9   77    8.0 0 0 0
C1  3.9535  34.9868  101.8859     16.7   16.4   90.9 -999.9   82    8.3 0 0 0
C1  3.9545  34.9879  101.8868     16.7   16.2   91.0 -999.9   77    6.9 0 0 0
C1  3.9555  34.9890  101.8877     16.7   16.8   91.3 -999.9   75    8.1 0 0 0
C1  3.9565  34.9902  101.8887     16.7   16.9   90.4 -999.9   78    8.2 0 0 0
C1  3.9575  34.9914  101.8897     16.9   16.4   91.4 -999.9   74    5.5 0 0 0
C1  3.9585  34.9926  101.8907     16.9   16.7   91.6 -999.9   72    6.2 0 0 0
C1  3.9595  34.9938  101.8917     16.7   16.8   91.7 -999.9   65    5.4 0 0 0
C1  3.9672  34.9950  101.8927     16.9   17.2   92.0 -999.9   61    5.7 0 0 0
C1  3.9682  34.9961  101.8936     16.8   16.5   92.0 -999.9   64    5.4 0 0 0
C1  3.9692  34.9973  101.8947     17.0   16.6   92.2 -999.9   82    4.1 0 0 0
C1  3.9702  34.9984  101.8958     16.9   16.9   92.2 -999.9   92    4.7 0 0 0
C1  3.9712  34.9995  101.8969     16.8   17.0   92.3 -999.9   79    4.9 0 0 0
C1  3.9722  35.0007  101.8980     16.9   17.1   92.6 -999.9   81    2.6 0 0 0
C1  3.9732  35.0018  101.8991     16.9   16.7   92.6 -999.9   63    4.0 0 0 0
C1  3.9742  35.0029  101.9001     16.9   17.4   92.6 -999.9   70    4.5 0 0 0
C1  3.9752  35.0040  101.9012     16.9   16.6   92.5 -999.9   73    5.0 0 0 0
C1  3.9762  35.0051  101.9023     16.9   17.2   92.8 -999.9   60    6.8 0 0 0
C1  3.9838  35.0062  101.9034     17.0   17.1   92.6 -999.9   66    3.8 0 0 0
C1  3.9848  35.0073  101.9045     16.9   16.7   92.5 -999.9   54    6.0 0 0 0
C1  3.9858  35.0085  101.9056     17.0   16.9   92.4 -999.9   55    6.3 0 0 0
C1  3.9868  35.0096  101.9067     16.8   16.8   92.3 -999.9   53    7.8 0 0 0
C1  3.9878  35.0107  101.9078     16.9   17.1   92.2 -999.9   60    6.3 0 0 0
C1  3.9888  35.0118  101.9089     16.8   16.7   92.1 -999.9   51    4.1 0 0 0
C1  3.9898  35.0130  101.9101     16.8   17.0   92.2 -999.9   57    2.7 0 0 0
C1  3.9908  35.0141  101.9112     16.9   17.0   92.1 -999.9   68    3.3 0 0 0
C1  3.9918  35.0153  101.9123     17.1   17.0   92.3 -999.9   53    4.2 0 0 0
C1  3.9928  35.0164  101.9134     17.0   16.8   91.9 -999.9   46    4.0 0 0 0
C1  4.0005  35.0175  101.9146     16.9   17.3   91.8 -999.9   50    4.5 0 0 0
C1  4.0015  35.0186  101.9156     16.9   16.7   91.7 -999.9   56    8.2 0 0 0
C1  4.0025  35.0198  101.9167     17.0   16.6   91.6 -999.9   73   11.4 0 0 0
C1  4.0035  35.0208  101.9176     17.2   16.8   91.6 -999.9  112    4.5 0 1 0
C1  4.0045  35.0219  101.9183     17.1   16.8   91.8 -999.9  140    6.6 0 1 0
C1  4.0055  35.0232  101.9187     17.1   17.1   91.6 -999.9  118    3.1 0 1 0
C1  4.0065  35.0246  101.9189     17.2   17.2   91.9 -999.9  138    3.3 0 0 0
C1  4.0075  35.0262  101.9190     17.1   17.4   91.3 -999.9   54    2.8 0 0 0
C1  4.0085  35.0276  101.9192     16.9   17.9   91.2 -999.9   60    6.6 0 0 0
C1  4.0095  35.0291  101.9192     16.9   17.2   90.9 -999.9   55    5.4 0 0 0
C1  4.0172  35.0305  101.9192     16.9   17.3   91.1 -999.9   54    5.9 0 0 0
C1  4.0182  35.0319  101.9192     16.9   16.8   91.1 -999.9   60    5.8 0 0 0
C1  4.0192  35.0333  101.9192     17.1   17.1   91.2 -999.9   48    5.8 0 0 0
C1  4.0202  35.0346  101.9191     17.0   17.2   91.3 -999.9   67    5.5 0 0 0
C1  4.0212  35.0359  101.9191     16.9   17.1   91.3 -999.9   52    6.2 0 0 0
C1  4.0222  35.0372  101.9191     16.8   17.1   87.3 -999.9   58    7.1 1 0 0
C1  4.0232  35.0385  101.9191     16.8   16.7   91.2 -999.9   59    6.1 0 0 0
C1  4.0242  35.0397  101.9191     16.9   17.1   91.3 -999.9   72    5.0 0 0 0
C1  4.0252  35.0410  101.9191     16.9   16.9   91.4 -999.9   74    5.7 0 0 0
C1  4.0262  35.0423  101.9190     16.9   16.9   91.4 -999.9   65    5.8 0 0 0
C1  4.0338  35.0436  101.9190     16.8   17.1   91.4 -999.9   71    5.0 0 0 0
C1  4.0348  35.0449  101.9190     16.9   17.6   91.3 -999.9   81    4.4 0 0 0
C1  4.0358  35.0463  101.9190     16.8   17.5   91.4 -999.9   84    4.2 0 0 0
C1  4.0368  35.0476  101.9190     16.9   17.1   91.6 -999.9   63    4.2 0 0 0
C1  4.0378  35.0488  101.9190     16.9   17.5   91.5 -999.9   45    4.5 0 0 0
C1  4.0388  35.0499  101.9190     16.7   16.9   90.8 -999.9   78    4.7 0 0 0
C1  4.0398  35.0511  101.9190     16.9   16.9   90.1 -999.9   90    6.2 1 0 0
C1  4.0408  35.0522  101.9190     16.8   16.9   91.8 -999.9   83    6.6 0 0 0
C1  4.0418  35.0534  101.9190     16.9   17.1   91.8 -999.9   82    6.7 0 0 0
C1  4.0428  35.0545  101.9190     16.9   17.1   91.7 -999.9   76    6.5 0 0 0
C1  4.0505  35.0556  101.9190     16.9   17.8   91.7 -999.9   83    5.8 0 0 0
C1  4.0515  35.0566  101.9190     16.8   16.9   91.8 -999.9   74    6.6 0 0 0
C1  4.0525  35.0575  101.9190     16.7   17.3   91.6 -999.9   63    5.8 0 0 0
C1  4.0535  35.0585  101.9190     16.8   17.0   91.6 -999.9  104    4.8 0 0 0
C1  4.0545  35.0595  101.9190     16.7   16.8   91.6 -999.9  107    5.4 0 0 0
C1  4.0555  35.0606  101.9190     16.8   17.2   91.6 -999.9  101    5.6 0 0 0
C1  4.0565  35.0618  101.9190     16.7   17.4   91.5 -999.9  105    4.2 0 0 0
C1  4.0575  35.0631  101.9190     16.7   16.9   91.3 -999.9   89    4.0 0 0 0
C1  4.0585  35.0643  101.9190     16.7   17.0   91.3 -999.9   88    2.5 0 0 0
C1  4.0595  35.0656  101.9190     16.7   16.8   91.4 -999.9  105    2.7 0 0 0
C1  4.0672  35.0670  101.9189     16.7   16.8   91.2 -999.9  105    4.4 0 0 0
C1  4.0682  35.0683  101.9189     16.8   17.2   91.3 -999.9   85    4.0 0 0 0
C1  4.0692  35.0696  101.9189     16.7   17.3   91.1 -999.9   92    5.4 0 0 0
C1  4.0702  35.0709  101.9189     16.7   16.9   91.2 -999.9   88    4.9 0 0 0
C1  4.0712  35.0721  101.9189     16.8   16.9   91.3 -999.9   83    4.1 0 0 0
C1  4.0722  35.0733  101.9187     16.8   17.4   91.6 -999.9   87    6.3 0 1 0
C1  4.0732  35.0745  101.9185     17.0   17.2   91.7 -999.9   59    3.4 0 0 0
C1  4.0742  35.0756  101.9183     16.8   17.1   91.8 -999.9   82    5.9 0 0 0
C1  4.0752  35.0767  101.9180     16.8   16.8   91.8 -999.9   87    5.7 0 0 0
C1  4.0762  35.0778  101.9178     16.9   17.2   92.0 -999.9   92    8.3 0 0 0
C1  4.0838  35.0789  101.9176     16.8   17.0   91.9 -999.9   96    5.2 0 0 0
C1  4.0848  35.0801  101.9173     16.7   16.9   91.9 -999.9   96    5.4 0 0 0
C1  4.0858  35.0812  101.9171     16.7   17.0   91.8 -999.9  100    4.3 0 0 0
C1  4.0868  35.0825  101.9168     16.8   17.1   91.8 -999.9  100    4.5 0 0 0
C1  4.0878  35.0837  101.9165     16.7   17.2   91.7 -999.9   95    5.8 0 0 0
C1  4.0888  35.0849  101.9163     16.6   17.3   91.6 -999.9   91    8.0 0 0 0
C1  4.0898  35.0861  101.9160     16.7   17.1   91.3 -999.9   92    7.2 0 0 0
C1  4.0908  35.0874  101.9158     16.7   16.8   90.8 -999.9   85    8.2 0 0 0
C1  4.0918  35.0886  101.9155     16.6   17.0   90.5 -999.9   80    8.8 0 0 0
C1  4.0928  35.0898  101.9153     16.6   17.1   90.5 -999.9   82   10.0 0 0 0
C1  4.1005  35.0910  101.9150     16.7   17.7   90.1 -999.9   81    8.6 0 0 0
C1  4.1015  35.0922  101.9147     16.6   17.0   90.5 -999.9   76    7.5 0 0 0
C1  4.1025  35.0935  101.9145     16.6   17.0   90.7 -999.9   82    7.8 0 0 0
C1  4.1035  35.0947  101.9142     16.7   16.9   91.1 -999.9   84    7.3 0 0 0
C1  4.1045  35.0960  101.9140     16.6   16.8   90.2 -999.9   84    8.7 0 0 0
C1  4.1055  35.0972  101.9137     16.6   16.8   90.4 -999.9   88    8.0 0 0 0
C1  4.1065  35.0984  101.9135     16.6   17.1   89.9 -999.9   79    7.8 0 0 0
C1  4.1075  35.0996  101.9132     16.5   17.2   89.6 -999.9   90    7.8 0 0 0
C1  4.1085  35.1008  101.9130     16.6   16.7   89.6 -999.9   82    6.6 0 0 0
C1  4.1095  35.1021  101.9127     16.5   17.1   89.8 -999.9   86    6.6 0 0 0
C1  4.1172  35.1034  101.9124     16.6   16.8   89.8 -999.9   74    5.4 0 0 0
C1  4.1182  35.1047  101.9122     16.6   16.6   89.6 -999.9   78    7.9 0 0 0
C1  4.1192  35.1060  101.9119     16.6   16.9   89.6 -999.9   83    7.3 0 0 0
C1  4.1202  35.1073  101.9116     16.7   16.8   89.4 -999.9   79    8.4 0 0 0
C1  4.1212  35.1085  101.9114     16.5   16.8   89.2 -999.9   83    6.9 0 0 0
C1  4.1222  35.1099  101.9111     16.4   17.0   88.6 -999.9   77    5.1 0 0 0
C1  4.1232  35.1112  101.9108     16.4   16.8   88.2 -999.9   82    7.1 0 0 0
C1  4.1242  35.1125  101.9106     16.4   16.9   88.3 -999.9   80    6.7 0 0 0
C1  4.1252  35.1138  101.9103     16.4   17.2   88.5 -999.9   69    5.9 0 0 0
C1  4.1262  35.1150  101.9100     16.3   16.4   88.5 -999.9   72    6.9 0 0 0
C1  4.1338  35.1162  101.9096     16.5   16.6   88.7 -999.9   90    8.7 0 0 0
C1  4.1348  35.1174  101.9092     16.2   16.8   88.5 -999.9   81    7.0 0 0 0
C1  4.1358  35.1185  101.9086     16.3   16.8   88.7 -999.9   86    7.7 0 0 0
C1  4.1368  35.1196  101.9080     16.3   16.9   88.7 -999.9   82    8.0 0 0 0
C1  4.1378  35.1207  101.9073     16.2   16.4   87.7 -999.9   78    7.2 0 0 0
C1  4.1388  35.1217  101.9067     16.4   17.1   88.2 -999.9   64    5.9 0 0 0
C1  4.1398  35.1227  101.9060     16.4   16.5   86.7 -999.9   83    6.7 1 0 0
C1  4.1408  35.1237  101.9054     16.4   16.7   87.9 -999.9   75    9.3 0 0 0
C1  4.1418  35.1246  101.9049     16.3   16.7   88.9 -999.9   68    7.2 0 0 0
C1  4.1428  35.1255  101.9043     16.3   16.8   88.8 -999.9   82    4.1 0 0 0
C1  4.1505  35.1264  101.9037     16.3   16.1   88.0 -999.9   95    2.9 0 0 0
C1  4.1515  35.1273  101.9031     16.3   16.6   88.1 -999.9   80    5.2 0 0 0
C1  4.1525  35.1282  101.9025     16.3   16.6   89.1 -999.9   97    6.3 0 0 0
C1  4.1535  35.1292  101.9017     16.3   16.9   89.2 -999.9   75    4.9 0 0 0
C1  4.1545  35.1301  101.9009     16.2   16.6   88.5 -999.9   92    5.9 0 0 0
C1  4.1555  35.1311  101.9000     16.2   17.1   87.5 -999.9   88    5.8 1 0 0
C1  4.1565  35.1320  101.8992     16.2   16.7   88.7 -999.9   77    5.8 0 0 0
C1  4.1575  35.1330  101.8984     16.3   16.4   89.0 -999.9   90    5.8 0 0 0
C1  4.1585  35.1339  101.8976     16.1   16.6   88.1 -999.9   73    6.0 0 0 0
C1  4.1595  35.1348  101.8968     16.3   16.8   88.9 -999.9   80    5.8 0 0 0
C1  4.1672  35.1357  101.8960     16.3   16.5   89.0 -999.9   68    4.8 0 0 0
C1  4.1682  35.1367  101.8952     16.2   16.8   88.7 -999.9   74    5.3 0 0 0
C1  4.1692  35.1376  101.8944     16.2   16.6   88.5 -999.9   78    5.3 0 0 0
C1  4.1702  35.1385  101.8936     16.2   16.9   88.8 -999.9   89    5.8 0 0 0
C1  4.1712  35.1395  101.8928     16.2   16.7   88.0 -999.9   83    5.4 0 0 0
C1  4.1722  35.1404  101.8919     16.2   16.8   88.6 -999.9   93    6.2 0 0 0
C1  4.1732  35.1413  101.8911     16.2   17.0   88.5 -999.9   92    7.8 0 0 0
C1  4.1742  35.1423  101.8903     16.2   16.7   88.3 -999.9   98    6.4 0 0 0
C1  4.1752  35.1432  101.8895     16.2   16.7   88.5 -999.9   96    5.8 0 0 0
C1  4.1762  35.1442  101.8886     16.1   16.7   88.5 -999.9   93    5.9 0 0 0
C1  4.1838  35.1452  101.8878     16.2   16.9   88.9 -999.9   90    4.1 0 0 0
C1  4.1848  35.1461  101.8869     16.2   16.4   88.9 -999.9   73    4.1 0 0 0
C1  4.1858  35.1471  101.8861     16.2   16.6   89.0 -999.9   98    6.6 0 0 0
C1  4.1868  35.1481  101.8853     16.3   16.1   89.1 -999.9   94    7.2 0 0 0
C1  4.1878  35.1490  101.8845     16.3   16.4   89.2 -999.9   95    5.2 0 0 0
C1  4.1888  35.1500  101.8837     16.2   16.8   89.4 -999.9   97    4.3 0 0 0
C1  4.1898  35.1510  101.8828     16.3   16.3   88.7 -999.9   81    5.8 0 0 0
C1  4.1908  35.1519  101.8819     16.3   16.7   88.6 -999.9  102    6.6 0 0 0
C1  4.1918  35.1529  101.8811     16.2   16.6   89.6 -999.9   86    6.8 0 0 0
C1  4.1928  35.1538  101.8803     16.2   16.8   88.9 -999.9   82    4.7 0 0 0
C1  4.2005  35.1548  101.8795     16.2   16.8   89.4 -999.9  102    3.3 0 0 0
C1  4.2015  35.1559  101.8786     16.1   16.8   89.2 -999.9   96    5.9 0 0 0
C1  4.2025  35.1569  101.8777     16.2   16.8   89.0 -999.9  103    6.2 0 0 0
C1  4.2035  35.1579  101.8768     16.2   16.6   89.1 -999.9   98    6.8 0 0 0
C1  4.2045  35.1589  101.8759     16.1   16.8   88.8 -999.9   99    5.5 0 0 0
C1  4.2055  35.1600  101.8751     16.2   16.5   88.7 -999.9   87    4.0 0 0 0
C1  4.2065  35.1610  101.8742     16.2   16.4   89.0 -999.9   90    6.1 0 0 0
C1  4.2075  35.1620  101.8733     16.2   16.0   88.7 -999.9  102    7.0 0 0 0
C1  4.2085  35.1630  101.8725     16.1   15.6   88.7 -999.9  100    7.1 0 0 0
C1  4.2095  35.1639  101.8717     16.2   15.9   88.9 -999.9  110    8.3 0 0 0
C1  4.2172  35.1649  101.8709     16.1   16.4   89.0 -999.9  103    7.2 0 0 0
C1  4.2182  35.1659  101.8700     16.2   16.1   89.1 -999.9  107    6.1 0 0 0
C1  4.2192  35.1668  101.8692     16.2   16.0   89.0 -999.9  101    5.7 0 0 0
C1  4.2202  35.1678  101.8684     16.2   16.3   88.1 -999.9  111    7.2 0 0 0
C1  4.2212  35.1687  101.8675     16.3   16.3   88.3 -999.9  105    4.8 0 0 0
C1  4.2222  35.1695  101.8666     16.1   17.0   88.5 -999.9  104    7.7 0 0 0
C1  4.2232  35.1703  101.8656     16.3   16.7   88.7 -999.9  113    7.4 0 0 0
C1  4.2242  35.1711  101.8644     16.3   16.3   88.2 -999.9  120    6.5 0 0 0
C1  4.2252  35.1718  101.8632     16.2   16.1   88.0 -999.9  111    5.6 0 0 0
C1  4.2262  35.1724  101.8619     16.2   16.3   88.0 -999.9  109    6.3 0 0 0
C1  4.2338  35.1729  101.8607     16.1   16.1   88.2 -999.9  109    7.2 0 0 0
C1  4.2348  35.1735  101.8595     16.0   16.2   88.2 -999.9  104    6.3 0 0 0
C1  4.2358  35.1740  101.8583     16.0   16.1   87.9 -999.9  114    7.2 0 0 0
C1  4.2368  35.1745  101.8572     16.2   16.0   87.9 -999.9  118    5.4 0 0 0
C1  4.2378  35.1751  101.8559     16.0   16.6   88.0 -999.9   90    3.0 0 0 0
C1  4.2388  35.1756  101.8547     16.0   16.1   88.0 -999.9  116    7.2 0 0 0
C1  4.2398  35.1762  101.8534     16.1   16.4   87.6 -999.9   98    4.5 0 0 0
C1  4.2408  35.1764  101.8519     16.1   16.5   87.8 -999.9  137    4.9 0 1 0
C1  4.2418  35.1765  101.8504     16.0   16.3   88.0 -999.9  110    3.6 0 0 0
C1  4.2428  35.1765  101.8489     16.1   16.4   88.4 -999.9   95    4.6 0 0 0
C1  4.2505  35.1765  101.8474     16.2   16.7   88.4 -999.9  110    5.4 0 0 0
C1  4.2515  35.1765  101.8459     16.2   16.7   88.2 -999.9  102    5.3 0 0 0
C1  4.2525  35.1765  101.8445     16.2   16.3   88.0 -999.9   86    6.2 0 0 0
C1  4.2537  35.1770  101.8429     16.2   16.2   87.9 -999.9   94    4.1 0 1 0
C1  4.2545  35.1775  101.8418     16.2   16.4   88.5 -999.9   77    0.7 0 0 0
C1  4.2555  35.1785  101.8408     16.2   16.7   89.0 -999.9  359    0.6 0 1 0
C1  4.2565  35.1796  101.8401     16.2   16.3   89.2 -999.9   40    4.4 0 1 0
C1  4.2575  35.1805  101.8394     16.2   16.2   88.9 -999.9   67    2.7 0 0 0
C1  4.2585  35.1815  101.8388     16.1   16.4   88.8 -999.9  120    5.3 0 0 0
C1  4.2595  35.1825  101.8382     16.0   16.5   88.4 -999.9  104    4.6 0 0 0
C1  4.2672  35.1837  101.8379     15.9   16.6   88.2 -999.9  115    5.7 0 1 0
C1  4.2682  35.1850  101.8379     16.0   16.2   86.8 -999.9  115    4.2 0 0 0
C1  4.2692  35.1862  101.8379     15.8   16.5   85.8 -999.9  112    5.8 1 0 0
C1  4.2702  35.1875  101.8378     15.9   16.4   87.9 -999.9  134    3.5 0 0 0
C1  4.2712  35.1888  101.8376     15.8   16.2   87.8 -999.9  115    2.5 0 0 0
C1  4.2722  35.1897  101.8373     15.9   16.1   87.9 -999.9   46    3.8 0 1 0
C1  4.2732  35.1904  101.8369     15.9   16.6   85.5 -999.9   96    3.2 1 1 0
C1  4.2742  35.1910  101.8361     15.8   15.9   88.0 -999.9  150    3.9 0 0 0
C1  4.2752  35.1917  101.8352     15.9   16.6   88.0 -999.9   96    4.9 0 0 0
C1  4.2762  35.1924  101.8346     15.9   16.5   87.7 -999.9   81    4.2 0 1 0
C1  4.2838  35.1933  101.8345     16.0   16.0   87.7 -999.9   69    1.9 0 1 0
C1  4.2848  35.1940  101.8353     16.0   16.0   87.8 -999.9   90    6.1 0 1 0
C1  4.2858  35.1944  101.8362     16.0   16.2   87.3 -999.9   76    7.2 0 1 0
C1  4.2868  35.1942  101.8372     15.9   15.9   87.0 -999.9   72    9.7 0 1 0
C1  4.2878  35.1935  101.8380     16.0   16.3   86.9 -999.9  107    8.9 0 0 0
C1  4.2888  35.1934  101.8390     15.9   16.3   86.7 -999.9  144    7.6 0 1 0
C1  4.2898  35.1936  101.8403     16.0   16.4   86.9 -999.9  113   12.5 0 0 0
C1  4.2908  35.1938  101.8417     16.0   16.4   86.2 -999.9  103   14.4 0 0 0
C1  4.2918  35.1940  101.8432     16.0   16.5   86.5 -999.9  104   12.8 0 0 0
C1  4.2928  35.1942  101.8446     16.0   16.2   86.4 -999.9  104    9.6 0 0 0
C1  4.3005  35.1944  101.8461     16.0   16.4   87.0 -999.9   97    8.8 0 0 0
C1  4.3015  35.1946  101.8476     16.0   16.3   87.6 -999.9   94    7.1 0 0 0
C1  4.3025  35.1947  101.8490     16.0   16.2   87.8 -999.9  106    6.4 0 0 0
C1  4.3035  35.1949  101.8503     16.0   16.7   87.7 -999.9  112    7.9 0 0 0
C1  4.3045  35.1950  101.8516     16.0   16.3   87.7 -999.9  103    7.4 0 0 0
C1  4.3055  35.1952  101.8530     16.0   16.1   87.5 -999.9   98   10.4 0 0 0
C1  4.3065  35.1953  101.8544     16.0   16.3   87.2 -999.9   92   11.1 0 0 0
C1  4.3075  35.1954  101.8558     16.1   16.5   87.5 -999.9  109    8.7 0 0 0
C1  4.3085  35.1954  101.8573     16.0   16.6   87.2 -999.9  104    8.7 0 0 0
C1  4.3095  35.1954  101.8586     16.0   16.0   87.0 -999.9  124    6.1 0 0 0
C1  4.3172  35.1954  101.8601     16.0   16.1   87.4 -999.9   96    7.1 0 0 0
C1  4.3182  35.1954  101.8615     16.0   16.1   87.6 -999.9  101    5.5 0 0 0
C1  4.3192  35.1954  101.8630     16.0   16.1   87.1 -999.9  100    8.3 0 0 0
C1  4.3202  35.1954  101.8645     16.0   16.1   87.1 -999.9  102    7.0 0 0 0
C1  4.3212  35.1954  101.8658     16.0   16.7   87.6 -999.9  150    3.9 0 0 0
C1  4.3222  35.1954  101.8669     16.0   16.2   87.7 -999.9  142    5.5 0 0 0
C1  4.3232  35.1955  101.8679     16.0   16.4   87.2 -999.9  106    5.7 0 0 0
C1  4.3242  35.1955  101.8687     16.1   16.1   86.6 -999.9  104    8.5 0 0 0
